# Blender 4.0.2
# www.blender.org
mtllib Track1new.mtl
o Cube
v -0.882717 4.410425 75.472595
v -0.912583 3.343237 75.744980
v -0.480586 3.420628 71.529457
v -0.496107 2.331276 71.693924
v -14.132051 2.333593 70.421448
v -14.521584 3.422942 70.218719
v -14.545885 3.393225 74.445747
v -14.921028 4.461870 74.134651
v 0.065434 3.339659 75.838203
v 0.497627 3.420459 71.620697
v 0.482109 2.331103 71.785141
v 0.095300 4.406846 75.565819
v -15.368994 2.333796 70.305923
v -15.782599 3.397770 74.327919
v -13.972834 6.409636 73.722252
v -13.599362 5.414203 70.001114
v -16.762308 2.334022 70.175781
v -17.175663 3.402891 74.195198
v -17.091194 6.421033 73.424904
v -16.718290 5.414654 69.709480
v -17.275494 2.334102 70.127846
v -17.688751 3.404778 74.146324
v -17.658884 4.471971 73.873947
v -17.259926 3.423388 69.962952
v 0.004000 4.407249 75.557381
v -0.025867 3.340062 75.829765
v 0.411907 3.420513 71.612923
v 0.396387 2.331161 71.777382
v 14.031587 2.330139 73.057106
v 14.452232 3.419387 72.930206
v 13.606664 3.292199 77.136955
v 14.041541 4.357937 76.903297
v -1.003828 3.343487 75.735970
v -0.566258 3.420597 71.521217
v -0.581775 2.331241 71.685654
v -0.973962 4.410674 75.463577
v 15.268461 2.330053 73.173286
v 14.843310 3.287848 77.255508
v 13.202528 6.312115 76.320030
v 13.586884 5.410872 72.545341
v 16.661699 2.329960 73.304169
v 16.236290 3.282943 77.389038
v 16.320757 6.301086 76.618752
v 16.705717 5.410594 72.837868
v 17.174856 2.329928 73.352394
v 16.749350 3.281137 77.438225
v 16.779215 4.348330 77.165855
v 17.190420 3.419214 73.187500
v -0.285299 3.347542 67.678795
v -0.284199 2.246363 67.641624
v -13.974375 2.245239 67.271385
v -14.382175 3.346389 67.297348
v 0.696801 3.347626 67.705315
v 0.697901 2.246448 67.668144
v -15.216242 2.245142 67.237740
v -13.486833 5.359542 67.389740
v -16.615107 2.245034 67.199844
v -16.618202 5.359303 67.304665
v -17.130337 2.244993 67.185875
v -17.131432 3.346176 67.222939
v 0.610754 3.347611 67.703247
v 0.611854 2.246433 67.666084
v 14.301759 2.247344 68.044350
v 14.707369 3.348557 68.092545
v -0.371327 3.347542 67.676163
v -0.370226 2.246364 67.638992
v 15.543604 2.247421 68.078720
v 13.808014 5.361574 68.135902
v 16.942436 2.247509 68.117455
v 16.939339 5.361778 68.222275
v 17.457657 2.247542 68.131714
v 17.456562 3.348724 68.168770
v -0.207718 3.522563 63.362244
v -0.204889 2.421556 63.320396
v -13.898224 2.394787 63.099377
v -14.307856 3.495004 63.134541
v 0.774608 3.524485 63.378090
v 0.777437 2.423477 63.336239
v -15.140382 2.392363 63.079327
v -13.415463 5.509515 63.225903
v -16.539566 2.389627 63.056740
v -16.547564 5.503402 63.175106
v -17.054920 2.388622 63.048412
v -17.057747 3.489630 63.090267
v 0.688546 3.524307 63.376976
v 0.691375 2.423299 63.335129
v 14.384597 2.449767 63.564381
v 14.788570 3.551565 63.612926
v -0.293772 3.522407 63.360523
v -0.290942 2.421399 63.318680
v 15.626744 2.452165 63.585190
v 13.885839 5.562582 63.674778
v 17.025917 2.454868 63.608616
v 17.017921 5.568643 63.726990
v 17.541265 2.455863 63.617249
v 17.538439 3.556871 63.659103
v -0.149192 3.680819 59.016834
v -0.145330 2.579585 58.981541
v -13.839231 2.537339 58.801094
v -14.249914 3.637324 58.830914
v 0.833174 3.683851 59.029778
v 0.837037 2.582617 58.994484
v -15.081438 2.533509 58.784714
v -13.359371 5.653262 58.907639
v -16.480688 2.529195 58.766277
v -16.491608 5.643610 58.866119
v -16.996056 2.527606 58.759476
v -16.999916 3.628839 58.794777
v 0.747109 3.683575 59.028912
v 0.750972 2.582341 58.993618
v 14.444763 2.624285 59.182323
v 14.847720 3.726768 59.223106
v -0.235249 3.680565 59.015381
v -0.231387 2.579331 58.980087
v 15.686959 2.628087 59.199440
v 13.943060 5.737187 59.275635
v 17.086191 2.632372 59.218727
v 17.075275 5.746788 59.318569
v 17.601557 2.633948 59.225826
v 17.597696 3.735183 59.261135
v -0.097186 3.800062 54.670219
v -0.092589 2.698654 54.641006
v -13.786586 2.646011 54.471191
v -14.198005 3.745859 54.495247
v 0.885187 3.803839 54.682400
v 0.889784 2.702431 54.653187
v -15.028805 2.641236 54.455788
v -13.308804 5.762802 54.560158
v -16.428064 2.635859 54.438438
v -16.441063 5.750771 54.521080
v -16.943436 2.633878 54.432045
v -16.948032 3.735287 54.461269
v 0.799122 3.803502 54.681602
v 0.803719 2.702093 54.652390
v 14.497619 2.754515 54.830448
v 14.899845 3.857484 54.864838
v -0.183244 3.799740 54.668831
v -0.178647 2.698331 54.639618
v 15.739826 2.759271 54.846603
v 13.993834 5.867541 54.906948
v 17.139072 2.764626 54.864799
v 17.126074 5.879536 54.947437
v 17.654442 2.766597 54.871502
v 17.649847 3.868007 54.900723
v -0.045860 3.910924 50.323811
v -0.040574 2.809378 50.300430
v -13.734616 2.747145 50.137623
v -14.146727 3.846844 50.156048
v 0.936516 3.915389 50.335491
v 0.941803 2.813844 50.312111
v -14.976839 2.741501 50.122856
v -13.258781 5.864669 50.209835
v -16.376102 2.735142 50.106228
v -16.391048 5.850439 50.172363
v -16.891478 2.732800 50.100098
v -16.896761 3.834347 50.123482
v 0.850451 3.914993 50.334736
v 0.855737 2.813448 50.311352
v 14.549684 2.875542 50.482403
v 14.951222 3.978934 50.510746
v -0.131919 3.910538 50.322468
v -0.126632 2.808993 50.299084
v 15.791897 2.881175 50.497917
v 14.043950 5.988609 50.542648
v 17.191149 2.887519 50.515396
v 17.176199 6.002816 50.581535
v 17.706518 2.889855 50.521835
v 17.701233 3.991401 50.545219
v 0.004867 3.983378 45.979965
v 0.010673 2.881755 45.960754
v -13.683333 2.812438 45.797764
v -14.095961 3.912004 45.812019
v 0.987241 3.988352 45.991661
v 0.993047 2.886729 45.972450
v -14.925550 2.806151 45.782974
v -13.208970 5.930436 45.858196
v -16.324810 2.799069 45.766327
v -16.341227 5.914585 45.820675
v -16.840181 2.796460 45.760185
v -16.845987 3.898083 45.779404
v 0.901176 3.987911 45.990906
v 0.906982 2.886288 45.971691
v 14.600894 2.955467 46.142933
v 15.001912 4.059148 46.167114
v -0.081191 3.982948 45.978626
v -0.075385 2.881325 45.959412
v 15.843100 2.961741 46.158463
v 14.093691 6.068501 46.191383
v 17.242348 2.968810 46.175964
v 17.225927 6.084326 46.230316
v 17.757715 2.971413 46.182404
v 17.751911 4.073036 46.201622
v 0.055595 4.055798 41.636127
v 0.061920 2.954113 41.621082
v -13.632050 2.877714 41.457932
v -14.045194 3.977132 41.468010
v 1.037966 4.061279 41.647831
v 1.044291 2.959594 41.632786
v -14.874261 2.870784 41.443127
v -13.159153 5.996141 41.506580
v -16.273516 2.862977 41.426460
v -16.291405 5.978670 41.469021
v -16.788887 2.860102 41.420319
v -16.795212 3.961787 41.435368
v 0.951901 4.060795 41.647079
v 0.958227 2.959110 41.632030
v 14.652099 3.035370 41.803432
v 15.052596 4.139324 41.823452
v -0.030463 4.055323 41.634781
v -0.024138 2.953638 41.619732
v 15.894302 3.042288 41.818981
v 14.143427 6.148325 41.840096
v 17.293547 3.050081 41.836498
v 17.275661 6.165773 41.879063
v 17.808914 3.052951 41.842949
v 17.802588 4.154636 41.857998
v 0.107495 4.104275 37.293903
v 0.114263 3.002553 37.282143
v -13.579658 2.920199 37.117767
v -13.993246 4.019476 37.124527
v 1.089862 4.110183 37.305695
v 1.096630 3.008461 37.293930
v -14.821870 2.912729 37.102852
v -13.108017 6.038946 37.157173
v -16.221117 2.904315 37.086056
v -16.240257 6.020113 37.119331
v -16.736488 2.901215 37.079872
v -16.743258 4.002936 37.091637
v 1.003798 4.109663 37.304932
v 1.010566 3.007941 37.293167
v 14.704387 3.090228 37.465786
v 15.104439 4.194397 37.482559
v 0.021437 4.103760 37.292545
v 0.028205 3.002038 37.280785
v 15.946588 3.097693 37.481441
v 14.194462 6.203075 37.493114
v 17.345825 3.106102 37.499077
v 17.326687 6.221900 37.532352
v 17.861193 3.109199 37.505581
v 17.854427 4.210921 37.517345
v 0.160098 4.138382 32.952648
v 0.167263 3.036636 32.943634
v -13.526600 2.948947 32.777405
v -13.940584 4.048089 32.781361
v 1.142462 4.144672 32.964569
v 1.149626 3.042927 32.955559
v -14.768809 2.940994 32.762329
v -13.056086 6.067951 32.809097
v -16.168049 2.932033 32.745338
v -16.188313 6.047898 32.770832
v -16.683418 2.928736 32.739086
v -16.690584 4.030483 32.748100
v 1.056397 4.144119 32.963799
v 1.063562 3.042373 32.954784
v 14.757326 3.129996 33.129261
v 15.156981 4.234346 33.143333
v 0.074041 4.137833 32.951279
v 0.081206 3.036087 32.942265
v 15.999523 3.137945 33.145084
v 14.246284 6.242718 33.148743
v 17.398750 3.146898 33.162910
v 17.378490 6.262762 33.188404
v 17.914118 3.150192 33.169479
v 17.906954 4.251939 33.178497
v 0.212702 4.172472 28.611389
v 0.220264 3.070710 28.605127
v -13.473543 2.977684 28.437057
v -13.887919 4.076683 28.438204
v 1.195062 4.179147 28.623444
v 1.202623 3.077384 28.617184
v -14.715744 2.969246 28.421816
v -13.004150 6.096928 28.461035
v -16.114983 2.959740 28.404640
v -16.136364 6.075652 28.422352
v -16.630344 2.956241 28.398314
v -16.637905 4.058003 28.404577
v 1.108998 4.178560 28.622660
v 1.116559 3.076797 28.616400
v 14.810268 3.169758 28.792717
v 15.209523 4.274283 28.804096
v 0.126646 4.171891 28.610010
v 0.134207 3.070128 28.603748
v 16.052456 3.178191 28.808712
v 14.298106 6.282336 28.804350
v 17.451683 3.187688 28.826727
v 17.430302 6.303599 28.844440
v 17.967045 3.191188 28.833361
v 17.959484 4.292950 28.839624
v 0.266220 4.195563 24.272890
v 0.274152 3.093793 24.268892
v -13.420200 2.995630 24.155577
v -13.834964 4.094484 24.156088
v 1.248619 4.202606 24.281008
v 1.256551 3.100836 24.277010
v -14.662449 2.986725 24.145288
v -12.951837 6.115081 24.171185
v -16.061739 2.976695 24.133688
v -16.084171 6.092628 24.144999
v -16.577129 2.973002 24.129410
v -16.585062 4.074772 24.133411
v 1.162551 4.201989 24.280565
v 1.170483 3.100219 24.276567
v 14.864731 3.198381 24.398138
v 15.263631 4.303067 24.405624
v 0.180160 4.194947 24.271860
v 0.188092 3.093177 24.267860
v 16.106968 3.207285 24.409185
v 14.351499 6.310795 24.405333
v 17.506248 3.217314 24.421625
v 17.483816 6.333246 24.432934
v 18.021633 3.221008 24.426203
v 18.013702 4.322779 24.430202
v 0.321566 4.196850 19.939890
v 0.329831 3.095079 19.937181
v -13.364900 2.992231 19.991434
v -13.780008 4.090948 19.995632
v 1.303992 4.204229 19.935987
v 1.312256 3.102457 19.933281
v -14.607183 2.982903 19.996334
v -12.897460 6.111856 19.997381
v -16.006512 2.972394 20.001858
v -16.029886 6.088333 20.009518
v -16.521914 2.968525 20.003897
v -16.530178 4.070298 20.006603
v 1.217922 4.203582 19.936598
v 1.226187 3.101811 19.933889
v 14.920812 3.204655 19.887888
v 15.319393 4.309483 19.889107
v 0.235504 4.196204 19.939913
v 0.243768 3.094433 19.937204
v 16.163084 3.213985 19.883722
v 14.406626 6.316905 19.897436
v 17.562407 3.224492 19.879047
v 17.539032 6.340430 19.886705
v 18.077801 3.228361 19.877327
v 18.069538 4.330133 19.880037
v 0.376940 4.198140 15.606895
v 0.385553 3.096369 15.605474
v -13.307501 2.989051 15.827287
v -13.722908 4.087635 15.835176
v 1.359246 4.205839 15.590964
v 1.367859 3.104068 15.589544
v -14.549635 2.979317 15.847391
v -12.841110 6.108833 15.823598
v -15.948793 2.968351 15.870031
v -15.973150 6.084287 15.874054
v -16.464132 2.964312 15.878372
v -16.472746 4.066084 15.879795
v 1.273187 4.205164 15.592635
v 1.281800 3.103393 15.591214
v 14.974750 3.210707 15.377639
v 15.372932 4.315668 15.372592
v 0.290889 4.197466 15.607964
v 0.299501 3.095694 15.606542
v 16.216873 3.220442 15.358281
v 14.459641 6.322797 15.389564
v 17.616020 3.231407 15.336474
v 17.591663 6.347342 15.340498
v 18.131355 3.235445 15.328448
v 18.122742 4.337216 15.329870
v 0.432343 4.199432 11.273902
v 0.441320 3.097663 11.273762
v -13.248011 2.986086 11.663118
v -13.663671 4.084542 11.674704
v 1.414382 4.207436 11.245961
v 1.423358 3.105667 11.245821
v -14.489808 2.975965 11.698418
v -12.782783 6.106016 11.649796
v -15.888588 2.964564 11.738183
v -15.913974 6.080495 11.738583
v -16.403788 2.960365 11.752825
v -16.412766 4.062135 11.752965
v 1.328346 4.206735 11.248675
v 1.337322 3.104966 11.248537
v 15.026550 3.216539 10.867431
v 15.424256 4.321623 10.856126
v 0.346315 4.198731 11.276031
v 0.355291 3.096961 11.275892
v 16.268333 3.226660 10.832870
v 14.510548 6.328471 10.881727
v 17.667103 3.238060 10.793951
v 17.641718 6.353991 10.794351
v 18.182301 3.242260 10.779612
v 18.173323 4.344029 10.779753
v 0.436799 4.199203 6.943594
v 0.446127 3.097437 6.944582
v -13.236548 2.982104 7.512736
v -13.652376 4.080444 7.528505
v 1.418359 4.207477 6.902819
v 1.427688 3.105711 6.903807
v -14.477738 2.971640 7.564251
v -12.772525 6.102158 7.489816
v -15.875835 2.959857 7.622274
v -15.902218 6.075778 7.619481
v -16.390785 2.955515 7.643647
v -16.400114 4.057281 7.642659
v 1.332393 4.206753 6.906658
v 1.341721 3.104986 6.907645
v 15.025146 3.220343 6.347691
v 15.422315 4.325536 6.329946
v 0.350779 4.198477 6.946849
v 0.360108 3.096711 6.947837
v 16.266401 3.230807 6.296923
v 14.508376 6.332131 6.365214
v 17.664577 3.242595 6.239743
v 17.638197 6.358515 6.236950
v 18.179554 3.246936 6.218685
v 18.170227 4.348703 6.217698
v 0.043321 4.187076 2.634120
v 0.052795 3.085310 2.635060
v -13.616182 2.968495 3.471272
v -14.031748 4.066790 3.495051
v 1.023899 4.195456 2.574122
v 1.033373 3.093690 2.575062
v -14.856132 2.957901 3.547102
v -13.153064 6.088599 3.438873
v -16.252836 2.945964 3.632508
v -16.279627 6.061882 3.629849
v -16.767267 2.941567 3.663974
v -16.776741 4.043332 3.663033
v 0.938018 4.194722 2.579639
v 0.947492 3.092957 2.580580
v 14.617220 3.209794 1.752583
v 15.013840 4.315029 1.726922
v -0.042612 4.186340 2.639066
v -0.033138 3.084575 2.640006
v 15.857236 3.220393 1.677499
v 14.100533 6.321526 1.779840
v 17.254015 3.232332 1.592924
v 17.227222 6.348249 1.590265
v 17.768476 3.236730 1.561785
v 17.759003 4.338494 1.560845
v -0.349994 4.174949 -1.675351
v -0.340376 3.073185 -1.674461
v -13.990410 2.954924 -0.570527
v -14.405558 4.053174 -0.538743
v 0.629224 4.183433 -1.754561
v 0.638842 3.081669 -1.753671
v -15.228638 2.944195 -0.470410
v -13.528377 6.075077 -0.612372
v -16.623404 2.932113 -0.357640
v -16.650604 6.048026 -0.360156
v -17.137129 2.927662 -0.316105
v -17.146748 4.029426 -0.316994
v 0.543463 4.182691 -1.747355
v 0.553081 3.080926 -1.746466
v 14.203863 3.199211 -2.842198
v 14.599776 4.304489 -2.875763
v -0.435808 4.174205 -1.668728
v -0.426190 3.072441 -1.667838
v 15.442161 3.209941 -2.941567
v 13.687448 6.310886 -2.805195
v 16.837002 3.222026 -3.053494
v 16.809803 6.337940 -3.056010
v 17.350756 3.226479 -3.094717
v 17.341137 4.328243 -3.095605
v -0.743147 4.162823 -5.984834
v -0.733386 3.061061 -5.983997
v -14.359229 2.941389 -4.612751
v -14.773800 4.039596 -4.572971
v 0.234336 4.171408 -6.083214
v 0.244097 3.069646 -6.082378
v -15.595268 2.930534 -4.488386
v -13.898471 6.061591 -4.664031
v -16.987562 2.918305 -4.348309
v -17.015167 6.034217 -4.350674
v -17.500376 2.913802 -4.296708
v -17.510136 4.015566 -4.297545
v 0.148727 4.170657 -6.074334
v 0.158488 3.068895 -6.073497
v 13.785081 3.188589 -7.436529
v 14.180131 4.293907 -7.477983
v -0.828809 4.162070 -5.976525
v -0.819048 3.060308 -5.975689
v 15.021189 3.199446 -7.560148
v 13.269129 6.300211 -7.389805
v 16.413559 3.211677 -7.699394
v 16.385952 6.327588 -7.701758
v 16.926401 3.216182 -7.750669
v 16.916639 4.317944 -7.751506
v -1.136138 4.150699 -10.294320
v -1.126235 3.048938 -10.293540
v -14.722658 2.927892 -8.655519
v -15.136497 4.026057 -8.607759
v -0.160766 4.159383 -10.411839
v -0.150863 3.057621 -10.411058
v -15.956023 2.916911 -8.506951
v -14.263355 6.048138 -8.716196
v -17.345316 2.904543 -8.339611
v -17.373323 6.020450 -8.341817
v -17.857019 2.899987 -8.277975
v -17.866922 4.001748 -8.278755
v -0.246190 4.158623 -10.401282
v -0.236287 3.056862 -10.400501
v 13.360886 3.177930 -12.030325
v 13.754919 4.283289 -12.079647
v -1.221615 4.149937 -10.284335
v -1.211711 3.048176 -10.283555
v 14.594319 3.188912 -12.178141
v 12.845586 6.289499 -11.973870
v 15.983688 3.201284 -12.344643
v 15.955681 6.317192 -12.346848
v 16.495417 3.205841 -12.405965
v 16.485514 4.307601 -12.406745
v -1.528967 4.138576 -14.603821
v -1.518923 3.036816 -14.603100
v -15.080701 2.914432 -12.698925
v -15.493652 4.012555 -12.643198
v -0.556082 4.147355 -14.740441
v -0.546037 3.045595 -14.739719
v -16.310925 2.903331 -12.526214
v -14.623037 6.034722 -12.768980
v -17.696680 2.890824 -12.331683
v -17.725086 6.006729 -12.333723
v -18.207077 2.886220 -12.260026
v -18.217121 3.987979 -12.260746
v -0.641288 4.146587 -14.728204
v -0.631243 3.044827 -14.727482
v 12.931284 3.167234 -16.623459
v 13.324147 4.272629 -16.680628
v -1.614227 4.137806 -14.592171
v -1.604182 3.036046 -14.591450
v 14.161579 3.178337 -16.795420
v 12.416825 6.278751 -16.557306
v 15.547406 3.190845 -16.989122
v 15.519000 6.306749 -16.991161
v 16.057835 3.195452 -17.060455
v 16.047789 4.297212 -17.061176
v -1.921636 4.126454 -18.913345
v -1.911452 3.024695 -18.912687
v -15.433374 2.901012 -16.743080
v -15.845282 3.999095 -16.679407
v -0.951609 4.135327 -19.068998
v -0.941424 3.033568 -19.068338
v -16.659988 2.889791 -16.546295
v -14.977535 6.021345 -16.822472
v -18.041666 2.877152 -16.324638
v -18.070469 5.993053 -16.326506
v -18.550562 2.872497 -16.242994
v -18.560747 3.974257 -16.243654
v -1.036565 4.134550 -19.055099
v -1.026381 3.032791 -19.054441
v 12.496293 3.156497 -21.215834
v 12.887833 4.261930 -21.280828
v -2.006644 4.125675 -18.900019
v -1.996460 3.023917 -18.899359
v 13.722974 3.167720 -21.411879
v 11.982867 6.267965 -21.139994
v 15.104726 3.180360 -21.632694
v 15.075925 6.296261 -21.634560
v 15.613652 3.185015 -21.714022
v 15.603470 4.286776 -21.714680
v -2.314142 4.114333 -23.222879
v -2.303820 3.012575 -23.222282
v -15.780693 2.887628 -20.788092
v -16.191401 3.985674 -20.716494
v -1.347348 4.123296 -23.397520
v -1.337025 3.021538 -23.396925
v -17.003220 2.876294 -20.567307
v -15.326865 6.008004 -20.876781
v -18.380301 2.863527 -20.318613
v -18.409492 5.979425 -20.320297
v -18.887503 2.858826 -20.227007
v -18.897827 3.960583 -20.227602
v -1.432021 4.122512 -23.381952
v -1.421698 3.020754 -23.381355
v 12.055926 3.145724 -25.807348
v 12.445987 4.251192 -25.880138
v -2.398868 4.113546 -23.207897
v -2.388545 3.011789 -23.207302
v 13.278522 3.157060 -26.027393
v 11.543728 6.257143 -25.721840
v 14.655674 3.169828 -26.275249
v 14.626481 6.285726 -26.276934
v 15.162910 3.174533 -26.366529
v 15.152587 4.276291 -26.367125
v -2.706489 4.102213 -27.532446
v -2.696029 3.000456 -27.531918
v -16.122683 2.874285 -24.834059
v -16.532036 3.972293 -24.754560
v -1.743297 4.111264 -27.725992
v -1.732838 3.009507 -27.725462
v -17.340651 2.862841 -24.589359
v -15.671038 5.994702 -24.932013
v -18.712599 2.849947 -24.313723
v -18.742180 5.965841 -24.315218
v -19.217913 2.845199 -24.212200
v -19.228373 3.946957 -24.212729
v -1.827655 4.110472 -27.708776
v -1.817195 3.008715 -27.708248
v 11.610208 3.134910 -30.397890
v 11.998640 4.240415 -30.478445
v -2.790899 4.101418 -27.515799
v -2.780439 2.999663 -27.515268
v 12.828245 3.146355 -30.641855
v 11.099418 6.246281 -30.302748
v 14.200268 3.159252 -30.916653
v 14.170687 6.275146 -30.918144
v 14.705609 3.164001 -31.017859
v 14.695150 4.265757 -31.018387
v -3.098675 4.090094 -31.842033
v -3.088079 2.988339 -31.841572
v -16.459349 2.860982 -28.881098
v -16.867191 3.958953 -28.793726
v -2.139457 4.099230 -32.054424
v -2.128861 2.997475 -32.053967
v -17.672297 2.849429 -28.612564
v -16.010077 5.981437 -28.988258
v -19.038584 2.836416 -28.310102
v -19.068550 5.952305 -28.311401
v -19.541815 2.831624 -28.198692
v -19.552412 3.933379 -28.199148
v -2.223466 4.098431 -32.035553
v -2.212870 2.996676 -32.035091
v 11.159147 3.124056 -34.987366
v 11.545798 4.229593 -35.075653
v -3.182737 4.089293 -31.823740
v -3.172141 2.987538 -31.823280
v 12.372165 3.135610 -35.255146
v 10.649960 6.235380 -34.882607
v 13.738523 3.148626 -35.556786
v 13.708557 6.264516 -35.558086
v 14.241789 3.153420 -35.667870
v 14.231191 4.255175 -35.668331
v -4.101771 4.079182 -36.005131
v -4.091083 2.977428 -36.005009
v -17.362665 2.849048 -32.629639
v -17.767672 3.946988 -32.529598
v -3.149713 4.088392 -36.247318
v -3.139025 2.986638 -36.247192
v -18.566576 2.837402 -32.323498
v -16.917166 5.969537 -32.750744
v -19.922688 2.824283 -31.978676
v -19.952913 5.940170 -31.979025
v -20.422167 2.819453 -31.851665
v -20.432856 3.921206 -31.851789
v -3.233021 4.087586 -36.225842
v -3.222333 2.985832 -36.225719
v 10.052165 3.114231 -39.593395
v 10.435796 4.219799 -39.693684
v -4.185293 4.078374 -35.984219
v -4.174605 2.976621 -35.984097
v 11.256347 3.125878 -39.898830
v 9.546277 6.225519 -39.472809
v 12.612748 3.138999 -40.242882
v 12.582519 6.254887 -40.243229
v 13.112343 3.143831 -40.369587
v 13.101653 4.245585 -40.369709
v -5.634701 4.069317 -40.041210
v -5.623975 2.967563 -40.041660
v -18.745285 2.838236 -36.121998
v -19.145863 3.936147 -36.005222
v -4.693420 4.078595 -40.322430
v -4.682694 2.976841 -40.322876
v -19.935564 2.826504 -35.766499
v -18.305275 5.958757 -36.261017
v -21.276323 2.813289 -35.366051
v -21.306658 5.929175 -35.364792
v -21.770149 2.808424 -35.218559
v -21.780876 3.910177 -35.218109
v -4.775788 4.077782 -40.297546
v -4.765063 2.976029 -40.297993
v 8.359171 3.105375 -44.209934
v 8.738298 4.210971 -44.325821
v -5.717273 4.068503 -40.016869
v -5.706548 2.966749 -40.017315
v 9.549715 3.117107 -44.564754
v 7.858555 6.216627 -44.068245
v 10.890774 3.130326 -44.964409
v 10.860440 6.246212 -44.963146
v 11.384713 3.135191 -45.111595
v 11.373988 4.236945 -45.111149
v -7.166900 4.059449 -44.077496
v -7.156159 2.957696 -44.078510
v -20.104887 2.827367 -39.621239
v -20.500353 3.925248 -39.487919
v -6.238000 4.068799 -44.397278
v -6.227261 2.967046 -44.398293
v -21.279512 2.815544 -39.216965
v -19.671099 5.947923 -39.777897
v -22.602640 2.802226 -38.761581
v -22.633013 5.918111 -38.758713
v -23.089973 2.797322 -38.593849
v -23.100714 3.899075 -38.592834
v -6.319284 4.067981 -44.369019
v -6.308545 2.966227 -44.370033
v 6.643106 3.096576 -48.819599
v 7.017093 4.202202 -48.950886
v -7.248387 4.058630 -44.049770
v -7.237648 2.956877 -44.050785
v 7.817996 3.108400 -49.223183
v 6.148644 6.207790 -48.657013
v 9.141424 3.121720 -49.677773
v 9.111052 6.237605 -49.674904
v 9.628872 3.126626 -49.845188
v 9.618134 4.228378 -49.844173
v -8.698375 4.049580 -48.114010
v -8.687645 2.947828 -48.115593
v -21.441774 2.816441 -43.128273
v -21.831451 3.914290 -42.978638
v -7.783437 4.059005 -48.471817
v -7.772707 2.957253 -48.473400
v -22.598751 2.804522 -42.675903
v -21.014935 5.937032 -43.302322
v -23.901999 2.791098 -42.166374
v -23.932343 5.906980 -42.161892
v -24.382013 2.786152 -41.978706
v -24.392742 3.887905 -41.977123
v -7.863499 4.058181 -48.440224
v -7.852769 2.956428 -48.441811
v 4.904286 3.087833 -53.421417
v 5.272501 4.193491 -53.567883
v -8.778639 4.048754 -48.082951
v -8.767908 2.947001 -48.084538
v 6.061532 3.099755 -53.873074
v 4.416823 6.199007 -53.238228
v 7.365070 3.113180 -54.381836
v 7.334725 6.229063 -54.377354
v 7.845192 3.118126 -54.569221
v 7.834464 4.219879 -54.567638
v -10.229134 4.039709 -52.150768
v -10.218436 2.937957 -52.152920
v -22.756290 2.805460 -46.644039
v -23.139507 3.903276 -46.478340
v -9.329713 4.049214 -52.545990
v -9.319016 2.947462 -52.548149
v -23.893648 2.793442 -46.144356
v -22.337107 5.926092 -46.835171
v -25.174793 2.779903 -45.581520
v -25.205044 5.895784 -45.575432
v -25.646671 2.774916 -45.374222
v -25.657366 3.876667 -45.372066
v -9.408414 4.048383 -52.511124
v -9.397717 2.946630 -52.513275
v 3.143049 3.079145 -58.014473
v 3.504873 4.184834 -58.175858
v -10.308038 4.038876 -52.116436
v -10.297341 2.937124 -52.118587
v 4.280679 3.091166 -58.513439
v 2.663431 6.190277 -57.810978
v 5.562125 3.104706 -59.075489
v 5.531872 6.220587 -59.069397
v 6.034108 3.109695 -59.282497
v 6.023408 4.211446 -59.280350
v -11.759197 4.029837 -56.187832
v -11.748556 2.928085 -56.190552
v -24.048803 2.794430 -50.169445
v -24.424904 3.892210 -49.987961
v -10.876822 4.039425 -56.619797
v -10.866182 2.937673 -56.622520
v -25.164614 2.782304 -49.623295
v -23.637987 5.915100 -50.377338
v -26.421488 2.768647 -49.008129
v -26.451578 5.884527 -49.000435
v -26.884422 2.763617 -48.781555
v -26.895061 3.865369 -48.778835
v -10.954031 4.038585 -56.581711
v -10.943391 2.936834 -56.584435
v 1.359781 3.070508 -62.597824
v 1.714603 4.176230 -62.773869
v -11.836608 4.028996 -56.150276
v -11.825968 2.927244 -56.153000
v 2.475863 3.082636 -63.143261
v 0.888837 6.181598 -62.374393
v 3.733028 3.096295 -63.757664
v 3.702934 6.212173 -63.749969
v 4.196068 3.101324 -63.983955
v 4.185427 4.203075 -63.981232
v -13.288571 4.019962 -60.225212
v -13.278010 2.918212 -60.228497
v -25.319744 2.783348 -53.705410
v -25.688087 3.881091 -53.508446
v -12.424744 4.029637 -60.693192
v -12.414183 2.927887 -60.696476
v -26.412104 2.771113 -53.113720
v -24.917963 5.904059 -53.929684
v -27.642569 2.757332 -52.447258
v -27.672436 5.873209 -52.437969
v -28.095774 2.752257 -52.201786
v -28.106335 3.854008 -52.198505
v -12.500326 4.028790 -60.651943
v -12.489766 2.927040 -60.655228
v -0.445107 3.061922 -67.170616
v -0.097886 4.167679 -67.361008
v -13.364358 4.019114 -60.184509
v -13.353796 2.917363 -60.187794
v 0.647523 3.074158 -67.761574
v -0.906555 6.172966 -66.927582
v 1.878278 3.087941 -68.427277
v 1.848411 6.203818 -68.417984
v 2.331589 3.093016 -68.672455
v 2.321030 4.194767 -68.669174
v -14.860124 4.010212 -64.237183
v -14.849670 2.908462 -64.241035
v -26.607702 2.772337 -57.221916
v -26.967545 3.870043 -57.009628
v -14.016665 4.019977 -64.740776
v -14.006210 2.918227 -64.744637
v -27.674335 2.759990 -56.585251
v -26.215717 5.893091 -57.462410
v -28.875828 2.746078 -55.868126
v -28.905392 5.861953 -55.857227
v -29.318356 2.740956 -55.603981
v -29.328808 3.842706 -55.600128
v -14.090378 4.019122 -64.696449
v -14.079924 2.917372 -64.700302
v -2.316538 3.053508 -71.713196
v -1.977601 4.159302 -71.917778
v -14.934228 4.009356 -64.193314
v -14.923774 2.907606 -64.197174
v -1.249405 3.065858 -72.349281
v -2.767527 6.164504 -71.450760
v -0.047378 3.079768 -73.065788
v -0.076945 6.195643 -73.054893
v 0.395365 3.084892 -73.329674
v 0.384910 4.186642 -73.325821
v -17.671654 4.004085 -67.504662
v -17.661449 2.902336 -67.509315
v -29.003386 2.764814 -59.835617
v -29.350620 3.862477 -59.603073
v -16.858040 4.013951 -68.055191
v -16.847834 2.912202 -68.059853
v -30.032278 2.752337 -59.139565
v -28.625622 5.885618 -60.097298
v -31.191261 2.738289 -58.355556
v -31.220125 5.854162 -58.342381
v -31.618139 2.733113 -58.066792
v -31.628345 3.834862 -58.062138
v -16.929144 4.013086 -68.006767
v -16.918938 2.911338 -68.011421
v -5.571627 3.048872 -75.678879
v -5.244805 4.154706 -75.902092
v -17.743135 4.003221 -67.456665
v -17.732929 2.901471 -67.461327
v -4.542235 3.061348 -76.374344
v -6.007014 6.159814 -75.390724
v -3.382720 3.075399 -77.157738
v -3.411584 6.191272 -77.144562
v -2.955644 3.080574 -77.446274
v -2.965850 4.182324 -77.441620
v -20.481976 3.997954 -70.772919
v -20.472063 2.896206 -70.778366
v -31.361521 2.757156 -62.474686
v -31.695019 3.854773 -62.222649
v -19.700821 4.007929 -71.368645
v -19.690908 2.906181 -71.374092
v -32.349369 2.744543 -61.721493
v -30.999134 5.878010 -62.756710
v -33.462120 2.730333 -60.873108
v -33.490154 5.846203 -60.857700
v -33.871975 2.725102 -60.560635
v -33.881886 3.826850 -60.555187
v -19.769083 4.007056 -71.316254
v -19.759171 2.905308 -71.321701
v -8.864337 3.044369 -79.619110
v -8.550665 4.150248 -79.860260
v -20.550611 3.997080 -70.720963
v -20.540699 2.895332 -70.726410
v -7.875988 3.056984 -80.371735
v -9.282668 6.155255 -79.306137
v -6.762704 3.071194 -81.219490
v -6.790739 6.187063 -81.204086
v -6.352657 3.076427 -81.531746
v -6.362570 4.178175 -81.526299
v -23.291136 3.991819 -74.042023
v -23.281561 2.890072 -74.048248
v -33.683598 2.749368 -65.141235
v -34.002277 3.846936 -64.870483
v -22.544950 4.001913 -74.681030
v -22.535374 2.900166 -74.687248
v -34.627235 2.736606 -64.333305
v -33.337730 5.870280 -65.442696
v -35.690186 2.722229 -63.423271
v -35.717266 5.838094 -63.405678
v -36.081696 2.716930 -63.088081
v -36.091270 3.818678 -63.081860
v -22.610151 4.001029 -74.624847
v -22.600574 2.899282 -74.631073
v -12.193158 3.039996 -83.531815
v -11.893629 4.145924 -83.790115
v -23.356709 3.990934 -73.986282
v -23.347134 2.889187 -73.992500
v -11.249022 3.052760 -84.339157
v -12.593065 6.150822 -83.195030
v -10.185538 3.067139 -85.248589
v -10.212619 6.183006 -85.230995
v -9.793832 3.072436 -85.583527
v -9.803407 4.174183 -85.577309
v -26.099174 3.985680 -77.312035
v -26.089981 2.883934 -77.319008
v -35.971230 2.741456 -67.837234
v -36.274059 3.838969 -67.548668
v -25.390362 3.995901 -77.992271
v -25.381166 2.894155 -77.999252
v -36.867630 2.728531 -66.977173
v -35.642948 5.862425 -68.157166
v -37.877361 2.713974 -66.008385
v -37.903366 5.829836 -65.988663
v -38.249271 2.708607 -65.651566
v -38.258469 3.810354 -65.644600
v -25.452280 3.995006 -77.932480
v -25.443083 2.893260 -77.939445
v -15.556473 3.035749 -87.414986
v -15.272034 4.141729 -87.689598
v -26.161482 3.984784 -77.252686
v -26.152288 2.883038 -77.259659
v -14.659576 3.048675 -88.274475
v -15.936639 6.146507 -87.055466
v -13.649291 3.063234 -89.242615
v -13.675294 6.179098 -89.222893
v -13.277186 3.068599 -89.599197
v -13.286381 4.170345 -89.592224
v -28.906164 3.979537 -80.583031
v -28.897394 2.877793 -80.590736
v -38.226135 2.733423 -70.564590
v -38.512127 3.830879 -70.259117
v -28.236979 3.989893 -81.302315
v -28.228209 2.888149 -81.310020
v -39.072414 2.720327 -69.655144
v -37.916466 5.854456 -70.901970
v -40.025707 2.705575 -68.630745
v -40.050518 5.821434 -68.608963
v -40.376827 2.700142 -68.253441
v -40.385597 3.801886 -68.245728
v -28.295433 3.988987 -81.239105
v -28.286661 2.887242 -81.246803
v -18.952541 3.031623 -91.266685
v -18.684093 4.137656 -91.556755
v -28.964991 3.978629 -80.520256
v -28.956219 2.876885 -80.527962
v -18.105761 3.044720 -92.175560
v -19.311720 6.142309 -90.885605
v -17.151937 3.059474 -93.199341
v -17.176748 6.175333 -93.177559
v -16.800625 3.064907 -93.576416
v -16.809395 4.166651 -93.568718
v -31.712154 3.973390 -83.855064
v -31.703846 2.871647 -83.863480
v -40.450146 2.725276 -73.325119
v -40.718372 3.822669 -73.003731
v -31.084753 3.983891 -84.611084
v -31.076445 2.882148 -84.619499
v -41.243599 2.712002 -72.369202
v -40.160038 5.846381 -73.678856
v -42.137375 2.697045 -71.292450
v -42.160873 5.812900 -71.268684
v -42.466579 2.691537 -70.895882
v -42.474888 3.793278 -70.887474
v -31.139545 3.982971 -84.544662
v -31.131237 2.881228 -84.553070
v -22.379559 3.027611 -95.085159
v -22.127951 4.133702 -95.389732
v -31.767319 3.972470 -83.789062
v -31.759010 2.870727 -83.797478
v -21.585606 3.040886 -96.040497
v -22.716539 6.138215 -94.683723
v -20.691292 3.055844 -97.116623
v -20.714790 6.171698 -97.092842
v -20.361898 3.061353 -97.512978
v -20.370207 4.163095 -97.504570
v -35.255573 3.970633 -86.212090
v -35.247807 2.868892 -86.221230
v -43.376984 2.720263 -75.201431
v -43.626358 3.817589 -74.864975
v -34.672443 3.981296 -87.002655
v -34.664677 2.879555 -87.011780
v -44.114456 2.706783 -74.201836
v -43.107399 5.841441 -75.570450
v -44.945187 2.691595 -73.075897
v -44.967144 5.807445 -73.050072
v -45.251152 2.686001 -72.661186
v -45.258919 3.787742 -72.652054
v -34.723297 3.980361 -86.933266
v -34.715530 2.878621 -86.942406
v -26.579102 3.027253 -97.958267
v -26.345253 4.133409 -98.276451
v -35.306931 3.969699 -86.142982
v -35.299168 2.867958 -86.152115
v -25.840958 3.040735 -98.957504
v -26.892439 6.137774 -97.537514
v -25.009512 3.055921 -100.083061
v -25.031469 6.171771 -100.057236
v -24.703257 3.061515 -100.497604
v -24.711021 4.163257 -100.488480
v -39.047447 3.969018 -88.260910
v -39.040287 2.867279 -88.270744
v -46.524700 2.716200 -76.803024
v -46.754318 3.813451 -76.452553
v -38.510578 3.979856 -89.083595
v -38.503414 2.878117 -89.093437
v -47.203701 2.702497 -75.762794
v -46.276539 5.837461 -77.186089
v -47.968533 2.687061 -74.591064
v -47.988796 5.802904 -74.563248
v -48.250252 2.681375 -74.159508
v -48.257412 3.783112 -74.149666
v -38.557377 3.978906 -89.011406
v -38.550213 2.877168 -89.021240
v -31.058540 3.028250 -100.485031
v -30.843250 4.134476 -100.815826
v -39.094757 3.968069 -88.188980
v -39.087597 2.866330 -88.198814
v -30.378901 3.041952 -101.524902
v -31.347092 6.138678 -100.046234
v -29.613314 3.057390 -102.696213
v -29.633575 6.173234 -102.668396
v -29.331337 3.063076 -103.127647
v -29.338501 4.164814 -103.117805
v -42.838501 3.967398 -90.310944
v -42.831978 2.865661 -90.321449
v -49.647018 2.711993 -78.443481
v -49.856113 3.809165 -78.080162
v -42.349651 3.978422 -91.163055
v -42.343124 2.876685 -91.173569
v -50.265285 2.698053 -77.366043
v -49.421036 5.833338 -78.839355
v -50.961742 2.682351 -76.152412
v -50.980198 5.798188 -76.122688
v -51.218266 2.676569 -75.705399
v -51.224792 3.778304 -75.694885
v -42.392242 3.977456 -91.088280
v -42.385719 2.875720 -91.098793
v -35.563419 3.029392 -102.972832
v -35.367378 4.135693 -103.315140
v -42.881603 3.966432 -90.236435
v -42.875076 2.864696 -90.246948
v -34.944481 3.043332 -104.049911
v -35.826168 6.139722 -102.517426
v -34.247303 3.059034 -105.263168
v -34.265759 6.174871 -105.233444
v -33.990520 3.064817 -105.710022
v -33.997044 4.166553 -105.699516
v -46.628788 3.965774 -92.362259
v -46.622940 2.864040 -92.373398
v -52.746201 2.707646 -80.124229
v -52.934063 3.804733 -79.749245
v -46.189564 3.976993 -93.240997
v -46.183720 2.875259 -93.252144
v -53.301716 2.693459 -79.013107
v -52.543091 5.829082 -80.531601
v -53.927490 2.677479 -77.761528
v -53.944031 5.793312 -77.730011
v -54.157974 2.671594 -77.300552
v -54.163822 3.773327 -77.289406
v -46.227814 3.976010 -93.163895
v -46.221962 2.874276 -93.175034
v -40.091446 3.030674 -105.420280
v -39.915276 4.137054 -105.772980
v -46.667542 3.964790 -92.285416
v -46.661694 2.863056 -92.296562
v -39.535259 3.044859 -106.531036
v -40.327473 6.140898 -104.949776
v -38.908772 3.060838 -107.782219
v -38.925312 6.176671 -107.750710
v -38.678013 3.066725 -108.243057
v -38.683861 4.168458 -108.231911
v -50.418373 3.964145 -94.414864
v -50.413239 2.862413 -94.426605
v -55.824593 2.703170 -81.846497
v -55.990597 3.800170 -81.461090
v -50.030235 3.975569 -95.317360
v -50.025097 2.873837 -95.329094
v -56.315529 2.688725 -80.705353
v -55.644978 5.824702 -82.264053
v -56.868557 2.672456 -79.419952
v -56.883080 5.788279 -79.386757
v -57.072247 2.666463 -78.946503
v -57.077385 3.768193 -78.934769
v -50.063995 3.974568 -95.238167
v -50.058857 2.872837 -95.249901
v -44.640274 3.032083 -107.826103
v -44.484543 4.138545 -108.188042
v -50.452663 3.963144 -94.335960
v -50.447525 2.861412 -94.347694
v -44.148666 3.046527 -108.966888
v -44.848770 6.142198 -107.342056
v -43.594910 3.062798 -110.251900
v -43.609436 6.178621 -110.218704
v -43.390938 3.068793 -110.725182
v -43.396076 4.170524 -110.713440
v -54.207355 3.962513 -96.468857
v -54.202969 2.860784 -96.481140
v -58.884590 2.698575 -83.611412
v -59.028175 3.795486 -83.216843
v -53.871559 3.974149 -97.392113
v -53.867165 2.872420 -97.404396
v -59.309338 2.683864 -82.444000
v -58.729042 5.820205 -84.037804
v -59.787811 2.667290 -81.128998
v -59.800236 5.783105 -81.094246
v -59.964039 2.661184 -80.644669
v -59.968430 3.762912 -80.632378
v -53.900742 3.973130 -97.311104
v -53.896355 2.871401 -97.323395
v -49.207466 3.033611 -110.189194
v -49.072670 4.140159 -110.559181
v -54.237049 3.961493 -96.388123
v -54.232658 2.859764 -96.400406
v -48.782047 3.048325 -111.356255
v -49.387718 6.143614 -109.693222
v -48.302864 3.064897 -112.670853
v -48.315281 6.180714 -112.636101
v -48.126362 3.071005 -113.155052
v -48.130749 4.172733 -113.142761
v -58.386600 3.964186 -97.437645
v -58.382874 2.862461 -97.450401
v -62.455044 2.697237 -84.376228
v -62.579865 3.794054 -83.975075
v -58.094513 3.976040 -98.375572
v -58.090786 2.874314 -98.388336
v -62.824486 2.682251 -83.190239
v -62.319408 5.818967 -84.808662
v -63.240665 2.665369 -81.854347
v -63.251205 5.781177 -81.818260
v -63.393955 2.659151 -81.362312
v -63.397682 3.760878 -81.349556
v -58.119835 3.975001 -98.293350
v -58.116112 2.873275 -98.306107
v -54.035839 3.038495 -111.378777
v -53.918472 4.145129 -111.754402
v -58.412502 3.963149 -97.355545
v -58.408775 2.861423 -97.368309
v -53.665638 3.053481 -112.564613
v -54.192356 6.148379 -110.874115
v -53.248653 3.070362 -113.900352
v -53.259197 6.186169 -113.864265
v -53.095070 3.076580 -114.392342
v -53.098801 4.178307 -114.379585
v -62.627544 3.966383 -98.234955
v -62.624485 2.864661 -98.248154
v -66.100662 2.696345 -85.002869
v -66.207108 3.793067 -84.596207
v -62.378216 3.978458 -99.185158
v -62.375156 2.876736 -99.198357
v -66.416046 2.681077 -83.801376
v -65.984497 5.818174 -85.440224
v -66.771332 2.663878 -82.448006
v -66.779976 5.779676 -82.410683
v -66.902176 2.657543 -81.949524
v -66.905243 3.759267 -81.936333
v -62.399796 3.977400 -99.101852
v -62.396736 2.875678 -99.115051
v -58.912445 3.043991 -112.358788
v -58.812111 4.150714 -112.739059
v -62.649696 3.965326 -98.151779
v -62.646641 2.863603 -98.164970
v -58.596313 3.059259 -113.560158
v -59.045719 6.153759 -111.846771
v -58.240227 3.076453 -114.913391
v -58.248875 6.192253 -114.876060
v -58.109070 3.082789 -115.411804
v -58.112125 4.184511 -115.398613
v -66.868210 3.968577 -99.033142
v -66.865837 2.866858 -99.046745
v -69.738914 2.695363 -85.657562
v -69.826759 3.791988 -85.246216
v -66.662163 3.980880 -99.993675
v -66.659782 2.879161 -100.007271
v -69.999588 2.679808 -84.442993
v -69.642426 5.817299 -86.098915
v -70.293228 2.662282 -83.074905
v -70.299942 5.778072 -83.036446
v -70.401382 2.655828 -82.571014
v -70.403763 3.757548 -82.557419
v -66.679932 3.979802 -99.909462
v -66.677559 2.878083 -99.923065
v -63.796417 3.049572 -113.310745
v -63.713314 4.156388 -113.694893
v -66.886589 3.967500 -98.949074
v -66.884216 2.865780 -98.962669
v -63.534996 3.065129 -114.525162
v -63.906132 6.159217 -112.792419
v -63.240513 3.082653 -115.893097
v -63.247227 6.198442 -115.854622
v -63.132057 3.089106 -116.396935
v -63.134430 4.190826 -116.383331
v -71.108673 3.970768 -99.832253
v -71.107010 2.869052 -99.846237
v -73.371056 2.694303 -86.340561
v -73.440102 3.790827 -85.925377
v -70.946289 3.983305 -100.801125
v -70.944626 2.881589 -100.815102
v -73.576477 2.678452 -85.115440
v -73.294411 5.816345 -86.785034
v -73.807899 2.660596 -83.735443
v -73.812614 5.776375 -83.695915
v -73.893143 2.654020 -83.227158
v -73.894814 3.755736 -83.213181
v -70.960266 3.982206 -100.716194
v -70.958595 2.880490 -100.730179
v -68.686462 3.055237 -114.234314
v -68.620743 4.162144 -114.621552
v -71.123199 3.969671 -99.747437
v -71.121536 2.867954 -99.761414
v -68.480278 3.071087 -115.459305
v -68.772369 6.164753 -113.710762
v -68.248039 3.088943 -116.839134
v -68.252754 6.204723 -116.799622
v -68.162506 3.095518 -117.347366
v -68.164169 4.197235 -117.333389
v -75.348969 3.972957 -100.632271
v -75.348022 2.871245 -100.646591
v -76.998390 2.693168 -87.052139
v -77.048492 3.789589 -86.633972
v -75.230606 3.985733 -101.607506
v -75.229668 2.884020 -101.621826
v -77.148148 2.677015 -85.818962
v -76.941696 5.815322 -87.498825
v -77.316872 2.658819 -84.429886
v -77.319550 5.774589 -84.389397
v -77.379021 2.652118 -83.918266
v -77.379959 3.753832 -83.903946
v -75.240715 3.984613 -101.522026
v -75.239777 2.882900 -101.536339
v -73.581291 3.060973 -115.129265
v -73.533096 4.167976 -115.518791
v -75.359642 3.971838 -100.546898
v -75.358688 2.870126 -100.561211
v -73.430779 3.077126 -116.362305
v -73.643166 6.170360 -114.601562
v -73.261261 3.095321 -117.751228
v -73.263931 6.211091 -117.710747
v -73.198814 3.102021 -118.262810
v -73.199760 4.203733 -118.248482
v -79.589111 3.975144 -101.433212
v -79.588898 2.873435 -101.447838
v -80.622223 2.691968 -87.792473
v -80.653252 3.788287 -87.372192
v -79.515030 3.988162 -102.412827
v -79.514816 2.886453 -102.427444
v -80.716011 2.675508 -86.553764
v -80.585556 5.814232 -88.240463
v -80.821678 2.656964 -85.158463
v -80.822281 5.772725 -85.117096
v -80.860588 2.650138 -84.644547
v -80.860802 3.751848 -84.629921
v -79.521248 3.987021 -102.326950
v -79.521042 2.885312 -102.341576
v -78.479637 3.066773 -115.995415
v -78.449028 4.173874 -116.386444
v -79.595917 3.974003 -101.347458
v -79.595703 2.872295 -101.362083
v -78.385094 3.083233 -117.233986
v -78.517303 6.176031 -115.464661
v -78.278618 3.101777 -118.629135
v -78.279221 6.217536 -118.587769
v -78.239388 3.108603 -119.142990
v -78.239594 4.210312 -119.128372
v -83.894424 3.979509 -101.367012
v -83.894814 2.877803 -101.381905
v -84.456909 2.693116 -87.699905
v -84.473351 3.789335 -87.278542
v -83.854111 3.992757 -102.348526
v -83.854500 2.891052 -102.363411
v -84.507935 2.676364 -86.458771
v -84.435432 5.815485 -88.148170
v -84.565437 2.657491 -85.060745
v -84.564346 5.773240 -85.018639
v -84.586609 2.650542 -84.545830
v -84.586220 3.752248 -84.530937
v -83.857391 3.991597 -102.262550
v -83.857780 2.889891 -102.277443
v -83.287445 3.074568 -115.959839
v -83.270241 4.181760 -116.351425
v -83.898254 3.978348 -101.281013
v -83.898636 2.876642 -101.295898
v -83.235657 3.091320 -117.200996
v -83.306526 6.183698 -115.427383
v -83.177338 3.110191 -118.599068
v -83.176254 6.225941 -118.556961
v -83.155838 3.117140 -119.114006
v -83.155457 4.218846 -119.099121
v -88.210281 3.984226 -101.160210
v -88.211243 2.882524 -101.175339
v -88.325798 2.694616 -87.482178
v -88.328354 3.790735 -87.060249
v -88.202095 3.997705 -102.142525
v -88.203064 2.896004 -102.157654
v -88.336220 2.677572 -86.240051
v -88.318748 5.817089 -87.930176
v -88.348000 2.658372 -84.840874
v -88.345276 5.774111 -84.798096
v -88.352325 2.651300 -84.325531
v -88.351364 3.753002 -84.310410
v -88.202538 3.996525 -102.056480
v -88.203499 2.894823 -102.071602
v -88.080704 3.082722 -115.765144
v -88.076210 4.190006 -116.156830
v -88.211319 3.983044 -101.074142
v -88.212288 2.881343 -101.089272
v -88.069511 3.099765 -117.007332
v -88.082153 6.191727 -115.231628
v -88.056931 3.118965 -118.406540
v -88.054199 6.234704 -118.363762
v -88.052269 3.126037 -118.921898
v -88.051308 4.227739 -118.906769
v -92.526108 3.988942 -100.953896
v -92.527657 2.887244 -100.969246
v -92.194557 2.696075 -87.279579
v -92.183228 3.792095 -86.857529
v -92.550041 4.002656 -101.935959
v -92.551590 2.900958 -101.951309
v -92.164375 2.678736 -86.037758
v -92.201881 5.818657 -87.726822
v -92.130394 2.659206 -84.638939
v -92.126007 5.774934 -84.595543
v -92.117905 2.652009 -84.123734
v -92.116348 3.753706 -84.108383
v -92.547668 4.001454 -101.849937
v -92.549225 2.899756 -101.865280
v -92.874092 3.090914 -115.555359
v -92.882309 4.198291 -115.946701
v -92.524330 3.987741 -100.867851
v -92.525887 2.886043 -100.883202
v -92.903511 3.108253 -116.797218
v -92.857826 6.199790 -115.021324
v -92.936661 3.127783 -118.196068
v -92.932274 6.243511 -118.152679
v -92.948891 3.134980 -118.711304
v -92.947334 4.236678 -118.695961
v -96.841957 3.993657 -100.748077
v -96.844109 2.891962 -100.763618
v -96.063683 2.697503 -87.092064
v -96.038467 3.793420 -86.670357
v -96.897957 4.007607 -101.728836
v -96.900101 2.905913 -101.744385
v -95.992928 2.679862 -85.851891
v -96.085335 5.820191 -87.538094
v -95.913246 2.659995 -84.454918
v -95.907173 5.775712 -84.410950
v -95.883888 2.652677 -83.940392
v -95.881744 3.754372 -83.924843
v -96.892792 4.006384 -101.642929
v -96.894943 2.904690 -101.658478
v -97.667122 3.099140 -115.330429
v -97.688042 4.206612 -115.721046
v -96.837349 3.992435 -100.662140
v -96.839500 2.890740 -100.677681
v -97.737129 3.116779 -116.570648
v -97.633110 6.207889 -114.796471
v -97.815987 3.136647 -117.967644
v -97.809914 6.252365 -117.923676
v -97.845009 3.143963 -118.482193
v -97.842865 4.245658 -118.466660
v -101.157799 3.998371 -100.542747
v -101.160545 2.896680 -100.558472
v -99.933640 2.698900 -86.919647
v -99.894569 3.794714 -86.498734
v -101.245850 4.012559 -101.521149
v -101.248596 2.910869 -101.536880
v -99.822380 2.680959 -85.682434
v -99.969627 5.821695 -87.363983
v -99.697083 2.660748 -84.288803
v -99.689316 5.776455 -84.244324
v -99.650948 2.653305 -83.775505
v -99.648193 3.754996 -83.759781
v -101.237854 4.011316 -101.435455
v -101.240608 2.909625 -101.451187
v -102.459274 3.107397 -115.090408
v -102.492859 4.214963 -115.479866
v -101.150406 3.997127 -100.457008
v -101.153152 2.895437 -100.472733
v -102.569771 3.125337 -116.327652
v -102.407593 6.216016 -114.557106
v -102.694252 3.145547 -117.721313
v -102.686478 6.261253 -117.676834
v -102.740112 3.152990 -118.234627
v -102.737366 4.254680 -118.218895
v -105.473656 4.003083 -100.337891
v -105.477013 2.901397 -100.353775
v -103.804962 2.700265 -86.762260
v -103.752060 3.795978 -86.342590
v -105.593651 4.017512 -101.312920
v -105.597000 2.915826 -101.328804
v -103.653320 2.682021 -85.529335
v -103.855164 5.823171 -87.204445
v -103.482513 2.661470 -84.140549
v -103.473030 5.777166 -84.095604
v -103.419617 2.653901 -83.629021
v -103.416267 3.755587 -83.613129
v -105.582863 4.016248 -101.227501
v -105.586212 2.914561 -101.243393
v -107.250084 3.115684 -114.835304
v -107.296288 4.223345 -115.223206
v -105.463470 4.001819 -100.252457
v -105.466827 2.900133 -100.268356
v -107.400963 3.133927 -116.068275
v -107.180702 6.224169 -114.303253
v -107.570900 3.154476 -117.457100
v -107.561424 6.270173 -117.412170
v -107.633522 3.162046 -117.968628
v -107.630165 4.263732 -117.952744
v -109.731094 4.008645 -99.690010
v -109.734993 2.906963 -99.706055
v -107.682014 2.702579 -86.167503
v -107.617249 3.798189 -85.749229
v -109.878410 4.023307 -100.661232
v -109.882301 2.921625 -100.677277
v -107.495819 2.684041 -84.939377
v -107.744362 5.825589 -86.607399
v -107.286079 2.663156 -83.555992
v -107.275070 5.778840 -83.510628
v -107.208847 2.655462 -83.046463
v -107.204948 3.757144 -83.030426
v -109.865234 4.022022 -100.576202
v -109.869133 2.920340 -100.592247
v -111.914085 3.124712 -114.132637
v -111.971062 4.232465 -114.518822
v -109.718521 4.007361 -99.604858
v -109.722412 2.905679 -99.620903
v -112.099571 3.143249 -115.360916
v -111.829552 6.233071 -113.602036
v -112.308464 3.164132 -116.744476
v -112.297455 6.279817 -116.699120
v -112.385429 3.171825 -117.254074
v -112.381531 4.273509 -117.238029
v -113.947266 4.014808 -98.728752
v -113.951660 2.913130 -98.744934
v -111.563393 2.705562 -85.261436
v -111.488167 3.801075 -84.844658
v -114.118622 4.029699 -99.696022
v -114.123009 2.928020 -99.712212
v -111.346771 2.686734 -84.038315
v -111.636322 5.828673 -85.698982
v -111.102776 2.665525 -82.660561
v -111.090355 5.781199 -82.614792
v -111.012909 2.657716 -82.153099
v -111.008514 3.759395 -82.136917
v -114.103340 4.028393 -99.611343
v -114.107735 2.926715 -99.627525
v -116.487968 3.134270 -113.112862
v -116.554405 4.242115 -113.497284
v -113.932571 4.013504 -98.643951
v -113.936958 2.911826 -98.660133
v -116.703850 3.153097 -114.336166
v -116.389992 6.242505 -112.583855
v -116.947021 3.174306 -115.714096
v -116.934608 6.289979 -115.668343
v -117.036575 3.182114 -116.221619
v -117.032196 4.283793 -116.205437
v -118.163429 4.020970 -97.767792
v -118.168320 2.919296 -97.784103
v -115.446243 2.708529 -84.363960
v -115.360611 3.803942 -83.948936
v -118.358749 4.036091 -98.730522
v -118.363632 2.934416 -98.746834
v -115.199356 2.689412 -83.146561
v -115.529755 5.831744 -84.798851
v -114.921249 2.667875 -81.775276
v -114.907417 5.783537 -81.729156
v -114.818817 2.659943 -81.270218
v -114.813927 3.761618 -81.253914
v -118.341362 4.034766 -98.646233
v -118.346252 2.933091 -98.662544
v -121.060295 3.143847 -112.084534
v -121.136154 4.251781 -112.466934
v -118.146652 4.019647 -97.683388
v -118.151535 2.917972 -97.699692
v -121.306473 3.162962 -113.302063
v -120.948967 6.251956 -111.557419
v -121.583740 3.184499 -114.673531
v -121.569923 6.300159 -114.627411
v -121.685867 3.192429 -115.178680
v -121.680977 4.294103 -115.162376
v -122.379639 4.027132 -96.807106
v -122.385033 2.925462 -96.823532
v -119.330818 2.711482 -83.474998
v -119.234825 3.806796 -83.061974
v -122.598785 4.042483 -97.764687
v -122.604172 2.940812 -97.781113
v -119.053802 2.692070 -82.264107
v -119.424812 5.834803 -83.907005
v -118.741760 2.670207 -80.900146
v -118.726509 5.785859 -80.853691
v -118.626846 2.662154 -80.397766
v -118.621468 3.763826 -80.381332
v -122.579315 4.041138 -97.680855
v -122.584702 2.939467 -97.697281
v -125.630890 3.153437 -111.047638
v -125.716118 4.261463 -111.427811
v -122.360771 4.025788 -96.723137
v -122.366165 2.924117 -96.739563
v -125.907196 3.172845 -112.258698
v -125.506233 6.261415 -110.522781
v -126.218391 3.194707 -113.622856
v -126.203156 6.310358 -113.576393
v -126.333061 3.202761 -114.125282
v -126.327667 4.304431 -114.108856
v -126.595932 4.033293 -95.846680
v -126.601830 2.931627 -95.863213
v -123.217361 2.714421 -82.594513
v -123.111038 3.809635 -82.183769
v -126.838760 4.048875 -96.798553
v -126.844666 2.947209 -96.815079
v -122.910362 2.694718 -81.390884
v -123.321747 5.837843 -83.023361
v -122.564590 2.672524 -80.035072
v -122.547905 5.788163 -79.988319
v -122.437233 2.664348 -79.535706
v -122.431335 3.766014 -79.519165
v -126.817215 4.047510 -96.715210
v -126.823120 2.945843 -96.731743
v -130.199554 3.163037 -110.002266
v -130.294098 4.271155 -110.379951
v -126.574989 4.031929 -95.763229
v -126.580887 2.930262 -95.779762
v -130.505798 3.182738 -111.206093
v -130.061615 6.270891 -109.479973
v -130.850769 3.204931 -112.562080
v -130.834091 6.320571 -112.515335
v -130.977829 3.213107 -113.061523
v -130.971939 4.314774 -113.044991
v -130.812271 4.039454 -94.886559
v -130.818665 2.937792 -94.903183
v -127.106018 2.717351 -81.722496
v -126.989433 3.812464 -81.314270
v -131.078629 4.055268 -95.832092
v -131.085037 2.953606 -95.848717
v -126.769295 2.697353 -80.526825
v -127.220757 5.840876 -82.147919
v -126.389954 2.674829 -79.180008
v -126.371849 5.790456 -79.133003
v -126.250244 2.666533 -78.683945
v -126.243843 3.768195 -78.667320
v -131.055023 4.053882 -95.749321
v -131.061432 2.952220 -95.765945
v -134.766037 3.172649 -108.948463
v -134.869827 4.280860 -109.323448
v -130.789246 4.038069 -94.803642
v -130.795654 2.936407 -94.820267
v -135.102097 3.192646 -110.144287
v -134.614929 6.280378 -108.429054
v -135.480576 3.215170 -111.491295
v -135.462479 6.330797 -111.444290
v -135.619980 3.223464 -111.987411
v -135.613571 4.325127 -111.970795
v -135.002701 4.045712 -93.840683
v -135.009613 2.944053 -93.857391
v -130.977173 2.720370 -80.771545
v -130.850586 3.815383 -80.366043
v -135.292007 4.061758 -94.779404
v -135.298920 2.960100 -94.796112
v -130.611404 2.700082 -79.584503
v -131.101944 5.844005 -81.193390
v -130.199387 2.677227 -78.247375
v -130.179855 5.792842 -78.200134
v -130.047638 2.668806 -77.754875
v -130.040756 3.770463 -77.738174
v -135.266388 4.060352 -94.697289
v -135.273300 2.958694 -94.713982
v -139.298065 3.182363 -107.802765
v -139.410843 4.290667 -108.174858
v -134.977661 4.044306 -93.758316
v -134.984573 2.942648 -93.775017
v -139.663116 3.202651 -108.990097
v -139.134033 6.289960 -107.286522
v -140.074310 3.225505 -110.327522
v -140.054794 6.341120 -110.280289
v -140.225784 3.233924 -110.820114
v -140.218872 4.335581 -110.803413
v -139.039734 4.052539 -92.286850
v -139.047119 2.950886 -92.303642
v -134.732178 2.723984 -79.308197
v -134.596725 3.818896 -78.905296
v -139.349304 4.068818 -93.219101
v -139.356674 2.967164 -93.235886
v -134.340759 2.703400 -78.129326
v -134.865753 5.847718 -79.726547
v -133.899918 2.680216 -76.801437
v -133.879059 5.795818 -76.753967
v -133.737549 2.671676 -76.312363
v -133.730179 3.773329 -76.295570
v -139.321930 4.067391 -93.137535
v -139.329300 2.965737 -93.154320
v -143.636566 3.192626 -106.152740
v -143.757263 4.301022 -106.522064
v -139.012909 4.051114 -92.205063
v -139.020294 2.949461 -92.221848
v -144.027237 3.213209 -107.331863
v -143.461121 6.300098 -105.639481
v -144.467331 3.236391 -108.660042
v -144.446472 6.351994 -108.612572
v -144.629425 3.244931 -109.149254
v -144.622055 4.346584 -109.132477
v -143.076828 4.059368 -90.733238
v -143.084686 2.957719 -90.750099
v -138.489258 2.727589 -77.851135
v -138.345001 3.822402 -77.451027
v -143.406509 4.075877 -91.658569
v -143.414368 2.974228 -91.675430
v -138.072433 2.706715 -76.681015
v -138.631546 5.851428 -78.265823
v -137.602890 2.683199 -75.362984
v -137.580704 5.798790 -75.315308
v -137.429977 2.674537 -74.877518
v -137.422119 3.776186 -74.860664
v -143.377380 4.074430 -91.577606
v -143.385223 2.972781 -91.594467
v -147.972961 3.202899 -104.496407
v -148.101517 4.311384 -104.862801
v -143.048248 4.057922 -90.652061
v -143.056091 2.956273 -90.668915
v -148.389114 3.223772 -105.666771
v -147.786118 6.310240 -103.986404
v -148.857834 3.247286 -106.985115
v -148.835648 6.362877 -106.937439
v -149.030487 3.255946 -107.470673
v -149.022644 4.357596 -107.453812
v -147.113983 4.066196 -89.179832
v -147.122299 2.964552 -89.196762
v -142.248581 2.731188 -76.400299
v -142.095596 3.825901 -76.003174
v -147.463654 4.082937 -90.097794
v -147.471970 2.981292 -90.114716
v -141.806473 2.710021 -75.239494
v -142.399506 5.855130 -76.811150
v -141.308533 2.686176 -73.931938
v -141.285019 5.801753 -73.884079
v -141.125122 2.677392 -73.450340
v -141.116806 3.779035 -73.433418
v -147.432755 4.081470 -90.017487
v -147.441071 2.979825 -90.034416
v -152.307144 3.213174 -102.833801
v -152.443512 4.321752 -103.197090
v -147.083679 4.064729 -89.099281
v -147.091995 2.963085 -89.116211
v -152.748505 3.234342 -103.994888
v -152.108978 6.320390 -102.327316
v -153.245697 3.258186 -105.302742
v -153.222183 6.373763 -105.254875
v -153.428818 3.266969 -105.784454
v -153.420502 4.368613 -105.767525
v -151.151215 4.073024 -87.626625
v -151.160004 2.971384 -87.643593
v -146.010223 2.734786 -74.955681
v -145.848557 3.829397 -74.561722
v -151.520676 4.089997 -88.536804
v -151.529480 2.988357 -88.553787
v -145.543121 2.713325 -73.804718
v -146.169739 5.858829 -75.362488
v -145.016922 2.689148 -72.508255
v -144.992081 5.804713 -72.460243
v -144.823120 2.680242 -72.030739
v -144.814331 3.781882 -72.013756
v -151.488052 4.088510 -88.457169
v -151.496841 2.986869 -88.474152
v -156.638931 3.223454 -101.165016
v -156.783005 4.332124 -101.525017
v -151.119171 4.071537 -87.546761
v -151.127945 2.969897 -87.563744
v -157.105377 3.244914 -102.316238
v -156.429565 6.330539 -100.662254
v -157.630737 3.269088 -103.613014
v -157.605881 6.384654 -103.565010
v -157.824249 3.277995 -104.090637
v -157.815445 4.379635 -104.073669
v -155.188507 4.079852 -86.073616
v -155.197754 2.978216 -86.090637
v -149.774368 2.738380 -73.517220
v -149.604111 3.832891 -73.126625
v -155.577591 4.097057 -86.975594
v -155.586853 2.995421 -86.992615
v -149.282440 2.716622 -72.376633
v -149.942337 5.862525 -73.919792
v -148.728302 2.692116 -71.091881
v -148.702103 5.807667 -71.043747
v -148.524216 2.683090 -70.618660
v -148.514954 3.784726 -70.601639
v -155.543243 4.095550 -86.896675
v -155.552505 2.993914 -86.913696
v -160.968231 3.233735 -99.490082
v -161.119965 4.342497 -99.846642
v -155.154724 4.078345 -85.994476
v -155.163986 2.976709 -86.011497
v -161.459473 3.255494 -100.630920
v -160.747711 6.340694 -98.991310
v -162.012817 3.279998 -101.916008
v -161.986633 6.395551 -101.867882
v -162.216644 3.289023 -102.389305
v -162.207367 4.390659 -102.372284
v -159.225906 4.086679 -84.520821
v -159.235641 2.985048 -84.537865
v -153.541138 2.741971 -72.084839
v -153.362350 3.836381 -71.697784
v -159.634430 4.104117 -85.414154
v -159.644165 3.002486 -85.431213
v -153.024612 2.719924 -70.955185
v -153.717468 5.866221 -72.483017
v -152.442780 2.695084 -69.682709
v -152.415237 5.810624 -69.634483
v -152.228485 2.685937 -69.214035
v -152.218735 3.787566 -69.196983
v -159.598389 4.102589 -85.335999
v -159.608124 3.000958 -85.353050
v -165.294891 3.244022 -97.809044
v -165.454208 4.352873 -98.161995
v -159.190399 4.085152 -84.442444
v -159.200134 2.983521 -84.459488
v -165.810715 3.266068 -98.938965
v -165.063309 6.350848 -97.314491
v -166.391785 3.290906 -100.211731
v -166.364243 6.406445 -100.163506
v -166.605774 3.300054 -100.680527
v -166.596039 4.401684 -100.663475
v -163.074219 4.093516 -82.560959
v -163.084473 2.991889 -82.578026
v -157.105453 2.745403 -70.259659
v -156.917694 3.839707 -69.876572
v -163.503159 4.111198 -83.444626
v -163.513412 3.009572 -83.461700
v -156.563126 2.723042 -69.142204
v -157.290558 5.869764 -70.652962
v -155.952194 2.697857 -67.883492
v -155.923218 5.813383 -67.835220
v -155.727203 2.688582 -67.419884
v -155.716965 3.790208 -67.402817
v -163.465347 4.109649 -83.367355
v -163.475601 3.008023 -83.384422
v -169.447372 3.254497 -95.706757
v -169.614639 4.363445 -96.055710
v -163.036926 4.091967 -82.483383
v -163.047165 2.990341 -82.500458
v -169.989090 3.276854 -96.824554
v -169.204163 6.361185 -95.216957
v -170.599213 3.302038 -98.083672
v -170.570236 6.417564 -98.035400
v -170.823959 3.311314 -98.547432
v -170.813705 4.412940 -98.530357
v -166.870300 4.100355 -80.488609
v -166.881058 2.998734 -80.505684
v -160.615936 2.748789 -68.330292
v -160.419159 3.842985 -67.951447
v -167.319763 4.118285 -81.362022
v -167.330536 3.016664 -81.379097
v -160.047653 2.726117 -67.225800
v -160.809845 5.873258 -68.718452
v -159.407501 2.700577 -65.981705
v -159.377060 5.816088 -65.933411
v -159.171738 2.691171 -65.523468
v -159.160980 3.792791 -65.506393
v -167.280151 4.116714 -81.285645
v -167.290924 3.015093 -81.302719
v -173.548813 3.265023 -93.482056
v -173.724060 4.374070 -93.826752
v -166.831192 4.098784 -80.411926
v -166.841965 2.997163 -80.429001
v -174.116455 3.287694 -94.586876
v -173.293884 6.371578 -92.997368
v -174.755859 3.313235 -95.831390
v -174.725403 6.428745 -95.783104
v -174.991364 3.322639 -96.289757
v -174.980591 4.424261 -96.272690
v -170.666519 4.107194 -78.416458
v -170.677795 3.005578 -78.433525
v -164.129974 2.752178 -66.407761
v -163.924271 3.846267 -66.033371
v -171.136261 4.125372 -79.279152
v -171.147552 3.023756 -79.296219
v -163.536026 2.729192 -65.316872
v -164.332504 5.876757 -66.790604
v -162.867004 2.703301 -64.088043
v -162.835098 5.818798 -64.039780
v -162.620590 2.693764 -63.635456
v -162.609299 3.795378 -63.618389
v -171.094849 4.123780 -79.203697
v -171.106140 3.022163 -79.220772
v -177.646729 3.275550 -91.250481
v -177.829865 4.384694 -91.590736
v -170.625641 4.105602 -78.340729
v -170.636932 3.003986 -78.357796
v -178.240005 3.298534 -92.341751
v -177.380142 6.381965 -90.771202
v -178.908295 3.324425 -93.570961
v -178.876373 6.439922 -93.522690
v -179.154419 3.333963 -94.023705
v -179.143143 4.435577 -94.006638
v -174.462784 4.114033 -76.344559
v -174.474594 3.012422 -76.361603
v -167.647659 2.755571 -64.492043
v -167.433151 3.849551 -64.122307
v -174.952576 4.132459 -77.196037
v -174.964386 3.030848 -77.213081
v -167.028412 2.732272 -63.415298
v -167.858765 5.880259 -64.869331
v -166.330856 2.706027 -62.202454
v -166.297470 5.821509 -62.154236
v -166.073944 2.696359 -61.755718
v -166.062149 3.797970 -61.738670
v -174.909409 4.130844 -77.121567
v -174.921219 3.029233 -77.138626
v -181.740921 3.286071 -89.012146
v -181.931824 4.395314 -89.347786
v -174.420197 4.112419 -76.269806
v -174.431992 3.010808 -76.286858
v -182.359543 3.309370 -90.089233
v -181.462921 6.392347 -88.538506
v -183.056335 3.335613 -91.302505
v -183.022949 6.451096 -91.254288
v -183.313004 3.345281 -91.749344
v -183.301193 4.446892 -91.732300
v -178.259216 4.120872 -74.272881
v -178.271530 3.019266 -74.289902
v -171.169220 2.758969 -62.582989
v -170.945999 3.852842 -62.218121
v -178.768753 4.139546 -75.112679
v -178.781082 3.037940 -75.129700
v -170.524979 2.735357 -61.521011
v -171.388687 5.883767 -62.954548
v -169.799271 2.708761 -60.324783
v -169.764404 5.824228 -60.276653
v -169.532013 2.698963 -59.884178
v -169.519684 3.800569 -59.867157
v -178.723862 4.137909 -75.039246
v -178.736176 3.036303 -75.056267
v -185.831284 3.296588 -86.767105
v -186.029861 4.405926 -87.097931
v -178.214890 4.119237 -74.199135
v -178.227219 3.017631 -74.216156
v -186.474884 3.320198 -87.829453
v -185.541916 6.402725 -86.299393
v -187.199799 3.346793 -89.026085
v -187.164948 6.462261 -88.977959
v -187.466843 3.356590 -89.466827
v -187.454514 4.458194 -89.449806
v -182.055771 4.127711 -72.201408
v -182.068604 3.026111 -72.218376
v -174.694733 2.762375 -60.680550
v -174.462936 3.856141 -60.320747
v -182.584747 4.146631 -73.029091
v -182.597580 3.045031 -73.046059
v -174.025864 2.738454 -59.633904
v -174.922516 5.887281 -61.046162
v -173.272446 2.711503 -58.454941
v -173.236130 5.826955 -58.406933
v -172.994919 2.701577 -58.020710
v -172.982086 3.803179 -58.003735
v -182.538177 4.144973 -72.956711
v -182.551025 3.043373 -72.973679
v -189.917633 3.307096 -84.515480
v -190.123749 4.416530 -84.841331
v -182.009689 4.126054 -72.128746
v -182.022537 3.024454 -72.145714
v -190.585846 3.331015 -85.562485
v -189.617096 6.413095 -84.053940
v -191.338531 3.357965 -86.741844
v -191.302216 6.473417 -86.693840
v -191.615753 3.367889 -87.176239
v -191.602905 4.469490 -87.159264
v -185.568939 4.133924 -69.697723
v -185.582443 3.032330 -69.714569
v -177.846634 2.764666 -58.416893
v -177.603394 3.858310 -58.064342
v -186.123901 4.153127 -70.508171
v -186.137421 3.051533 -70.525009
v -177.144928 2.740387 -57.392021
v -178.085480 5.889695 -58.774288
v -176.354507 2.713037 -56.237591
v -176.316284 5.828473 -56.189949
v -176.063416 2.702963 -55.812386
v -176.049896 3.804556 -55.795540
v -186.075073 4.151444 -70.437332
v -186.088593 3.049850 -70.454178
v -193.817825 3.317502 -81.756828
v -194.034027 4.427047 -82.075691
v -185.520554 4.132243 -69.626534
v -185.534073 3.030649 -69.643372
v -194.518921 3.341780 -82.782127
v -193.502396 6.423345 -81.304245
v -195.308640 3.369128 -83.937073
v -195.270416 6.484566 -83.889435
v -195.599533 3.379203 -84.362450
v -195.586014 4.480797 -84.345612
v -189.017899 4.139997 -67.096138
v -189.032135 3.038408 -67.112808
v -180.920670 2.766720 -56.081650
v -180.665573 3.860237 -55.737186
v -189.599869 4.159487 -67.887444
v -189.614090 3.057899 -67.904114
v -180.184891 2.742076 -55.080967
v -181.170959 5.891873 -56.429993
v -179.356110 2.714312 -53.953758
v -179.315887 5.829731 -53.906605
v -179.050842 2.704090 -53.538593
v -179.036621 3.805678 -53.521915
v -189.548630 4.157779 -67.818298
v -189.562851 3.056191 -67.834976
v -197.667755 3.327868 -78.871056
v -197.894424 4.437528 -79.182175
v -188.967224 4.138289 -67.026596
v -188.981445 3.036702 -67.043266
v -198.402939 3.352511 -79.872208
v -197.336853 6.433549 -78.428535
v -199.231049 3.380274 -80.999901
v -199.190842 6.495691 -80.952744
v -199.536057 3.390494 -81.415260
v -199.521835 4.492083 -81.398590
v -192.467194 4.146069 -64.494957
v -192.482117 3.044487 -64.511436
v -184.004181 2.768799 -53.759315
v -183.737488 3.862191 -53.423332
v -193.075409 4.165847 -65.266258
v -193.090332 3.064265 -65.282738
v -183.235153 2.743793 -52.783924
v -184.265640 5.894081 -54.098190
v -182.368927 2.715622 -51.685246
v -182.326721 5.831023 -51.638641
v -182.049866 2.705246 -51.280586
v -182.034943 3.806829 -51.264103
v -193.021927 4.164114 -65.198860
v -193.036835 3.062532 -65.215340
v -201.508194 3.338207 -75.972420
v -201.745041 4.447980 -76.275436
v -192.414169 4.144337 -64.427185
v -192.429092 3.042755 -64.443665
v -202.276642 3.363215 -76.948227
v -201.162186 6.443726 -75.540421
v -203.142181 3.391382 -78.047440
v -203.099991 6.506782 -78.000832
v -203.460983 3.401758 -78.452309
v -203.446060 4.503339 -78.435829
v -195.916779 4.152143 -61.894215
v -195.932388 3.050567 -61.910477
v -187.097565 2.770911 -51.449547
v -186.819580 3.864178 -51.122437
v -196.550598 4.172204 -62.644634
v -196.566223 3.070629 -62.660896
v -186.296173 2.745542 -50.500576
v -187.369873 5.896314 -51.778606
v -185.393463 2.716966 -49.431644
v -185.349319 5.832350 -49.385651
v -185.061020 2.706443 -49.037922
v -185.045395 3.808019 -49.021660
v -196.494843 4.170447 -62.579056
v -196.510452 3.068871 -62.595318
v -205.338715 3.348515 -73.061211
v -205.585464 4.458399 -73.355804
v -195.861511 4.150385 -61.828281
v -195.877121 3.048810 -61.844543
v -206.139511 3.373883 -74.010620
v -204.977966 6.453876 -72.640274
v -207.041534 3.402457 -75.080070
v -206.997375 6.517840 -75.034081
v -207.373810 3.412982 -75.473953
v -207.358185 4.514556 -75.457695
v -199.366714 4.158217 -59.293873
v -199.383011 3.056648 -59.309895
v -190.201294 2.773056 -49.151989
v -189.912323 3.866199 -48.834122
v -200.025406 4.178561 -60.022549
v -200.041702 3.076993 -60.038567
v -189.368423 2.747330 -48.230518
v -190.484070 5.898583 -49.470882
v -188.430283 2.718354 -47.192535
v -188.384186 5.833717 -47.147224
v -188.084732 2.707680 -46.810238
v -188.068451 3.809250 -46.794216
v -199.967499 4.176779 -59.958881
v -199.983780 3.075210 -59.974899
v -209.158920 3.358790 -70.137756
v -209.415298 4.468784 -70.423584
v -199.309265 4.156435 -59.229836
v -199.325562 3.054866 -59.245857
v -209.991165 3.384514 -71.059700
v -208.783768 6.463988 -69.728378
v -210.928650 3.413490 -72.098175
v -210.882553 6.528853 -72.052856
v -211.273956 3.424163 -72.480675
v -211.257645 4.525731 -72.464653
v -202.461838 4.163047 -56.326244
v -202.479141 3.061486 -56.341721
v -192.758469 2.773223 -46.699337
v -192.452454 3.866222 -46.397308
v -203.159210 4.183726 -57.017906
v -203.176529 3.082165 -57.033386
v -191.876755 2.747074 -45.824574
v -193.057770 5.898897 -47.001305
v -190.883560 2.717620 -44.839241
v -190.834595 5.832962 -44.795471
v -190.517776 2.706772 -44.476318
v -190.500458 3.808332 -44.460842
v -203.097946 4.181914 -56.957523
v -203.115265 3.080353 -56.973000
v -212.830505 3.368608 -66.621590
v -213.101898 4.478733 -66.892662
v -202.400940 4.161235 -56.265404
v -202.418259 3.059674 -56.280880
v -213.711731 3.394756 -67.496887
v -212.433212 6.473618 -66.232208
v -214.704346 3.424210 -68.482872
v -214.655380 6.539552 -68.439110
v -215.069962 3.435056 -68.846046
v -215.052643 4.536618 -68.830566
v -205.293732 4.166954 -53.086060
v -205.312271 3.065401 -53.100708
v -194.940323 2.772027 -44.162334
v -194.613739 3.864863 -43.882050
v -206.037842 4.188000 -53.727222
v -206.056396 3.086447 -53.741871
v -193.999542 2.745414 -43.351425
v -195.259491 5.897859 -44.441406
v -192.939774 2.715438 -42.438023
v -192.887375 5.830756 -42.396595
v -192.549484 2.704396 -42.101582
v -192.530960 3.805947 -42.086929
v -205.972473 4.186156 -53.671257
v -205.990997 3.084603 -53.685905
v -216.357529 3.377968 -62.630497
v -216.647034 4.488237 -62.881481
v -205.228775 4.165111 -53.029648
v -205.247299 3.063557 -53.044296
v -217.297867 3.404583 -63.441929
v -215.933411 6.482772 -62.268681
v -218.357025 3.434557 -64.355995
v -218.304611 6.549874 -64.314560
v -218.747162 3.445598 -64.692650
v -218.728622 4.547152 -64.677994
v -208.127365 4.170866 -49.847374
v -208.147064 3.069322 -49.861107
v -197.174698 2.771024 -41.670605
v -196.829102 3.863705 -41.413448
v -208.914536 4.192266 -50.434887
v -208.934219 3.090721 -50.448620
v -196.179413 2.743963 -40.927555
v -197.512100 5.897007 -41.925476
v -195.058334 2.713483 -40.090553
v -195.002640 5.828778 -40.051697
v -194.645416 2.702258 -39.782261
v -194.625717 3.803802 -39.768524
v -208.845398 4.190391 -50.383617
v -208.865097 3.088846 -50.397354
v -219.832001 3.387136 -58.594063
v -220.138199 4.497543 -58.823746
v -208.058609 4.168992 -49.795662
v -208.078293 3.067447 -49.809402
v -220.826782 3.414196 -59.337692
v -219.383087 6.491742 -58.261665
v -221.947327 3.444676 -60.175320
v -221.891632 6.559970 -60.136471
v -222.360031 3.455902 -60.483852
v -222.340332 4.557446 -60.470112
v -210.962738 4.174786 -46.610107
v -210.983521 3.073250 -46.622852
v -199.464584 2.770239 -39.220413
v -199.101669 3.862774 -38.987659
v -211.789108 4.196524 -47.141075
v -211.809906 3.094987 -47.153820
v -198.419739 2.742754 -38.548832
v -199.818497 5.896370 -39.449814
v -197.242767 2.711791 -37.792358
v -197.183990 5.827062 -37.756310
v -196.809296 2.700389 -37.513714
v -196.788513 3.801925 -37.500965
v -211.716537 4.194619 -47.094769
v -211.737335 3.093082 -47.107513
v -223.250839 3.396085 -54.516167
v -223.572174 4.506622 -54.723423
v -210.890549 4.172882 -46.563347
v -210.911331 3.071346 -46.576092
v -224.295212 3.423570 -55.188282
v -222.779251 6.500497 -54.214779
v -225.471588 3.454532 -55.945415
v -225.412796 6.569803 -55.909363
v -225.904877 3.465935 -56.224255
v -225.884094 4.567470 -56.211510
v -213.285278 4.176719 -43.084026
v -213.307297 3.075192 -43.095383
v -201.192947 2.767123 -36.716732
v -200.811066 3.859498 -36.515762
v -214.154404 4.198820 -43.541481
v -214.176437 3.097292 -43.552841
v -200.094070 2.739177 -36.137981
v -201.564743 5.893410 -36.913422
v -198.856293 2.707701 -35.486046
v -198.793991 5.822947 -35.453922
v -198.400436 2.696108 -35.245903
v -198.378403 3.797635 -35.234547
v -214.078156 4.196884 -43.501690
v -214.100189 3.095356 -43.513046
v -226.211899 3.403428 -49.899445
v -226.549728 4.514108 -50.077702
v -213.209274 4.174783 -43.043621
v -213.231293 3.073256 -43.054974
v -227.310501 3.431373 -50.478920
v -225.715408 6.507631 -49.638714
v -228.547974 3.462851 -51.131683
v -228.485672 6.578098 -51.099560
v -229.003784 3.474444 -51.372082
v -228.981750 4.575972 -51.360722
v -214.683334 4.175068 -39.036774
v -214.706833 3.073551 -39.046005
v -201.933380 2.759779 -34.117138
v -201.530457 3.851975 -33.961357
v -215.599716 4.197578 -39.390247
v -215.623215 3.096061 -39.399479
v -200.774719 2.731315 -33.669888
v -202.324661 5.886240 -34.267853
v -199.469589 2.699257 -33.166065
v -199.403137 5.814474 -33.139946
v -198.988907 2.687448 -32.980492
v -198.965408 3.788965 -32.971256
v -215.519333 4.195606 -39.359539
v -215.542831 3.094089 -39.368778
v -228.313599 3.407863 -44.305439
v -228.669540 4.518703 -44.442745
v -214.603165 4.173096 -39.005501
v -214.626663 3.071579 -39.014736
v -229.472000 3.436327 -44.753403
v -227.789368 6.511834 -44.102638
v -230.776855 3.468386 -45.258003
v -230.710419 6.583601 -45.231884
v -231.257462 3.480196 -45.443882
v -231.233948 4.581712 -45.434643
v -216.087234 4.173436 -34.991913
v -216.111938 3.071929 -34.998871
v -202.852203 2.753030 -31.586477
v -202.433624 3.845062 -31.478025
v -217.038483 4.196313 -35.236595
v -217.063171 3.094806 -35.243549
v -201.649429 2.724101 -31.276773
v -203.257507 5.879648 -31.689285
v -200.294601 2.691518 -30.927910
v -200.224731 5.806706 -30.908232
v -199.795578 2.679517 -30.799398
v -199.770859 3.781024 -30.792439
v -216.955048 4.194309 -35.215420
v -216.979752 3.092802 -35.222378
v -230.236801 3.411704 -38.642563
v -230.605957 4.522685 -38.737095
v -216.003998 4.171432 -34.970173
v -216.028702 3.069925 -34.977131
v -231.439331 3.440633 -38.952930
v -229.691711 6.515463 -38.500553
v -232.793884 3.473217 -39.302620
v -232.724030 6.588407 -39.282944
v -233.292801 3.485218 -39.431393
v -233.268082 4.586725 -39.424435
v -217.112900 4.170716 -30.871235
v -217.138382 3.069216 -30.876329
v -203.627228 2.746534 -28.666277
v -203.200378 3.838447 -28.595400
v -218.082169 4.193864 -31.029730
v -218.107635 3.092365 -31.034826
v -202.401627 2.717263 -28.465782
v -204.039444 5.873266 -28.731319
v -201.021057 2.684291 -28.239920
v -200.949020 5.799459 -28.225502
v -200.512558 2.672147 -28.156740
v -200.487091 3.773646 -28.151642
v -217.997253 4.191837 -31.016140
v -218.022720 3.090337 -31.021236
v -231.533844 3.413030 -33.239487
v -231.909760 4.524117 -33.300167
v -217.027985 4.168687 -30.856997
v -217.053467 3.067188 -30.862093
v -232.759476 3.442302 -33.440742
v -230.977585 6.516634 -33.145832
v -234.140030 3.475275 -33.667423
v -234.067993 6.590443 -33.653008
v -234.648529 3.487419 -33.750931
v -234.623077 4.588919 -33.745834
v -217.114868 4.165041 -26.544075
v -217.140564 3.063545 -26.548727
v -203.591248 2.739187 -24.586199
v -203.163040 3.831048 -24.523121
v -218.086884 4.188310 -26.684839
v -218.112564 3.086813 -26.689493
v -202.362152 2.709765 -24.408133
v -204.004166 5.865973 -24.643602
v -200.977676 2.676622 -24.207584
v -200.905014 5.791781 -24.194426
v -200.467758 2.664415 -24.133720
v -200.442047 3.765911 -24.129066
v -218.001724 4.186272 -26.672783
v -218.027420 3.084775 -26.677437
v -231.576767 3.409143 -28.648212
v -231.953583 4.520277 -28.701984
v -217.029724 4.163002 -26.531418
v -217.055405 3.061506 -26.536070
v -232.805817 3.438567 -28.826990
v -231.018463 6.512678 -28.564657
v -234.190308 3.471711 -29.028410
v -234.117645 6.586871 -29.015251
v -234.700226 3.483917 -29.102600
v -234.674530 4.585414 -29.097952
v -217.117004 4.159367 -22.216970
v -217.142899 3.057873 -22.221174
v -203.559937 2.731843 -20.506802
v -203.130493 3.823649 -20.451546
v -218.091431 4.182755 -22.339937
v -218.117340 3.081262 -22.344139
v -202.327789 2.702268 -20.351246
v -203.973465 5.858678 -20.556581
v -200.939865 2.668954 -20.176056
v -200.866608 5.784104 -20.164167
v -200.428680 2.656685 -20.111507
v -200.402786 3.758178 -20.107304
v -218.006042 4.180707 -22.329437
v -218.031952 3.079214 -22.333639
v -231.614975 3.405254 -24.056259
v -231.992584 4.516435 -24.103109
v -217.031647 4.157318 -22.205875
v -217.057556 3.055824 -22.210077
v -232.847107 3.434830 -24.212526
v -231.054871 6.508718 -23.982870
v -234.235016 3.468145 -24.388594
v -234.161743 6.583294 -24.376705
v -234.746231 3.480417 -24.453417
v -234.720322 4.581909 -24.449213
v -217.119278 4.153693 -17.889868
v -217.145401 3.052202 -17.893618
v -203.533295 2.724499 -16.427977
v -203.102798 3.816254 -16.380562
v -218.095810 4.177201 -17.994987
v -218.121933 3.075711 -17.998737
v -202.298523 2.694773 -16.295010
v -203.947296 5.851385 -16.470150
v -200.907623 2.661289 -16.145208
v -200.833786 5.776429 -16.134602
v -200.395325 2.648955 -16.090046
v -200.369232 3.750446 -16.086294
v -218.010239 4.175142 -17.986052
v -218.036346 3.073652 -17.989803
v -231.648483 3.401365 -19.463688
v -232.026733 4.512591 -19.503603
v -217.033768 4.151633 -17.880333
v -217.059875 3.050143 -17.884083
v -232.883270 3.431093 -19.597424
v -231.086761 6.504761 -19.400524
v -234.274139 3.464578 -19.748045
v -234.200302 6.579717 -19.737436
v -234.786423 3.476912 -19.803535
v -234.760315 4.578402 -19.799786
v -217.121750 4.148018 -13.562815
v -217.148056 3.046531 -13.566108
v -203.511368 2.717158 -12.349688
v -203.079941 3.808858 -12.310135
v -218.100021 4.171646 -13.650057
v -218.126343 3.070159 -13.653350
v -202.274368 2.687279 -12.239302
v -203.925690 5.844095 -12.384192
v -200.880951 2.653625 -12.114993
v -200.806549 5.768756 -12.105677
v -200.367737 2.641228 -12.069205
v -200.341431 3.742715 -12.065911
v -218.014313 4.169577 -13.642686
v -218.040619 3.068090 -13.645980
v -231.677292 3.397474 -14.870646
v -232.056091 4.508747 -14.903611
v -217.036057 4.145947 -13.554848
v -217.062378 3.044460 -13.558141
v -232.914307 3.427353 -14.981743
v -231.114151 6.500801 -14.817675
v -234.307709 3.461009 -15.106925
v -234.233292 6.576139 -15.097610
v -234.820923 3.473405 -15.153039
v -234.794586 4.574892 -15.149745
v -217.124344 4.142344 -9.235779
v -217.150848 3.040860 -9.238612
v -203.494156 2.709819 -8.271823
v -203.061951 3.801468 -8.240145
v -218.104034 4.166091 -9.305113
v -218.130539 3.064608 -9.307946
v -202.255341 2.679789 -8.184082
v -203.908676 5.836807 -8.298681
v -200.859879 2.645964 -8.085278
v -200.784958 5.761086 -8.077263
v -200.345932 2.633504 -8.048862
v -200.319412 3.734988 -8.046030
v -218.018219 4.164011 -9.299312
v -218.044708 3.062528 -9.302145
v -231.701401 3.393580 -10.277182
v -232.080612 4.504899 -10.303191
v -217.038513 4.140263 -9.229381
v -217.065018 3.038779 -9.232213
v -232.940231 3.423608 -10.365637
v -231.137009 6.496837 -10.234457
v -234.335663 3.457436 -10.465313
v -234.260727 6.572560 -10.457298
v -234.849640 3.469895 -10.501998
v -234.823135 4.571379 -10.499165
v -217.127121 4.136669 -4.908735
v -217.153793 3.035188 -4.911105
v -203.481659 2.702484 -4.194269
v -203.048813 3.794080 -4.170481
v -218.107910 4.160537 -4.960137
v -218.134583 3.059056 -4.962507
v -202.241440 2.672302 -4.129227
v -203.896210 5.829520 -4.213508
v -200.844406 2.638307 -4.055940
v -200.768951 5.753420 -4.049237
v -200.329880 2.625785 -4.028958
v -200.303192 3.727266 -4.026587
v -218.022003 4.158446 -4.955908
v -218.048676 3.056965 -4.958278
v -231.720795 3.389681 -5.683359
v -232.100281 4.501047 -5.702407
v -217.041183 4.134578 -4.903907
v -217.067856 3.033097 -4.906277
v -232.961014 3.419863 -5.749167
v -231.155304 6.492869 -5.650934
v -234.358002 3.453860 -5.823274
v -234.282547 6.568973 -5.816571
v -234.872589 3.466381 -5.850586
v -234.845901 4.567862 -5.848216
v -217.130020 4.130995 -0.581733
v -217.156876 3.029518 -0.583637
v -203.473892 2.695151 -0.116995
v -203.040543 3.786694 -0.101106
v -218.111588 4.154982 -0.615185
v -218.138443 3.053504 -0.617088
v -202.232666 2.664820 -0.074622
v -203.888367 5.822238 -0.128561
v -200.834549 2.630654 -0.026924
v -200.758606 5.745757 -0.021540
v -200.319580 2.618071 -0.009333
v -200.292740 3.719549 -0.007430
v -218.025620 4.152880 -0.612530
v -218.052475 3.051403 -0.614433
v -231.735428 3.385780 -1.089322
v -232.115082 4.497192 -1.101404
v -217.044022 4.128893 -0.578475
v -217.070862 3.027416 -0.580378
v -232.976654 3.416112 -1.132403
v -231.169128 6.488901 -1.067153
v -234.374771 3.450280 -1.180975
v -234.298828 6.565383 -1.175591
v -234.889725 3.462862 -1.198841
v -234.862885 4.564341 -1.196938
v -217.133102 4.125320 3.745258
v -217.160110 3.023846 3.743825
v -203.470856 2.687823 3.960141
v -203.037155 3.779315 3.968122
v -218.115128 4.149426 3.729794
v -218.142151 3.047952 3.728360
v -202.229050 2.657341 3.979776
v -203.885071 5.814961 3.956195
v -200.830292 2.623005 4.001894
v -200.753891 5.738101 4.005949
v -200.315109 2.610361 4.010064
v -200.288101 3.711834 4.011499
v -218.029099 4.147315 3.730847
v -218.056122 3.045841 3.729414
v -231.745361 3.381874 3.504905
v -232.125046 4.493331 3.499792
v -217.047073 4.123208 3.746970
v -217.074066 3.021734 3.745537
v -232.987137 3.412357 3.484503
v -231.178360 6.484926 3.516745
v -234.385941 3.446693 3.461513
v -234.309525 6.561788 3.465567
v -234.901123 3.459341 3.453072
v -234.874115 4.560813 3.454506
v -217.136322 4.119647 8.072268
v -217.163498 3.018176 8.071308
v -203.472549 2.680500 8.037172
v -203.038651 3.771939 8.037242
v -218.118500 4.143870 8.074739
v -218.145676 3.042400 8.073777
v -202.230606 2.649868 8.034092
v -203.886383 5.807688 8.040889
v -200.831650 2.615366 8.030646
v -200.754807 5.730452 8.033364
v -200.316391 2.602656 8.029366
v -200.289215 3.704127 8.030326
v -218.032440 4.141748 8.074248
v -218.059616 3.040278 8.073287
v -231.750580 3.377965 8.099174
v -232.130157 4.489467 8.101029
v -217.050308 4.117524 8.072376
v -217.077469 3.016053 8.071415
v -232.992523 3.408597 8.101490
v -231.183044 6.480947 8.100731
v -234.391449 3.443102 8.104117
v -234.314606 6.558187 8.106835
v -234.906723 3.455811 8.105069
v -234.879547 4.557282 8.106030
v -217.106125 4.116946 12.406171
v -217.133499 3.015481 12.405466
v -203.442749 2.675231 12.335632
v -203.008652 3.766589 12.334384
v -218.088257 4.141356 12.411186
v -218.115631 3.039890 12.410481
v -202.200836 2.644367 12.329318
v -203.856003 5.802497 12.339899
v -200.801895 2.609601 12.322169
v -200.724472 5.724671 12.324162
v -200.286667 2.596796 12.319561
v -200.259293 3.698261 12.320265
v -218.002213 4.139217 12.410473
v -218.029587 3.037751 12.409768
v -231.720383 3.378006 12.471356
v -232.099731 4.489580 12.474014
v -217.020081 4.114808 12.406057
v -217.047455 3.013342 12.405354
v -232.962326 3.408871 12.476960
v -231.152298 6.480884 12.470910
v -234.361221 3.443638 12.483235
v -234.283813 6.558709 12.485228
v -234.876511 3.456444 12.485570
v -234.849121 4.557909 12.486276
v -217.073822 4.114430 16.740501
v -217.101425 3.012970 16.740040
v -203.410843 2.670087 16.648075
v -202.976532 3.761362 16.645927
v -218.055923 4.139029 16.747133
v -218.083527 3.037568 16.746672
v -202.168945 2.638985 16.639723
v -203.823486 5.797434 16.652420
v -200.770050 2.603949 16.630339
v -200.692032 5.719006 16.631645
v -200.254807 2.591045 16.626867
v -200.227234 3.692505 16.627331
v -217.969925 4.136873 16.746254
v -217.997498 3.035413 16.745794
v -231.688095 3.378300 16.829565
v -232.067230 4.489947 16.832638
v -216.987762 4.112276 16.740276
v -217.015350 3.010815 16.739815
v -232.930008 3.409403 16.837154
v -231.119431 6.481069 16.827612
v -234.328918 3.444441 16.845718
v -234.250900 6.559497 16.847023
v -234.844177 3.457345 16.848862
v -234.816574 4.558805 16.849323
v -217.041519 4.111915 21.074860
v -217.069321 3.010459 21.074642
v -203.379013 2.664938 20.960491
v -202.944489 3.756129 20.957439
v -218.023636 4.136702 21.083054
v -218.051437 3.035246 21.082836
v -202.137115 2.633596 20.950159
v -203.791046 5.792363 20.964970
v -200.738235 2.598290 20.938482
v -200.659592 5.713333 20.939098
v -200.222992 2.585287 20.934177
v -200.195190 3.686742 20.934397
v -217.937592 4.134531 21.082064
v -217.965408 3.033075 21.081844
v -231.655792 3.378600 21.187748
v -232.034714 4.490322 21.191235
v -216.955475 4.109743 21.074469
v -216.983292 3.008288 21.074249
v -232.897690 3.409944 21.197371
v -231.086517 6.481259 21.184338
v -234.296539 3.445249 21.208174
v -234.217911 6.560290 21.208790
v -234.811768 3.458253 21.212149
v -234.783966 4.559708 21.212366
v -217.009216 4.109398 25.409189
v -217.037216 3.007949 25.409214
v -203.347183 2.659788 25.272907
v -202.912460 3.750893 25.268955
v -217.991302 4.134375 25.418974
v -218.019318 3.032925 25.418999
v -202.105316 2.628206 25.260569
v -203.758621 5.787293 25.277491
v -200.706467 2.592631 25.246624
v -200.627258 5.707657 25.246552
v -200.191254 2.579527 25.241514
v -200.163239 3.680977 25.241489
v -217.905273 4.132187 25.417843
v -217.933289 3.030737 25.417868
v -231.623413 3.378903 25.545927
v -232.002106 4.490696 25.549828
v -216.923172 4.107210 25.408659
v -216.951187 3.005760 25.408684
v -232.865295 3.410486 25.557562
v -231.053558 6.481452 25.541035
v -234.264145 3.446061 25.570629
v -234.184921 6.561087 25.570555
v -234.779388 3.459165 25.575464
v -234.751358 4.560614 25.575438
v -216.976944 4.106882 29.743544
v -217.005157 3.005437 29.743816
v -203.315399 2.654631 29.585356
v -202.880463 3.745653 29.580502
v -217.959015 4.132048 29.754921
v -217.987228 3.030603 29.755190
v -202.073563 2.622810 29.570974
v -203.726227 5.782217 29.590014
v -200.674744 2.586965 29.554798
v -200.594925 5.701975 29.554033
v -200.159531 2.573762 29.548828
v -200.131317 3.675207 29.548559
v -217.872986 4.129843 29.753647
v -217.901199 3.028399 29.753920
v -231.591019 3.379210 29.904131
v -231.969498 4.491076 29.908445
v -216.890915 4.104677 29.742874
v -216.919128 3.003232 29.743147
v -232.832855 3.411032 29.917747
v -231.020569 6.481647 29.897728
v -234.231674 3.446877 29.933105
v -234.151855 6.561890 29.932341
v -234.746918 3.460080 29.938751
v -234.718674 4.561525 29.938478
v -216.944656 4.104365 34.077900
v -216.973083 3.002926 34.078415
v -203.283646 2.649472 33.897804
v -202.848541 3.740410 33.892044
v -217.926697 4.129721 34.090839
v -217.955139 3.028282 34.091354
v -202.041840 2.617408 33.881413
v -203.693878 5.777134 33.902557
v -200.643066 2.581292 33.862946
v -200.562637 5.696288 33.861488
v -200.127853 2.567991 33.856144
v -200.099426 3.669429 33.855629
v -217.840668 4.127500 34.089455
v -217.869095 3.026061 34.089970
v -231.558578 3.379521 34.262337
v -231.936844 4.491460 34.267063
v -216.858612 4.102144 34.077068
v -216.887039 3.000704 34.077583
v -232.800385 3.411582 34.277962
v -230.987564 6.481848 34.254440
v -234.199188 3.447699 34.295555
v -234.118759 6.562696 34.294102
v -234.714386 3.461000 34.302040
v -234.685944 4.562440 34.301525
v -216.895187 4.103928 38.411301
v -216.923859 3.002495 38.412220
v -203.235031 2.645998 38.199406
v -202.799683 3.736839 38.192280
v -217.877197 4.129502 38.426601
v -217.905869 3.028069 38.427525
v -201.993271 2.613657 38.180096
v -203.644547 5.773750 38.204174
v -200.594559 2.577232 38.158337
v -200.513458 5.692210 38.155735
v -200.079361 2.563816 38.150322
v -200.050705 3.665248 38.149403
v -217.791168 4.127261 38.424965
v -217.819839 3.025828 38.425884
v -231.508850 3.382318 38.630508
v -231.886871 4.494341 38.635792
v -216.809143 4.101687 38.410313
v -216.837830 3.000254 38.411236
v -232.750610 3.414655 38.649059
v -230.937149 6.484518 38.620319
v -234.149368 3.451081 38.669941
v -234.068268 6.566060 38.667339
v -234.664551 3.464498 38.677631
v -234.635880 4.565931 38.676712
v -216.804642 4.108464 42.742565
v -216.833618 3.007041 42.744278
v -203.145859 2.646559 42.475010
v -202.710251 3.737273 42.465416
v -217.786545 4.134324 42.761917
v -217.815521 3.032900 42.763630
v -201.904221 2.613860 42.450577
v -203.554504 5.774432 42.479557
v -200.505600 2.577026 42.423054
v -200.423660 5.691979 42.418205
v -199.990463 2.563459 42.412971
v -199.961487 3.664882 42.411255
v -217.700562 4.132059 42.759922
v -217.729538 3.030635 42.761639
v -231.417465 3.391107 43.022713
v -231.795120 4.503242 43.028877
v -216.718597 4.106199 42.741222
v -216.747574 3.004775 42.742935
v -232.659119 3.423805 43.046379
v -230.844955 6.493140 43.008251
v -234.057755 3.460638 43.073032
v -233.975830 6.575593 43.068184
v -234.572906 3.474204 43.082901
v -234.543945 4.575629 43.081188
v -216.714127 4.112998 47.073883
v -216.743393 3.011584 47.076389
v -203.056976 2.647088 46.750622
v -202.621094 3.737673 46.738560
v -217.695938 4.139147 47.097225
v -217.725220 3.037733 47.099735
v -201.815430 2.614022 46.721073
v -203.464691 5.775076 46.754948
v -200.416931 2.576780 46.687828
v -200.334152 5.691705 46.680740
v -199.901840 2.563061 46.675568
v -199.872574 3.664476 46.673061
v -217.609940 4.136856 47.094936
v -217.639221 3.035442 47.097443
v -231.325836 3.399930 47.414909
v -231.703171 4.512173 47.421955
v -216.628082 4.110708 47.072128
v -216.657364 3.009294 47.074635
v -232.567368 3.432993 47.443699
v -230.752518 6.501792 47.396179
v -233.965866 3.470235 47.476170
v -233.883072 6.585161 47.469078
v -234.480972 3.483955 47.488106
v -234.451691 4.585369 47.485600
v -216.623611 4.117531 51.405140
v -216.653183 3.016127 51.408443
v -202.968307 2.647578 51.026241
v -202.532181 3.738033 51.011707
v -217.605347 4.143970 51.432537
v -217.634918 3.042566 51.435841
v -201.726913 2.614146 50.991623
v -203.375137 5.775684 51.030392
v -200.328598 2.576489 50.952568
v -200.244965 5.691387 50.943222
v -199.813553 2.562618 50.938179
v -199.783966 3.664023 50.934875
v -217.519333 4.141654 51.429886
v -217.548904 3.040249 51.433193
v -231.233978 3.408789 51.807095
v -231.610962 4.521142 51.815022
v -216.537613 4.115215 51.403034
v -216.567184 3.013811 51.406338
v -232.475372 3.442220 51.841057
v -230.659866 6.510478 51.784145
v -233.873734 3.479876 51.879246
v -233.790085 6.594775 51.869900
v -234.388748 3.493747 51.893307
v -234.359177 4.595150 51.890003
v -216.533112 4.122061 55.736393
v -216.562988 3.020668 55.740498
v -202.879868 2.648034 55.301872
v -202.443512 3.738358 55.284863
v -217.514725 4.148793 55.767838
v -217.544586 3.047399 55.771942
v -201.638657 2.614231 55.262138
v -203.285828 5.776257 55.305790
v -200.240509 2.576156 55.217308
v -200.156067 5.691023 55.205708
v -199.725555 2.562133 55.200794
v -199.695694 3.663527 55.196693
v -217.428726 4.146451 55.764835
v -217.458588 3.045057 55.768940
v -231.141876 3.417682 56.199268
v -231.518494 4.530145 56.208076
v -216.447128 4.119720 55.733936
v -216.476990 3.018326 55.738041
v -232.383102 3.451483 56.238350
v -230.567017 6.519195 56.172043
v -233.781265 3.489558 56.282299
v -233.696808 6.604424 56.270699
v -234.296234 3.503581 56.298485
v -234.266388 4.604974 56.294380
v -216.357849 4.140025 60.058327
v -216.388092 3.038655 60.064976
v -202.710648 2.659547 59.481312
v -202.274048 3.749656 59.457447
v -217.339035 4.167222 60.100243
v -217.369278 3.065852 60.106892
v -201.469940 2.625158 59.428371
v -203.115311 5.787936 59.483185
v -200.072388 2.586421 59.368732
v -199.986847 5.701225 59.349937
v -199.557602 2.572154 59.346771
v -199.527359 3.673526 59.340122
v -217.253098 4.164838 60.096268
v -217.283340 3.063468 60.102921
v -230.961151 3.442535 60.678410
v -231.337250 4.555170 60.688976
v -216.271881 4.137645 60.055008
v -216.302124 3.036274 60.061657
v -232.201920 3.476922 60.730587
v -230.385422 6.543753 60.638725
v -233.599518 3.515653 60.789352
v -233.513977 6.630456 60.770550
v -234.114258 3.529920 60.810986
v -234.084030 4.631290 60.804344
v -216.165192 4.160747 64.378326
v -216.195786 3.059407 64.387894
v -202.526428 2.673007 63.640739
v -202.089737 3.762867 63.609104
v -217.145767 4.188467 64.431976
v -217.176376 3.087127 64.441536
v -201.286469 2.637957 63.572968
v -202.929794 5.801569 63.640232
v -199.889740 2.598474 63.496624
v -199.803177 5.713189 63.469597
v -199.375275 2.583932 63.468510
v -199.344681 3.685272 63.458954
v -217.059891 4.186037 64.426979
v -217.090500 3.084697 64.436531
v -230.760193 3.471059 65.175499
v -231.135666 4.583877 65.188011
v -216.079254 4.158320 64.373985
v -216.109863 3.056981 64.383545
v -232.000198 3.506106 65.242508
v -230.183731 6.571924 65.121727
v -233.397003 3.545583 65.317978
v -233.310440 6.660297 65.290939
v -233.911438 3.560123 65.345779
v -233.880829 4.661463 65.336220
v -215.965302 4.182957 68.696785
v -215.996231 3.081659 68.709572
v -202.337921 2.687268 67.787468
v -201.901215 3.776850 67.747414
v -216.945084 4.211251 68.762993
v -216.976028 3.109953 68.775787
v -201.098938 2.651494 67.703850
v -202.739960 5.815995 67.784134
v -199.703323 2.611197 67.609673
v -199.615829 5.725793 67.573540
v -199.189301 2.596354 67.575027
v -199.158356 3.697651 67.562256
v -216.859283 4.208768 68.756905
v -216.890228 3.107470 68.769691
v -230.549240 3.501748 69.683655
v -230.924072 4.614759 69.698151
v -215.879410 4.180482 68.691330
v -215.910355 3.079185 68.704117
v -231.788300 3.537512 69.766502
v -229.972244 6.602209 69.614494
v -233.183945 3.577796 69.859818
v -233.096481 6.692392 69.823677
v -233.698044 3.592635 69.894234
v -233.667099 4.693933 69.881462
v -215.586365 4.242060 72.977592
v -215.617264 3.140939 73.001175
v -201.998840 2.729081 71.612785
v -201.563354 3.817968 71.548088
v -216.563309 4.271606 73.077194
v -216.594208 3.170486 73.100784
v -200.763443 2.691723 71.486877
v -202.399567 5.857934 71.595619
v -199.371933 2.649641 71.345108
v -199.284546 5.763737 71.278435
v -198.859406 2.634141 71.292877
v -198.828506 3.735262 71.269302
v -216.477753 4.269014 73.068222
v -216.508652 3.167894 73.091812
v -230.127808 3.579637 74.471954
v -230.501511 4.692991 74.489510
v -215.500748 4.239475 72.969154
v -215.531647 3.138355 72.992737
v -231.363220 3.616987 74.597107
v -229.552338 6.678970 74.355545
v -232.754868 3.659055 74.738113
v -232.667480 6.773151 74.671440
v -233.267426 3.674551 74.790024
v -233.236511 4.775671 74.766449
v -215.086700 4.335551 77.227982
v -215.116714 3.234877 77.267899
v -201.565720 2.795455 75.335892
v -201.133102 3.883080 75.238724
v -216.058838 4.367075 77.366600
v -216.088837 3.266402 77.406517
v -200.336456 2.755600 75.160744
v -201.966553 5.924033 75.292122
v -198.951782 2.710702 74.963394
v -198.866928 5.823537 74.850578
v -198.441788 2.694167 74.890709
v -198.411789 3.794842 74.850822
v -215.973694 4.364305 77.354210
v -216.003708 3.263632 77.394127
v -229.556015 3.702781 79.317993
v -229.928604 4.816506 79.335373
v -215.001526 4.332798 77.216125
v -215.031525 3.232124 77.256050
v -230.785370 3.742614 79.492508
v -228.985474 6.799869 79.136009
v -232.170166 3.787482 79.688980
v -232.085281 6.900318 79.576180
v -232.680206 3.804007 79.761345
v -232.650192 4.904682 79.721458
v -214.367523 4.515802 81.459030
v -214.396652 3.415809 81.515114
v -200.868164 2.951746 79.436905
v -200.437119 4.037960 79.319206
v -215.338028 4.549094 81.608124
v -215.367157 3.449101 81.664200
v -199.640961 2.909651 79.248337
v -201.270721 6.079271 79.352531
v -198.258621 2.862232 79.035904
v -198.176270 5.973139 78.877319
v -197.749481 2.844767 78.957672
v -197.720367 3.944759 78.901596
v -215.253067 4.546162 81.594757
v -215.282181 3.446169 81.650848
v -228.812134 3.909806 83.721016
v -229.184937 5.023579 83.726562
v -214.282455 4.512903 81.446327
v -214.311554 3.412911 81.502403
v -230.039444 3.951862 83.908844
v -228.244934 7.004081 83.488007
v -231.421936 3.999236 84.120407
v -231.339600 7.110143 83.961823
v -231.931137 4.016684 84.198334
v -231.902023 5.116677 84.142265
v -213.797272 4.721859 85.786110
v -213.828568 3.621618 85.835770
v -200.210205 3.171997 84.459373
v -199.774307 4.258885 84.368935
v -214.774231 4.754114 85.884827
v -214.805542 3.653873 85.934486
v -198.974869 3.131208 84.334427
v -200.609787 6.299704 84.367950
v -197.583359 3.085262 84.193657
v -197.494827 6.196868 84.053169
v -197.070816 3.068338 84.141800
v -197.039520 4.168579 84.092125
v -214.688660 4.751276 85.875877
v -214.719971 3.651034 85.925537
v -228.339233 4.100284 87.293770
v -228.712509 5.213877 87.284866
v -213.711655 4.719050 85.777817
v -213.742966 3.618809 85.827477
v -229.574677 4.141037 87.417953
v -227.762604 7.195777 87.104019
v -230.966278 4.186944 87.557838
v -230.877747 7.298552 87.417358
v -231.478821 4.203854 87.609367
v -231.447525 5.304093 87.559700
v -213.485580 4.881940 90.143440
v -213.518631 3.781353 90.183365
v -199.856049 3.340817 89.347313
v -199.417099 4.428319 89.282669
v -214.465714 4.913542 90.203369
v -214.498749 3.812956 90.243294
v -198.616684 3.300854 89.271439
v -200.252258 6.469182 89.264099
v -197.220642 3.255840 89.185951
v -197.127182 6.368425 89.073021
v -196.706436 3.239259 89.154449
v -196.673401 4.339846 89.114517
v -214.379852 4.910766 90.197884
v -214.412903 3.810179 90.237801
v -228.075851 4.250464 91.065628
v -228.448685 5.364135 91.050415
v -213.399704 4.879181 90.138489
v -213.432755 3.778594 90.178413
v -229.315247 4.290404 91.140747
v -227.492722 7.347260 90.922798
v -230.711349 4.335391 91.225372
v -230.617874 7.447976 91.112442
v -231.225540 4.351963 91.256523
v -231.192474 5.452549 91.216591
v -213.289215 5.015724 94.499733
v -213.323380 3.914920 94.531967
v -199.644424 3.475802 94.032166
v -199.203873 4.563564 93.985199
v -214.270508 5.047226 94.535599
v -214.304657 3.946422 94.567841
v -198.403564 3.435969 93.986794
v -200.038071 6.604734 93.958626
v -197.005859 3.391099 93.935654
v -196.909241 6.504300 93.844452
v -196.491043 3.374575 93.916870
v -196.456879 4.475379 93.884628
v -214.184555 5.044457 94.532158
v -214.218719 3.943653 94.564400
v -227.898026 4.382519 95.056015
v -228.270248 5.496364 95.038498
v -213.203232 5.012976 94.496948
v -213.237396 3.912171 94.529182
v -229.138931 4.422328 95.100632
v -227.311188 7.479983 94.946945
v -230.536682 4.467172 95.150879
v -230.440063 7.580372 95.059685
v -231.051483 4.483690 95.169441
v -231.017319 5.584494 95.137192
v -213.185516 5.121987 98.847717
v -213.220337 4.021081 98.875443
v -199.535934 3.580137 98.557762
v -199.094574 4.667946 98.520714
v -214.167206 5.153620 98.870537
v -214.202026 4.052714 98.898262
v -198.294586 3.540138 98.528969
v -199.927872 6.709423 98.490471
v -196.896301 3.495083 98.496475
v -196.797791 6.608573 98.418060
v -196.381302 3.478486 98.484451
v -196.346466 4.579392 98.456726
v -214.081192 5.150843 98.868240
v -214.116028 4.049936 98.895958
v -227.800568 4.490708 99.205467
v -228.172272 5.604711 99.187050
v -213.099503 5.119224 98.846077
v -213.134338 4.018317 98.873802
v -229.041901 4.530691 99.233582
v -227.211594 7.588394 99.115700
v -230.440186 4.575727 99.265198
v -230.341675 7.689219 99.186783
v -230.955200 4.592316 99.276794
v -230.920380 5.693222 99.249069
v -213.130768 5.213703 103.191338
v -213.166092 4.112744 103.216232
v -199.479858 3.668742 102.998436
v -199.037949 4.756513 102.967194
v -214.112595 5.245554 103.206932
v -214.147919 4.144596 103.231827
v -198.238342 3.628465 102.978653
v -199.870468 6.798287 102.935608
v -196.839874 3.583097 102.956375
v -196.739990 6.696733 102.885948
v -196.324799 3.566389 102.948219
v -196.289474 4.667346 102.923317
v -214.026581 5.242759 103.205307
v -214.061905 4.141800 103.230209
v -227.748260 4.585627 103.439713
v -228.119522 5.699773 103.421165
v -213.044769 5.210919 103.190262
v -213.080093 4.109961 103.215164
v -228.989777 4.625887 103.458717
v -227.157837 7.683354 103.361580
v -230.388245 4.671238 103.480118
v -230.288345 7.784874 103.409698
v -230.903320 4.687942 103.488052
v -230.868011 5.788899 103.463158
v -213.076096 5.305394 107.534843
v -213.111893 4.204391 107.556915
v -199.424561 3.757098 107.439056
v -198.982147 4.844815 107.413612
v -214.057999 5.337483 107.543327
v -214.093781 4.236479 107.565399
v -198.182938 3.716524 107.428406
v -199.813889 6.886889 107.380661
v -196.784378 3.670820 107.416336
v -196.683167 6.784585 107.353920
v -196.269257 3.653987 107.411942
v -196.233459 4.754990 107.389877
v -213.971985 5.334665 107.542290
v -214.007767 4.233662 107.564354
v -227.695190 4.680779 107.673904
v -228.066025 5.795068 107.655212
v -212.990067 5.302591 107.534462
v -213.025864 4.201587 107.556526
v -228.936813 4.721339 107.683899
v -227.103439 7.778513 107.607361
v -230.335403 4.767024 107.695091
v -230.234207 7.880789 107.632675
v -230.850525 4.783853 107.699265
v -230.814728 5.884857 107.677200
v -213.048111 5.387606 111.876457
v -213.084290 4.286573 111.896362
v -199.396591 3.836063 111.852615
v -198.953766 4.923714 111.831535
v -214.030029 5.419925 111.879623
v -214.066208 4.318892 111.899529
v -198.154953 3.795195 111.848633
v -199.784836 6.966051 111.797684
v -196.756332 3.749162 111.844200
v -196.654022 6.863008 111.787903
v -196.241196 3.732207 111.842552
v -196.205017 4.833241 111.822647
v -213.944016 5.417089 111.879051
v -213.980179 4.316057 111.898956
v -227.667862 4.766439 111.934410
v -228.038315 5.880853 111.915680
v -212.962097 5.384779 111.876534
v -212.998260 4.283748 111.896439
v -228.909500 4.807294 111.937614
v -227.074997 7.864138 111.876640
v -230.308121 4.853315 111.941284
v -230.205795 7.967161 111.884987
v -230.823242 4.870264 111.942619
v -230.787064 5.971297 111.922714
v -213.063004 5.454582 116.214890
v -213.099457 4.353540 116.233719
v -199.411789 3.900152 116.222321
v -198.968689 4.987726 116.203270
v -214.044922 5.487108 116.215683
v -214.081375 4.386065 116.234512
v -198.170151 3.859023 116.221268
v -199.799240 7.030270 116.169273
v -196.771530 3.812696 116.220093
v -196.668427 6.926569 116.166847
v -196.256393 3.795634 116.219696
v -196.219940 4.896675 116.200882
v -213.958893 5.484254 116.215370
v -213.995346 4.383212 116.234200
v -227.682983 4.836472 116.237297
v -228.053162 5.950982 116.218689
v -212.976974 5.451738 116.215126
v -213.013428 4.350696 116.233955
v -228.924622 4.877589 116.237587
v -227.089310 7.934098 116.183746
v -230.323227 4.923903 116.237885
v -230.220108 8.037776 116.184631
v -230.838348 4.940962 116.238045
v -230.801895 6.042004 116.219231
v -213.077881 5.521554 120.553291
v -213.114624 4.420504 120.571037
v -199.427094 3.964210 120.591972
v -198.983734 5.051706 120.574974
v -214.059799 5.554289 120.551811
v -214.096527 4.453238 120.569565
v -198.185440 3.922819 120.593910
v -199.813751 7.094457 120.540825
v -196.786865 3.876194 120.596039
v -196.682968 6.990092 120.545845
v -196.271729 3.859023 120.596870
v -196.234985 4.960073 120.579124
v -213.973770 5.551416 120.551651
v -214.010513 4.450366 120.569389
v -227.698044 4.906533 120.540154
v -228.067932 6.021137 120.521667
v -212.991867 5.518693 120.553780
v -213.028595 4.417643 120.571518
v -228.939651 4.947914 120.537560
v -227.103592 8.004079 120.490807
v -230.338272 4.994524 120.534554
v -230.234390 8.108422 120.484367
v -230.853394 5.011693 120.533508
v -230.816666 6.112743 120.515755
v -213.092804 5.588525 124.891739
v -213.129807 4.487467 124.908409
v -199.442459 4.028235 124.961678
v -198.998810 5.115653 124.946709
v -214.074692 5.621470 124.887947
v -214.111710 4.520411 124.904617
v -198.200836 3.986577 124.966492
v -199.828354 7.158611 124.912430
v -196.802261 3.939653 124.971931
v -196.697601 7.053572 124.924797
v -196.287140 3.922371 124.973976
v -196.250137 5.023430 124.957306
v -213.988678 5.618580 124.887970
v -214.025681 4.517521 124.904648
v -227.712982 4.976624 124.843063
v -228.082611 6.091325 124.824699
v -213.006790 5.585645 124.892426
v -213.043793 4.484587 124.909096
v -228.954605 5.018270 124.837479
v -227.117798 8.074084 124.797943
v -230.353180 5.065181 124.831184
v -230.248505 8.179101 124.784042
v -230.868301 5.082460 124.828911
v -230.831299 6.183519 124.812248
v -213.107697 5.655493 129.230179
v -213.144974 4.554428 129.245758
v -199.457916 4.092232 129.331360
v -199.014008 5.179567 129.318451
v -214.089584 5.688650 129.223999
v -214.126846 4.587584 129.239578
v -198.216339 4.050305 129.339111
v -199.843033 7.222733 129.283951
v -196.817780 4.003078 129.347855
v -196.712341 7.117016 129.303772
v -196.302673 3.985684 129.351120
v -196.265381 5.086749 129.335541
v -214.003555 5.685741 129.224289
v -214.040833 4.584676 129.239883
v -227.727890 5.046743 129.145966
v -228.097229 6.161538 129.127716
v -213.021683 5.652593 129.231003
v -213.058960 4.551528 129.246597
v -228.969482 5.088659 129.137436
v -227.131927 8.144116 129.104996
v -230.368011 5.135872 129.127838
v -230.262604 8.249809 129.083771
v -230.883133 5.153263 129.124359
v -230.845856 6.254328 129.108765
v -213.132706 5.718147 133.558075
v -213.170227 4.617108 133.574844
v -199.483139 4.149655 133.513260
v -199.038986 5.236809 133.494781
v -214.114578 5.751683 133.562576
v -214.152115 4.650643 133.579376
v -198.241547 4.107254 133.507782
v -199.867538 7.280272 133.467850
v -196.842987 4.059491 133.501572
v -196.736847 7.173356 133.454117
v -196.327866 4.041901 133.499283
v -196.290329 5.142940 133.482498
v -214.028564 5.748740 133.561859
v -214.066086 4.647702 133.578659
v -227.753098 5.115054 133.631958
v -228.122192 6.229980 133.616898
v -213.046677 5.715214 133.558044
v -213.084213 4.614175 133.574829
v -228.994675 5.157449 133.636780
v -227.156418 8.212166 133.582397
v -230.393204 5.205202 133.642166
v -230.287094 8.319066 133.594711
v -230.908340 5.222790 133.644119
v -230.870789 6.323828 133.627350
v -213.185501 5.769239 137.858185
v -213.223022 4.668335 137.882233
v -199.553314 4.187529 137.194412
v -199.109711 5.274150 137.150040
v -214.166122 5.803732 137.907547
v -214.203644 4.702827 137.931580
v -198.313339 4.143915 137.132065
v -199.937134 7.318245 137.150879
v -196.916565 4.094788 137.061859
v -196.810455 7.208275 136.993866
v -196.402084 4.076694 137.036041
v -196.364563 5.177600 137.011993
v -214.080215 5.800708 137.902969
v -214.117737 4.699803 137.927017
v -227.787292 5.180511 138.606537
v -228.155869 6.295697 138.602814
v -213.099594 5.766221 137.854141
v -213.137115 4.665317 137.878204
v -229.027313 5.224115 138.668121
v -227.191299 8.276765 138.513977
v -230.424103 5.273231 138.737457
v -230.317978 8.386718 138.669479
v -230.938538 5.291322 138.763062
v -230.901016 6.392228 138.739029
v -213.239899 5.820158 142.158279
v -213.277054 4.719423 142.189575
v -199.653564 4.222144 140.877090
v -199.211670 5.308107 140.806915
v -214.217194 5.855832 142.252502
v -214.254364 4.755098 142.283813
v -198.417740 4.177035 140.758118
v -200.036697 7.352966 140.835419
v -197.025681 4.126225 140.624069
v -196.920578 7.239228 140.535583
v -196.512985 4.107513 140.574753
v -196.475800 5.208247 140.543457
v -214.131577 5.852704 142.243958
v -214.168762 4.751970 142.275253
v -227.792145 5.249150 143.579468
v -228.159698 6.364655 143.587051
v -213.154266 5.817035 142.150375
v -213.191437 4.716301 142.181686
v -229.027969 5.294250 143.697784
v -227.198761 8.344333 143.444031
v -230.420029 5.345050 143.830963
v -230.314896 8.458053 143.742447
v -230.932755 5.363761 143.880051
v -230.895584 6.464495 143.848770
v -213.295898 5.870903 146.458603
v -213.332382 4.770375 146.497131
v -199.783722 4.253537 144.562805
v -199.344727 5.338712 144.466934
v -214.267853 5.907982 146.597427
v -214.304337 4.807455 146.635956
v -198.554703 4.206656 144.387390
v -200.166122 7.384476 144.522980
v -197.170288 4.153847 144.189850
v -197.067093 7.266267 144.080902
v -196.660370 4.134397 144.117065
v -196.623886 5.234925 144.078537
v -214.182678 5.904730 146.584976
v -214.219177 4.804203 146.623505
v -227.767731 5.320942 148.549545
v -228.133743 6.436822 148.568359
v -213.210770 5.867659 146.446793
v -213.247253 4.767132 146.485321
v -228.996765 5.367815 148.724182
v -227.178970 8.414838 148.371353
v -230.381165 5.420613 148.920959
v -230.277969 8.533031 148.812027
v -230.891083 5.440060 148.993393
v -230.854599 6.540587 148.954865
v -213.353485 5.921478 150.759109
v -213.388962 4.821193 150.804840
v -199.943649 4.281755 148.252884
v -199.508743 5.366016 148.131485
v -214.318024 5.960178 150.942200
v -214.353485 4.859893 150.987915
v -198.723999 4.232822 148.021439
v -200.325195 7.412819 148.214874
v -197.350128 4.177705 147.760757
v -197.249786 7.289440 147.631485
v -196.844131 4.157405 147.664780
v -196.808640 5.257690 147.619064
v -214.233521 5.956785 150.925919
v -214.268997 4.856500 150.971634
v -227.714203 5.395839 153.515289
v -228.078156 6.512149 153.545273
v -213.268997 5.918092 150.743362
v -213.304474 4.817807 150.789093
v -228.933868 5.444762 153.745972
v -227.131989 8.488240 153.294632
v -230.307709 5.499870 154.005783
v -230.207382 8.611604 153.876511
v -230.813751 5.520166 154.101532
v -230.778244 6.620451 154.055817
v -213.412659 5.971885 155.059875
v -213.446793 4.871877 155.112732
v -200.133118 4.306844 151.948669
v -199.703445 5.390067 151.801956
v -214.367752 6.012423 155.286926
v -214.401886 4.912414 155.339783
v -198.925369 4.255592 151.661758
v -200.513702 7.438042 151.912430
v -197.564957 4.197859 151.338531
v -197.468414 7.308808 151.189087
v -197.063904 4.176596 151.219528
v -197.029770 5.276605 151.166687
v -214.284058 6.008867 155.266739
v -214.318192 4.908859 155.319595
v -227.631805 5.473794 158.475327
v -227.993195 6.590587 158.516357
v -213.328995 5.968339 155.040329
v -213.363129 4.868330 155.093170
v -228.839523 5.525039 158.761581
v -227.058105 8.564494 158.212555
v -230.199936 5.582761 159.083969
v -230.103363 8.693710 158.934525
v -230.700989 5.604022 159.202759
v -230.666855 6.704031 159.149918
v -213.473404 6.022129 159.361038
v -213.505875 4.922432 159.420959
v -200.351791 4.328864 155.651657
v -199.928543 5.410927 155.479889
v -214.417038 6.064712 159.631516
v -214.449509 4.965016 159.691437
v -199.158554 4.275022 155.309784
v -200.731400 7.460204 155.617111
v -197.814423 4.214376 154.924683
v -197.722595 7.324445 154.755280
v -197.319351 4.192038 154.782913
v -197.286880 5.291734 154.722992
v -214.334366 6.060978 159.607513
v -214.366837 4.961281 159.667435
v -227.520813 5.554752 163.428467
v -227.879120 6.672081 163.480408
v -213.390747 6.018402 159.337708
v -213.423218 4.918705 159.397614
v -228.714066 5.608583 163.769562
v -226.957550 8.643546 163.124023
v -230.058151 5.669220 164.153778
v -229.966309 8.779290 163.984344
v -230.553207 5.691556 164.295349
v -230.520737 6.791254 164.235443
v -213.535690 6.072210 163.662643
v -213.566162 4.972859 163.729538
v -200.599365 4.347876 159.363083
v -200.183655 5.428661 159.166611
v -214.465881 6.117047 163.975906
v -214.496368 5.017696 164.042816
v -199.423080 4.291186 158.967041
v -200.977859 7.479367 159.330170
v -198.098114 4.227331 158.520935
v -198.011902 7.336424 158.331787
v -197.610077 4.203812 158.356674
v -197.579605 5.303164 158.289780
v -214.384384 6.113116 163.948212
v -214.414856 5.013765 164.015091
v -227.381592 5.638649 168.373291
v -227.736328 6.756566 168.436005
v -213.454208 6.068285 163.635513
v -213.484680 4.968935 163.702393
v -228.557846 5.695330 168.768555
v -226.830658 8.725341 168.027649
v -229.882812 5.759176 169.213791
v -229.796600 8.868270 169.024612
v -230.370819 5.782692 169.377823
v -230.340347 6.882042 169.310928
v -211.406494 6.355384 166.989395
v -211.416183 5.259032 167.098465
v -200.281418 4.372445 159.175003
v -199.940842 5.442472 158.830688
v -212.205032 6.419015 167.558105
v -212.214722 5.322663 167.667175
v -199.271088 4.292054 158.456589
v -200.653091 7.504830 159.150558
v -198.132980 4.201510 157.647461
v -198.105499 7.302133 157.339157
v -197.713791 4.168160 157.349472
v -197.704056 5.264518 157.240448
v -212.135300 6.413416 167.508057
v -212.144974 5.317064 167.617111
v -223.284912 6.202985 175.534271
v -223.606079 7.325674 175.660553
v -211.336319 6.349836 166.939835
v -211.346008 5.253484 167.048904
v -224.295624 6.283325 176.252167
v -222.858337 9.271836 174.941986
v -225.434265 6.373798 177.060623
v -225.406784 9.474422 176.752335
v -225.853683 6.407122 177.358383
v -225.843964 7.503477 177.249374
v -208.483444 6.716748 169.815292
v -208.465927 5.623919 169.954559
v -199.723999 4.429272 159.481171
v -199.481674 5.486622 159.030838
v -209.110565 6.802454 170.566650
v -209.093033 5.709626 170.705933
v -198.930923 4.320913 158.531174
v -200.086975 7.562717 159.462601
v -198.037567 4.198855 157.461090
v -198.087097 7.289502 157.067245
v -197.708496 4.153903 157.066956
v -197.725998 5.246733 156.927704
v -209.055817 6.794920 170.500702
v -209.038300 5.702092 170.639969
v -217.787323 6.895914 181.109131
v -218.064651 8.024221 181.280960
v -208.428284 6.709269 169.749619
v -208.410751 5.616441 169.888885
v -218.581055 7.004198 182.058762
v -217.523468 9.943753 180.339951
v -219.475159 7.126169 183.128418
v -219.524689 10.216816 182.734558
v -219.804413 7.171099 183.522415
v -219.821915 8.263929 183.383148
v -204.822739 7.143468 171.993240
v -204.796875 6.051710 172.139435
v -196.870422 4.754224 161.047256
v -196.660706 5.807449 160.571609
v -205.391296 7.236557 172.789032
v -205.365417 6.144800 172.935226
v -196.151276 4.636539 160.041138
v -197.227814 7.888328 161.031265
v -195.341263 4.503974 158.907806
v -195.414383 7.591596 158.494385
v -195.042877 4.455151 158.490387
v -195.068726 5.546910 158.344208
v -205.341736 7.228372 172.719162
v -205.315857 6.136614 172.865341
v -213.249390 7.433275 183.953354
v -213.510849 8.563568 184.136627
v -204.772644 7.135349 171.923721
v -204.746765 6.043591 172.069916
v -213.969101 7.550894 184.959137
v -213.038391 10.474401 183.142426
v -214.779861 7.683372 186.092041
v -214.853012 10.770993 185.678619
v -215.078430 7.732174 186.509338
v -215.104309 8.823934 186.363159
v -201.164459 7.570039 174.174652
v -201.129730 6.479384 174.327103
v -194.063263 5.076309 162.680038
v -193.887939 6.125295 162.181656
v -201.671265 7.670704 175.010223
v -201.636551 6.580048 175.162674
v -193.422134 4.949041 161.623550
v -194.414841 8.211078 162.666229
v -192.699936 4.805691 160.433548
v -192.798111 7.890193 160.002411
v -192.433960 4.752891 159.995239
v -192.468674 5.843547 159.842804
v -201.627151 7.661855 174.936874
v -201.592438 6.571199 175.089340
v -208.665985 7.973449 186.732147
v -208.910736 9.105776 186.925644
v -201.119736 7.561255 174.101608
v -201.085007 6.470601 174.254074
v -209.307739 8.100641 187.788254
v -208.510818 11.007672 185.883621
v -210.030563 8.243917 188.977890
v -210.128738 11.328419 188.546738
v -210.296829 8.296684 189.416031
v -210.331543 9.387340 189.263596
v -197.432373 7.996992 176.239883
v -197.390594 6.907208 176.396729
v -191.037796 5.417799 164.356155
v -190.890747 6.463348 163.841660
v -197.888107 8.103838 177.103653
v -197.846313 7.014055 177.260498
v -190.461502 5.282695 163.263931
v -191.383850 8.553193 164.344009
v -189.812363 5.130510 162.033646
v -189.930542 8.212543 161.590042
v -189.573212 5.074462 161.580536
v -189.614990 6.164246 161.423676
v -197.848404 8.094453 177.027878
v -197.806610 7.004670 177.184708
v -204.166931 8.493257 189.221893
v -204.397568 9.627276 189.422699
v -197.392181 7.987661 176.164337
v -197.350388 6.897877 176.321198
v -204.743912 8.628284 190.313797
v -204.057358 11.521918 188.346817
v -205.393875 8.780384 191.543747
v -205.512054 11.862417 191.100143
v -205.633194 8.836410 191.996780
v -205.674988 9.926193 191.839935
v -193.511047 8.425167 178.006851
v -193.467621 7.335618 178.164902
v -187.375214 5.813170 165.994492
v -187.237534 6.857501 165.474945
v -193.948044 8.534389 178.879959
v -193.904617 7.444841 179.037994
v -186.822495 5.675072 164.890503
v -187.716583 8.949079 165.983627
v -186.199951 5.519511 163.646927
v -186.322784 8.600878 163.199982
v -185.970627 5.462218 163.188934
v -186.014053 6.551766 163.030914
v -193.910034 8.524790 178.803345
v -193.866608 7.435243 178.961380
v -199.966507 8.956870 191.128403
v -200.191040 10.091633 191.331879
v -193.472443 8.415633 177.930527
v -193.429001 7.326086 178.088547
v -200.519821 9.094904 192.232117
v -199.870926 11.983683 190.245300
v -201.143158 9.250378 193.475311
v -201.266006 12.331742 193.028351
v -201.372711 9.307648 193.933243
v -201.416153 10.397195 193.775192
v -189.589783 8.853353 179.774124
v -189.544693 7.764040 179.933319
v -183.715454 6.208714 167.638702
v -183.587280 7.251832 167.114304
v -190.007919 8.964932 180.656113
v -189.962799 7.875621 180.815308
v -183.186661 6.067630 166.523438
v -184.052124 9.345139 167.629059
v -182.590988 5.908709 165.267166
v -182.718552 8.989410 164.816971
v -182.371582 5.850182 164.804489
v -182.416672 6.939493 164.645294
v -189.971558 8.955128 180.578735
v -189.926453 7.865816 180.737930
v -195.763214 9.420321 193.029144
v -195.981613 10.555827 193.235153
v -189.552841 8.843613 179.696976
v -189.507721 7.754300 179.856171
v -196.292725 9.561328 194.144089
v -195.681778 12.445283 192.138336
v -196.889160 9.720160 195.399979
v -197.016724 12.800861 194.949768
v -197.108795 9.778669 195.862579
v -197.153900 10.867981 195.703384
v -185.668686 9.281545 181.541626
v -185.621887 8.192468 181.701935
v -180.058456 6.604448 169.288818
v -179.939865 7.646360 168.759781
v -186.067780 9.395465 182.432098
v -186.020981 8.306388 182.592407
v -179.553757 6.460398 168.162811
v -180.390427 9.741374 169.280243
v -178.985260 6.298136 166.894424
v -179.117630 9.378172 166.441071
v -178.775833 6.238378 166.427292
v -178.822617 7.327455 166.266998
v -186.033051 9.385460 182.353989
v -185.986252 8.296383 182.514297
v -191.557220 9.883580 194.924011
v -191.769409 11.019823 195.132416
v -185.633453 9.271593 181.463730
v -185.586639 8.182516 181.624039
v -192.062592 10.027554 196.049713
v -191.490158 12.906703 194.025787
v -192.631882 10.189730 197.317703
v -192.764252 13.269766 196.864349
v -192.841507 10.249467 197.784790
v -192.888321 11.338543 197.624481
v -181.747757 9.709738 183.309357
v -181.699234 8.620896 183.470749
v -176.404099 7.000381 170.944901
v -176.295212 8.041093 170.411453
v -182.127563 9.825995 184.207947
v -182.079025 8.737153 184.369324
v -175.923752 6.853383 169.808655
v -176.731293 10.137814 170.937332
v -175.382629 6.687804 168.528793
v -175.519852 9.767178 168.072388
v -175.183319 6.626818 168.057373
v -175.231842 7.715660 167.895981
v -182.094559 9.815781 184.129105
v -182.046036 8.726938 184.290482
v -187.348679 10.346632 196.812958
v -187.554626 11.483605 197.023651
v -181.714157 9.699589 183.230759
v -181.665619 8.610746 183.392151
v -187.829727 10.493552 197.948883
v -187.296066 13.367932 195.907654
v -188.371552 10.659058 199.228439
v -188.508789 13.738430 198.772034
v -188.571121 10.720011 199.699692
v -188.619644 11.808854 199.538300
v -177.707733 10.120004 184.807190
v -177.658768 9.031250 184.969040
v -172.532837 7.389745 172.376007
v -172.429398 8.429745 171.840073
v -178.075455 10.237761 185.710587
v -178.026489 9.149007 185.872452
v -172.067841 7.240841 171.233658
v -172.855194 10.527678 172.369522
v -171.544067 7.073113 169.946899
v -171.682526 10.152235 169.489166
v -171.351089 7.011340 169.472961
v -171.400055 8.100094 169.311127
v -178.043472 10.227421 185.631363
v -177.994507 9.138668 185.793213
v -183.128189 10.779387 198.383423
v -183.329544 11.916895 198.595657
v -177.675232 10.109715 184.728149
v -177.626266 9.020962 184.889999
v -183.593903 10.928218 199.525513
v -183.082870 13.799685 197.474396
v -184.118500 11.095862 200.811951
v -184.256958 14.174984 200.354218
v -184.311661 11.157618 201.285782
v -184.360626 12.246371 201.123947
v -173.660950 10.529241 186.289581
v -173.611618 9.440566 186.451859
v -168.649719 7.778910 173.795853
v -168.551529 8.818230 173.257629
v -174.016861 10.648448 187.197510
v -173.967545 9.559773 187.359787
v -168.199539 7.628182 172.647812
v -168.967255 10.917336 173.790436
v -167.692535 7.458398 171.354614
v -167.832047 10.537292 170.895691
v -167.505753 7.395862 170.878342
v -167.555084 8.484536 170.716064
v -173.985962 10.637977 187.117874
v -173.936630 9.549303 187.280136
v -178.906281 11.210176 199.933304
v -179.103134 12.348202 200.146973
v -173.629440 10.518830 186.210159
v -173.580109 9.430158 186.372437
v -179.357056 11.360841 201.081116
v -178.867874 14.229525 199.020813
v -179.864899 11.530543 202.374008
v -180.004395 14.609437 201.915070
v -180.051910 11.593059 202.850235
v -180.101227 12.681731 202.687958
v -169.614151 10.938489 187.772064
v -169.564453 9.849896 187.934753
v -164.767410 8.168283 175.217911
v -164.674484 9.206931 174.677475
v -169.958237 11.059128 188.684357
v -169.908539 9.970535 188.847061
v -164.332275 8.015740 174.064331
v -165.080093 11.307198 175.213486
v -163.842041 7.843920 172.764954
v -163.982605 10.922586 172.304825
v -163.661499 7.780632 172.286362
v -163.711197 8.869225 172.123672
v -169.928375 11.048532 188.604324
v -169.878677 9.959938 188.767014
v -174.683472 11.640766 201.481018
v -174.875793 12.779305 201.696075
v -169.583679 10.927955 187.692261
v -169.533981 9.839360 187.854965
v -175.119370 11.793237 202.634323
v -174.652023 14.659176 200.565155
v -175.610306 11.964984 203.933456
v -175.750854 15.043653 203.473328
v -175.791138 12.028241 204.411957
v -175.840851 13.116835 204.249237
v -165.567413 11.347745 189.254623
v -165.517334 10.259231 189.417740
v -160.885941 8.557864 176.642181
v -160.798309 9.595845 176.099564
v -165.899658 11.469796 190.171097
v -165.849579 10.381281 190.334213
v -160.465805 8.403528 175.483292
v -161.193726 11.697262 176.638687
v -159.992569 8.229683 174.177887
v -160.134186 11.308125 173.716583
v -159.818207 8.165658 173.697098
v -159.868271 9.254171 173.533981
v -165.870804 11.459080 190.090729
v -165.820709 10.370566 190.253830
v -170.459869 12.071149 203.026520
v -170.647644 13.210195 203.242905
v -165.538010 11.337080 189.174423
v -165.487946 10.248567 189.337555
v -170.880707 12.225410 204.185196
v -170.435410 15.088624 202.107407
v -171.354767 12.399175 205.490295
v -171.496399 15.477615 205.028976
v -171.529312 12.463177 205.971008
v -171.579391 13.551690 205.807892
v -161.520737 11.757001 190.737228
v -161.470276 10.668568 190.900757
v -157.005310 8.947648 178.068649
v -156.923019 9.984968 177.523956
v -161.841019 11.880460 191.657791
v -161.790543 10.792026 191.821320
v -156.600220 8.791544 176.904648
v -157.308228 12.087523 178.066025
v -156.143967 8.615703 175.593475
v -156.286682 11.693917 175.130997
v -155.975891 8.550942 175.110535
v -156.026352 9.639377 174.947006
v -161.813232 11.869616 191.577026
v -161.762772 10.781181 191.740570
v -166.235504 12.501315 204.569839
v -166.418732 13.640861 204.787476
v -161.492355 11.746219 190.656723
v -161.441895 10.657785 190.820251
v -166.641205 12.657354 205.733627
v -166.218109 15.517862 203.647476
v -167.098251 12.833117 207.044510
v -167.240967 15.911332 206.582031
v -167.266541 12.897856 207.527344
v -167.317017 13.986289 207.363815
v -157.412766 12.145024 192.044647
v -157.362274 11.056633 192.208450
v -153.052155 9.317813 179.326126
v -152.974487 10.354557 178.779663
v -157.721939 12.269769 192.968811
v -157.671432 11.181377 193.132614
v -152.661163 9.160079 178.157562
v -153.349640 12.458208 179.324539
v -152.220764 8.982409 176.841248
v -152.363586 12.060504 176.377991
v -152.058487 8.916974 176.356445
v -152.108994 10.005364 176.192627
v -157.695114 12.258812 192.887756
v -157.644623 11.170422 193.051559
v -161.962662 12.908520 205.931534
v -162.141312 14.048558 206.150406
v -157.385361 12.134129 191.963791
v -157.334854 11.045737 192.127594
v -162.354385 13.066186 207.099899
v -161.950912 15.924301 205.006607
v -162.795624 13.243781 208.415985
v -162.938461 16.321875 207.952728
v -162.958099 13.309197 208.900742
v -163.008591 14.397590 208.736923
v -153.274963 12.522707 193.266739
v -153.224594 11.434341 193.430756
v -149.063812 9.678511 180.501694
v -148.990463 10.714725 179.953598
v -153.573456 12.648664 194.194229
v -153.523087 11.560300 194.358231
v -148.686356 9.519236 179.328857
v -149.355606 12.819440 180.501129
v -148.261200 9.339825 178.007751
v -148.403656 12.417847 177.543900
v -148.104568 9.273749 177.521179
v -148.154938 10.362115 177.357178
v -153.547546 12.637608 194.112915
v -153.497192 11.549243 194.276917
v -157.665909 13.304348 207.203644
v -157.839996 14.444865 207.423691
v -153.248535 12.511699 193.185562
v -153.198166 11.423332 193.349564
v -158.044052 13.463556 208.376236
v -157.659164 16.319445 206.276443
v -158.470047 13.642894 209.697083
v -158.612503 16.720915 209.233231
v -158.626923 13.708948 210.183594
v -158.677277 14.797314 210.019577
v -149.137253 12.900392 194.488846
v -149.087021 11.812052 194.653076
v -145.076080 10.039450 181.678970
v -145.007050 11.075142 181.129333
v -149.424911 13.027556 195.419586
v -149.374680 11.939217 195.583801
v -144.712234 9.878655 180.502045
v -145.362091 13.180915 181.679428
v -144.302338 9.697539 179.176361
v -144.444397 12.775488 178.711914
v -144.151382 9.630828 178.688080
v -144.201630 10.719168 178.523849
v -149.400024 13.016391 195.337967
v -149.349777 11.928051 195.502197
v -153.368622 13.699924 208.473953
v -153.538132 14.840916 208.695129
v -149.111694 12.889280 194.407410
v -149.061462 11.800941 194.571625
v -153.733200 13.860654 209.650650
v -153.366852 16.714352 207.544540
v -154.143799 14.041702 210.976105
v -154.285889 17.119652 210.511673
v -154.295090 14.108387 211.464294
v -154.345322 15.196726 211.300079
v -144.999481 13.278087 195.711014
v -144.949371 12.189773 195.875458
v -141.088852 10.400645 182.858017
v -141.024155 11.435819 182.306885
v -145.276413 13.406433 196.644867
v -145.226318 12.318119 196.809296
v -140.738632 10.238355 181.677170
v -141.369110 13.542627 182.859451
v -140.344162 10.055540 180.347046
v -140.485870 13.133416 179.882004
v -140.198822 9.988212 179.857147
v -140.248932 11.076525 179.692719
v -145.252411 13.395166 196.562973
v -145.202301 12.306853 196.727402
v -149.070740 14.095254 209.742508
v -149.235657 15.236709 209.964767
v -144.974915 13.266868 195.629303
v -144.924820 12.178555 195.793747
v -149.421677 14.257481 210.923141
v -149.074005 17.109016 208.810959
v -149.816986 14.440215 212.253021
v -149.958694 17.518089 211.787979
v -149.962524 14.507527 212.742859
v -150.012634 15.595840 212.578415
v -140.861786 13.655783 196.933212
v -140.811798 12.567496 197.097870
v -137.102203 10.762090 184.038818
v -137.041870 11.796754 183.486237
v -141.127853 13.785301 197.870071
v -141.077881 12.697015 198.034729
v -136.765640 10.598324 182.854218
v -137.376694 13.904580 184.041138
v -136.386581 10.413846 181.519867
v -136.527924 13.491647 181.054199
v -136.246918 10.345905 181.028381
v -136.296906 11.434192 180.863739
v -141.104843 13.773930 197.787903
v -141.054871 12.685642 197.952545
v -144.772385 14.490322 211.009277
v -144.932678 15.632235 211.232559
v -140.838150 13.644467 196.851273
v -140.788162 12.556181 197.015915
v -145.109589 14.654032 212.193710
v -144.780701 17.503426 210.075623
v -145.489456 14.838432 213.527832
v -145.630814 17.916233 213.062195
v -145.629333 14.906356 214.019241
v -145.679306 15.994643 213.854568
v -136.724060 14.033491 198.155518
v -136.674210 12.945231 198.320374
v -133.116013 11.123794 185.221436
v -133.060028 12.157953 184.667450
v -136.979279 14.164161 199.095215
v -136.929428 13.075900 199.260071
v -132.793228 10.958567 184.033188
v -133.384735 14.266779 185.224579
v -132.429596 10.772454 182.694748
v -132.570572 13.850178 182.228485
v -132.295685 10.703907 182.201767
v -132.345551 11.792168 182.036896
v -136.957214 14.152686 199.012802
v -136.907349 13.064427 199.177673
v -140.473465 14.885141 212.274292
v -140.629150 16.027500 212.498520
v -136.701370 14.022075 198.073288
v -136.651505 12.933815 198.238159
v -140.796997 15.050299 213.462296
v -140.486877 17.897593 211.338593
v -141.161346 15.236345 214.800522
v -141.302338 18.314070 214.334259
v -141.295593 15.304865 215.293396
v -141.345444 16.393126 215.128540
v -132.520889 14.372622 199.137451
v -132.471466 13.284362 199.302429
v -129.082626 11.445847 186.161285
v -129.031250 12.479496 185.605927
v -132.764008 14.504512 200.080170
v -132.714600 13.416252 200.245178
v -128.775208 11.279072 184.969223
v -129.344025 14.589448 186.165558
v -128.428909 11.091213 183.626450
v -128.568680 14.168936 183.159805
v -128.301315 11.022021 183.131882
v -128.350739 12.110283 182.966888
v -132.742950 14.492939 199.997513
v -132.693527 13.404678 200.162506
v -136.090469 15.242559 213.301895
v -136.240692 16.385429 213.527267
v -132.499298 14.361092 199.054932
v -132.449875 13.272831 199.219925
v -136.398636 15.409276 214.493790
v -136.108688 18.254400 212.364304
v -136.745758 15.597066 215.836349
v -136.885529 18.674793 215.369720
v -136.873566 15.666241 216.330856
v -136.922989 16.754499 216.165863
v -128.304260 14.703788 200.069748
v -128.255341 13.615524 200.234863
v -125.039940 11.759982 187.052536
v -124.993217 12.793130 186.495819
v -128.534897 14.836905 201.015442
v -128.485962 13.748640 201.180573
v -124.748199 11.591667 185.856750
v -125.293739 14.904207 187.057968
v -124.419624 11.402066 184.509781
v -124.557991 14.479804 184.042801
v -124.298576 11.332242 184.013657
v -124.347496 12.420506 183.848541
v -128.514969 14.825220 200.932510
v -128.466049 13.736955 201.097626
v -131.689545 15.591861 214.278198
v -131.834106 16.735239 214.504684
v -128.283722 14.692155 199.987000
v -128.234787 13.603890 200.152115
v -131.981918 15.760127 215.473862
v -131.712570 18.603104 213.338806
v -132.311325 15.949659 216.820633
v -132.449692 19.027399 216.353668
v -132.432587 16.019468 217.316696
v -132.481506 17.107731 217.151566
v -124.087608 15.034968 201.002151
v -124.039177 13.946701 201.167389
v -120.997787 12.074526 187.946121
v -120.955734 13.107183 187.388123
v -124.305809 15.169273 201.950607
v -124.257378 14.081005 202.115845
v -120.721886 11.904697 186.746765
v -121.243935 15.219354 187.952591
v -120.411102 11.713400 185.395828
v -120.548065 14.791144 184.928497
v -120.296593 11.642943 184.898254
v -120.345016 12.731213 184.733002
v -124.286926 15.157489 201.867462
v -124.238495 14.069221 202.032700
v -127.287971 15.940763 215.252213
v -127.426880 17.084639 215.479721
v -124.068207 15.023227 200.919113
v -124.019775 13.934958 201.084351
v -127.564636 16.110533 216.451370
v -127.315849 18.951418 214.311050
v -127.876266 16.301762 217.802139
v -128.013229 19.379507 217.334824
v -127.990997 16.372200 218.299667
v -128.039429 17.460468 218.134430
v -119.870979 15.366158 201.934601
v -119.823051 14.277888 202.099976
v -116.956169 12.389472 188.841995
v -116.918816 13.421648 188.282776
v -120.076645 15.501629 202.885681
v -120.028717 14.413358 203.051056
v -116.696121 12.218169 187.639328
v -117.194725 15.534882 188.849396
v -116.403168 12.025211 186.284622
v -116.538719 15.102961 185.816925
v -116.295204 11.954147 185.785660
v -116.343147 13.042417 185.620285
v -120.058876 15.489739 202.802322
v -120.010941 14.401471 202.967697
v -122.885880 16.289253 216.223877
v -123.019096 17.433615 216.452347
v -119.852669 15.354314 201.851334
v -119.804726 14.266044 202.016708
v -123.146706 16.460497 217.426376
v -122.918663 19.299330 215.281036
v -123.440491 16.653389 218.780884
v -123.576057 19.731140 218.313187
v -123.548645 16.724436 219.279785
v -123.596581 17.812704 219.114410
v -115.654411 15.697352 202.867065
v -115.606979 14.609082 203.032578
v -112.915131 12.704820 189.740173
v -112.882484 13.736527 189.179794
v -115.847488 15.833963 203.820633
v -115.800041 14.745692 203.986145
v -112.670944 12.532081 188.534378
v -113.145981 15.850805 189.748444
v -112.395828 12.337509 187.176178
v -112.529999 15.415262 186.708099
v -112.294525 12.265840 186.675919
v -112.341965 13.354112 186.510406
v -115.830856 15.821972 203.737045
v -115.783424 14.733701 203.902542
v -118.483322 16.637331 217.193176
v -118.610847 17.782162 217.422531
v -115.637169 15.685412 202.783600
v -115.589722 14.597142 202.949112
v -118.728271 16.810011 218.398804
v -118.520935 19.646841 216.248734
v -119.004128 17.004522 219.756851
v -119.138290 20.082277 219.288757
v -119.105751 17.076166 220.257050
v -119.153198 18.164436 220.091537
v -111.437820 16.028559 203.799622
v -111.390869 14.940290 203.965286
v -108.874535 13.020580 190.640686
v -108.846603 14.051828 190.079208
v -111.618340 16.166273 204.755493
v -111.571388 15.078005 204.921158
v -108.646248 12.846437 189.431976
v -109.097679 16.167118 190.649704
v -108.389122 12.650286 188.070480
v -108.521904 15.728036 187.602005
v -108.294365 12.578043 187.569031
v -108.341316 13.666312 187.403381
v -111.602768 16.154190 204.671707
v -111.555817 15.065922 204.837357
v -114.080246 16.984997 218.160156
v -114.202072 18.130289 218.390320
v -111.421715 16.016518 203.715958
v -111.374763 14.928249 203.881607
v -114.309258 17.159079 219.368698
v -114.122742 19.993952 217.214142
v -114.567245 17.355167 220.730042
v -114.700027 20.432917 220.261536
v -114.662209 17.427391 221.231445
v -114.709167 18.515663 221.065781
v -107.168098 16.306513 204.446854
v -107.121994 15.218222 204.612595
v -104.831230 13.280158 191.250336
v -104.809151 14.310880 190.687637
v -107.332390 16.445549 205.405457
v -107.286301 15.357258 205.571213
v -104.623344 13.104354 190.038223
v -105.043892 16.427416 191.260452
v -104.389267 12.906325 188.672882
v -104.519630 15.984140 188.204117
v -104.302994 12.833389 188.169998
v -104.349091 13.921681 188.004242
v -107.318291 16.433352 205.321411
v -107.272186 15.345057 205.487152
v -109.571190 17.282621 218.848358
v -109.685463 18.428482 219.079559
v -107.153358 16.294355 204.362930
v -107.107262 15.206063 204.528687
v -109.779701 17.458382 220.060394
v -109.619370 20.290981 217.900711
v -110.014664 17.656359 221.425629
v -110.145027 20.734173 220.956879
v -110.101151 17.729280 221.928482
v -110.147247 18.817574 221.762726
v -102.882553 16.568668 205.009415
v -102.837425 15.480350 205.175262
v -100.787651 13.523629 191.776535
v -100.771774 14.553823 191.212662
v -103.029556 16.709040 205.970612
v -102.984421 15.620721 206.136444
v -100.601692 13.346133 190.561096
v -100.988968 16.671633 191.787674
v -100.392242 13.146197 189.192047
v -100.519897 16.224085 188.723022
v -100.315025 13.072556 188.687775
v -100.360168 14.160874 188.521927
v -103.016975 16.696726 205.886368
v -102.971832 15.608407 206.052216
v -105.029831 17.564623 219.449829
v -105.135986 18.711063 219.682037
v -102.869331 16.556391 204.925232
v -102.824188 15.468073 205.091095
v -105.216545 17.742073 220.665161
v -105.083931 20.572390 218.500610
v -105.426880 17.941957 222.034134
v -105.554535 21.019844 221.565125
v -105.504288 18.015585 222.538361
v -105.549431 19.103903 222.372528
v -98.597054 16.830837 205.572067
v -98.552864 15.742496 205.738022
v -96.744759 13.767951 192.307083
v -96.735107 14.797638 191.742142
v -98.726768 16.972488 206.535553
v -98.682594 15.884148 206.701523
v -96.580734 13.588836 191.088730
v -96.934715 16.916660 192.319092
v -96.395958 13.387074 189.716354
v -96.520912 16.465027 189.247025
v -96.327850 13.312768 189.210892
v -96.372032 14.401109 189.044952
v -98.715645 16.960062 206.451141
v -98.671471 15.871722 206.617081
v -100.487785 17.845764 220.046921
v -100.585800 18.992758 220.279968
v -98.585396 16.818449 205.487686
v -98.541214 15.730106 205.653641
v -100.652580 18.024836 221.265167
v -100.547852 20.852957 219.096252
v -100.838211 18.226543 222.637436
v -100.963165 21.304497 222.168106
v -100.906532 18.300838 223.142868
v -100.950722 19.389179 222.976913
v -94.311607 17.093027 206.134796
v -94.268387 16.004665 206.300858
v -92.702530 14.013124 192.841980
v -92.699120 15.042326 192.276077
v -94.423897 17.235895 207.100311
v -94.380676 16.147535 207.266388
v -92.560425 13.832471 191.621094
v -92.881096 17.162493 192.854630
v -92.400421 13.628976 190.245865
v -92.522667 16.706982 189.776184
v -92.341476 13.554024 189.739334
v -92.384705 14.642384 189.573273
v -94.414352 17.223362 207.015671
v -94.371132 16.135002 207.181763
v -95.945190 18.126038 220.639572
v -96.035057 19.273558 220.873322
v -94.301422 17.080530 206.050262
v -94.258202 15.992170 206.216339
v -96.087952 18.306654 221.860367
v -96.011230 21.132675 219.687546
v -96.248840 18.510094 223.235489
v -96.371086 21.588100 222.765808
v -96.308098 18.585026 223.741974
v -96.351326 19.673388 223.575897
v -90.026138 17.355230 206.697632
v -89.983871 16.266855 206.863846
v -88.660789 14.259159 193.381241
v -88.663635 15.287897 192.814514
v -90.121063 17.499258 207.664856
v -90.078789 16.410881 207.831070
v -88.540756 14.077040 192.158218
v -88.827950 17.409155 193.394348
v -88.405548 13.871893 190.780563
v -88.525101 16.949945 190.310486
v -88.355690 13.796336 190.273148
v -88.397964 14.884713 190.106918
v -90.112991 17.486626 207.580063
v -90.070717 16.398249 207.746292
v -91.402016 18.405441 221.227814
v -91.483719 19.553455 221.462112
v -90.017525 17.342630 206.612946
v -89.975258 16.254255 206.779160
v -91.522812 18.587517 222.450760
v -91.474052 21.411547 220.274536
v -91.658890 18.792608 223.828308
v -91.778442 21.870661 223.358215
v -91.708954 18.868151 224.335678
v -91.751228 19.956528 224.169464
v -85.740685 17.617456 207.260559
v -85.699371 16.529070 207.426941
v -84.619492 14.506060 193.924896
v -84.628609 15.534356 193.357407
v -85.818153 17.762581 208.229156
v -85.776840 16.674194 208.395554
v -84.521515 14.322553 192.700104
v -84.775299 17.656633 193.938232
v -84.411156 14.115842 191.320450
v -84.528023 17.193926 190.849915
v -84.370453 14.039708 190.812302
v -84.411774 15.128098 190.645935
v -85.811623 17.749853 208.144272
v -85.770302 16.661465 208.310654
v -86.858398 18.683969 221.811630
v -86.931923 19.832449 222.046341
v -85.733604 17.604761 207.175751
v -85.692284 16.516373 207.342117
v -86.957130 18.867434 223.036331
v -86.936516 21.689550 220.857193
v -87.068359 19.074089 224.415848
v -87.185219 22.152172 223.945312
v -87.109268 19.150209 224.923965
v -87.150589 20.238598 224.757584
v -81.422462 17.790239 207.385361
v -81.382774 16.701815 207.551895
v -80.667091 14.658910 194.029037
v -80.685394 15.686648 193.460770
v -81.473747 17.936796 208.355453
v -81.434059 16.848370 208.521988
v -80.602142 14.473597 192.802353
v -80.805183 17.810310 194.042725
v -80.528923 14.264852 191.420593
v -80.641159 17.343042 190.949615
v -80.501984 14.187970 190.911652
v -80.541664 15.276395 190.745117
v -81.469551 17.923944 208.270477
v -81.429871 16.835520 208.436996
v -82.153847 18.878130 221.959763
v -82.214920 20.027241 222.194962
v -81.417610 17.777414 207.300385
v -81.377930 16.688990 207.466904
v -82.219574 19.063416 223.186447
v -82.240356 21.883102 221.004135
v -82.293549 19.272131 224.568207
v -82.405785 22.350321 224.097229
v -82.320824 19.349001 225.077118
v -82.360519 20.437428 224.910583
v -77.097778 17.945547 207.424530
v -77.059860 16.857086 207.591248
v -76.732697 14.795235 194.056183
v -76.760773 15.822443 193.487350
v -77.121246 18.093458 208.395508
v -77.083336 17.005001 208.562225
v -76.702988 14.608201 192.828384
v -76.851860 17.947412 194.069748
v -76.669518 14.397525 191.445374
v -76.776756 17.475811 190.973846
v -76.657143 14.319932 190.935974
v -76.695061 15.408389 190.769257
v -77.119438 18.080492 208.310425
v -77.081520 16.992033 208.477158
v -77.416992 19.053587 222.012131
v -77.464752 20.203293 222.247513
v -77.095428 17.932600 207.339478
v -77.057510 16.844139 207.506195
v -77.447464 19.240595 223.239929
v -77.512413 22.057978 221.055527
v -77.481812 19.451241 224.622940
v -77.589043 22.529526 224.151428
v -77.494400 19.528828 225.132324
v -77.532318 20.617285 224.965607
v -72.773178 18.100895 207.463898
v -72.737015 17.012415 207.630875
v -72.798660 14.933897 194.094437
v -72.836525 15.960632 193.525314
v -72.768692 18.250008 208.434982
v -72.732536 17.161528 208.601944
v -72.804169 14.745353 192.866501
v -72.898903 18.086731 194.107346
v -72.810425 14.532973 191.483337
v -72.912689 17.611319 191.011124
v -72.812683 14.454747 190.973907
v -72.848839 15.543228 190.806915
v -72.769386 18.236933 208.349899
v -72.733231 17.148451 208.516876
v -72.679893 19.226673 222.053253
v -72.714348 20.376900 222.288422
v -72.773209 18.087847 207.378830
v -72.737061 16.999367 207.545807
v -72.675026 19.415194 223.281158
v -72.784264 22.230532 221.095886
v -72.669640 19.627544 224.664291
v -72.771912 22.705891 224.192093
v -72.667610 19.705757 225.173737
v -72.703766 20.794237 225.006775
v -68.448532 18.256296 207.503525
v -68.414131 17.167805 207.670776
v -68.864555 15.074909 194.143799
v -68.912224 16.101229 193.574661
v -68.416161 18.406437 208.473907
v -68.381752 17.317945 208.641174
v -68.905380 14.885061 192.916718
v -68.945915 18.228292 194.155533
v -68.951378 14.671210 191.534531
v -69.048676 17.749588 191.061478
v -68.968262 14.592445 191.025436
v -69.002663 15.680936 190.858185
v -68.419296 18.393274 208.388901
v -68.384895 17.304781 208.556152
v -67.942764 19.397377 222.083069
v -67.963905 20.548038 222.317673
v -68.451012 18.243156 207.418503
v -68.416603 17.154663 207.585770
v -67.902695 19.587200 223.310150
v -68.056114 22.400751 221.125229
v -67.857582 19.801018 224.692322
v -67.954887 22.879400 224.219299
v -67.840912 19.879776 225.201416
v -67.875320 20.968267 225.034149
v -64.123894 18.411743 207.543335
v -64.091232 17.323250 207.710953
v -64.930122 15.218284 194.204239
v -64.987579 16.244246 193.635376
v -64.063713 18.562746 208.512283
v -64.031052 17.474253 208.679901
v -65.006187 15.027338 192.979019
v -64.992622 18.372101 194.214294
v -65.091858 14.812249 191.598892
v -65.184227 17.890636 191.124878
v -65.123383 14.733030 191.090561
v -65.156044 15.821525 190.922958
v -64.069229 18.549509 208.427383
v -64.036575 17.461018 208.595001
v -63.205990 19.565681 222.101624
v -63.213856 20.716707 222.335266
v -64.128876 18.398523 207.458466
v -64.096214 17.310030 207.626083
v -63.130692 19.756601 223.326874
v -63.328335 22.568628 221.143555
v -63.045879 19.971657 224.706970
v -63.138248 23.050041 224.232956
v -63.014591 20.050865 225.215302
v -63.047253 21.139359 225.047699
v -59.821960 18.511118 207.325424
v -59.791561 17.422628 207.493484
v -61.116905 15.306640 194.028183
v -61.186558 16.332268 193.460083
v -59.726799 18.662916 208.291397
v -59.696400 17.574427 208.459457
v -61.237022 15.114693 192.806702
v -61.155579 18.460848 194.035507
v -61.372372 14.898482 191.430817
v -61.458359 17.976854 190.955521
v -61.422215 14.818851 190.924042
v -61.452621 15.907338 190.755981
v -59.735435 18.649616 208.206818
v -59.705036 17.561129 208.374863
v -58.387878 19.677155 221.841644
v -58.379028 20.828505 222.073639
v -59.829948 18.497818 207.240753
v -59.799549 17.409330 207.408813
v -58.268398 19.869102 223.063232
v -58.521275 22.679691 220.883728
v -58.133911 20.085318 224.439301
v -58.219894 23.163691 223.963989
v -58.084381 20.164953 224.946121
v -58.114788 21.253441 224.778061
v -55.567635 18.492437 206.564758
v -55.540573 17.403969 206.733536
v -57.558510 15.279589 193.355591
v -57.645401 16.304945 192.789368
v -55.422844 18.644835 207.524460
v -55.395786 17.556368 207.693207
v -57.741497 15.086878 192.142029
v -57.562920 18.434036 193.357788
v -57.947613 14.869806 190.775055
v -58.024155 17.948120 190.297775
v -58.023495 14.789857 190.271576
v -58.050556 15.878324 190.102814
v -55.435780 18.631487 207.440430
v -55.408718 17.543018 207.609192
v -53.398964 19.667437 220.988586
v -53.366196 20.819016 221.217285
v -55.580025 18.479086 206.480621
v -55.552963 17.390617 206.649399
v -53.216721 19.860147 222.202255
v -53.547741 22.669611 220.031815
v -53.011463 20.077219 223.569397
v -53.088005 23.155533 223.092102
v -52.935806 20.157171 224.072922
v -52.962868 21.245642 223.904160
v -51.313286 18.473907 205.804794
v -51.289524 17.385498 205.974426
v -53.994877 15.260371 192.718307
v -54.098892 16.285645 192.154831
v -51.119129 18.626358 206.755737
v -51.095371 17.537947 206.925369
v -54.240189 15.067597 191.515793
v -53.965324 18.414686 192.713684
v -54.516544 14.850449 190.161255
v -54.583755 17.928596 189.681503
v -54.618290 14.770473 189.662338
v -54.642056 15.858883 189.492706
v -51.136436 18.613003 206.672485
v -51.112675 17.524593 206.842117
v -48.415504 19.649755 220.099716
v -48.359016 20.801298 220.323898
v -51.329948 18.460548 205.721420
v -51.306187 17.372141 205.891052
v -48.170845 19.842531 221.302338
v -48.579590 22.651737 219.144852
v -47.895348 20.059683 222.657013
v -47.962559 23.137831 222.177261
v -47.793819 20.139664 223.155960
v -47.817585 21.228073 222.986328
v -47.058784 18.455530 205.045486
v -47.038273 17.367214 205.216156
v -50.424084 15.248998 192.115967
v -50.545067 16.274384 191.556091
v -46.815815 18.607481 205.985229
v -46.795303 17.519169 206.155899
v -50.731167 15.056846 190.927612
v -50.360947 18.402792 192.102829
v -51.077011 14.840405 189.588989
v -51.135029 17.918283 189.106308
v -51.204407 14.760683 189.095947
v -51.224922 15.848996 188.925278
v -46.837395 18.594173 205.902969
v -46.816883 17.505859 206.073639
v -43.439247 19.624113 219.175308
v -43.359295 20.775356 219.393845
v -47.079723 18.442213 204.963089
v -47.059212 17.353899 205.133759
v -43.132927 19.816269 220.363815
v -43.618523 22.626072 218.223114
v -42.787838 20.032711 221.702530
v -42.845856 23.110588 221.219864
v -42.660759 20.112434 222.195618
v -42.681271 21.200748 222.024948
v -42.804138 18.437302 204.286880
v -42.786823 17.349121 204.458725
v -46.844364 15.245442 191.548187
v -46.982101 16.271128 190.992752
v -42.513031 18.588215 205.213028
v -42.495716 17.500032 205.384903
v -47.212372 15.054611 190.377014
v -46.748116 18.398340 191.524857
v -47.626900 14.839656 189.057800
v -47.675880 17.917160 188.571747
v -47.779537 14.760483 188.571899
v -47.796856 15.848664 188.400024
v -42.538784 18.574995 205.131927
v -42.521469 17.486813 205.303802
v -38.472103 19.590527 218.215820
v -38.368999 20.741205 218.427521
v -42.829346 18.424082 204.205688
v -42.812031 17.335899 204.377548
v -38.104847 19.781361 219.387131
v -38.666424 22.592636 217.267044
v -37.691181 19.996323 220.706512
v -37.740162 23.073824 220.220459
v -37.538761 20.075495 221.192459
v -37.556080 21.163675 221.020584
v -38.741295 18.295103 202.992432
v -38.728252 17.207150 203.166107
v -43.666893 15.136042 190.561966
v -43.826553 16.162460 190.013794
v -38.386894 18.443674 203.896591
v -38.373852 17.355719 204.070251
v -44.114750 14.948158 189.418549
v -43.526966 18.287149 190.522644
v -44.619247 14.736529 188.130600
v -44.656155 17.813395 187.639465
v -44.805031 14.658577 187.656219
v -44.818081 15.746533 187.482559
v -38.418213 18.430679 203.817520
v -38.405170 17.342724 203.991180
v -33.473888 19.414413 216.599152
v -33.340328 20.563904 216.799988
v -38.772026 18.282064 202.913071
v -38.758984 17.194107 203.086746
v -33.026611 19.602337 217.742859
v -33.687725 22.417040 215.656250
v -32.522892 19.814034 219.031219
v -32.559799 22.890896 218.540085
v -32.337311 19.891996 219.505722
v -32.350361 20.979954 219.332062
v -34.924793 17.993546 201.009232
v -34.917301 16.905985 201.185669
v -40.988739 14.899472 189.075104
v -41.176498 15.927420 188.538818
v -34.489132 18.137480 201.877960
v -34.481644 17.049917 202.054398
v -41.539394 14.717453 187.976456
v -40.792503 18.047153 189.010223
v -42.159645 14.512419 186.738922
v -42.180843 17.588171 186.239944
v -42.388058 14.436900 186.283096
v -42.395554 15.524463 186.106659
v -34.527569 18.124893 201.801987
v -34.520081 17.037331 201.978424
v -28.456007 19.044418 214.092834
v -28.283237 20.191597 214.276245
v -34.962643 17.980911 200.932968
v -34.955154 16.893349 201.109390
v -27.906033 19.226490 215.191803
v -28.694733 22.048252 213.159775
v -27.286558 19.431587 216.429718
v -27.307755 22.507339 215.930756
v -27.058336 19.507124 216.885651
v -27.065832 20.594687 216.709229
v -31.107378 17.692444 199.027924
v -31.105169 16.605391 199.207626
v -38.259937 14.686751 187.688385
v -38.474602 15.716797 187.166428
v -30.594059 17.830078 199.854248
v -30.591850 16.743025 200.033936
v -38.908871 14.512693 186.643372
v -38.009983 17.829842 187.593185
v -39.639828 14.316638 185.466278
v -39.646091 17.390949 184.958115
v -39.909008 14.244421 185.032700
v -39.911228 15.331476 184.853012
v -30.639254 17.818039 199.781982
v -30.637041 16.730984 199.961670
v -23.489637 18.650208 211.484741
v -23.279406 19.794270 211.647324
v -31.152090 17.680368 198.955399
v -31.149881 16.593313 199.135086
v -22.841383 18.824314 212.530075
v -23.752319 21.655758 210.563736
v -22.111210 19.020435 213.707596
v -22.117477 22.094748 213.199448
v -21.842215 19.092663 214.141266
v -21.844431 20.179716 213.961594
v -27.288933 17.391792 197.048508
v -27.291685 16.305359 197.231888
v -35.471432 14.497132 186.396912
v -35.711582 15.529840 185.891586
v -26.702038 17.521500 197.825714
v -26.704788 16.435066 198.009109
v -36.213314 14.333090 185.413971
v -35.170673 17.634510 186.266693
v -37.049007 14.148309 184.306763
v -37.041245 17.220869 183.788132
v -37.356808 14.080249 183.898956
v -37.354061 15.166682 183.715561
v -26.753721 17.510159 197.757782
v -26.756474 16.423725 197.941162
v -18.584087 18.232534 208.779984
v -18.338444 19.372698 208.918533
v -27.340034 17.380405 196.980270
v -27.342785 16.293970 197.163651
v -17.842787 18.396622 209.763229
v -18.869406 21.240290 207.872986
v -17.007866 18.581465 210.870834
v -17.000101 21.654026 210.352219
v -16.700359 18.649546 211.278793
v -16.697615 19.735979 211.095413
v -23.705921 17.024717 194.807068
v -23.713524 15.939049 194.994797
v -32.898170 14.270859 184.975189
v -33.163364 15.306951 184.489685
v -23.046967 17.144379 195.525803
v -23.054571 16.058710 195.713531
v -33.731228 14.119516 184.066177
v -32.547619 17.401073 184.803513
v -34.669571 13.949037 183.042236
v -34.648087 17.019436 182.511337
v -35.015160 13.886240 182.665070
v -35.007568 14.971910 182.477341
v -23.104843 17.133936 195.463028
v -23.112446 16.048267 195.650757
v -13.932681 17.717749 205.677032
v -13.652296 18.852995 205.787064
v -23.763479 17.014189 194.743866
v -23.771082 15.928520 194.931610
v -13.100078 17.869209 206.586639
v -14.240328 20.728346 204.786942
v -12.162246 18.039822 207.611252
v -12.140764 21.110220 207.080353
v -11.816782 18.102654 207.988586
v -11.809186 19.188322 207.800858
v -21.186886 16.357210 191.380310
v -21.199905 15.272629 191.573914
v -31.502399 13.807025 182.671249
v -31.795382 14.848049 182.213058
v -20.447716 16.462330 192.018845
v -20.460735 15.377748 192.212463
v -32.436848 13.674052 181.863541
v -31.096458 16.926908 182.442902
v -33.489429 13.524269 180.953720
v -33.452621 16.591597 180.406174
v -33.877098 13.469096 180.618591
v -33.864082 14.553680 180.424973
v -20.512651 16.453167 191.963150
v -20.525669 15.368585 192.156769
v -10.228060 16.835478 201.066040
v -9.909049 17.963619 201.137009
v -21.251436 16.347948 191.324066
v -21.264456 15.263366 191.517700
v -9.293993 16.968552 201.874283
v -10.560445 19.850266 200.199356
v -8.241924 17.118471 202.784805
v -8.205119 20.185797 202.237244
v -7.854385 17.173679 203.120102
v -7.841372 18.258261 202.926498
v -18.665163 15.690317 187.955841
v -18.682867 14.606977 188.155899
v -29.963705 13.375296 180.488739
v -30.281065 14.422029 180.060791
v -17.855820 15.778652 188.505753
v -17.873524 14.695311 188.705841
v -30.986931 13.263543 179.793121
v -29.509453 16.483286 180.197861
v -32.139481 13.137652 179.009491
v -32.089420 16.201475 178.443649
v -32.563992 13.091288 178.720871
v -32.546291 14.174632 178.520798
v -17.926899 15.770962 188.457794
v -17.944605 14.687618 188.657883
v -6.668647 15.920590 196.331696
v -6.315885 17.040543 196.359482
v -18.735859 15.682525 187.907394
v -18.753563 14.599183 188.107468
v -5.645868 16.032459 197.027939
v -7.022845 18.940254 195.491013
v -4.493767 16.158468 197.812149
v -4.443712 19.222288 197.246307
v -4.069448 16.204885 198.101028
v -4.051747 17.288229 197.900955
v -16.140516 15.023986 184.533432
v -16.162109 13.942019 184.740463
v -28.268484 12.972414 178.410477
v -28.606482 14.025557 178.015305
v -15.271995 15.093526 184.987442
v -15.293587 14.011560 185.194473
v -29.366615 12.884433 177.836136
v -27.773649 16.067122 178.052017
v -30.603559 12.785324 177.189178
v -30.542505 15.845255 176.603714
v -31.059128 12.748817 176.950851
v -31.037539 13.830786 176.743835
v -15.348230 15.087472 184.947876
v -15.369823 14.005507 185.154907
v -3.268326 14.976402 191.491501
v -2.887150 16.087194 191.472641
v -16.216431 15.017847 184.493423
v -16.238024 13.935881 184.700439
v -2.170644 15.064504 192.066452
v -3.641110 18.001570 190.679108
v -0.934212 15.163745 192.714111
v -0.873158 18.223677 192.128662
v -0.478771 15.200288 192.952606
v -0.457184 16.282255 192.745605
v -13.820294 14.332513 181.032166
v -13.844672 13.251906 181.245865
v -26.584696 12.555740 176.272171
v -26.938786 13.615640 175.910583
v -12.906327 14.382436 181.388885
v -12.930706 13.301828 181.602585
v -27.740343 12.492568 175.820892
v -26.059183 15.636814 175.846222
v -29.042080 12.421412 175.312576
v -28.973139 15.477492 174.708191
v -29.521530 12.395197 175.125290
v -29.497154 13.475804 174.911591
v -12.986439 14.378124 181.357910
v -13.010817 13.297518 181.571625
v -0.271938 13.995425 186.553375
v 0.130906 15.096740 186.487534
v -13.900315 14.328065 181.000565
v -13.924693 13.247458 181.214279
v 0.883617 14.058740 187.005310
v -0.659582 17.026541 185.770660
v 2.185234 14.130075 187.514450
v 2.254177 17.186157 186.910065
v 2.664658 14.156339 187.701920
v 2.689033 15.236944 187.488220
v -13.232620 13.426950 176.858063
v -13.257215 12.346635 177.073212
v -26.305153 11.822259 172.948364
v -26.668175 12.886972 172.610550
v -12.296569 13.464548 177.153870
v -12.321161 12.384232 177.369019
v -27.488741 11.774674 172.574097
v -25.767992 14.896351 172.487900
v -28.821947 11.721077 172.152527
v -28.752396 14.776337 171.544083
v -29.312986 11.701324 171.997223
v -29.288393 12.781640 171.782074
v -12.378615 13.461319 177.128250
v -12.403208 12.381001 177.343414
v 0.643586 12.907122 181.476288
v 1.055794 14.003042 181.383820
v -13.314575 13.423582 176.831787
v -13.339170 12.343266 177.046951
v 1.827066 12.954866 181.851288
v 0.245516 15.943570 180.719910
v 3.160155 13.008650 182.273712
v 3.229707 16.063910 181.665253
v 3.651165 13.028446 182.429245
v 3.675755 14.108763 182.214096
v -12.643370 12.521492 172.684494
v -12.668080 11.441468 172.901093
v -25.965136 11.092439 169.643463
v -26.335440 12.162068 169.329971
v -11.689460 12.546523 172.918137
v -11.714170 11.466499 173.134735
v -27.171324 11.060761 169.347870
v -25.418720 14.159429 169.147873
v -28.529993 11.025078 169.014908
v -28.460110 14.079511 168.402344
v -29.030409 11.011925 168.892227
v -29.005703 12.091949 168.675629
v -11.773063 12.544382 172.897919
v -11.797772 11.464358 173.114517
v 1.498140 11.815133 176.380188
v 1.917865 12.905551 176.260498
v -12.726898 12.519238 172.663727
v -12.751608 11.439214 172.880325
v 2.704222 11.846971 176.676514
v 1.091460 14.857051 175.650848
v 4.062770 11.882837 177.010330
v 4.132655 14.937271 176.397766
v 4.563157 11.896034 177.133224
v 4.587867 12.976059 176.916626
v -12.052516 11.616128 168.511383
v -12.077244 10.536397 168.729446
v -25.563490 10.365479 166.353485
v -25.939398 11.440107 166.064743
v -11.085032 11.628370 168.681747
v -11.109759 10.548639 168.899796
v -26.786842 10.349951 166.137833
v -25.010244 13.425249 165.822159
v -28.164852 10.332467 165.894958
v -28.094919 13.386070 165.278290
v -28.672400 10.326025 165.805511
v -28.647669 11.405755 165.587463
v -11.169829 11.627359 168.667099
v -11.194557 10.547629 168.885162
v 2.290544 10.720294 171.269180
v 2.715907 11.805127 171.121841
v -12.137226 11.614981 168.496140
v -12.161953 10.535251 168.714188
v 3.513806 10.735957 171.485443
v 1.877148 13.767752 170.567276
v 4.891693 10.753627 171.729187
v 4.961625 13.807231 171.112518
v 5.399196 10.760138 171.818970
v 5.423924 11.839868 171.600922
v -11.460020 10.710814 164.338577
v -11.484666 9.631375 164.558075
v -25.099333 9.640534 163.074295
v -25.479137 10.720221 162.810577
v -10.483334 10.710149 164.444977
v -10.507979 9.630710 164.664474
v -26.334345 9.641351 162.939590
v -24.541718 12.693025 162.506866
v -27.725483 9.642265 162.787888
v -27.655781 12.695043 162.167114
v -28.237864 9.642595 162.731949
v -28.213217 10.722034 162.512451
v -10.568933 10.710258 164.435898
v -10.593578 9.630820 164.655396
v 3.019948 9.623405 166.147263
v 3.449044 10.702598 165.971954
v -11.545544 10.710810 164.328964
v -11.570189 9.631371 164.548477
v 4.254851 9.622751 166.282669
v 2.601716 12.676494 165.473221
v 5.645871 9.622020 166.435242
v 5.715573 12.674796 165.814468
v 6.158220 9.621737 166.491364
v 6.182865 10.701176 166.271866
v -11.036185 9.826234 160.158798
v -11.060315 8.746133 160.375076
v -24.735733 8.909348 159.664536
v -25.117878 9.994272 159.427002
v -10.055145 9.814515 160.209717
v -10.079274 8.734414 160.425995
v -25.976263 8.924141 159.599991
v -24.177362 11.958178 159.078476
v -27.373617 8.940813 159.527359
v -27.305370 11.995451 158.915634
v -27.888296 8.946945 159.500549
v -27.864164 10.027041 159.284271
v -10.141082 9.815598 160.205551
v -10.165211 8.735497 160.421829
v 3.510441 8.573857 161.140472
v 3.940848 9.649131 160.945419
v -11.122141 9.827193 160.153992
v -11.146270 8.747092 160.370270
v 4.750991 8.559192 161.205643
v 3.088560 11.634330 160.503220
v 6.148367 8.542686 161.279144
v 6.216612 11.597324 160.667419
v 6.663052 8.536595 161.306168
v 6.687182 9.616692 161.089859
v -11.159147 9.007698 155.955917
v -11.181956 7.924058 156.153870
v -24.870808 8.150020 155.813171
v -25.254667 9.240345 155.604965
v -10.177142 8.991477 155.980316
v -10.199953 7.907839 156.178253
v -26.112555 8.170514 155.782227
v -24.315685 11.206606 155.265671
v -27.511284 8.193588 155.747330
v -27.446770 11.258232 155.187439
v -28.026463 8.202089 155.734497
v -28.003653 9.285725 155.536514
v -10.263165 8.992955 155.978455
v -10.285974 7.909317 156.176407
v 3.403105 7.684933 156.525223
v 3.832589 8.761880 156.337494
v -11.245186 9.009051 155.953445
v -11.267996 7.925412 156.151382
v 4.644876 7.664584 156.556900
v 2.977012 10.757658 155.953033
v 6.043625 7.641656 156.592529
v 6.108138 10.706300 156.032654
v 6.558813 7.633217 156.605698
v 6.581625 8.716852 156.407730
v -11.260880 8.209561 151.749619
v -11.282869 7.122563 151.928284
v -24.975386 7.394316 151.896973
v -25.360172 8.489367 151.717209
v -10.278613 8.190075 151.751892
v -10.300603 7.103075 151.930588
v -26.217468 7.418973 151.894165
v -24.422464 10.458751 151.392883
v -27.616575 7.446752 151.891006
v -27.554382 10.520896 151.385605
v -28.131891 7.456975 151.889801
v -28.109898 8.543969 151.711090
v -10.364671 8.191815 151.751953
v -10.386661 7.104817 151.930618
v 3.305672 6.834196 151.970108
v 3.734439 7.913134 151.792450
v -11.346925 8.211228 151.749115
v -11.368915 7.124229 151.927795
v 4.547738 6.809643 151.973663
v 2.877132 9.918068 151.463486
v 5.946824 6.781984 151.977676
v 6.009017 9.856128 151.472275
v 6.462134 6.771790 151.979095
v 6.484127 7.858784 151.800385
v -11.167381 7.620094 147.507599
v -11.188371 6.528874 147.658508
v -24.877642 6.745466 147.320618
v -25.263330 7.843101 147.159515
v -10.185347 7.604556 147.531830
v -10.206337 6.513336 147.682739
v -26.119432 6.765111 147.289948
v -24.327665 9.823817 146.906052
v -27.518206 6.787250 147.255463
v -27.458839 9.873334 146.828568
v -28.033398 6.795398 147.242706
v -28.012407 7.886612 147.091766
v -10.271385 7.605958 147.529999
v -10.292375 6.514738 147.680923
v 3.396713 6.299279 148.026993
v 3.824385 7.384078 147.886215
v -11.253406 7.621406 147.505127
v -11.274396 6.530186 147.656036
v 4.638489 6.279723 148.058304
v 2.965464 9.393113 147.587906
v 6.037243 6.257705 148.093643
v 6.096610 9.343790 147.666763
v 6.552433 6.249587 148.106598
v 6.573424 7.340802 147.955658
v -11.066022 7.038977 143.264755
v -11.085362 5.944249 143.387939
v -24.764374 6.113266 142.743057
v -25.151398 7.213001 142.600586
v -10.084723 7.026853 143.311020
v -10.104063 5.932125 143.434189
v -26.005228 6.128602 142.684586
v -24.219431 9.203235 142.417953
v -27.402954 6.145877 142.618759
v -27.348251 9.241886 142.270325
v -27.917763 6.152235 142.594452
v -27.898422 7.246960 142.471252
v -10.170711 7.027941 143.307236
v -10.190050 5.933213 143.430420
v 3.488402 5.764931 144.083511
v 3.914114 6.854645 143.979584
v -11.151965 7.040008 143.260361
v -11.171306 5.945280 143.383545
v 4.729208 5.749662 144.142715
v 3.052859 8.866989 143.711868
v 6.126876 5.732462 144.209442
v 6.181580 8.828471 143.860992
v 6.641672 5.726126 144.233963
v 6.661015 6.820851 144.110748
v -10.778350 6.656363 139.003448
v -10.795498 5.559012 139.100937
v -24.457933 5.689276 138.163849
v -24.846663 6.790484 138.038391
v -9.798244 6.647024 139.070724
v -9.815392 5.549673 139.168198
v -25.697290 5.701097 138.078888
v -23.919792 8.788059 137.921936
v -27.093323 5.714413 137.983185
v -27.044821 8.817841 137.707397
v -27.607508 5.719310 137.947861
v -27.590357 6.816658 137.850342
v -9.884123 6.647864 139.065079
v -9.901271 5.550513 139.162567
v 3.760612 5.420985 140.107834
v 4.183641 6.514476 140.038300
v -10.864194 6.657156 138.997269
v -10.881341 5.559804 139.094742
v 4.999916 5.409233 140.193573
v 3.319461 8.529079 139.798447
v 6.395890 5.395996 140.290131
v 6.444395 8.499422 140.014343
v 6.910063 5.391116 140.325638
v 6.927212 6.488464 140.228119
v -10.475518 6.289609 134.741898
v -10.489929 5.190256 134.813965
v -24.129677 5.288520 133.586395
v -24.520460 6.390785 133.477722
v -9.497035 6.282560 134.829956
v -9.511447 5.183208 134.902023
v -25.366976 5.297437 133.475082
v -23.600090 8.394098 133.426727
v -26.760689 5.307479 133.349640
v -26.719921 8.416569 133.145752
v -27.274019 5.311179 133.303436
v -27.259605 6.410530 133.231354
v -9.582788 6.283192 134.822540
v -9.597199 5.183839 134.894608
v 4.041661 5.085961 136.130356
v 4.461276 6.182400 136.094864
v -10.561202 6.290210 134.733826
v -10.575612 5.190857 134.805893
v 5.278880 5.077081 136.242447
v 3.593596 8.198568 135.882385
v 6.672508 5.067075 136.368652
v 6.713275 8.176165 136.164764
v 7.185809 5.063389 136.415131
v 7.200224 6.162740 136.343048
v -10.015536 6.087389 130.477554
v -10.026913 4.986747 130.526886
v -23.639765 5.060339 129.029587
v -24.032787 6.163161 128.935623
v -9.038990 6.082113 130.585007
v -9.050365 4.981471 130.634338
v -24.874624 5.067019 128.893784
v -23.119730 8.170451 128.943848
v -26.265593 5.074542 128.740829
v -26.233412 8.187281 128.601242
v -26.777908 5.077309 128.684464
v -26.766529 6.177949 128.635086
v -9.124567 6.082586 130.575821
v -9.135942 4.981944 130.625168
v 4.476024 4.908740 132.130661
v 4.891803 6.007200 132.125885
v -10.101056 6.087838 130.467834
v -10.112432 4.987195 130.517166
v 5.710804 4.902098 132.267197
v 4.020339 8.024114 131.937286
v 7.101678 4.894614 132.421005
v 7.133861 8.007352 132.281387
v 7.613970 4.891858 132.477600
v 7.625350 5.992499 132.428238
v -9.521869 5.919147 126.214729
v -9.529856 4.817714 126.242256
v -23.111387 4.872165 124.482201
v -23.506863 5.975213 124.402252
v -8.547561 5.915242 126.340988
v -8.555546 4.813808 126.368500
v -24.343401 4.877106 124.322517
v -22.602070 7.985196 124.467613
v -25.731169 4.882672 124.142723
v -25.708570 7.997650 124.064835
v -26.242306 4.884721 124.076454
v -26.234314 5.986155 124.048897
v -8.632959 5.915588 126.330215
v -8.640945 4.814154 126.357742
v 4.939417 4.759804 128.125931
v 5.350872 5.859620 128.150803
v -9.607173 5.919485 126.203316
v -9.615158 4.818051 126.230843
v 6.171338 4.754873 128.286270
v 4.475272 7.876734 127.984886
v 7.558983 4.749317 128.466934
v 7.581580 7.864295 128.389038
v 8.070090 4.747269 128.533417
v 8.078079 5.848701 128.505890
v -8.913909 5.866243 121.957016
v -8.918467 4.764480 121.965652
v -22.466778 4.804853 119.966057
v -22.864695 5.907814 119.897858
v -7.941987 5.863348 122.100449
v -7.946544 4.761585 122.109085
v -23.695782 4.808517 119.784706
v -21.968342 7.919321 120.013420
v -25.080149 4.812643 119.580368
v -25.067245 7.928553 119.555847
v -25.590044 4.814162 119.505119
v -25.585480 5.915925 119.496452
v -8.027174 5.863605 122.088173
v -8.031732 4.761842 122.096825
v 5.515411 4.721571 124.104591
v 5.922451 5.822136 124.155449
v -8.999006 5.866493 121.944084
v -9.003564 4.764730 121.952744
v 6.744309 4.717918 124.286720
v 5.042758 7.838928 124.008331
v 8.128567 4.713801 124.491814
v 8.141468 7.829712 124.467278
v 8.638414 4.712284 124.567360
v 8.642976 5.814048 124.558670
v -8.249869 5.865761 117.703743
v -8.251007 4.763985 117.695816
v -21.764816 4.793908 115.474518
v -22.165127 5.896576 115.416328
v -7.280430 5.863615 117.863129
v -7.281567 4.761838 117.855194
v -22.990694 4.796624 115.273033
v -21.277296 7.908786 115.576729
v -24.371540 4.799684 115.046097
v -24.368313 7.915635 115.068489
v -24.880123 4.800810 114.962463
v -24.878984 5.902587 114.970367
v -7.365401 5.863799 117.849419
v -7.366538 4.762022 117.841484
v 6.145869 4.731982 120.070946
v 6.548460 5.832868 120.144974
v -8.334748 5.865953 117.689491
v -8.335885 4.764176 117.681557
v 7.371617 4.729256 120.273155
v 5.664782 7.849005 120.013626
v 8.752317 4.726183 120.500938
v 8.755545 7.842135 120.523331
v 9.260865 4.725053 120.584785
v 9.262006 5.826829 120.592705
v -7.520298 5.926590 113.455734
v -7.518171 4.825003 113.433853
v -20.997375 4.847117 111.011681
v -21.399921 5.949364 110.961472
v -6.553331 5.925004 113.629486
v -6.551205 4.823418 113.607605
v -22.220104 4.849125 110.791939
v -20.520327 7.961738 111.160530
v -23.597422 4.851385 110.544479
v -23.603422 7.966800 110.606300
v -24.104700 4.852217 110.453278
v -24.106825 5.953805 110.475136
v -6.638093 5.925139 113.614548
v -6.635967 4.823552 113.592674
v 6.841840 4.801321 116.022987
v 7.240138 5.902251 116.116943
v -7.604950 5.926734 113.440163
v -7.602823 4.825147 113.418289
v 8.064458 4.799303 116.243401
v 6.352762 7.917530 115.997917
v 9.441623 4.797033 116.491722
v 9.435620 7.912447 116.553528
v 9.948868 4.796196 116.583130
v 9.946745 5.897782 116.604988
v -6.717051 6.045016 109.212318
v -6.712373 4.943648 109.181618
v -20.161682 4.958562 106.598328
v -20.565887 6.060377 106.552162
v -5.752227 6.043948 109.397621
v -5.747550 4.942580 109.366905
v -21.381704 4.959915 106.364006
v -19.692924 8.072818 106.777939
v -22.755966 4.961441 106.100082
v -22.769188 8.076237 106.186905
v -23.262127 4.962003 106.002823
v -23.266802 6.063371 106.033516
v -5.836808 6.044032 109.381683
v -5.832131 4.942664 109.350967
v 7.615599 4.927493 111.942383
v 8.010455 6.028416 112.049942
v -6.801507 6.045121 109.195740
v -6.796830 4.943753 109.165031
v 8.835480 4.926116 112.177444
v 7.120380 8.042826 111.936531
v 10.209574 4.924564 112.442230
v 10.196355 8.039361 112.529053
v 10.715690 4.923996 112.539703
v 10.711016 6.025364 112.570404
v -5.880662 6.183945 104.968887
v -5.873981 5.082751 104.932762
v -19.296770 5.090460 102.214943
v -19.702192 6.191887 102.170204
v -4.917751 6.183392 105.163895
v -4.911070 5.082198 105.127777
v -20.514389 5.091161 101.968422
v -18.834652 8.204474 102.414764
v -21.885939 5.091949 101.690742
v -21.904829 8.206251 101.792892
v -22.391096 5.092241 101.588417
v -22.397776 6.193435 101.624542
v -5.002159 6.183431 105.147049
v -4.995478 5.082237 105.110924
v 8.425622 5.074225 107.836861
v 8.817683 6.175186 107.953842
v -5.964959 6.184004 104.951515
v -5.958278 5.082810 104.915398
v 9.643086 5.073498 108.084137
v 7.925671 8.188807 107.841568
v 11.014457 5.072678 108.362679
v 10.995563 8.186980 108.464836
v 11.519566 5.072378 108.465218
v 11.512886 6.173571 108.501335
v -4.997491 6.341076 100.721405
v -4.990138 5.239837 100.686874
v -18.396387 5.238058 97.888710
v -18.801991 6.339250 97.840004
v -4.035756 6.341206 100.922119
v -4.028402 5.239966 100.887581
v -19.612505 5.237896 97.634895
v -17.936750 8.352550 98.086868
v -20.982349 5.237718 97.348953
v -21.003145 8.352151 97.446625
v -21.486898 5.237652 97.243652
v -21.494249 6.338892 97.278191
v -4.120070 6.341184 100.904823
v -4.112717 5.239944 100.870285
v 9.291841 5.241420 103.676567
v 9.682737 6.342709 103.794357
v -5.081673 6.341079 100.703476
v -5.074319 5.239839 100.668938
v 10.507802 5.241553 103.931129
v 8.790593 8.355794 103.673866
v 11.877492 5.241705 104.217834
v 11.856701 8.356139 104.315506
v 12.381971 5.241758 104.323448
v 12.374619 6.342999 104.357986
v -4.097403 6.468100 96.454468
v -4.091577 5.366531 96.432350
v -17.498486 5.351730 93.637306
v -17.902584 6.452862 93.576286
v -3.135630 6.469162 96.654991
v -3.129803 5.367593 96.632874
v -18.714664 5.350388 93.383759
v -17.034513 8.467616 93.800285
v -20.084581 5.348878 93.098183
v -20.101068 8.464239 93.160789
v -20.589140 5.348321 92.992935
v -20.594969 6.449889 93.015076
v -3.219939 6.469062 96.637672
v -3.214112 5.367493 96.615555
v 10.191069 5.382067 99.418739
v 10.583508 6.484072 99.524033
v -4.181598 6.468015 96.436600
v -4.175772 5.366446 96.414482
v 11.407085 5.383388 99.673035
v 9.694105 8.496901 99.381081
v 12.776822 5.384875 99.959480
v 12.760339 8.500236 100.022095
v 13.281336 5.385424 100.064934
v 13.275506 6.486992 100.087067
v -3.206106 6.529838 92.157036
v -3.204485 5.428040 92.161011
v -16.633654 5.398587 89.475098
v -17.034216 6.499510 89.391243
v -2.242722 6.531952 92.349670
v -2.241101 5.430154 92.353653
v -17.851835 5.395916 89.231400
v -16.157005 8.515654 89.560432
v -19.224031 5.392908 88.956940
v -19.228638 8.508920 88.945816
v -19.729425 5.391801 88.855804
v -19.731054 6.493599 88.851868
v -2.327181 6.531767 92.333092
v -2.325559 5.429969 92.337067
v 11.101945 5.459432 95.031189
v 11.499249 6.562104 95.107170
v -3.290433 6.529652 92.139809
v -3.288812 5.427854 92.143784
v 12.319994 5.462101 95.275558
v 10.616066 8.574386 94.923698
v 13.692013 5.465111 95.550888
v 13.687407 8.581121 95.539757
v 14.197364 5.466219 95.652237
v 14.195734 6.568017 95.648308
v -2.359914 6.455235 87.803574
v -2.366529 5.354777 87.857674
v -15.851586 5.318413 85.468361
v -16.245581 6.417787 85.343224
v -1.392517 6.457839 87.974915
v -1.399132 5.357383 88.029022
v -17.074842 5.315114 85.251572
v -15.349648 8.431958 85.401405
v -18.452732 5.311395 85.007324
v -18.434065 8.423628 84.854576
v -18.960236 5.310026 84.917381
v -18.953634 6.410487 84.863373
v -1.477320 6.457629 87.960205
v -1.483935 5.357172 88.014305
v 11.999666 5.394017 90.411980
v 12.406864 6.495565 90.429062
v -2.444601 6.454984 87.788216
v -2.451216 5.354527 87.842323
v 13.222789 5.397361 90.629532
v 11.535052 8.504936 90.173477
v 14.600540 5.401124 90.874535
v 14.619206 8.513357 90.721794
v 15.107989 5.402512 90.964813
v 15.114591 6.502973 90.910812
v -1.648077 6.092481 83.369255
v -1.666824 4.999921 83.510468
v -15.240344 4.997629 81.689774
v -15.624841 6.090114 81.494453
v -0.674342 6.092643 83.499840
v -0.693089 5.000085 83.641052
v -16.471626 4.997415 81.524559
v -14.700918 8.087665 81.356163
v -17.858561 4.997174 81.338440
v -17.805584 8.087102 80.939438
v -18.369396 4.997077 81.269844
v -18.350662 6.089653 81.128769
v -0.759678 6.092669 83.488663
v -0.778424 5.000110 83.629868
v 12.794102 5.003713 85.458954
v 13.216066 6.096373 85.372063
v -1.733346 6.092419 83.357513
v -1.752093 4.999861 83.498726
v 14.025291 5.004048 85.624954
v 12.360626 8.093537 84.994560
v 15.412120 5.004427 85.811951
v 15.465096 8.094356 85.412949
v 15.922931 5.004559 85.880760
v 15.941663 6.097134 85.739677
v -1.181389 5.272380 78.948273
v -1.208967 4.195850 79.181297
v -14.839650 4.258296 77.856071
v -15.217011 5.336665 77.583618
v -0.203554 5.267891 79.043297
v -0.231133 4.191362 79.276329
v -16.076122 4.263949 77.735802
v -14.273172 7.300706 77.244972
v -17.468904 4.270333 77.600380
v -17.390923 7.314923 76.941566
v -17.981892 4.272669 77.550461
v -17.954319 5.349215 77.317513
v -0.289242 5.268357 79.035271
v -0.316821 4.191827 79.268295
v 13.313202 4.131341 80.601624
v 13.745708 5.206057 80.408150
v -1.267024 5.272688 78.939598
v -1.294603 4.196159 79.172623
v 14.549621 4.125844 80.722534
v 12.902670 7.178155 79.895248
v 15.942331 4.119665 80.858810
v 16.020309 7.164256 80.199989
v 16.455299 4.117380 80.908958
v 16.482872 5.193925 80.676003
v -0.807652 4.194892 74.665451
v -0.837386 3.128528 74.941055
v -14.465088 3.157806 73.583893
v -14.840195 4.225012 73.267853
v 0.169956 4.192822 74.762909
v 0.140221 3.126459 75.038513
v -15.701289 3.160454 73.460739
v -13.892597 6.172608 72.853264
v -17.093777 3.163461 73.322105
v -17.009682 6.179276 72.542717
v -17.606649 3.164554 73.270988
v -17.576914 4.230923 72.995399
v 0.084293 4.193055 74.754570
v 0.054559 3.126691 75.030174
v 13.681468 3.099595 76.395515
v 14.116046 4.165126 76.160362
v -0.893274 4.195013 74.656677
v -0.923008 3.128649 74.932281
v 14.917610 3.097115 76.519287
v 13.277166 6.116417 75.567322
v 16.310013 3.094331 76.658760
v 16.394110 6.110147 75.879356
v 16.822866 3.093295 76.710083
v 16.852602 4.159664 76.434494
vn -0.0251 -0.9689 0.2460
vn 0.8976 -0.3949 0.1960
vn 0.0252 0.9686 -0.2475
vn -0.0244 -0.9706 0.2395
vn 0.0919 -0.1501 -0.9844
vn -0.0910 0.2487 0.9643
vn -0.0910 0.2486 0.9643
vn 0.0918 -0.1499 -0.9844
vn 0.0245 0.9703 -0.2406
vn -0.0906 0.2485 0.9644
vn -0.0257 -0.9672 0.2526
vn 0.0917 -0.1502 -0.9844
vn 0.0919 -0.1503 -0.9844
vn 0.0261 0.9660 -0.2574
vn 0.0920 -0.1503 -0.9844
vn -0.0258 -0.9669 0.2538
vn -0.9948 0.0003 -0.1020
vn -0.0259 -0.9667 0.2547
vn -0.9571 0.2406 -0.1617
vn -0.0239 -0.9722 0.2331
vn -0.9180 -0.3966 -0.0000
vn 0.0239 0.9720 -0.2339
vn -0.0245 -0.9706 0.2396
vn 0.0924 -0.1501 -0.9843
vn -0.0916 0.2487 0.9642
vn -0.0915 0.2486 0.9643
vn 0.0923 -0.1499 -0.9844
vn 0.0246 0.9703 -0.2407
vn -0.0919 0.2486 0.9643
vn -0.0233 -0.9737 0.2266
vn 0.0928 -0.1501 -0.9843
vn 0.0925 -0.1503 -0.9843
vn 0.0234 0.9733 -0.2284
vn 0.0924 -0.1503 -0.9843
vn -0.0231 -0.9740 0.2255
vn 0.9947 -0.0000 0.1032
vn -0.0231 -0.9742 0.2246
vn -0.0916 0.2487 0.9643
vn 0.9694 0.2416 0.0428
vn -0.0015 -0.9997 0.0240
vn 0.9100 -0.4114 0.0512
vn 0.0014 0.9998 -0.0220
vn -0.0013 -0.9998 0.0207
vn 0.0270 0.0337 -0.9991
vn 0.0270 0.0338 -0.9991
vn 0.0012 0.9998 -0.0187
vn -0.0018 -0.9996 0.0284
vn 0.0268 0.0338 -0.9991
vn 0.0271 0.0337 -0.9991
vn 0.0014 0.9998 -0.0219
vn -0.0018 -0.9996 0.0293
vn -0.9988 0.0038 -0.0482
vn -0.0018 -0.9995 0.0300
vn -0.9663 0.2524 -0.0494
vn -0.0011 -0.9998 0.0183
vn -0.9130 -0.4059 -0.0417
vn 0.0010 0.9999 -0.0164
vn 0.0276 0.0337 -0.9991
vn 0.0011 0.9998 -0.0188
vn -0.0010 -0.9999 0.0163
vn 0.0280 0.0338 -0.9990
vn 0.0007 0.9999 -0.0108
vn -0.0010 -0.9999 0.0160
vn 0.9986 -0.0035 0.0536
vn -0.0010 -0.9999 0.0158
vn 0.9682 0.2457 0.0472
vn 0.0018 -0.9993 -0.0382
vn 0.9140 -0.4057 0.0014
vn -0.0018 0.9993 0.0381
vn 0.0019 -0.9992 -0.0406
vn 0.0161 0.0380 -0.9991
vn 0.0160 0.0380 -0.9991
vn -0.0019 0.9992 0.0406
vn 0.0018 -0.9994 -0.0356
vn 0.0157 0.0382 -0.9991
vn -0.0018 0.9994 0.0354
vn 0.0018 -0.9994 -0.0351
vn -0.9998 -0.0011 -0.0181
vn 0.0018 -0.9994 -0.0348
vn -0.9691 0.2466 -0.0083
vn 0.0020 -0.9991 -0.0430
vn -0.9125 -0.4077 -0.0347
vn -0.0020 0.9991 0.0430
vn 0.0167 0.0380 -0.9991
vn 0.0020 -0.9990 -0.0453
vn 0.0170 0.0382 -0.9991
vn -0.0020 0.9990 0.0455
vn 0.0166 0.0380 -0.9991
vn 0.0020 -0.9990 -0.0457
vn 0.9998 0.0011 0.0184
vn 0.0020 -0.9989 -0.0460
vn 0.9681 0.2488 0.0287
vn 0.0030 -0.9994 -0.0347
vn 0.9145 -0.4045 -0.0013
vn -0.0030 0.9994 0.0347
vn 0.0031 -0.9993 -0.0365
vn 0.0131 0.0320 -0.9994
vn 0.0131 0.0321 -0.9994
vn -0.0031 0.9993 0.0365
vn 0.0030 -0.9995 -0.0330
vn 0.0128 0.0322 -0.9994
vn -0.0030 0.9995 0.0329
vn 0.0030 -0.9995 -0.0326
vn -0.9999 -0.0026 -0.0137
vn 0.0030 -0.9995 -0.0324
vn -0.9694 0.2453 -0.0049
vn 0.0031 -0.9993 -0.0382
vn -0.9120 -0.4091 -0.0284
vn -0.0031 0.9993 0.0382
vn 0.0137 0.0320 -0.9994
vn 0.0137 0.0321 -0.9994
vn -0.0031 0.9993 0.0364
vn 0.0031 -0.9992 -0.0399
vn 0.0140 0.0322 -0.9994
vn -0.0031 0.9992 0.0400
vn 0.0136 0.0321 -0.9994
vn 0.0031 -0.9992 -0.0402
vn 0.9999 0.0026 0.0137
vn 0.0031 -0.9992 -0.0404
vn 0.9679 0.2502 0.0229
vn 0.0038 -0.9996 -0.0262
vn 0.9149 -0.4038 0.0007
vn -0.0038 0.9997 0.0262
vn 0.0038 -0.9996 -0.0275
vn 0.0123 0.0265 -0.9996
vn 0.0123 0.0266 -0.9996
vn -0.0038 0.9996 0.0275
vn 0.0038 -0.9997 -0.0249
vn 0.0120 0.0267 -0.9996
vn -0.0038 0.9997 0.0249
vn 0.0038 -0.9997 -0.0247
vn -0.9999 -0.0035 -0.0122
vn 0.0038 -0.9997 -0.0245
vn -0.9696 0.2444 -0.0054
vn 0.0038 -0.9996 -0.0287
vn -0.9118 -0.4101 -0.0230
vn -0.0038 0.9996 0.0287
vn 0.0038 -0.9996 -0.0274
vn 0.0129 0.0265 -0.9996
vn 0.0129 0.0266 -0.9996
vn -0.0038 0.9996 0.0274
vn 0.0038 -0.9995 -0.0300
vn 0.0132 0.0267 -0.9996
vn -0.0038 0.9995 0.0300
vn 0.0128 0.0266 -0.9996
vn 0.0038 -0.9995 -0.0302
vn 0.9999 0.0035 0.0122
vn 0.0038 -0.9995 -0.0304
vn 0.9678 0.2512 0.0190
vn 0.0045 -0.9997 -0.0244
vn 0.9151 -0.4031 0.0013
vn -0.0045 0.9997 0.0243
vn 0.0045 -0.9997 -0.0255
vn 0.0118 0.0212 -0.9997
vn 0.0118 0.0213 -0.9997
vn -0.0045 0.9997 0.0255
vn 0.0045 -0.9997 -0.0232
vn 0.0115 0.0214 -0.9997
vn -0.0045 0.9997 0.0231
vn 0.0045 -0.9997 -0.0230
vn -0.9999 -0.0042 -0.0120
vn 0.0045 -0.9997 -0.0228
vn -0.9698 0.2438 -0.0057
vn 0.0045 -0.9996 -0.0267
vn -0.9115 -0.4108 -0.0220
vn -0.0045 0.9996 0.0267
vn 0.0124 0.0212 -0.9997
vn 0.0124 0.0213 -0.9997
vn 0.0045 -0.9996 -0.0279
vn 0.0127 0.0214 -0.9997
vn -0.0045 0.9996 0.0279
vn 0.0123 0.0213 -0.9997
vn 0.0045 -0.9996 -0.0281
vn 0.9999 0.0042 0.0120
vn 0.0045 -0.9996 -0.0282
vn 0.9676 0.2519 0.0184
vn 0.0050 -0.9999 -0.0158
vn 0.9153 -0.4026 0.0045
vn -0.0050 0.9999 0.0158
vn 0.0050 -0.9998 -0.0167
vn 0.0118 0.0174 -0.9998
vn 0.0118 0.0175 -0.9998
vn -0.0050 0.9998 0.0167
vn 0.0050 -0.9999 -0.0149
vn 0.0115 0.0176 -0.9998
vn -0.0050 0.9999 0.0149
vn 0.0119 0.0175 -0.9998
vn 0.0050 -0.9999 -0.0148
vn -0.9999 -0.0048 -0.0118
vn 0.0050 -0.9999 -0.0146
vn -0.9699 0.2432 -0.0076
vn 0.0050 -0.9998 -0.0175
vn -0.9113 -0.4114 -0.0181
vn -0.0050 0.9998 0.0176
vn 0.0124 0.0175 -0.9998
vn 0.0050 -0.9998 -0.0184
vn 0.0127 0.0176 -0.9998
vn -0.0050 0.9998 0.0185
vn 0.0050 -0.9998 -0.0186
vn 0.9999 0.0048 0.0118
vn 0.0050 -0.9998 -0.0187
vn 0.9675 0.2525 0.0159
vn 0.0055 -0.9999 -0.0158
vn 0.9156 -0.4022 0.0045
vn -0.0055 0.9999 0.0158
vn 0.0055 -0.9998 -0.0167
vn 0.0118 0.0137 -0.9998
vn -0.0055 0.9998 0.0167
vn 0.0055 -0.9999 -0.0149
vn 0.0115 0.0138 -0.9998
vn -0.0055 0.9999 0.0148
vn 0.0119 0.0138 -0.9998
vn 0.0055 -0.9999 -0.0147
vn -0.9999 -0.0053 -0.0118
vn 0.0055 -0.9999 -0.0146
vn -0.9701 0.2427 -0.0077
vn 0.0055 -0.9998 -0.0175
vn -0.9111 -0.4119 -0.0181
vn -0.0055 0.9998 0.0176
vn 0.0124 0.0137 -0.9998
vn 0.0055 -0.9998 -0.0184
vn 0.0128 0.0139 -0.9998
vn -0.0055 0.9998 0.0185
vn 0.0124 0.0138 -0.9998
vn 0.0055 -0.9998 -0.0186
vn 0.9999 0.0053 0.0118
vn 0.0055 -0.9998 -0.0187
vn 0.9673 0.2530 0.0159
vn 0.0059 -0.9999 -0.0104
vn 0.9157 -0.4018 0.0069
vn -0.0059 0.9999 0.0104
vn 0.0059 -0.9999 -0.0111
vn 0.0119 0.0107 -0.9999
vn -0.0059 0.9999 0.0111
vn 0.0059 -0.9999 -0.0097
vn 0.0116 0.0109 -0.9999
vn 0.0119 0.0108 -0.9999
vn -0.0059 0.9999 0.0096
vn 0.0120 0.0108 -0.9999
vn 0.0059 -0.9999 -0.0095
vn -0.9999 -0.0058 -0.0121
vn 0.0059 -0.9999 -0.0094
vn -0.9702 0.2423 -0.0092
vn 0.0059 -0.9999 -0.0119
vn -0.9109 -0.4123 -0.0160
vn -0.0059 0.9999 0.0119
vn 0.0125 0.0107 -0.9999
vn 0.0125 0.0108 -0.9999
vn 0.0059 -0.9999 -0.0126
vn 0.0128 0.0109 -0.9999
vn 0.0126 0.0108 -0.9999
vn -0.0059 0.9999 0.0127
vn 0.0059 -0.9999 -0.0128
vn 0.9999 0.0058 0.0121
vn 0.0060 -0.9999 -0.0129
vn 0.9672 0.2535 0.0147
vn 0.0063 -1.0000 -0.0072
vn 0.9159 -0.4014 0.0084
vn -0.0063 1.0000 0.0071
vn 0.0063 -0.9999 -0.0078
vn 0.0121 0.0082 -0.9999
vn 0.0121 0.0083 -0.9999
vn -0.0063 0.9999 0.0078
vn 0.0063 -1.0000 -0.0065
vn 0.0118 0.0084 -0.9999
vn -0.0063 1.0000 0.0065
vn 0.0063 -1.0000 -0.0064
vn -0.9999 -0.0062 -0.0122
vn 0.0063 -1.0000 -0.0063
vn -0.9703 0.2419 -0.0101
vn 0.0063 -0.9999 -0.0085
vn -0.9107 -0.4127 -0.0147
vn -0.0063 0.9999 0.0085
vn 0.0127 0.0082 -0.9999
vn 0.0127 0.0083 -0.9999
vn 0.0063 -0.9999 -0.0091
vn 0.0130 0.0084 -0.9999
vn -0.0063 0.9999 0.0092
vn 0.0126 0.0083 -0.9999
vn 0.0063 -0.9999 -0.0093
vn 0.9999 0.0062 0.0122
vn 0.0063 -0.9999 -0.0094
vn 0.9671 0.2539 0.0140
vn 0.0067 -1.0000 -0.0072
vn 0.9160 -0.4010 0.0084
vn -0.0067 1.0000 0.0071
vn 0.0067 -0.9999 -0.0078
vn 0.0122 0.0057 -0.9999
vn 0.0122 0.0058 -0.9999
vn -0.0067 0.9999 0.0078
vn 0.0067 -1.0000 -0.0065
vn 0.0119 0.0059 -0.9999
vn -0.0067 1.0000 0.0064
vn 0.0123 0.0058 -0.9999
vn 0.0067 -1.0000 -0.0064
vn -0.9999 -0.0066 -0.0122
vn 0.0067 -1.0000 -0.0063
vn -0.9703 0.2415 -0.0101
vn 0.0067 -0.9999 -0.0085
vn -0.9106 -0.4131 -0.0147
vn -0.0067 0.9999 0.0085
vn 0.0128 0.0057 -0.9999
vn 0.0128 0.0058 -0.9999
vn 0.0067 -0.9999 -0.0091
vn 0.0131 0.0059 -0.9999
vn -0.0067 0.9999 0.0092
vn 0.0067 -0.9999 -0.0093
vn 0.9999 0.0066 0.0122
vn 0.9670 0.2543 0.0140
vn 0.0070 -1.0000 -0.0047
vn 0.9162 -0.4007 0.0096
vn -0.0070 1.0000 0.0047
vn 0.0070 -1.0000 -0.0053
vn 0.0083 0.0036 -1.0000
vn 0.0082 0.0037 -1.0000
vn -0.0070 1.0000 0.0053
vn 0.0070 -1.0000 -0.0041
vn 0.0080 0.0038 -1.0000
vn 0.0083 0.0037 -1.0000
vn -0.0070 1.0000 0.0040
vn 0.0070 -1.0000 -0.0039
vn -0.9999 -0.0070 -0.0124
vn -0.9704 0.2411 -0.0110
vn 0.0070 -1.0000 -0.0059
vn -0.9104 -0.4134 -0.0138
vn -0.0070 1.0000 0.0059
vn 0.0088 0.0036 -1.0000
vn 0.0088 0.0037 -1.0000
vn 0.0070 -1.0000 -0.0065
vn 0.0092 0.0038 -1.0000
vn 0.0089 0.0037 -1.0000
vn -0.0070 1.0000 0.0065
vn 0.0070 -1.0000 -0.0066
vn 0.9999 0.0070 0.0124
vn 0.0071 -1.0000 -0.0067
vn 0.9669 0.2546 0.0135
vn 0.0073 -1.0000 0.0003
vn 0.9163 -0.4004 0.0123
vn -0.0073 1.0000 -0.0004
vn 0.0073 -1.0000 -0.0002
vn -0.0040 0.0024 -1.0000
vn -0.0073 1.0000 0.0002
vn 0.0073 -1.0000 0.0010
vn -0.0043 0.0025 -1.0000
vn -0.0073 1.0000 -0.0010
vn -0.0039 0.0025 -1.0000
vn 0.0073 -1.0000 0.0011
vn -0.9999 -0.0073 -0.0133
vn 0.0073 -1.0000 0.0012
vn -0.9705 0.2408 -0.0131
vn 0.0073 -1.0000 -0.0008
vn -0.9103 -0.4137 -0.0118
vn -0.0073 1.0000 0.0008
vn -0.0034 0.0024 -1.0000
vn 0.0073 -1.0000 -0.0013
vn -0.0031 0.0026 -1.0000
vn -0.0073 1.0000 0.0014
vn -0.0034 0.0025 -1.0000
vn 0.0073 -1.0000 -0.0014
vn 0.9999 0.0073 0.0123
vn 0.0073 -1.0000 -0.0015
vn 0.9669 0.2550 0.0122
vn 0.0077 -1.0000 0.0003
vn 0.9164 -0.4000 0.0128
vn -0.0077 1.0000 -0.0003
vn 0.0077 -1.0000 -0.0002
vn -0.0162 0.0011 -0.9999
vn -0.0162 0.0012 -0.9999
vn -0.0077 1.0000 0.0002
vn 0.0077 -1.0000 0.0009
vn -0.0165 0.0013 -0.9999
vn -0.0077 1.0000 -0.0010
vn -0.0161 0.0012 -0.9999
vn 0.0077 -1.0000 0.0010
vn -0.9999 -0.0076 -0.0140
vn 0.0077 -1.0000 0.0011
vn -0.9706 0.2404 -0.0137
vn 0.0077 -1.0000 -0.0008
vn -0.9102 -0.4140 -0.0113
vn -0.0077 1.0000 0.0008
vn -0.0156 0.0011 -0.9999
vn -0.0156 0.0012 -0.9999
vn 0.0077 -1.0000 -0.0013
vn -0.0153 0.0013 -0.9999
vn -0.0077 1.0000 0.0013
vn 0.0077 -1.0000 -0.0014
vn 0.9999 0.0076 0.0117
vn 0.9668 0.2552 0.0116
vn 0.0080 -1.0000 0.0003
vn 0.9166 -0.3995 0.0132
vn -0.0080 1.0000 -0.0003
vn 0.0080 -1.0000 -0.0002
vn -0.0284 -0.0002 -0.9996
vn -0.0284 -0.0001 -0.9996
vn -0.0080 1.0000 0.0002
vn 0.0080 -1.0000 0.0009
vn -0.0287 -0.0000 -0.9996
vn -0.0080 1.0000 -0.0009
vn 0.0080 -1.0000 0.0010
vn -0.9999 -0.0080 -0.0146
vn 0.0080 -1.0000 0.0011
vn -0.9707 0.2400 -0.0142
vn 0.0080 -1.0000 -0.0007
vn -0.9101 -0.4141 -0.0108
vn -0.0080 1.0000 0.0008
vn -0.0278 -0.0002 -0.9996
vn -0.0278 -0.0001 -0.9996
vn 0.0080 -1.0000 -0.0012
vn -0.0275 -0.0000 -0.9996
vn -0.0080 1.0000 0.0013
vn -0.0279 -0.0001 -0.9996
vn 0.0080 -1.0000 -0.0013
vn 0.9999 0.0080 0.0112
vn 0.0080 -1.0000 -0.0014
vn 0.9667 0.2555 0.0111
vn 0.0083 -1.0000 0.0005
vn 0.9168 -0.3992 0.0028
vn -0.0083 1.0000 -0.0005
vn 0.0083 -1.0000 -0.0000
vn -0.0415 -0.0013 -0.9991
vn -0.0415 -0.0012 -0.9991
vn -0.0083 1.0000 -0.0000
vn 0.0083 -1.0000 0.0010
vn -0.0418 -0.0011 -0.9991
vn -0.0083 1.0000 -0.0011
vn -0.0414 -0.0012 -0.9991
vn 0.0083 -1.0000 0.0011
vn -1.0000 -0.0083 -0.0031
vn 0.0083 -1.0000 0.0012
vn -0.9708 0.2397 -0.0032
vn 0.0083 -1.0000 -0.0004
vn -0.9101 -0.4144 0.0001
vn -0.0083 1.0000 0.0004
vn -0.0409 -0.0013 -0.9992
vn -0.0409 -0.0012 -0.9992
vn 0.0083 -1.0000 -0.0009
vn -0.0405 -0.0011 -0.9992
vn -0.0408 -0.0012 -0.9992
vn -0.0083 1.0000 0.0009
vn 0.0083 -1.0000 -0.0010
vn 1.0000 0.0083 -0.0006
vn 0.9667 0.2558 -0.0004
vn 0.0086 -1.0000 0.0023
vn 0.9130 -0.3991 -0.0845
vn -0.0086 1.0000 -0.0023
vn 0.0086 -1.0000 0.0020
vn -0.0610 -0.0014 -0.9981
vn -0.0611 -0.0014 -0.9981
vn -0.0086 1.0000 -0.0020
vn 0.0086 -1.0000 0.0026
vn -0.0613 -0.0013 -0.9981
vn -0.0086 1.0000 -0.0026
vn -0.9955 -0.0084 0.0942
vn 0.0086 -1.0000 0.0027
vn -0.9667 0.2395 0.0906
vn 0.0086 -1.0000 0.0018
vn -0.9064 -0.4145 0.0815
vn -0.0086 1.0000 -0.0018
vn -0.0605 -0.0014 -0.9982
vn 0.0086 -1.0000 0.0015
vn -0.0601 -0.0012 -0.9982
vn -0.0604 -0.0014 -0.9982
vn -0.0086 1.0000 -0.0015
vn -0.0605 -0.0013 -0.9982
vn 0.9961 0.0084 -0.0880
vn 0.0086 -1.0000 0.0014
vn 0.9629 0.2559 -0.0857
vn 0.0088 -1.0000 0.0023
vn 0.9131 -0.3992 -0.0833
vn -0.0088 1.0000 -0.0023
vn 0.0087 -1.0000 0.0020
vn -0.0806 -0.0016 -0.9967
vn -0.0806 -0.0015 -0.9967
vn -0.0087 1.0000 -0.0020
vn 0.0088 -1.0000 0.0026
vn -0.0809 -0.0014 -0.9967
vn -0.0088 1.0000 -0.0026
vn -0.0805 -0.0015 -0.9968
vn -0.9957 -0.0086 0.0926
vn 0.0088 -1.0000 0.0027
vn -0.9668 0.2395 0.0890
vn 0.0087 -1.0000 0.0017
vn -0.9062 -0.4148 0.0825
vn -0.0087 1.0000 -0.0017
vn -0.0800 -0.0016 -0.9968
vn -0.0800 -0.0015 -0.9968
vn 0.0087 -1.0000 0.0015
vn -0.0796 -0.0014 -0.9968
vn -0.0087 1.0000 -0.0015
vn 0.9960 0.0086 -0.0894
vn 0.0087 -1.0000 0.0014
vn 0.9627 0.2561 -0.0870
vn 0.0089 -1.0000 0.0023
vn 0.9132 -0.3991 -0.0821
vn -0.0089 1.0000 -0.0023
vn 0.0089 -1.0000 0.0020
vn -0.1001 -0.0017 -0.9950
vn -0.1001 -0.0016 -0.9950
vn -0.0089 1.0000 -0.0020
vn 0.0090 -1.0000 0.0026
vn -0.1004 -0.0015 -0.9949
vn -0.0090 1.0000 -0.0026
vn -0.1000 -0.0016 -0.9950
vn -0.9958 -0.0087 0.0909
vn 0.0090 -1.0000 0.0027
vn -0.9670 0.2395 0.0875
vn 0.0089 -1.0000 0.0017
vn -0.9060 -0.4150 0.0836
vn -0.0089 1.0000 -0.0017
vn -0.0995 -0.0017 -0.9950
vn -0.0995 -0.0016 -0.9950
vn 0.0089 -1.0000 0.0015
vn -0.0992 -0.0015 -0.9951
vn -0.0089 1.0000 -0.0015
vn -0.0996 -0.0016 -0.9950
vn 0.0089 -1.0000 0.0014
vn 0.9958 0.0087 -0.0908
vn 0.9626 0.2563 -0.0884
vn 0.0091 -1.0000 0.0022
vn 0.9134 -0.3989 -0.0808
vn -0.0091 1.0000 -0.0023
vn 0.0091 -1.0000 0.0020
vn -0.1196 -0.0018 -0.9928
vn -0.0091 1.0000 -0.0020
vn 0.0091 -1.0000 0.0025
vn -0.1199 -0.0017 -0.9928
vn -0.0091 1.0000 -0.0026
vn -0.1195 -0.0018 -0.9928
vn 0.0091 -1.0000 0.0026
vn -0.9960 -0.0088 0.0893
vn -0.9671 0.2393 0.0859
vn 0.0090 -1.0000 0.0017
vn -0.9059 -0.4150 0.0847
vn -0.0090 1.0000 -0.0017
vn -0.1190 -0.0018 -0.9929
vn 0.0090 -1.0000 0.0015
vn -0.1186 -0.0016 -0.9929
vn -0.0090 1.0000 -0.0015
vn -0.1190 -0.0017 -0.9929
vn 0.0090 -1.0000 0.0014
vn 0.9957 0.0088 -0.0922
vn 0.9624 0.2564 -0.0897
vn 0.0093 -1.0000 0.0022
vn 0.9137 -0.3986 -0.0797
vn -0.0093 1.0000 -0.0022
vn 0.0092 -1.0000 0.0020
vn -0.1390 -0.0020 -0.9903
vn -0.1390 -0.0019 -0.9903
vn -0.0092 1.0000 -0.0020
vn 0.0093 -1.0000 0.0025
vn -0.1393 -0.0018 -0.9902
vn -0.0093 1.0000 -0.0026
vn 0.0093 -1.0000 0.0026
vn -0.9961 -0.0090 0.0876
vn -0.9674 0.2390 0.0843
vn 0.0092 -1.0000 0.0017
vn -0.9058 -0.4150 0.0857
vn -0.0092 1.0000 -0.0017
vn -0.1384 -0.0020 -0.9904
vn -0.1385 -0.0019 -0.9904
vn 0.0092 -1.0000 0.0015
vn -0.1381 -0.0018 -0.9904
vn -0.1384 -0.0019 -0.9904
vn -0.0092 1.0000 -0.0014
vn 0.0091 -1.0000 0.0014
vn 0.9956 0.0089 -0.0936
vn 0.9623 0.2564 -0.0911
vn 0.0094 -1.0000 0.0022
vn 0.9140 -0.3981 -0.0785
vn -0.0094 1.0000 -0.0022
vn 0.0094 -1.0000 0.0019
vn -0.1584 -0.0021 -0.9874
vn -0.0094 1.0000 -0.0019
vn 0.0095 -1.0000 0.0025
vn -0.1587 -0.0019 -0.9873
vn -0.0095 1.0000 -0.0025
vn -0.1583 -0.0020 -0.9874
vn 0.0095 -1.0000 0.0026
vn -0.9963 -0.0091 0.0860
vn -0.9676 0.2386 0.0828
vn 0.0093 -1.0000 0.0017
vn -0.9057 -0.4148 0.0868
vn -0.0093 1.0000 -0.0017
vn -0.1578 -0.0021 -0.9875
vn -0.1578 -0.0020 -0.9875
vn 0.0093 -1.0000 0.0014
vn -0.1575 -0.0019 -0.9875
vn -0.0093 1.0000 -0.0014
vn 0.9954 0.0091 -0.0950
vn 0.9622 0.2563 -0.0924
vn 0.0096 -1.0000 0.0022
vn 0.9144 -0.3974 -0.0773
vn -0.0096 1.0000 -0.0022
vn 0.0095 -1.0000 0.0019
vn -0.1777 -0.0023 -0.9841
vn -0.1777 -0.0022 -0.9841
vn -0.0095 1.0000 -0.0019
vn 0.0096 -1.0000 0.0025
vn -0.1780 -0.0021 -0.9840
vn -0.0096 1.0000 -0.0025
vn 0.0096 -1.0000 0.0026
vn -0.9964 -0.0092 0.0843
vn 0.0097 -1.0000 0.0026
vn -0.9678 0.2381 0.0812
vn 0.0095 -1.0000 0.0017
vn -0.9058 -0.4146 0.0879
vn -0.0095 1.0000 -0.0017
vn -0.1771 -0.0022 -0.9842
vn -0.1772 -0.0022 -0.9842
vn 0.0095 -1.0000 0.0014
vn -0.1768 -0.0021 -0.9842
vn -0.0094 1.0000 -0.0014
vn 0.0094 -1.0000 0.0014
vn 0.9953 0.0092 -0.0965
vn 0.0094 -1.0000 0.0013
vn 0.9621 0.2562 -0.0938
vn 0.0098 -1.0000 0.0022
vn 0.9148 -0.3966 -0.0761
vn -0.0098 1.0000 -0.0022
vn 0.0097 -1.0000 0.0019
vn -0.1970 -0.0024 -0.9804
vn -0.1970 -0.0023 -0.9804
vn -0.0097 1.0000 -0.0019
vn 0.0098 -0.9999 0.0025
vn -0.1972 -0.0022 -0.9804
vn -0.0098 0.9999 -0.0025
vn -0.1969 -0.0023 -0.9804
vn 0.0098 -0.9999 0.0026
vn -0.9965 -0.0094 0.0827
vn -0.9681 0.2375 0.0797
vn 0.0096 -1.0000 0.0017
vn -0.9058 -0.4142 0.0890
vn -0.0096 1.0000 -0.0016
vn -0.1964 -0.0024 -0.9805
vn -0.1964 -0.0023 -0.9805
vn 0.0096 -1.0000 0.0014
vn -0.1961 -0.0022 -0.9806
vn -0.0096 1.0000 -0.0014
vn 0.9952 0.0093 -0.0979
vn 0.0096 -1.0000 0.0013
vn 0.9620 0.2560 -0.0951
vn 0.0099 -0.9999 0.0022
vn 0.9153 -0.3957 -0.0749
vn -0.0099 0.9999 -0.0022
vn 0.0099 -0.9999 0.0019
vn -0.2161 -0.0025 -0.9764
vn -0.2162 -0.0025 -0.9764
vn -0.0099 0.9999 -0.0019
vn 0.0100 -0.9999 0.0025
vn -0.2164 -0.0024 -0.9763
vn -0.0100 0.9999 -0.0025
vn -0.9967 -0.0095 0.0810
vn 0.0100 -0.9999 0.0026
vn -0.9684 0.2368 0.0781
vn 0.0098 -1.0000 0.0016
vn -0.9060 -0.4137 0.0901
vn -0.0098 1.0000 -0.0016
vn -0.2156 -0.0025 -0.9765
vn 0.0098 -1.0000 0.0014
vn -0.2152 -0.0023 -0.9766
vn -0.2155 -0.0025 -0.9765
vn -0.0098 1.0000 -0.0014
vn 0.0097 -1.0000 0.0013
vn 0.9950 0.0095 -0.0993
vn 0.9619 0.2557 -0.0965
vn 0.0097 -1.0000 0.0005
vn 0.8919 -0.3985 -0.2137
vn -0.0097 1.0000 -0.0006
vn 0.0097 -1.0000 0.0003
vn -0.2465 -0.0026 -0.9692
vn -0.2465 -0.0025 -0.9691
vn -0.0097 1.0000 -0.0003
vn 0.0098 -1.0000 0.0009
vn -0.2467 -0.0024 -0.9691
vn -0.2464 -0.0025 -0.9692
vn -0.0098 1.0000 -0.0009
vn -0.9721 -0.0093 0.2343
vn 0.0098 -1.0000 0.0010
vn -0.9442 0.2388 0.2268
vn 0.0096 -1.0000 -0.0000
vn -0.8842 -0.4155 0.2134
vn -0.0096 1.0000 -0.0000
vn -0.2459 -0.0025 -0.9693
vn 0.0096 -1.0000 -0.0002
vn -0.2455 -0.0023 -0.9694
vn -0.2458 -0.0025 -0.9693
vn -0.0096 1.0000 0.0002
vn 0.0095 -1.0000 -0.0002
vn 0.9723 0.0093 -0.2336
vn 0.9396 0.2569 -0.2263
vn 0.0095 -1.0000 -0.0009
vn 0.8539 -0.3967 -0.3369
vn -0.0095 1.0000 0.0009
vn 0.0094 -1.0000 -0.0012
vn -0.2862 -0.0025 -0.9582
vn -0.2862 -0.0024 -0.9582
vn -0.0094 1.0000 0.0012
vn 0.0096 -1.0000 -0.0007
vn -0.2864 -0.0023 -0.9581
vn -0.0096 1.0000 0.0007
vn -0.2861 -0.0024 -0.9582
vn 0.0096 -1.0000 -0.0006
vn -0.9283 -0.0091 0.3717
vn -0.9021 0.2376 0.3602
vn 0.0094 -1.0000 -0.0013
vn -0.8542 -0.4142 0.3142
vn -0.0094 1.0000 0.0014
vn -0.2856 -0.0025 -0.9583
vn -0.2857 -0.0024 -0.9583
vn 0.0093 -1.0000 -0.0015
vn -0.2853 -0.0022 -0.9584
vn -0.2856 -0.0024 -0.9584
vn -0.0093 1.0000 0.0015
vn -0.2856 -0.0024 -0.9583
vn 0.0093 -1.0000 -0.0016
vn 0.9395 0.0092 -0.3423
vn 0.9080 0.2560 -0.3316
vn 0.0097 -1.0000 -0.0010
vn 0.8556 -0.3979 -0.3313
vn -0.0097 1.0000 0.0009
vn 0.0096 -1.0000 -0.0012
vn -0.3255 -0.0024 -0.9456
vn -0.3255 -0.0023 -0.9455
vn -0.0096 1.0000 0.0012
vn 0.0098 -1.0000 -0.0007
vn -0.3257 -0.0022 -0.9455
vn -0.3254 -0.0023 -0.9456
vn -0.0098 1.0000 0.0006
vn 0.0098 -1.0000 -0.0006
vn -0.9313 -0.0093 0.3642
vn 0.0098 -1.0000 -0.0005
vn -0.9048 0.2384 0.3529
vn 0.0095 -1.0000 -0.0014
vn -0.8523 -0.4152 0.3182
vn -0.0095 1.0000 0.0014
vn -0.3249 -0.0024 -0.9457
vn -0.3249 -0.0023 -0.9457
vn 0.0094 -1.0000 -0.0016
vn -0.3245 -0.0021 -0.9459
vn -0.3248 -0.0023 -0.9458
vn -0.0094 1.0000 0.0016
vn 0.0094 -1.0000 -0.0017
vn 0.9375 0.0094 -0.3478
vn 0.9060 0.2567 -0.3367
vn 0.0098 -1.0000 -0.0010
vn 0.8575 -0.3983 -0.3257
vn -0.0098 1.0000 0.0010
vn 0.0097 -1.0000 -0.0013
vn -0.3642 -0.0023 -0.9313
vn -0.3642 -0.0022 -0.9313
vn -0.0097 1.0000 0.0013
vn 0.0099 -1.0000 -0.0006
vn -0.3644 -0.0021 -0.9312
vn -0.3641 -0.0022 -0.9314
vn -0.0100 1.0000 0.0006
vn 0.0100 -1.0000 -0.0006
vn -0.9342 -0.0095 0.3567
vn 0.0100 -1.0000 -0.0005
vn -0.9075 0.2386 0.3457
vn 0.0096 -1.0000 -0.0015
vn -0.8505 -0.4157 0.3222
vn -0.0096 1.0000 0.0015
vn -0.3636 -0.0023 -0.9316
vn -0.3637 -0.0022 -0.9315
vn 0.0095 -1.0000 -0.0017
vn -0.3632 -0.0020 -0.9317
vn -0.3636 -0.0022 -0.9316
vn -0.0095 1.0000 0.0017
vn -0.3636 -0.0022 -0.9315
vn 0.0095 -1.0000 -0.0018
vn 0.9355 0.0095 -0.3533
vn 0.9039 0.2571 -0.3419
vn 0.0100 -0.9999 -0.0010
vn 0.8597 -0.3979 -0.3203
vn -0.0100 0.9999 0.0010
vn 0.0099 -1.0000 -0.0013
vn -0.4022 -0.0022 -0.9155
vn -0.4023 -0.0021 -0.9155
vn -0.0099 1.0000 0.0013
vn 0.0102 -0.9999 -0.0006
vn -0.4025 -0.0020 -0.9154
vn -0.4022 -0.0021 -0.9156
vn -0.0102 0.9999 0.0006
vn -0.9371 -0.0097 0.3491
vn 0.0102 -0.9999 -0.0005
vn -0.9103 0.2383 0.3385
vn 0.0098 -1.0000 -0.0016
vn -0.8489 -0.4157 0.3264
vn -0.0098 1.0000 0.0016
vn -0.4017 -0.0022 -0.9158
vn -0.4017 -0.0021 -0.9158
vn 0.0097 -1.0000 -0.0018
vn -0.4013 -0.0020 -0.9159
vn -0.4016 -0.0021 -0.9158
vn -0.0097 1.0000 0.0019
vn 0.0097 -1.0000 -0.0019
vn 0.9334 0.0097 -0.3587
vn 0.0096 -1.0000 -0.0019
vn 0.9019 0.2571 -0.3470
vn 0.0102 -0.9999 -0.0011
vn 0.8622 -0.3968 -0.3150
vn -0.0102 0.9999 0.0010
vn 0.0101 -0.9999 -0.0014
vn -0.4396 -0.0021 -0.8982
vn -0.4397 -0.0020 -0.8982
vn -0.0101 0.9999 0.0014
vn 0.0104 -0.9999 -0.0006
vn -0.4398 -0.0019 -0.8981
vn -0.4396 -0.0020 -0.8982
vn -0.0104 0.9999 0.0006
vn 0.0105 -0.9999 -0.0006
vn -0.9398 -0.0099 0.3415
vn 0.0105 -0.9999 -0.0005
vn -0.9132 0.2374 0.3313
vn 0.0099 -0.9999 -0.0017
vn -0.8475 -0.4153 0.3306
vn -0.0099 0.9999 0.0017
vn -0.4391 -0.0021 -0.8984
vn -0.4392 -0.0020 -0.8984
vn 0.0098 -1.0000 -0.0020
vn -0.4387 -0.0019 -0.8986
vn -0.4391 -0.0020 -0.8985
vn -0.0098 1.0000 0.0020
vn -0.4391 -0.0020 -0.8984
vn 0.9313 0.0098 -0.3641
vn 0.9000 0.2569 -0.3522
vn 0.0105 -0.9999 -0.0011
vn 0.8649 -0.3949 -0.3098
vn -0.0105 0.9999 0.0011
vn 0.0103 -0.9999 -0.0015
vn -0.4763 -0.0020 -0.8793
vn -0.4763 -0.0019 -0.8793
vn -0.0103 0.9999 0.0015
vn 0.0107 -0.9999 -0.0007
vn -0.4765 -0.0018 -0.8792
vn -0.4762 -0.0019 -0.8793
vn -0.0107 0.9999 0.0006
vn 0.0107 -0.9999 -0.0006
vn -0.9426 -0.0100 0.3339
vn 0.0108 -0.9999 -0.0005
vn -0.9161 0.2360 0.3241
vn 0.0101 -0.9999 -0.0018
vn -0.8463 -0.4144 0.3348
vn -0.0101 0.9999 0.0018
vn -0.4758 -0.0020 -0.8796
vn -0.4758 -0.0019 -0.8795
vn 0.0100 -0.9999 -0.0021
vn -0.4754 -0.0018 -0.8798
vn -0.4757 -0.0019 -0.8796
vn -0.0100 0.9999 0.0021
vn -0.4758 -0.0019 -0.8796
vn 0.0099 -0.9999 -0.0021
vn 0.9292 0.0099 -0.3695
vn 0.0099 -0.9999 -0.0022
vn 0.8981 0.2564 -0.3574
vn 0.0107 -0.9999 -0.0013
vn 0.8638 -0.3930 -0.3153
vn -0.0107 0.9999 0.0013
vn 0.0104 -0.9999 -0.0017
vn -0.5126 -0.0019 -0.8587
vn -0.5126 -0.0019 -0.8586
vn -0.0104 0.9999 0.0017
vn 0.0109 -0.9999 -0.0008
vn -0.5127 -0.0018 -0.8585
vn -0.5125 -0.0019 -0.8587
vn -0.0109 0.9999 0.0008
vn -0.5125 -0.0018 -0.8587
vn 0.0110 -0.9999 -0.0007
vn -0.9410 -0.0101 0.3382
vn -0.9149 0.2346 0.3286
vn 0.0102 -0.9999 -0.0020
vn -0.8416 -0.4135 0.3475
vn -0.0102 0.9999 0.0020
vn -0.5121 -0.0019 -0.8589
vn 0.0101 -0.9999 -0.0023
vn -0.5117 -0.0017 -0.8592
vn -0.5120 -0.0019 -0.8590
vn -0.0101 0.9999 0.0023
vn -0.5121 -0.0018 -0.8590
vn 0.0100 -0.9999 -0.0024
vn 0.9233 0.0101 -0.3839
vn 0.8926 0.2558 -0.3713
vn 0.0085 -1.0000 -0.0052
vn 0.6784 -0.3929 -0.6208
vn -0.0085 1.0000 0.0052
vn 0.0084 -1.0000 -0.0054
vn -0.5604 -0.0017 -0.8283
vn -0.5604 -0.0017 -0.8282
vn -0.0084 1.0000 0.0054
vn 0.0087 -1.0000 -0.0050
vn -0.5605 -0.0016 -0.8281
vn -0.5603 -0.0017 -0.8283
vn -0.0087 0.9999 0.0050
vn -0.7308 -0.0095 0.6825
vn 0.0087 -0.9999 -0.0050
vn -0.7112 0.2346 0.6626
vn 0.0083 -1.0000 -0.0055
vn -0.7035 -0.4133 0.5781
vn -0.0083 1.0000 0.0055
vn -0.5599 -0.0017 -0.8286
vn -0.5599 -0.0017 -0.8285
vn 0.0083 -1.0000 -0.0056
vn -0.5595 -0.0015 -0.8288
vn -0.5598 -0.0017 -0.8286
vn -0.0083 1.0000 0.0056
vn 0.7755 0.0097 -0.6313
vn 0.0082 -1.0000 -0.0057
vn 0.7494 0.2556 -0.6108
vn 0.0087 -0.9999 -0.0052
vn 0.6852 -0.3960 -0.6113
vn -0.0087 0.9999 0.0052
vn 0.0085 -0.9999 -0.0055
vn -0.6063 -0.0016 -0.7952
vn -0.6064 -0.0015 -0.7952
vn -0.0085 0.9999 0.0055
vn 0.0089 -0.9999 -0.0050
vn -0.6065 -0.0014 -0.7951
vn -0.6063 -0.0015 -0.7953
vn -0.0089 0.9999 0.0050
vn 0.0089 -0.9999 -0.0049
vn -0.7418 -0.0098 0.6705
vn -0.7214 0.2368 0.6508
vn 0.0084 -0.9999 -0.0056
vn -0.6978 -0.4151 0.5838
vn -0.0084 0.9999 0.0056
vn -0.6059 -0.0016 -0.7956
vn -0.6059 -0.0015 -0.7955
vn 0.0083 -0.9999 -0.0058
vn -0.6055 -0.0014 -0.7958
vn -0.6058 -0.0015 -0.7956
vn -0.0083 0.9999 0.0058
vn -0.6059 -0.0015 -0.7956
vn 0.7689 0.0099 -0.6393
vn 0.0082 -0.9999 -0.0058
vn 0.7428 0.2569 -0.6183
vn 0.0089 -0.9999 -0.0053
vn 0.6925 -0.3974 -0.6020
vn -0.0089 0.9999 0.0053
vn 0.0086 -0.9999 -0.0056
vn -0.6504 -0.0014 -0.7596
vn -0.0086 0.9999 0.0056
vn 0.0091 -0.9999 -0.0050
vn -0.6505 -0.0013 -0.7595
vn -0.0091 0.9999 0.0049
vn -0.6503 -0.0013 -0.7597
vn 0.0092 -0.9999 -0.0049
vn -0.7528 -0.0101 0.6582
vn -0.7316 0.2378 0.6389
vn 0.0085 -0.9999 -0.0058
vn -0.6923 -0.4161 0.5896
vn -0.0085 0.9999 0.0058
vn -0.6499 -0.0014 -0.7600
vn -0.6500 -0.0014 -0.7599
vn 0.0083 -0.9999 -0.0060
vn -0.6496 -0.0012 -0.7603
vn -0.0083 0.9999 0.0060
vn -0.6499 -0.0013 -0.7600
vn 0.7621 0.0102 -0.6473
vn 0.7363 0.2576 -0.6258
vn 0.0091 -0.9999 -0.0054
vn 0.7002 -0.3973 -0.5932
vn -0.0091 0.9999 0.0054
vn 0.0088 -0.9999 -0.0057
vn -0.6924 -0.0013 -0.7216
vn -0.6924 -0.0012 -0.7215
vn -0.0088 0.9999 0.0057
vn 0.0094 -0.9999 -0.0050
vn -0.6925 -0.0011 -0.7214
vn -0.6923 -0.0012 -0.7216
vn -0.0095 0.9999 0.0050
vn 0.0095 -0.9999 -0.0049
vn -0.7635 -0.0104 0.6457
vn 0.0096 -0.9999 -0.0049
vn -0.7420 0.2376 0.6269
vn 0.0086 -0.9999 -0.0060
vn -0.6870 -0.4163 0.5956
vn -0.0086 0.9999 0.0060
vn -0.6919 -0.0013 -0.7220
vn -0.6920 -0.0012 -0.7219
vn 0.0084 -0.9999 -0.0062
vn -0.6916 -0.0011 -0.7223
vn -0.6919 -0.0012 -0.7220
vn -0.0083 0.9999 0.0062
vn 0.0083 -0.9999 -0.0062
vn 0.7553 0.0104 -0.6552
vn 0.7297 0.2578 -0.6333
vn 0.0093 -0.9999 -0.0055
vn 0.7084 -0.3955 -0.5847
vn -0.0093 0.9999 0.0055
vn 0.0090 -0.9999 -0.0059
vn -0.7321 -0.0011 -0.6812
vn -0.0090 0.9999 0.0059
vn 0.0098 -0.9999 -0.0051
vn -0.7322 -0.0010 -0.6811
vn -0.0098 0.9999 0.0050
vn -0.7320 -0.0010 -0.6813
vn 0.0099 -0.9999 -0.0050
vn -0.7741 -0.0105 0.6330
vn 0.0099 -0.9999 -0.0049
vn -0.7523 0.2362 0.6150
vn 0.0087 -0.9999 -0.0062
vn -0.6820 -0.4157 0.6018
vn -0.0087 0.9999 0.0062
vn -0.7317 -0.0011 -0.6816
vn 0.0084 -0.9999 -0.0064
vn -0.7314 -0.0009 -0.6820
vn -0.7317 -0.0011 -0.6817
vn -0.0084 0.9999 0.0064
vn -0.7317 -0.0010 -0.6816
vn 0.7485 0.0105 -0.6631
vn 0.0084 -0.9999 -0.0065
vn 0.7232 0.2575 -0.6408
vn 0.0096 -0.9999 -0.0057
vn 0.7168 -0.3921 -0.5765
vn -0.0097 0.9999 0.0057
vn 0.0092 -0.9999 -0.0061
vn -0.7695 -0.0010 -0.6387
vn -0.7695 -0.0009 -0.6386
vn -0.0092 0.9999 0.0061
vn 0.0102 -0.9999 -0.0052
vn -0.7696 -0.0008 -0.6385
vn -0.7694 -0.0009 -0.6387
vn -0.0102 0.9999 0.0051
vn 0.0103 -0.9999 -0.0051
vn -0.7843 -0.0106 0.6203
vn 0.0104 -0.9999 -0.0050
vn -0.7625 0.2337 0.6033
vn 0.0088 -0.9999 -0.0064
vn -0.6771 -0.4143 0.6081
vn -0.0088 0.9999 0.0064
vn -0.7691 -0.0010 -0.6391
vn -0.7692 -0.0009 -0.6391
vn 0.0085 -0.9999 -0.0066
vn -0.7688 -0.0008 -0.6395
vn -0.7691 -0.0009 -0.6392
vn -0.0085 0.9999 0.0067
vn -0.7691 -0.0009 -0.6391
vn 0.0085 -0.9999 -0.0067
vn 0.7415 0.0107 -0.6709
vn 0.0084 -0.9999 -0.0067
vn 0.7168 0.2566 -0.6483
vn 0.0067 -0.9999 -0.0084
vn 0.4961 -0.3957 -0.7729
vn -0.0067 0.9999 0.0084
vn 0.0065 -0.9999 -0.0086
vn -0.8047 -0.0008 -0.5937
vn -0.8048 -0.0008 -0.5936
vn -0.0065 0.9999 0.0086
vn 0.0070 -0.9999 -0.0082
vn -0.8048 -0.0007 -0.5935
vn -0.8047 -0.0007 -0.5937
vn -0.0070 0.9999 0.0082
vn 0.0071 -0.9999 -0.0082
vn -0.5353 -0.0106 0.8446
vn 0.0071 -0.9999 -0.0081
vn -0.5208 0.2364 0.8203
vn 0.0063 -0.9999 -0.0088
vn -0.5133 -0.4160 0.7506
vn -0.0063 0.9999 0.0088
vn -0.8044 -0.0008 -0.5941
vn -0.8044 -0.0007 -0.5941
vn 0.0061 -0.9999 -0.0089
vn -0.8041 -0.0006 -0.5945
vn -0.8043 -0.0007 -0.5942
vn -0.0061 0.9999 0.0089
vn 0.5665 0.0107 -0.8240
vn 0.5472 0.2577 -0.7964
vn 0.0057 -0.9999 -0.0093
vn 0.4171 -0.3939 -0.8191
vn -0.0057 0.9999 0.0093
vn 0.0055 -0.9999 -0.0095
vn -0.8374 -0.0006 -0.5466
vn -0.8375 -0.0006 -0.5465
vn -0.0055 0.9999 0.0095
vn 0.0060 -0.9999 -0.0092
vn -0.8375 -0.0005 -0.5464
vn -0.0060 0.9999 0.0092
vn -0.8374 -0.0005 -0.5466
vn 0.0060 -0.9999 -0.0091
vn -0.4468 -0.0107 0.8946
vn 0.0061 -0.9999 -0.0091
vn -0.4351 0.2350 0.8692
vn 0.0054 -0.9999 -0.0096
vn -0.4469 -0.4153 0.7923
vn -0.0054 0.9999 0.0096
vn -0.8371 -0.0006 -0.5471
vn -0.8371 -0.0006 -0.5470
vn 0.0052 -0.9999 -0.0097
vn -0.8369 -0.0004 -0.5474
vn -0.0052 0.9999 0.0097
vn -0.8371 -0.0005 -0.5471
vn 0.4940 0.0108 -0.8694
vn 0.4772 0.2573 -0.8403
vn 0.4274 -0.3961 -0.8127
vn -0.0059 0.9999 0.0094
vn 0.0056 -0.9999 -0.0096
vn -0.8674 -0.0005 -0.4977
vn -0.8674 -0.0004 -0.4976
vn -0.0056 0.9999 0.0096
vn 0.0062 -0.9999 -0.0092
vn -0.8675 -0.0003 -0.4975
vn -0.8673 -0.0004 -0.4977
vn -0.8673 -0.0004 -0.4978
vn 0.0063 -0.9999 -0.0092
vn -0.4619 -0.0111 0.8869
vn 0.0064 -0.9999 -0.0092
vn -0.4493 0.2365 0.8615
vn 0.0054 -0.9999 -0.0098
vn -0.4394 -0.4167 0.7958
vn -0.0054 0.9999 0.0098
vn -0.8671 -0.0004 -0.4982
vn -0.8671 -0.0004 -0.4981
vn 0.0052 -0.9999 -0.0099
vn -0.8668 -0.0002 -0.4986
vn -0.8670 -0.0004 -0.4982
vn -0.0052 0.9999 0.0099
vn 0.4847 0.0111 -0.8746
vn 0.0051 -0.9999 -0.0099
vn 0.4682 0.2583 -0.8450
vn 0.0061 -0.9999 -0.0096
vn 0.4380 -0.3966 -0.8068
vn -0.0061 0.9999 0.0096
vn 0.0057 -0.9999 -0.0098
vn -0.8945 -0.0003 -0.4471
vn -0.8945 -0.0002 -0.4471
vn -0.0057 0.9999 0.0098
vn 0.0065 -0.9999 -0.0093
vn -0.8946 -0.0001 -0.4470
vn -0.8944 -0.0002 -0.4472
vn -0.0066 0.9999 0.0093
vn 0.0066 -0.9999 -0.0093
vn -0.4769 -0.0113 0.8789
vn -0.4635 0.2368 0.8538
vn 0.0054 -0.9999 -0.0100
vn -0.4322 -0.4172 0.7995
vn -0.0054 0.9999 0.0100
vn -0.8942 -0.0003 -0.4477
vn -0.8942 -0.0002 -0.4476
vn 0.0051 -0.9999 -0.0101
vn -0.8940 -0.0001 -0.4481
vn -0.8942 -0.0002 -0.4477
vn -0.0051 0.9999 0.0101
vn 0.4754 0.0113 -0.8797
vn 0.4592 0.2587 -0.8498
vn 0.0063 -0.9999 -0.0098
vn 0.4488 -0.3954 -0.8014
vn -0.0063 0.9999 0.0098
vn 0.0058 -0.9999 -0.0100
vn -0.9186 -0.0001 -0.3952
vn -0.9186 -0.0001 -0.3951
vn -0.0058 0.9999 0.0100
vn 0.0069 -0.9999 -0.0095
vn -0.9187 -0.0000 -0.3950
vn -0.0069 0.9999 0.0095
vn 0.0070 -0.9999 -0.0095
vn -0.4917 -0.0115 0.8707
vn 0.0071 -0.9999 -0.0094
vn -0.4778 0.2359 0.8462
vn 0.0054 -0.9999 -0.0102
vn -0.4250 -0.4170 0.8034
vn -0.0054 0.9999 0.0102
vn -0.9184 -0.0001 -0.3957
vn -0.9184 -0.0001 -0.3956
vn 0.0051 -0.9999 -0.0103
vn -0.9182 0.0001 -0.3961
vn -0.9183 -0.0001 -0.3958
vn -0.0051 0.9999 0.0103
vn -0.9184 -0.0000 -0.3957
vn 0.0051 -0.9999 -0.0104
vn 0.4659 0.0115 -0.8847
vn 0.0050 -0.9999 -0.0104
vn 0.4503 0.2587 -0.8546
vn 0.0065 -0.9999 -0.0100
vn 0.4598 -0.3926 -0.7965
vn -0.0065 0.9999 0.0100
vn 0.0060 -0.9999 -0.0103
vn -0.9398 -0.0000 -0.3419
vn -0.9398 0.0001 -0.3418
vn -0.0060 0.9999 0.0103
vn 0.0072 -0.9999 -0.0098
vn -0.9398 0.0002 -0.3417
vn -0.9397 0.0001 -0.3419
vn -0.0073 0.9999 0.0097
vn -0.9397 0.0001 -0.3420
vn 0.0074 -0.9999 -0.0097
vn -0.5063 -0.0116 0.8623
vn 0.0075 -0.9999 -0.0097
vn -0.4920 0.2338 0.8386
vn 0.0055 -0.9999 -0.0104
vn -0.4180 -0.4159 0.8076
vn -0.0055 0.9999 0.0105
vn -0.9396 -0.0000 -0.3424
vn -0.9396 0.0001 -0.3423
vn 0.0051 -0.9999 -0.0106
vn -0.9394 0.0002 -0.3428
vn -0.9395 0.0001 -0.3425
vn -0.0051 0.9999 0.0106
vn -0.9395 0.0001 -0.3424
vn 0.4565 0.0117 -0.8897
vn 0.0050 -0.9999 -0.0106
vn 0.4413 0.2580 -0.8594
vn 0.0026 -0.9999 -0.0117
vn 0.1926 -0.3938 -0.8988
vn -0.0026 0.9999 0.0117
vn 0.0023 -0.9999 -0.0118
vn -0.9548 0.0002 -0.2974
vn -0.9548 0.0002 -0.2973
vn -0.0023 0.9999 0.0118
vn 0.0029 -0.9999 -0.0116
vn -0.9548 0.0003 -0.2971
vn -0.9547 0.0002 -0.2975
vn -0.0029 0.9999 0.0116
vn 0.0030 -0.9999 -0.0116
vn -0.2047 -0.0119 0.9787
vn -0.1994 0.2346 0.9514
vn 0.0021 -0.9999 -0.0119
vn -0.2177 -0.4167 0.8826
vn -0.0021 0.9999 0.0119
vn -0.9546 0.0002 -0.2979
vn 0.0019 -0.9999 -0.0120
vn -0.9545 0.0004 -0.2984
vn -0.9546 0.0002 -0.2980
vn -0.0019 0.9999 0.0120
vn 0.2416 0.0119 -0.9703
vn 0.2334 0.2586 -0.9374
vn 0.0020 -0.9999 -0.0121
vn 0.1557 -0.3938 -0.9059
vn -0.0020 0.9999 0.0121
vn 0.0018 -0.9999 -0.0122
vn -0.9672 0.0003 -0.2539
vn -0.9673 0.0004 -0.2538
vn -0.0018 0.9999 0.0122
vn 0.0023 -0.9999 -0.0120
vn -0.9673 0.0005 -0.2536
vn -0.9672 0.0004 -0.2539
vn -0.0024 0.9999 0.0120
vn 0.0024 -0.9999 -0.0120
vn -0.1650 -0.0121 0.9862
vn -0.1608 0.2346 0.9587
vn 0.0015 -0.9999 -0.0122
vn -0.1794 -0.4170 0.8910
vn -0.0015 0.9999 0.0122
vn -0.9671 0.0003 -0.2544
vn -0.9671 0.0004 -0.2544
vn 0.0013 -0.9999 -0.0123
vn -0.9670 0.0005 -0.2548
vn -0.9671 0.0004 -0.2545
vn -0.0013 0.9999 0.0123
vn 0.1992 0.0121 -0.9799
vn 0.1925 0.2589 -0.9465
vn 0.0021 -0.9999 -0.0123
vn 0.1627 -0.3951 -0.9041
vn -0.0021 0.9999 0.0123
vn 0.0018 -0.9999 -0.0123
vn -0.9777 0.0004 -0.2098
vn -0.9778 0.0005 -0.2097
vn -0.0018 0.9999 0.0123
vn 0.0025 -0.9999 -0.0122
vn -0.9778 0.0006 -0.2096
vn -0.9777 0.0005 -0.2099
vn -0.0025 0.9999 0.0122
vn 0.0026 -0.9999 -0.0121
vn -0.1748 -0.0124 0.9845
vn -0.1701 0.2354 0.9569
vn 0.0015 -0.9999 -0.0124
vn -0.1742 -0.4180 0.8916
vn -0.0015 0.9999 0.0124
vn -0.9776 0.0004 -0.2104
vn -0.9776 0.0005 -0.2104
vn 0.0013 -0.9999 -0.0125
vn -0.9775 0.0006 -0.2108
vn -0.0013 0.9999 0.0125
vn 0.0012 -0.9999 -0.0125
vn 0.1924 0.0124 -0.9812
vn 0.1860 0.2597 -0.9476
vn 0.0022 -0.9999 -0.0125
vn 0.1697 -0.3954 -0.9027
vn -0.0022 0.9999 0.0125
vn 0.0018 -0.9999 -0.0125
vn -0.9862 0.0006 -0.1653
vn -0.0018 0.9999 0.0125
vn 0.0027 -0.9999 -0.0124
vn -0.9863 0.0007 -0.1651
vn -0.9862 0.0006 -0.1654
vn -0.0027 0.9999 0.0124
vn 0.0028 -0.9999 -0.0123
vn -0.1846 -0.0126 0.9827
vn -0.1795 0.2356 0.9551
vn 0.0015 -0.9999 -0.0126
vn -0.1689 -0.4185 0.8924
vn -0.0015 0.9999 0.0126
vn -0.9861 0.0006 -0.1659
vn 0.0012 -0.9999 -0.0126
vn -0.9861 0.0008 -0.1663
vn -0.9861 0.0006 -0.1660
vn -0.0012 0.9999 0.0126
vn 0.0012 -0.9999 -0.0127
vn 0.1856 0.0126 -0.9825
vn 0.0011 -0.9999 -0.0127
vn 0.1795 0.2601 -0.9488
vn 0.0023 -0.9999 -0.0127
vn 0.1769 -0.3948 -0.9016
vn -0.0023 0.9999 0.0127
vn 0.0019 -0.9999 -0.0128
vn -0.9927 0.0007 -0.1205
vn -0.0019 0.9999 0.0128
vn 0.0028 -0.9999 -0.0126
vn -0.9927 0.0008 -0.1203
vn -0.9927 0.0007 -0.1206
vn -0.0029 0.9999 0.0126
vn 0.0029 -0.9999 -0.0126
vn -0.1944 -0.0128 0.9808
vn 0.0030 -0.9999 -0.0126
vn -0.1889 0.2351 0.9534
vn 0.0015 -0.9999 -0.0128
vn -0.1638 -0.4185 0.8933
vn -0.0015 0.9999 0.0128
vn 0.0019 -0.9999 -0.0127
vn -0.9926 0.0007 -0.1211
vn -0.9926 0.0007 -0.1210
vn -0.0019 0.9999 0.0127
vn 0.0012 -0.9999 -0.0129
vn -0.9926 0.0009 -0.1215
vn -0.9926 0.0007 -0.1212
vn -0.0011 0.9999 0.0129
vn 0.0011 -0.9999 -0.0129
vn 0.1788 0.0128 -0.9838
vn 0.1730 0.2601 -0.9500
vn 0.0024 -0.9999 -0.0130
vn 0.1840 -0.3933 -0.9008
vn -0.0024 0.9999 0.0130
vn 0.0019 -0.9999 -0.0130
vn -0.9971 0.0008 -0.0755
vn -0.9972 0.0008 -0.0754
vn -0.0019 0.9999 0.0130
vn 0.0030 -0.9999 -0.0129
vn -0.9972 0.0009 -0.0752
vn -0.0031 0.9999 0.0129
vn 0.0031 -0.9999 -0.0129
vn -0.2042 -0.0130 0.9789
vn 0.0032 -0.9999 -0.0129
vn -0.1983 0.2339 0.9518
vn 0.0015 -0.9999 -0.0130
vn -0.1586 -0.4179 0.8945
vn -0.0015 0.9999 0.0130
vn -0.9971 0.0008 -0.0760
vn 0.0011 -0.9999 -0.0131
vn -0.9971 0.0010 -0.0765
vn -0.9971 0.0008 -0.0761
vn -0.0011 0.9999 0.0131
vn 0.0010 -0.9999 -0.0131
vn 0.1720 0.0130 -0.9850
vn 0.1665 0.2598 -0.9512
vn -0.0009 -0.9999 -0.0134
vn -0.0224 -0.3936 -0.9190
vn 0.0009 0.9999 0.0134
vn -0.0012 -0.9999 -0.0135
vn -0.9992 0.0008 -0.0410
vn -0.9992 0.0009 -0.0410
vn 0.0012 0.9999 0.0135
vn -0.0006 -0.9999 -0.0134
vn -0.9992 0.0010 -0.0408
vn -0.9992 0.0009 -0.0411
vn 0.0006 0.9999 0.0134
vn -0.0005 -0.9999 -0.0134
vn 0.0265 -0.0134 0.9996
vn 0.0257 0.2340 0.9719
vn -0.0015 -0.9999 -0.0135
vn 0.0062 -0.4185 0.9082
vn 0.0015 0.9999 0.0135
vn -0.9991 0.0009 -0.0416
vn -0.0017 -0.9999 -0.0135
vn -0.9991 0.0011 -0.0420
vn -0.9991 0.0009 -0.0417
vn 0.0018 0.9999 0.0135
vn -0.0018 -0.9999 -0.0135
vn -0.0059 0.0134 -0.9999
vn -0.0055 0.2603 -0.9655
vn -0.0015 -0.9999 -0.0136
vn -0.0519 -0.3934 -0.9179
vn 0.0015 0.9999 0.0136
vn -0.0018 -0.9999 -0.0137
vn -1.0000 0.0009 -0.0084
vn -1.0000 0.0010 -0.0083
vn 0.0018 0.9999 0.0137
vn -0.0011 -0.9999 -0.0136
vn -1.0000 0.0011 -0.0081
vn -1.0000 0.0010 -0.0084
vn 0.0011 0.9999 0.0136
vn 0.0584 -0.0136 0.9982
vn -0.0010 -0.9999 -0.0136
vn 0.0568 0.2338 0.9706
vn -0.0020 -0.9999 -0.0137
vn 0.0363 -0.4187 0.9074
vn 0.0020 0.9999 0.0137
vn -1.0000 0.0009 -0.0090
vn -1.0000 0.0010 -0.0089
vn -0.0023 -0.9999 -0.0137
vn -1.0000 0.0011 -0.0093
vn -1.0000 0.0010 -0.0090
vn 0.0023 0.9999 0.0137
vn -0.0392 0.0136 -0.9991
vn -0.0376 0.2606 -0.9647
vn -0.0014 -0.9999 -0.0138
vn -0.0483 -0.3940 -0.9178
vn 0.0014 0.9999 0.0138
vn -0.0018 -0.9999 -0.0138
vn -0.9997 0.0010 0.0243
vn -0.9997 0.0011 0.0244
vn 0.0018 0.9999 0.0138
vn -0.0011 -0.9999 -0.0138
vn -0.9997 0.0012 0.0246
vn -0.9997 0.0011 0.0243
vn 0.0010 0.9999 0.0138
vn -0.0010 -0.9999 -0.0138
vn 0.0535 -0.0139 0.9985
vn -0.0009 -0.9999 -0.0138
vn 0.0521 0.2342 0.9708
vn -0.0021 -0.9999 -0.0138
vn 0.0391 -0.4194 0.9069
vn 0.0021 0.9999 0.0138
vn -0.9997 0.0010 0.0237
vn -0.9997 0.0011 0.0238
vn -0.0023 -0.9999 -0.0138
vn -0.9997 0.0012 0.0233
vn -0.9997 0.0011 0.0237
vn 0.0024 0.9999 0.0138
vn -0.0024 -0.9999 -0.0138
vn -0.0430 0.0139 -0.9990
vn -0.0412 0.2611 -0.9644
vn -0.0014 -0.9999 -0.0140
vn -0.0447 -0.3941 -0.9180
vn 0.0014 0.9999 0.0140
vn -0.0018 -0.9999 -0.0140
vn -0.9984 0.0011 0.0570
vn 0.0018 0.9999 0.0140
vn -0.0010 -0.9999 -0.0141
vn -0.9984 0.0013 0.0572
vn 0.0010 0.9999 0.0141
vn -0.9984 0.0012 0.0569
vn -0.0009 -0.9999 -0.0141
vn 0.0486 -0.0141 0.9987
vn 0.0474 0.2342 0.9710
vn -0.0021 -0.9999 -0.0140
vn 0.0419 -0.4198 0.9066
vn 0.0021 0.9999 0.0140
vn -0.9984 0.0011 0.0564
vn -0.9984 0.0012 0.0565
vn -0.0024 -0.9999 -0.0140
vn -0.9984 0.0013 0.0560
vn -0.9984 0.0012 0.0563
vn 0.0024 0.9999 0.0140
vn -0.9984 0.0012 0.0564
vn -0.0467 0.0141 -0.9988
vn -0.0025 -0.9999 -0.0140
vn -0.0447 0.2615 -0.9642
vn -0.0014 -0.9999 -0.0143
vn -0.0412 -0.3938 -0.9183
vn 0.0014 0.9999 0.0143
vn -0.0018 -0.9999 -0.0142
vn -0.9960 0.0011 0.0896
vn -0.9960 0.0012 0.0896
vn 0.0018 0.9999 0.0142
vn -0.0010 -0.9999 -0.0143
vn -0.9960 0.0013 0.0898
vn -0.9960 0.0012 0.0895
vn 0.0009 0.9999 0.0143
vn -0.0009 -0.9999 -0.0143
vn 0.0437 -0.0143 0.9989
vn -0.0008 -0.9999 -0.0143
vn 0.0427 0.2339 0.9713
vn -0.0021 -0.9999 -0.0142
vn 0.0447 -0.4200 0.9064
vn 0.0021 0.9999 0.0142
vn -0.9960 0.0012 0.0890
vn -0.0025 -0.9999 -0.0142
vn -0.9961 0.0014 0.0886
vn 0.0025 0.9999 0.0142
vn -0.0505 0.0143 -0.9986
vn -0.0026 -0.9999 -0.0142
vn -0.0483 0.2616 -0.9640
vn -0.0014 -0.9999 -0.0145
vn -0.0376 -0.3930 -0.9187
vn 0.0014 0.9999 0.0145
vn -0.0018 -0.9999 -0.0145
vn -0.9925 0.0012 0.1221
vn -0.9925 0.0013 0.1222
vn 0.0018 0.9999 0.0145
vn -0.0009 -0.9999 -0.0146
vn -0.9925 0.0014 0.1224
vn -0.9925 0.0013 0.1220
vn 0.0009 0.9999 0.0146
vn -0.0008 -0.9999 -0.0146
vn 0.0389 -0.0144 0.9991
vn -0.0007 -0.9999 -0.0146
vn 0.0380 0.2333 0.9717
vn -0.0022 -0.9999 -0.0144
vn 0.0476 -0.4197 0.9064
vn 0.0022 0.9999 0.0144
vn -0.9926 0.0012 0.1215
vn -0.9926 0.0013 0.1215
vn -0.0025 -0.9999 -0.0144
vn -0.9926 0.0014 0.1211
vn 0.0025 0.9999 0.0144
vn -0.0026 -0.9999 -0.0144
vn -0.0543 0.0145 -0.9984
vn -0.0519 0.2616 -0.9638
vn -0.0032 -0.9999 -0.0145
vn -0.1397 -0.3934 -0.9087
vn 0.0032 0.9999 0.0145
vn -0.0035 -0.9999 -0.0145
vn -0.9887 0.0013 0.1499
vn -0.9887 0.0013 0.1500
vn 0.0035 0.9999 0.0145
vn -0.0028 -0.9999 -0.0146
vn -0.9887 0.0014 0.1502
vn 0.0028 0.9999 0.0146
vn -0.0027 -0.9999 -0.0146
vn 0.1520 -0.0148 0.9883
vn 0.1479 0.2335 0.9610
vn -0.0038 -0.9999 -0.0144
vn 0.1345 -0.4205 0.8973
vn 0.0038 0.9999 0.0144
vn -0.9888 0.0013 0.1494
vn -0.0041 -0.9999 -0.0144
vn -0.9888 0.0015 0.1490
vn -0.9888 0.0013 0.1493
vn 0.0041 0.9999 0.0144
vn -0.0042 -0.9999 -0.0144
vn -0.1487 0.0148 -0.9888
vn -0.1431 0.2622 -0.9544
vn -0.0045 -0.9999 -0.0145
vn -0.2095 -0.3924 -0.8956
vn 0.0045 0.9999 0.0145
vn -0.0048 -0.9999 -0.0145
vn -0.9847 0.0013 0.1744
vn -0.9847 0.0014 0.1745
vn 0.0048 0.9999 0.0145
vn -0.0041 -0.9999 -0.0146
vn -0.9846 0.0015 0.1747
vn -0.9847 0.0014 0.1744
vn 0.0041 0.9999 0.0146
vn 0.2286 -0.0151 0.9734
vn -0.0040 -0.9999 -0.0146
vn 0.2225 0.2327 0.9468
vn -0.0051 -0.9999 -0.0144
vn 0.1967 -0.4203 0.8858
vn 0.0051 0.9999 0.0144
vn -0.9848 0.0013 0.1738
vn -0.9848 0.0014 0.1739
vn -0.0053 -0.9999 -0.0144
vn -0.9848 0.0015 0.1734
vn -0.9848 0.0014 0.1738
vn 0.0053 0.9999 0.0144
vn -0.0054 -0.9999 -0.0144
vn -0.2167 0.0151 -0.9761
vn -0.2087 0.2621 -0.9422
vn -0.0045 -0.9999 -0.0147
vn -0.2075 -0.3927 -0.8959
vn 0.0045 0.9999 0.0147
vn -0.0048 -0.9999 -0.0146
vn -0.9800 0.0013 0.1988
vn -0.9800 0.0014 0.1988
vn 0.0048 0.9999 0.0146
vn -0.0041 -0.9999 -0.0148
vn -0.9800 0.0015 0.1990
vn 0.0041 0.9999 0.0148
vn -0.9801 0.0014 0.1987
vn 0.2260 -0.0153 0.9740
vn -0.0040 -0.9999 -0.0148
vn 0.2199 0.2328 0.9473
vn -0.0051 -0.9999 -0.0146
vn 0.1983 -0.4208 0.8852
vn 0.0051 0.9999 0.0146
vn -0.9802 0.0014 0.1982
vn -0.0054 -0.9999 -0.0145
vn -0.9802 0.0015 0.1979
vn 0.0054 0.9999 0.0145
vn -0.2188 0.0153 -0.9756
vn -0.0055 -0.9999 -0.0145
vn -0.2108 0.2626 -0.9416
vn -0.0045 -0.9999 -0.0149
vn -0.2055 -0.3928 -0.8964
vn 0.0045 0.9999 0.0149
vn -0.0049 -0.9999 -0.0148
vn -0.9748 0.0014 0.2231
vn 0.0049 0.9999 0.0148
vn -0.0042 -0.9999 -0.0150
vn -0.9747 0.0016 0.2234
vn -0.9748 0.0014 0.2230
vn 0.0041 0.9999 0.0150
vn -0.9748 0.0015 0.2230
vn -0.0041 -0.9999 -0.0150
vn 0.2233 -0.0155 0.9746
vn -0.0040 -0.9999 -0.0150
vn 0.2174 0.2328 0.9479
vn -0.0052 -0.9999 -0.0148
vn 0.1999 -0.4212 0.8847
vn 0.0052 0.9999 0.0147
vn -0.9749 0.0014 0.2225
vn -0.9749 0.0015 0.2225
vn -0.0055 -0.9999 -0.0147
vn -0.9750 0.0016 0.2221
vn 0.0055 0.9999 0.0147
vn -0.2210 0.0155 -0.9751
vn -0.2128 0.2629 -0.9411
vn -0.0046 -0.9999 -0.0151
vn -0.2036 -0.3926 -0.8969
vn 0.0045 0.9999 0.0151
vn -0.0049 -0.9999 -0.0150
vn -0.9690 0.0014 0.2472
vn -0.9690 0.0015 0.2472
vn 0.0049 0.9999 0.0150
vn -0.0042 -0.9999 -0.0152
vn -0.9689 0.0016 0.2475
vn -0.9690 0.0015 0.2471
vn 0.0041 0.9999 0.0152
vn -0.0041 -0.9999 -0.0152
vn 0.2207 -0.0157 0.9752
vn -0.0040 -0.9999 -0.0152
vn 0.2149 0.2326 0.9485
vn -0.0052 -0.9999 -0.0149
vn 0.2015 -0.4213 0.8842
vn 0.0052 0.9999 0.0149
vn -0.9691 0.0014 0.2466
vn -0.9691 0.0015 0.2466
vn -0.0055 -0.9999 -0.0149
vn -0.9692 0.0016 0.2462
vn -0.9691 0.0015 0.2465
vn 0.0055 0.9999 0.0149
vn -0.0056 -0.9999 -0.0148
vn -0.2232 0.0157 -0.9746
vn -0.2149 0.2631 -0.9405
vn -0.0046 -0.9999 -0.0153
vn -0.2017 -0.3922 -0.8975
vn 0.0046 0.9999 0.0153
vn -0.0050 -0.9999 -0.0152
vn -0.9625 0.0014 0.2711
vn -0.9625 0.0015 0.2712
vn 0.0050 0.9999 0.0152
vn -0.0042 -0.9999 -0.0154
vn -0.9625 0.0016 0.2713
vn -0.9625 0.0015 0.2711
vn 0.0041 0.9999 0.0154
vn -0.9626 0.0015 0.2711
vn -0.0041 -0.9999 -0.0154
vn 0.2180 -0.0159 0.9758
vn -0.0040 -0.9999 -0.0155
vn 0.2123 0.2322 0.9492
vn -0.0053 -0.9999 -0.0151
vn 0.2032 -0.4213 0.8839
vn 0.0053 0.9999 0.0151
vn -0.0049 -0.9999 -0.0152
vn -0.9627 0.0015 0.2706
vn 0.0049 0.9999 0.0152
vn -0.0056 -0.9999 -0.0150
vn -0.9628 0.0016 0.2703
vn -0.9627 0.0015 0.2705
vn 0.0056 0.9999 0.0150
vn -0.0057 -0.9999 -0.0150
vn -0.2254 0.0159 -0.9741
vn -0.2170 0.2631 -0.9401
vn -0.0050 -0.9999 -0.0154
vn -0.2199 -0.3919 -0.8933
vn 0.0050 0.9999 0.0154
vn -0.0053 -0.9999 -0.0153
vn -0.9556 0.0015 0.2945
vn 0.0053 0.9999 0.0153
vn -0.0046 -0.9999 -0.0156
vn -0.9556 0.0016 0.2948
vn -0.9557 0.0015 0.2945
vn 0.0045 0.9999 0.0156
vn -0.9557 0.0015 0.2944
vn -0.0045 -0.9999 -0.0156
vn 0.2376 -0.0161 0.9712
vn -0.0044 -0.9999 -0.0156
vn 0.2315 0.2320 0.9448
vn -0.0057 -0.9999 -0.0152
vn 0.2215 -0.4215 0.8794
vn 0.0057 0.9999 0.0152
vn -0.9558 0.0015 0.2939
vn -0.0060 -0.9999 -0.0151
vn -0.9559 0.0017 0.2936
vn -0.9558 0.0015 0.2940
vn 0.0060 0.9999 0.0151
vn -0.9558 0.0016 0.2940
vn -0.0061 -0.9999 -0.0151
vn -0.2456 0.0161 -0.9692
vn -0.2365 0.2633 -0.9353
vn -0.0071 -0.9999 -0.0150
vn -0.3346 -0.3912 -0.8573
vn 0.0071 0.9999 0.0150
vn -0.0074 -0.9999 -0.0149
vn -0.9490 0.0015 0.3151
vn -0.9490 0.0016 0.3152
vn 0.0074 0.9999 0.0149
vn -0.0068 -0.9999 -0.0151
vn -0.9490 0.0017 0.3154
vn -0.9491 0.0016 0.3151
vn 0.0068 0.9999 0.0151
vn -0.0067 -0.9999 -0.0151
vn 0.3641 -0.0165 0.9312
vn 0.3544 0.2314 0.9060
vn -0.0077 -0.9999 -0.0148
vn 0.3216 -0.4216 0.8478
vn 0.0077 0.9999 0.0148
vn -0.9492 0.0015 0.3146
vn -0.9492 0.0016 0.3146
vn -0.0080 -0.9999 -0.0147
vn -0.9494 0.0017 0.3142
vn -0.9492 0.0016 0.3145
vn 0.0080 0.9999 0.0147
vn -0.3547 0.0165 -0.9348
vn -0.0081 -0.9999 -0.0147
vn -0.3418 0.2635 -0.9021
vn -0.0072 -0.9999 -0.0152
vn -0.3331 -0.3914 -0.8578
vn 0.0072 0.9999 0.0152
vn -0.0075 -0.9999 -0.0151
vn -0.9420 0.0015 0.3356
vn -0.9420 0.0016 0.3356
vn 0.0075 0.9999 0.0151
vn -0.0069 -0.9999 -0.0153
vn -0.9419 0.0017 0.3358
vn 0.0068 0.9999 0.0153
vn -0.0068 -0.9999 -0.0153
vn 0.3622 -0.0167 0.9320
vn -0.0067 -0.9999 -0.0153
vn 0.3526 0.2315 0.9067
vn -0.0078 -0.9999 -0.0150
vn 0.3227 -0.4221 0.8472
vn 0.0078 0.9999 0.0150
vn -0.9422 0.0015 0.3351
vn -0.9422 0.0016 0.3351
vn -0.0081 -0.9999 -0.0149
vn -0.9423 0.0017 0.3348
vn 0.0081 0.9999 0.0149
vn -0.3563 0.0167 -0.9342
vn -0.0082 -0.9999 -0.0148
vn -0.3433 0.2639 -0.9014
vn -0.0073 -0.9999 -0.0154
vn -0.3317 -0.3915 -0.8583
vn 0.0072 0.9999 0.0154
vn -0.0076 -0.9999 -0.0152
vn -0.9345 0.0015 0.3559
vn -0.9345 0.0016 0.3560
vn 0.0076 0.9999 0.0152
vn -0.0069 -0.9999 -0.0155
vn -0.9344 0.0017 0.3563
vn -0.9345 0.0016 0.3559
vn 0.0069 0.9999 0.0155
vn -0.0068 -0.9999 -0.0155
vn 0.3603 -0.0169 0.9327
vn 0.3507 0.2314 0.9074
vn -0.0079 -0.9999 -0.0151
vn 0.3238 -0.4224 0.8466
vn 0.0079 0.9999 0.0151
vn -0.9347 0.0015 0.3554
vn -0.9347 0.0016 0.3554
vn -0.0082 -0.9999 -0.0150
vn -0.9349 0.0017 0.3550
vn -0.9347 0.0016 0.3553
vn 0.0082 0.9999 0.0150
vn -0.3579 0.0169 -0.9336
vn -0.3448 0.2642 -0.9007
vn -0.0073 -0.9999 -0.0156
vn -0.3303 -0.3913 -0.8589
vn 0.0073 0.9999 0.0156
vn -0.0077 -0.9999 -0.0154
vn -0.9266 0.0015 0.3761
vn -0.9266 0.0016 0.3761
vn 0.0077 0.9999 0.0154
vn -0.0070 -0.9999 -0.0157
vn -0.9265 0.0017 0.3763
vn 0.0069 0.9999 0.0157
vn -0.9266 0.0016 0.3760
vn -0.0069 -0.9999 -0.0157
vn 0.3583 -0.0172 0.9334
vn -0.0068 -0.9999 -0.0158
vn 0.3489 0.2312 0.9082
vn -0.0080 -0.9999 -0.0153
vn 0.3250 -0.4226 0.8460
vn 0.0080 0.9999 0.0153
vn -0.0076 -0.9999 -0.0154
vn -0.9268 0.0016 0.3756
vn -0.9268 0.0016 0.3755
vn 0.0076 0.9999 0.0154
vn -0.0083 -0.9999 -0.0152
vn -0.9269 0.0017 0.3753
vn 0.0083 0.9999 0.0152
vn -0.3595 0.0171 -0.9330
vn -0.3463 0.2645 -0.9001
vn -0.0074 -0.9998 -0.0158
vn -0.3290 -0.3910 -0.8596
vn 0.0074 0.9998 0.0158
vn -0.0077 -0.9998 -0.0156
vn -0.9182 0.0015 0.3961
vn -0.9182 0.0016 0.3961
vn 0.0077 0.9998 0.0156
vn -0.0070 -0.9998 -0.0159
vn -0.9181 0.0017 0.3963
vn 0.0070 0.9998 0.0159
vn -0.9182 0.0016 0.3960
vn -0.0069 -0.9998 -0.0160
vn 0.3564 -0.0173 0.9342
vn 0.3471 0.2309 0.9089
vn -0.0080 -0.9998 -0.0155
vn 0.3262 -0.4227 0.8455
vn 0.0081 0.9998 0.0155
vn -0.9184 0.0016 0.3955
vn -0.9184 0.0016 0.3956
vn -0.0083 -0.9998 -0.0154
vn -0.9186 0.0017 0.3952
vn -0.9185 0.0016 0.3955
vn 0.0084 0.9998 0.0154
vn -0.0084 -0.9998 -0.0153
vn -0.3611 0.0174 -0.9324
vn -0.3478 0.2646 -0.8995
vn -0.0074 -0.9998 -0.0160
vn -0.3276 -0.3905 -0.8603
vn 0.0074 0.9998 0.0160
vn -0.0078 -0.9998 -0.0158
vn -0.9094 0.0015 0.4159
vn -0.9094 0.0016 0.4159
vn 0.0078 0.9998 0.0158
vn -0.0071 -0.9998 -0.0162
vn -0.9093 0.0017 0.4162
vn 0.0070 0.9998 0.0162
vn -0.9095 0.0016 0.4158
vn -0.0070 -0.9998 -0.0162
vn 0.3545 -0.0175 0.9349
vn -0.0069 -0.9998 -0.0162
vn 0.3453 0.2305 0.9097
vn -0.0081 -0.9998 -0.0157
vn 0.3274 -0.4226 0.8451
vn 0.0081 0.9998 0.0157
vn -0.9097 0.0016 0.4153
vn -0.9097 0.0016 0.4154
vn -0.0084 -0.9998 -0.0155
vn -0.9098 0.0017 0.4150
vn -0.9097 0.0016 0.4152
vn 0.0085 0.9998 0.0155
vn -0.9096 0.0016 0.4154
vn -0.0085 -0.9998 -0.0155
vn -0.3627 0.0175 -0.9317
vn -0.3493 0.2646 -0.8989
vn -0.0092 -0.9998 -0.0154
vn -0.4200 -0.3904 -0.8192
vn 0.0092 0.9998 0.0154
vn -0.0096 -0.9998 -0.0153
vn -0.8996 0.0015 0.4367
vn -0.8996 0.0016 0.4367
vn 0.0096 0.9998 0.0153
vn -0.0089 -0.9998 -0.0156
vn -0.8995 0.0017 0.4369
vn 0.0089 0.9998 0.0156
vn -0.8996 0.0016 0.4366
vn -0.0088 -0.9998 -0.0156
vn 0.4562 -0.0179 0.8897
vn 0.4442 0.2304 0.8658
vn -0.0099 -0.9998 -0.0151
vn 0.4085 -0.4232 0.8087
vn 0.0099 0.9998 0.0151
vn -0.8999 0.0016 0.4361
vn -0.8999 0.0016 0.4362
vn -0.0101 -0.9998 -0.0150
vn -0.9000 0.0017 0.4359
vn 0.0102 0.9998 0.0150
vn -0.0102 -0.9998 -0.0150
vn -0.4512 0.0179 -0.8923
vn -0.0102 -0.9998 -0.0149
vn -0.4347 0.2651 -0.8607
vn -0.0098 -0.9998 -0.0154
vn -0.4439 -0.3901 -0.8067
vn 0.0098 0.9998 0.0154
vn -0.0101 -0.9998 -0.0152
vn -0.8892 0.0015 0.4576
vn -0.8891 0.0016 0.4576
vn 0.0101 0.9998 0.0152
vn -0.0095 -0.9998 -0.0155
vn -0.8890 0.0017 0.4578
vn -0.8892 0.0016 0.4575
vn 0.0094 0.9998 0.0155
vn -0.0094 -0.9998 -0.0156
vn 0.4822 -0.0182 0.8759
vn 0.4695 0.2300 0.8524
vn -0.0104 -0.9998 -0.0151
vn 0.4312 -0.4234 0.7967
vn 0.0104 0.9998 0.0151
vn -0.8894 0.0016 0.4570
vn -0.8894 0.0016 0.4571
vn -0.0107 -0.9998 -0.0149
vn -0.8896 0.0017 0.4568
vn -0.8895 0.0016 0.4570
vn 0.0107 0.9998 0.0149
vn -0.4762 0.0182 -0.8791
vn -0.0108 -0.9998 -0.0149
vn -0.4588 0.2653 -0.8480
vn -0.0099 -0.9998 -0.0156
vn -0.4423 -0.3901 -0.8076
vn 0.0099 0.9998 0.0156
vn -0.0102 -0.9998 -0.0154
vn -0.8782 0.0015 0.4782
vn -0.8782 0.0016 0.4782
vn 0.0102 0.9998 0.0154
vn -0.0095 -0.9998 -0.0157
vn -0.8781 0.0017 0.4785
vn -0.8783 0.0016 0.4782
vn 0.0095 0.9998 0.0158
vn -0.0095 -0.9998 -0.0158
vn 0.4801 -0.0184 0.8770
vn -0.0094 -0.9998 -0.0158
vn 0.4675 0.2300 0.8535
vn -0.0105 -0.9998 -0.0152
vn 0.4324 -0.4238 0.7959
vn 0.0105 0.9998 0.0152
vn -0.8785 0.0015 0.4777
vn -0.8785 0.0016 0.4777
vn -0.0108 -0.9998 -0.0151
vn -0.8787 0.0018 0.4773
vn -0.8785 0.0016 0.4776
vn 0.0108 0.9998 0.0151
vn -0.0109 -0.9998 -0.0150
vn -0.4780 0.0184 -0.8782
vn -0.4604 0.2656 -0.8470
vn -0.0100 -0.9998 -0.0158
vn -0.4408 -0.3900 -0.8085
vn 0.0100 0.9998 0.0158
vn -0.0103 -0.9998 -0.0156
vn -0.8668 0.0015 0.4986
vn -0.8668 0.0016 0.4986
vn 0.0103 0.9998 0.0156
vn -0.0096 -0.9998 -0.0160
vn -0.8667 0.0017 0.4988
vn -0.8669 0.0016 0.4986
vn 0.0096 0.9998 0.0160
vn -0.8669 0.0016 0.4985
vn -0.0095 -0.9998 -0.0160
vn 0.4780 -0.0186 0.8782
vn 0.4655 0.2298 0.8547
vn -0.0106 -0.9998 -0.0154
vn 0.4337 -0.4240 0.7951
vn 0.0106 0.9998 0.0154
vn -0.8671 0.0015 0.4981
vn -0.8671 0.0016 0.4981
vn -0.0109 -0.9998 -0.0152
vn -0.8673 0.0017 0.4978
vn 0.0109 0.9998 0.0152
vn -0.0110 -0.9998 -0.0152
vn -0.4797 0.0186 -0.8772
vn -0.4621 0.2659 -0.8461
vn -0.0101 -0.9998 -0.0160
vn -0.4393 -0.3896 -0.8095
vn 0.0101 0.9998 0.0160
vn -0.0104 -0.9998 -0.0158
vn -0.8550 0.0015 0.5187
vn -0.8549 0.0015 0.5187
vn 0.0104 0.9998 0.0158
vn -0.0097 -0.9998 -0.0162
vn -0.8548 0.0017 0.5190
vn -0.8550 0.0016 0.5186
vn 0.0097 0.9998 0.0162
vn -0.8550 0.0016 0.5187
vn -0.0096 -0.9998 -0.0162
vn 0.4759 -0.0188 0.8793
vn -0.0096 -0.9998 -0.0163
vn 0.4636 0.2295 0.8558
vn -0.0108 -0.9998 -0.0156
vn 0.4350 -0.4240 0.7944
vn 0.0108 0.9998 0.0156
vn -0.8553 0.0015 0.5182
vn -0.8553 0.0016 0.5182
vn -0.0111 -0.9998 -0.0154
vn -0.8555 0.0017 0.5178
vn -0.8552 0.0016 0.5182
vn 0.0111 0.9998 0.0154
vn -0.4815 0.0188 -0.8763
vn -0.4637 0.2660 -0.8451
vn -0.0102 -0.9998 -0.0162
vn -0.4379 -0.3890 -0.8105
vn 0.0102 0.9998 0.0162
vn -0.0105 -0.9998 -0.0160
vn -0.8426 0.0015 0.5385
vn 0.0105 0.9998 0.0160
vn -0.0098 -0.9998 -0.0164
vn -0.8425 0.0016 0.5387
vn 0.0098 0.9998 0.0165
vn -0.0097 -0.9998 -0.0165
vn 0.4738 -0.0190 0.8804
vn 0.4616 0.2290 0.8570
vn -0.0109 -0.9998 -0.0158
vn 0.4363 -0.4239 0.7937
vn 0.0109 0.9998 0.0158
vn -0.8429 0.0015 0.5380
vn -0.8429 0.0015 0.5381
vn -0.0112 -0.9998 -0.0156
vn -0.8431 0.0017 0.5377
vn 0.0112 0.9998 0.0156
vn -0.8429 0.0016 0.5381
vn -0.0112 -0.9998 -0.0155
vn -0.4832 0.0190 -0.8753
vn -0.0113 -0.9998 -0.0155
vn -0.4654 0.2660 -0.8442
vn -0.0122 -0.9998 -0.0152
vn -0.5377 -0.3889 -0.7481
vn 0.0122 0.9998 0.0152
vn -0.0125 -0.9998 -0.0150
vn -0.8251 0.0014 0.5650
vn -0.8251 0.0015 0.5650
vn 0.0125 0.9998 0.0150
vn -0.0118 -0.9998 -0.0155
vn -0.8250 0.0016 0.5652
vn -0.8251 0.0015 0.5649
vn 0.0118 0.9998 0.0155
vn -0.0117 -0.9998 -0.0155
vn 0.5840 -0.0194 0.8115
vn 0.5688 0.2288 0.7900
vn -0.0128 -0.9998 -0.0148
vn 0.5222 -0.4245 0.7397
vn 0.0128 0.9998 0.0148
vn -0.8254 0.0014 0.5645
vn -0.8254 0.0015 0.5645
vn -0.0130 -0.9998 -0.0146
vn -0.8257 0.0016 0.5641
vn 0.0131 0.9998 0.0146
vn -0.0131 -0.9998 -0.0146
vn -0.5768 0.0194 -0.8167
vn -0.5557 0.2665 -0.7875
vn -0.0127 -0.9998 -0.0151
vn -0.5576 -0.3887 -0.7335
vn 0.0127 0.9998 0.0151
vn -0.0130 -0.9998 -0.0149
vn -0.8056 0.0014 0.5924
vn -0.8056 0.0014 0.5925
vn 0.0130 0.9998 0.0149
vn -0.0123 -0.9998 -0.0154
vn -0.8054 0.0015 0.5927
vn 0.0123 0.9998 0.0154
vn -0.8057 0.0015 0.5924
vn -0.0122 -0.9998 -0.0155
vn 0.6056 -0.0197 0.7956
vn 0.5897 0.2286 0.7746
vn -0.0133 -0.9998 -0.0147
vn 0.5423 -0.4249 0.7248
vn 0.0133 0.9998 0.0147
vn -0.8060 0.0014 0.5919
vn -0.0136 -0.9998 -0.0145
vn -0.8062 0.0016 0.5916
vn 0.0136 0.9998 0.0145
vn -0.8060 0.0015 0.5920
vn -0.5992 0.0197 -0.8004
vn -0.0137 -0.9998 -0.0144
vn -0.5772 0.2668 -0.7718
vn -0.0128 -0.9998 -0.0154
vn -0.5546 -0.3887 -0.7358
vn 0.0128 0.9998 0.0154
vn -0.0132 -0.9998 -0.0151
vn -0.7852 0.0013 0.6192
vn -0.7852 0.0014 0.6192
vn 0.0132 0.9998 0.0151
vn -0.0124 -0.9998 -0.0157
vn -0.7851 0.0015 0.6194
vn 0.0124 0.9998 0.0157
vn -0.7853 0.0014 0.6191
vn -0.0123 -0.9998 -0.0157
vn 0.6014 -0.0200 0.7987
vn -0.0123 -0.9998 -0.0158
vn 0.5858 0.2285 0.7776
vn -0.0135 -0.9998 -0.0149
vn 0.5446 -0.4252 0.7229
vn 0.0135 0.9998 0.0148
vn -0.7856 0.0013 0.6187
vn -0.7856 0.0014 0.6187
vn -0.0138 -0.9998 -0.0146
vn -0.7858 0.0015 0.6185
vn 0.0138 0.9998 0.0146
vn -0.6024 0.0200 -0.7980
vn -0.0139 -0.9998 -0.0146
vn -0.5802 0.2672 -0.7694
vn -0.0130 -0.9998 -0.0156
vn -0.5516 -0.3882 -0.7382
vn 0.0129 0.9998 0.0156
vn -0.0133 -0.9998 -0.0153
vn -0.7640 0.0012 0.6452
vn -0.7639 0.0013 0.6453
vn 0.0133 0.9998 0.0153
vn -0.0125 -0.9998 -0.0159
vn -0.7638 0.0014 0.6454
vn -0.7640 0.0013 0.6452
vn 0.0125 0.9998 0.0160
vn -0.0124 -0.9998 -0.0160
vn 0.5972 -0.0202 0.8018
vn -0.0124 -0.9998 -0.0161
vn 0.5818 0.2280 0.7807
vn -0.0137 -0.9998 -0.0150
vn 0.5470 -0.4252 0.7211
vn 0.0137 0.9998 0.0150
vn -0.7644 0.0013 0.6448
vn -0.7643 0.0013 0.6448
vn -0.0140 -0.9998 -0.0148
vn -0.7645 0.0015 0.6446
vn 0.0140 0.9998 0.0148
vn -0.0140 -0.9998 -0.0147
vn -0.6055 0.0202 -0.7956
vn -0.5832 0.2673 -0.7671
vn -0.0131 -0.9998 -0.0159
vn -0.5488 -0.3872 -0.7409
vn 0.0131 0.9998 0.0159
vn -0.0135 -0.9998 -0.0155
vn -0.7418 0.0012 0.6706
vn 0.0135 0.9998 0.0155
vn -0.0127 -0.9998 -0.0163
vn -0.7416 0.0013 0.6708
vn -0.7419 0.0012 0.6705
vn 0.0126 0.9998 0.0163
vn -0.0126 -0.9998 -0.0163
vn 0.5930 -0.0204 0.8049
vn -0.0125 -0.9998 -0.0164
vn 0.5779 0.2273 0.7838
vn -0.0138 -0.9998 -0.0152
vn 0.5495 -0.4249 0.7194
vn 0.0139 0.9998 0.0152
vn -0.7422 0.0012 0.6701
vn -0.7422 0.0012 0.6702
vn -0.0142 -0.9998 -0.0149
vn -0.7425 0.0014 0.6698
vn -0.7423 0.0012 0.6701
vn 0.0142 0.9998 0.0149
vn -0.7422 0.0013 0.6702
vn -0.6087 0.0204 -0.7931
vn -0.0143 -0.9998 -0.0149
vn -0.5862 0.2672 -0.7648
vn -0.0149 -0.9998 -0.0146
vn -0.6382 -0.3878 -0.6651
vn 0.0149 0.9998 0.0146
vn -0.0153 -0.9998 -0.0143
vn -0.7042 0.0010 0.7100
vn -0.7042 0.0011 0.7100
vn 0.0153 0.9998 0.0143
vn -0.0144 -0.9998 -0.0151
vn -0.7041 0.0012 0.7101
vn -0.7043 0.0011 0.7099
vn 0.0144 0.9998 0.0151
vn -0.0144 -0.9998 -0.0152
vn 0.6921 -0.0209 0.7215
vn -0.0143 -0.9998 -0.0152
vn 0.6742 0.2275 0.7026
vn -0.0156 -0.9998 -0.0140
vn 0.6253 -0.4259 0.6539
vn 0.0156 0.9998 0.0140
vn -0.7046 0.0011 0.7096
vn -0.0159 -0.9998 -0.0137
vn -0.7049 0.0013 0.7093
vn -0.7047 0.0011 0.7095
vn 0.0159 0.9998 0.0137
vn -0.6914 0.0209 -0.7221
vn -0.6660 0.2680 -0.6962
vn -0.0163 -0.9998 -0.0137
vn -0.6991 -0.3871 -0.6012
vn 0.0163 0.9998 0.0137
vn -0.0166 -0.9998 -0.0133
vn -0.6528 0.0009 0.7575
vn -0.6527 0.0009 0.7576
vn 0.0166 0.9998 0.0133
vn -0.0158 -0.9998 -0.0142
vn -0.6527 0.0010 0.7576
vn -0.6529 0.0009 0.7574
vn 0.0158 0.9998 0.0142
vn -0.6529 0.0009 0.7575
vn -0.0157 -0.9998 -0.0143
vn 0.7597 -0.0212 0.6499
vn -0.0157 -0.9998 -0.0144
vn 0.7399 0.2269 0.6332
vn -0.0169 -0.9998 -0.0130
vn 0.6775 -0.4261 0.5995
vn 0.0169 0.9998 0.0130
vn -0.6533 0.0009 0.7571
vn -0.6532 0.0009 0.7572
vn -0.0171 -0.9998 -0.0128
vn -0.6536 0.0011 0.7569
vn 0.0171 0.9998 0.0128
vn -0.6533 0.0010 0.7571
vn -0.0172 -0.9998 -0.0127
vn -0.7486 0.0212 -0.6627
vn -0.7211 0.2682 -0.6388
vn -0.0164 -0.9998 -0.0140
vn -0.6867 -0.3866 -0.6157
vn 0.0164 0.9998 0.0141
vn -0.0169 -0.9998 -0.0135
vn -0.5982 0.0006 0.8014
vn -0.5981 0.0007 0.8014
vn 0.0169 0.9998 0.0135
vn -0.0159 -0.9998 -0.0148
vn -0.5981 0.0008 0.8014
vn -0.5982 0.0007 0.8013
vn 0.0158 0.9998 0.0148
vn -0.5983 0.0007 0.8013
vn -0.0158 -0.9998 -0.0149
vn 0.7418 -0.0215 0.6703
vn -0.0157 -0.9998 -0.0150
vn 0.7229 0.2265 0.6528
vn -0.0172 -0.9998 -0.0131
vn 0.6852 -0.4263 0.5906
vn 0.0172 0.9998 0.0131
vn -0.5987 0.0007 0.8010
vn -0.5986 0.0007 0.8011
vn -0.0175 -0.9998 -0.0127
vn -0.5990 0.0009 0.8007
vn -0.5988 0.0007 0.8009
vn 0.0175 0.9998 0.0127
vn -0.7586 0.0216 -0.6512
vn -0.0176 -0.9998 -0.0126
vn -0.7306 0.2685 -0.6278
vn -0.0167 -0.9998 -0.0145
vn -0.6749 -0.3833 -0.6306
vn 0.0167 0.9998 0.0145
vn -0.0172 -0.9998 -0.0138
vn -0.5406 0.0004 0.8413
vn -0.5406 0.0005 0.8413
vn 0.0172 0.9998 0.0138
vn -0.0160 -0.9998 -0.0154
vn -0.5405 0.0005 0.8413
vn -0.5407 0.0005 0.8412
vn 0.0160 0.9998 0.0155
vn -0.0159 -0.9998 -0.0156
vn 0.7235 -0.0216 0.6900
vn -0.0158 -0.9998 -0.0158
vn 0.7058 0.2240 0.6721
vn -0.0176 -0.9998 -0.0132
vn 0.6931 -0.4253 0.5820
vn 0.0176 0.9998 0.0132
vn -0.5411 0.0004 0.8409
vn -0.5411 0.0005 0.8410
vn -0.0179 -0.9998 -0.0127
vn -0.5415 0.0006 0.8407
vn -0.5412 0.0005 0.8409
vn 0.0179 0.9998 0.0127
vn -0.5411 0.0005 0.8409
vn -0.7685 0.0218 -0.6395
vn -0.0180 -0.9998 -0.0126
vn -0.7401 0.2679 -0.6168
vn -0.0185 -0.9997 -0.0126
vn -0.7593 -0.3854 -0.5244
vn 0.0185 0.9997 0.0126
vn -0.0189 -0.9998 -0.0119
vn -0.4659 0.0001 0.8848
vn -0.4658 0.0002 0.8849
vn 0.0189 0.9998 0.0119
vn -0.0178 -0.9997 -0.0137
vn -0.4658 0.0003 0.8849
vn -0.4661 0.0002 0.8847
vn 0.0178 0.9997 0.0138
vn -0.4660 0.0002 0.8848
vn -0.0177 -0.9997 -0.0140
vn 0.8184 -0.0222 0.5742
vn -0.0176 -0.9997 -0.0142
vn 0.7978 0.2253 0.5592
vn -0.0193 -0.9998 -0.0113
vn 0.7610 -0.4267 0.4887
vn 0.0193 0.9998 0.0113
vn -0.4664 0.0002 0.8846
vn -0.4663 0.0002 0.8846
vn -0.0195 -0.9998 -0.0109
vn -0.4670 0.0004 0.8843
vn -0.4665 0.0002 0.8845
vn 0.0195 0.9998 0.0109
vn -0.0195 -0.9998 -0.0108
vn -0.8426 0.0223 -0.5381
vn -0.0196 -0.9998 -0.0108
vn -0.8115 0.2690 -0.5188
vn -0.0213 -0.9997 -0.0082
vn -0.8886 -0.3820 -0.2539
vn 0.0213 0.9997 0.0082
vn -0.0214 -0.9997 -0.0078
vn -0.3600 -0.0002 0.9329
vn -0.3599 -0.0001 0.9330
vn 0.0214 0.9997 0.0078
vn -0.0209 -0.9997 -0.0089
vn -0.3602 -0.0001 0.9329
vn 0.0209 0.9997 0.0089
vn -0.0209 -0.9997 -0.0090
vn 0.9677 -0.0223 0.2511
vn -0.0208 -0.9997 -0.0092
vn 0.9431 0.2224 0.2473
vn -0.0216 -0.9997 -0.0075
vn 0.8467 -0.4263 0.3182
vn 0.0216 0.9997 0.0075
vn -0.3606 -0.0002 0.9327
vn -0.3605 -0.0001 0.9328
vn -0.0217 -0.9997 -0.0073
vn -0.3611 0.0001 0.9325
vn -0.3607 -0.0001 0.9327
vn 0.0217 0.9997 0.0073
vn -0.3606 -0.0001 0.9327
vn -0.9345 0.0226 -0.3552
vn -0.9004 0.2689 -0.3420
vn -0.0215 -0.9997 -0.0089
vn -0.8673 -0.3850 -0.3156
vn 0.0214 0.9997 0.0089
vn -0.0218 -0.9997 -0.0079
vn -0.2492 -0.0006 0.9684
vn -0.2491 -0.0005 0.9685
vn 0.0218 0.9997 0.0079
vn -0.0209 -0.9997 -0.0105
vn -0.2492 -0.0005 0.9685
vn -0.2494 -0.0005 0.9684
vn 0.0209 0.9997 0.0106
vn -0.0208 -0.9997 -0.0109
vn 0.9377 -0.0231 0.3466
vn -0.0207 -0.9997 -0.0112
vn 0.9139 0.2249 0.3379
vn -0.0220 -0.9997 -0.0073
vn 0.8560 -0.4274 0.2909
vn 0.0220 0.9997 0.0073
vn -0.2498 -0.0006 0.9683
vn -0.2497 -0.0005 0.9683
vn -0.0221 -0.9997 -0.0068
vn -0.2503 -0.0003 0.9682
vn -0.2499 -0.0005 0.9683
vn 0.0221 0.9997 0.0068
vn -0.0221 -0.9997 -0.0067
vn -0.9470 0.0231 -0.3205
vn -0.0222 -0.9997 -0.0067
vn -0.9120 0.2698 -0.3089
vn -0.0225 -0.9997 -0.0071
vn -0.8920 -0.3848 -0.2374
vn 0.0225 0.9997 0.0071
vn -0.0226 -0.9997 -0.0062
vn -0.1615 -0.0009 0.9869
vn -0.1614 -0.0008 0.9869
vn 0.0226 0.9997 0.0062
vn -0.0222 -0.9997 -0.0082
vn -0.1612 -0.0007 0.9869
vn 0.0222 0.9997 0.0083
vn -0.1615 -0.0008 0.9869
vn -0.0222 -0.9997 -0.0085
vn 0.9649 -0.0234 0.2617
vn -0.0221 -0.9997 -0.0087
vn 0.9405 0.2245 0.2551
vn -0.0228 -0.9997 -0.0057
vn 0.8789 -0.4279 0.2110
vn 0.0228 0.9997 0.0057
vn -0.0226 -0.9997 -0.0063
vn -0.1620 -0.0009 0.9868
vn -0.1620 -0.0008 0.9868
vn 0.0226 0.9997 0.0063
vn -0.0229 -0.9997 -0.0052
vn -0.1624 -0.0007 0.9867
vn -0.1621 -0.0008 0.9868
vn 0.0229 0.9997 0.0052
vn -0.0229 -0.9997 -0.0051
vn -0.9724 0.0234 -0.2321
vn -0.9365 0.2702 -0.2236
vn -0.0237 -0.9997 -0.0015
vn -0.9245 -0.3812 0.0075
vn 0.0237 0.9997 0.0015
vn -0.0237 -0.9997 -0.0013
vn -0.1434 -0.0009 0.9897
vn -0.1433 -0.0008 0.9897
vn 0.0237 0.9997 0.0013
vn -0.0237 -0.9997 -0.0016
vn -0.1431 -0.0007 0.9897
vn -0.1434 -0.0008 0.9897
vn 0.0237 0.9997 0.0016
vn 0.9997 -0.0232 -0.0112
vn -0.0237 -0.9997 -0.0017
vn 0.9749 0.2222 -0.0104
vn -0.0237 -0.9997 -0.0012
vn 0.9053 -0.4248 0.0080
vn 0.0237 0.9997 0.0012
vn -0.1440 -0.0009 0.9896
vn -0.1439 -0.0008 0.9896
vn -0.0237 -0.9997 -0.0011
vn -0.1443 -0.0007 0.9895
vn -0.1440 -0.0008 0.9896
vn 0.0237 0.9997 0.0010
vn -0.0237 -0.9997 -0.0010
vn -0.9997 0.0233 -0.0111
vn -0.9633 0.2681 -0.0103
vn -0.0238 -0.9997 -0.0015
vn -0.9241 -0.3820 0.0065
vn 0.0238 0.9997 0.0015
vn -0.0238 -0.9997 -0.0013
vn -0.1252 -0.0009 0.9921
vn -0.1252 -0.0008 0.9921
vn 0.0238 0.9997 0.0013
vn -0.1250 -0.0007 0.9922
vn -0.1253 -0.0008 0.9921
vn 0.9997 -0.0234 -0.0098
vn 0.9748 0.2227 -0.0090
vn -0.0238 -0.9997 -0.0012
vn 0.9048 -0.4257 0.0071
vn 0.0238 0.9997 0.0012
vn -0.1258 -0.0009 0.9921
vn -0.1258 -0.0008 0.9921
vn -0.0238 -0.9997 -0.0010
vn -0.1261 -0.0007 0.9920
vn 0.0238 0.9997 0.0010
vn -0.9997 0.0235 -0.0099
vn -0.9632 0.2688 -0.0091
vn -0.0239 -0.9997 -0.0015
vn -0.9238 -0.3828 0.0054
vn 0.0239 0.9997 0.0015
vn -0.0239 -0.9997 -0.0013
vn -0.1071 -0.0009 0.9943
vn -0.1070 -0.0008 0.9943
vn 0.0239 0.9997 0.0013
vn -0.0238 -0.9997 -0.0017
vn -0.1068 -0.0007 0.9943
vn -0.1071 -0.0008 0.9942
vn 0.0238 0.9997 0.0017
vn 0.9997 -0.0236 -0.0084
vn 0.9748 0.2231 -0.0076
vn -0.0239 -0.9997 -0.0012
vn 0.9044 -0.4266 0.0061
vn 0.0239 0.9997 0.0012
vn -0.1077 -0.0009 0.9942
vn -0.1077 -0.0008 0.9942
vn -0.0239 -0.9997 -0.0010
vn -0.1080 -0.0007 0.9941
vn 0.0239 0.9997 0.0010
vn -0.1076 -0.0008 0.9942
vn -0.9997 0.0236 -0.0086
vn -0.9630 0.2694 -0.0079
vn -0.0240 -0.9997 -0.0015
vn -0.9236 -0.3834 0.0043
vn 0.0240 0.9997 0.0015
vn -0.0240 -0.9997 -0.0013
vn -0.0889 -0.0009 0.9960
vn -0.0888 -0.0009 0.9960
vn 0.0240 0.9997 0.0013
vn -0.0239 -0.9997 -0.0017
vn -0.0886 -0.0008 0.9961
vn 0.0239 0.9997 0.0017
vn -0.0889 -0.0008 0.9960
vn 0.9997 -0.0238 -0.0069
vn 0.9747 0.2235 -0.0062
vn -0.0240 -0.9997 -0.0011
vn 0.9041 -0.4273 0.0052
vn 0.0240 0.9997 0.0011
vn -0.0895 -0.0009 0.9960
vn -0.0895 -0.0008 0.9960
vn -0.0240 -0.9997 -0.0010
vn -0.0898 -0.0007 0.9960
vn 0.0240 0.9997 0.0010
vn -0.0894 -0.0008 0.9960
vn -0.9997 0.0238 -0.0074
vn -0.0240 -0.9997 -0.0009
vn -0.9629 0.2699 -0.0068
vn -0.0241 -0.9997 -0.0015
vn -0.9234 -0.3838 0.0033
vn 0.0241 0.9997 0.0015
vn -0.0241 -0.9997 -0.0013
vn -0.0706 -0.0009 0.9975
vn 0.0241 0.9997 0.0013
vn -0.0241 -0.9997 -0.0017
vn -0.0704 -0.0008 0.9975
vn -0.0707 -0.0009 0.9975
vn 0.0241 0.9997 0.0017
vn -0.0707 -0.0008 0.9975
vn -0.0240 -0.9997 -0.0018
vn 0.9997 -0.0240 -0.0055
vn 0.9746 0.2238 -0.0049
vn -0.0241 -0.9997 -0.0011
vn 0.9038 -0.4279 0.0043
vn 0.0241 0.9997 0.0011
vn -0.0712 -0.0009 0.9975
vn -0.0241 -0.9997 -0.0010
vn -0.0716 -0.0007 0.9974
vn 0.0241 0.9997 0.0009
vn -0.0712 -0.0008 0.9975
vn -0.0241 -0.9997 -0.0009
vn -0.9997 0.0240 -0.0061
vn -0.9627 0.2704 -0.0056
vn -0.0242 -0.9997 -0.0015
vn -0.9233 -0.3842 0.0022
vn 0.0242 0.9997 0.0015
vn -0.0242 -0.9997 -0.0013
vn -0.0524 -0.0009 0.9986
vn 0.0242 0.9997 0.0013
vn -0.0242 -0.9997 -0.0017
vn -0.0521 -0.0008 0.9986
vn 0.0242 0.9997 0.0018
vn -0.0525 -0.0009 0.9986
vn -0.0242 -0.9997 -0.0018
vn 0.9997 -0.0241 -0.0041
vn 0.9746 0.2239 -0.0035
vn -0.0242 -0.9997 -0.0011
vn 0.9036 -0.4285 0.0034
vn 0.0242 0.9997 0.0011
vn -0.0530 -0.0009 0.9986
vn -0.0242 -0.9997 -0.0009
vn -0.0534 -0.0007 0.9986
vn 0.0242 0.9997 0.0009
vn -0.0529 -0.0008 0.9986
vn -0.9997 0.0241 -0.0049
vn -0.9626 0.2708 -0.0044
vn -0.0243 -0.9997 -0.0015
vn -0.9232 -0.3844 0.0011
vn 0.0243 0.9997 0.0015
vn -0.0243 -0.9997 -0.0013
vn -0.0341 -0.0010 0.9994
vn -0.0341 -0.0009 0.9994
vn 0.0243 0.9997 0.0013
vn -0.0243 -0.9997 -0.0018
vn -0.0339 -0.0008 0.9994
vn -0.0342 -0.0009 0.9994
vn 0.0243 0.9997 0.0018
vn 0.9997 -0.0243 -0.0026
vn 0.9746 0.2240 -0.0021
vn -0.0243 -0.9997 -0.0011
vn 0.9034 -0.4289 0.0024
vn 0.0243 0.9997 0.0011
vn -0.0347 -0.0009 0.9994
vn -0.0243 -0.9997 -0.0009
vn -0.0350 -0.0007 0.9994
vn 0.0243 0.9997 0.0009
vn -0.9997 0.0243 -0.0037
vn -0.9625 0.2712 -0.0032
vn -0.0244 -0.9997 -0.0015
vn -0.9231 -0.3845 0.0001
vn 0.0244 0.9997 0.0016
vn -0.0245 -0.9997 -0.0013
vn -0.0158 -0.0010 0.9999
vn -0.0158 -0.0009 0.9999
vn 0.0245 0.9997 0.0013
vn -0.0244 -0.9997 -0.0018
vn -0.0155 -0.0008 0.9999
vn -0.0159 -0.0009 0.9999
vn 0.0244 0.9997 0.0018
vn 0.9997 -0.0244 -0.0012
vn -0.0244 -0.9997 -0.0019
vn 0.9746 0.2241 -0.0007
vn -0.0245 -0.9997 -0.0011
vn 0.9032 -0.4292 0.0015
vn 0.0245 0.9997 0.0011
vn -0.0164 -0.0010 0.9999
vn -0.0164 -0.0009 0.9999
vn -0.0245 -0.9997 -0.0009
vn -0.0168 -0.0007 0.9999
vn 0.0245 0.9997 0.0009
vn -0.0245 -0.9997 -0.0008
vn -0.9997 0.0244 -0.0024
vn -0.9625 0.2714 -0.0021
vn -0.0246 -0.9997 -0.0016
vn -0.9231 -0.3845 -0.0010
vn 0.0246 0.9997 0.0016
vn -0.0246 -0.9997 -0.0013
vn 0.0025 -0.0010 1.0000
vn 0.0025 -0.0009 1.0000
vn 0.0246 0.9997 0.0013
vn -0.0246 -0.9997 -0.0018
vn 0.0028 -0.0008 1.0000
vn 0.0246 0.9997 0.0018
vn 0.0024 -0.0009 1.0000
vn -0.0246 -0.9997 -0.0019
vn 0.9997 -0.0246 0.0003
vn 0.9746 0.2240 0.0007
vn -0.0246 -0.9997 -0.0011
vn 0.9031 -0.4294 0.0006
vn 0.0246 0.9997 0.0011
vn 0.0019 -0.0010 1.0000
vn 0.0019 -0.0009 1.0000
vn -0.0246 -0.9997 -0.0009
vn 0.0015 -0.0008 1.0000
vn 0.0018 -0.0009 1.0000
vn 0.0246 0.9997 0.0008
vn -0.0246 -0.9997 -0.0008
vn -0.9997 0.0246 -0.0012
vn -0.9624 0.2716 -0.0009
vn -0.0248 -0.9997 -0.0008
vn -0.9232 -0.3843 0.0060
vn 0.0248 0.9997 0.0008
vn -0.0248 -0.9997 -0.0004
vn 0.0051 -0.0008 1.0000
vn 0.0248 0.9997 0.0004
vn -0.0248 -0.9997 -0.0011
vn 0.0054 -0.0007 1.0000
vn 0.0050 -0.0008 1.0000
vn 0.0248 0.9997 0.0011
vn 0.0050 -0.0007 1.0000
vn 0.9997 -0.0247 -0.0070
vn -0.0248 -0.9997 -0.0012
vn 0.9746 0.2238 -0.0065
vn -0.0248 -0.9997 -0.0001
vn 0.9030 -0.4296 -0.0063
vn 0.0248 0.9997 0.0001
vn 0.0045 -0.0008 1.0000
vn -0.0247 -0.9997 0.0002
vn 0.0042 -0.0006 1.0000
vn 0.0248 0.9997 -0.0002
vn 0.0045 -0.0007 1.0000
vn -0.0248 -0.9997 0.0003
vn -0.9997 0.0248 0.0069
vn -0.9623 0.2718 0.0067
vn -0.0249 -0.9997 -0.0007
vn -0.9232 -0.3842 0.0065
vn 0.0249 0.9997 0.0007
vn -0.0249 -0.9997 -0.0004
vn 0.0067 -0.0006 1.0000
vn 0.0249 0.9997 0.0004
vn -0.0249 -0.9997 -0.0010
vn 0.0070 -0.0005 1.0000
vn 0.0249 0.9997 0.0011
vn 0.0066 -0.0006 1.0000
vn -0.0249 -0.9997 -0.0011
vn 0.9997 -0.0249 -0.0074
vn 0.9746 0.2237 -0.0070
vn -0.0249 -0.9997 -0.0001
vn 0.9029 -0.4297 -0.0067
vn 0.0249 0.9997 -0.0000
vn 0.0061 -0.0006 1.0000
vn -0.0249 -0.9997 0.0003
vn 0.0058 -0.0004 1.0000
vn 0.0249 0.9997 -0.0003
vn 0.0062 -0.0005 1.0000
vn -0.9997 0.0250 0.0074
vn -0.0249 -0.9997 0.0004
vn -0.9623 0.2720 0.0072
vn -0.0251 -0.9997 -0.0007
vn -0.9233 -0.3840 0.0064
vn 0.0251 0.9997 0.0007
vn -0.0251 -0.9997 -0.0004
vn 0.0083 -0.0005 1.0000
vn 0.0083 -0.0004 1.0000
vn 0.0251 0.9997 0.0004
vn -0.0251 -0.9997 -0.0010
vn 0.0086 -0.0003 1.0000
vn 0.0251 0.9997 0.0011
vn -0.0251 -0.9997 -0.0011
vn 0.9997 -0.0251 -0.0074
vn 0.9747 0.2235 -0.0070
vn -0.0251 -0.9997 -0.0000
vn 0.9029 -0.4299 -0.0068
vn 0.0251 0.9997 -0.0000
vn 0.0077 -0.0005 1.0000
vn 0.0077 -0.0004 1.0000
vn -0.0251 -0.9997 0.0003
vn 0.0074 -0.0003 1.0000
vn 0.0251 0.9997 -0.0003
vn 0.0078 -0.0004 1.0000
vn -0.9997 0.0251 0.0074
vn -0.0251 -0.9997 0.0004
vn -0.9622 0.2722 0.0072
vn -0.0253 -0.9997 -0.0007
vn -0.9234 -0.3838 0.0064
vn 0.0253 0.9997 0.0007
vn -0.0253 -0.9997 -0.0004
vn 0.0099 -0.0003 1.0000
vn 0.0100 -0.0002 1.0000
vn 0.0253 0.9997 0.0004
vn -0.0253 -0.9997 -0.0010
vn 0.0102 -0.0001 0.9999
vn 0.0099 -0.0002 1.0000
vn 0.0253 0.9997 0.0011
vn -0.0253 -0.9997 -0.0011
vn 0.9997 -0.0253 -0.0074
vn 0.9747 0.2233 -0.0070
vn -0.0253 -0.9997 -0.0000
vn 0.9028 -0.4301 -0.0068
vn 0.0253 0.9997 -0.0000
vn 0.0094 -0.0003 1.0000
vn 0.0093 -0.0002 1.0000
vn -0.0253 -0.9997 0.0003
vn 0.0091 -0.0001 1.0000
vn 0.0094 -0.0002 1.0000
vn 0.0253 0.9997 -0.0003
vn -0.9997 0.0253 0.0074
vn -0.0253 -0.9997 0.0004
vn -0.9622 0.2724 0.0072
vn -0.0255 -0.9997 -0.0007
vn -0.9235 -0.3836 0.0064
vn 0.0255 0.9997 0.0007
vn -0.0255 -0.9997 -0.0004
vn 0.0116 -0.0001 0.9999
vn 0.0116 -0.0000 0.9999
vn 0.0255 0.9997 0.0004
vn -0.0255 -0.9997 -0.0010
vn 0.0119 0.0001 0.9999
vn 0.0255 0.9997 0.0011
vn 0.0115 -0.0000 0.9999
vn -0.0255 -0.9997 -0.0011
vn 0.9996 -0.0255 -0.0074
vn 0.9748 0.2231 -0.0070
vn -0.0255 -0.9997 -0.0000
vn 0.9027 -0.4302 -0.0068
vn 0.0255 0.9997 -0.0000
vn 0.0110 -0.0001 0.9999
vn 0.0110 -0.0000 0.9999
vn -0.0255 -0.9997 0.0003
vn 0.0106 0.0001 0.9999
vn 0.0255 0.9997 -0.0003
vn -0.9996 0.0255 0.0075
vn -0.0255 -0.9997 0.0004
vn -0.9621 0.2725 0.0072
vn -0.0257 -0.9997 -0.0007
vn -0.9235 -0.3835 0.0064
vn 0.0257 0.9997 0.0007
vn -0.0257 -0.9997 -0.0004
vn 0.0132 0.0001 0.9999
vn 0.0257 0.9997 0.0004
vn -0.0257 -0.9997 -0.0010
vn 0.0135 0.0003 0.9999
vn 0.0257 0.9997 0.0011
vn 0.0131 0.0002 0.9999
vn -0.0257 -0.9997 -0.0011
vn 0.9996 -0.0257 -0.0074
vn 0.9748 0.2229 -0.0070
vn -0.0257 -0.9997 -0.0000
vn 0.9026 -0.4304 -0.0068
vn 0.0257 0.9997 -0.0000
vn 0.0126 0.0001 0.9999
vn -0.0257 -0.9997 0.0003
vn 0.0123 0.0003 0.9999
vn 0.0257 0.9997 -0.0003
vn 0.0126 0.0002 0.9999
vn -0.9996 0.0257 0.0075
vn -0.0257 -0.9997 0.0004
vn -0.9621 0.2727 0.0072
vn -0.0259 -0.9997 -0.0002
vn -0.9236 -0.3833 0.0102
vn 0.0259 0.9997 0.0002
vn -0.0259 -0.9997 0.0002
vn 0.0156 0.0004 0.9999
vn 0.0259 0.9997 -0.0002
vn -0.0259 -0.9997 -0.0005
vn 0.0159 0.0006 0.9999
vn 0.0259 0.9997 0.0006
vn 0.0155 0.0005 0.9999
vn -0.0259 -0.9997 -0.0006
vn 0.9996 -0.0259 -0.0113
vn -0.0259 -0.9997 -0.0007
vn 0.9748 0.2227 -0.0109
vn -0.0259 -0.9997 0.0006
vn 0.9025 -0.4306 -0.0101
vn 0.0259 0.9997 -0.0006
vn 0.0150 0.0004 0.9999
vn 0.0149 0.0004 0.9999
vn -0.0259 -0.9997 0.0010
vn 0.0146 0.0006 0.9999
vn 0.0259 0.9997 -0.0010
vn 0.0150 0.0005 0.9999
vn -0.9996 0.0259 0.0114
vn -0.0259 -0.9997 0.0011
vn -0.9620 0.2729 0.0108
vn -0.0262 -0.9997 0.0011
vn -0.9235 -0.3830 0.0194
vn 0.0262 0.9997 -0.0011
vn -0.0262 -0.9997 0.0016
vn 0.0197 0.0010 0.9998
vn 0.0262 0.9997 -0.0016
vn -0.0262 -0.9997 0.0006
vn 0.0200 0.0012 0.9998
vn 0.0196 0.0010 0.9998
vn 0.0262 0.9997 -0.0006
vn 0.0196 0.0011 0.9998
vn -0.0262 -0.9997 0.0005
vn 0.9994 -0.0262 -0.0209
vn 0.9747 0.2224 -0.0205
vn -0.0261 -0.9997 0.0021
vn 0.9022 -0.4308 -0.0180
vn 0.0261 0.9997 -0.0021
vn 0.0191 0.0010 0.9998
vn 0.0191 0.0011 0.9998
vn -0.0261 -0.9997 0.0026
vn 0.0188 0.0012 0.9998
vn 0.0192 0.0011 0.9998
vn 0.0261 0.9997 -0.0026
vn -0.0261 -0.9997 0.0027
vn -0.9994 0.0262 0.0208
vn -0.9618 0.2732 0.0195
vn -0.0264 -0.9996 0.0011
vn -0.9236 -0.3828 0.0194
vn 0.0265 0.9996 -0.0011
vn -0.0264 -0.9996 0.0016
vn 0.0238 0.0016 0.9997
vn 0.0264 0.9996 -0.0016
vn -0.0265 -0.9996 0.0006
vn 0.0242 0.0018 0.9997
vn 0.0265 0.9996 -0.0006
vn 0.0238 0.0017 0.9997
vn -0.0265 -0.9996 0.0005
vn 0.9994 -0.0265 -0.0208
vn 0.9748 0.2222 -0.0204
vn -0.0264 -0.9996 0.0021
vn 0.9021 -0.4311 -0.0181
vn 0.0264 0.9996 -0.0021
vn 0.0232 0.0016 0.9997
vn 0.0233 0.0017 0.9997
vn -0.0264 -0.9996 0.0026
vn 0.0229 0.0018 0.9997
vn 0.0232 0.0017 0.9997
vn 0.0264 0.9996 -0.0026
vn -0.0264 -0.9996 0.0027
vn -0.9994 0.0265 0.0208
vn -0.9617 0.2735 0.0196
vn -0.0267 -0.9996 0.0011
vn -0.9238 -0.3825 0.0193
vn 0.0267 0.9996 -0.0011
vn -0.0267 -0.9996 0.0016
vn 0.0280 0.0022 0.9996
vn 0.0267 0.9996 -0.0016
vn -0.0268 -0.9996 0.0006
vn 0.0282 0.0023 0.9996
vn 0.0268 0.9996 -0.0006
vn 0.0279 0.0023 0.9996
vn -0.0268 -0.9996 0.0005
vn 0.9994 -0.0268 -0.0207
vn 0.9749 0.2219 -0.0203
vn -0.0267 -0.9996 0.0021
vn 0.9020 -0.4314 -0.0181
vn 0.0267 0.9996 -0.0021
vn 0.0274 0.0022 0.9996
vn 0.0274 0.0023 0.9996
vn -0.0267 -0.9996 0.0026
vn 0.0271 0.0024 0.9996
vn 0.0267 0.9996 -0.0026
vn -0.0267 -0.9996 0.0027
vn -0.9994 0.0268 0.0209
vn -0.0267 -0.9996 0.0028
vn -0.9616 0.2737 0.0197
vn -0.0270 -0.9996 0.0011
vn -0.9239 -0.3822 0.0193
vn 0.0270 0.9996 -0.0011
vn -0.0270 -0.9996 0.0016
vn 0.0321 0.0028 0.9995
vn 0.0321 0.0029 0.9995
vn 0.0270 0.9996 -0.0016
vn -0.0271 -0.9996 0.0006
vn 0.0323 0.0029 0.9995
vn 0.0271 0.9996 -0.0006
vn -0.0271 -0.9996 0.0005
vn 0.9994 -0.0270 -0.0207
vn 0.9749 0.2216 -0.0202
vn -0.0270 -0.9996 0.0021
vn 0.9019 -0.4316 -0.0182
vn 0.0270 0.9996 -0.0021
vn 0.0315 0.0028 0.9995
vn 0.0315 0.0029 0.9995
vn -0.0270 -0.9996 0.0026
vn 0.0313 0.0030 0.9995
vn 0.0270 0.9996 -0.0027
vn 0.0316 0.0029 0.9995
vn -0.0270 -0.9996 0.0027
vn -0.9994 0.0270 0.0210
vn -0.0270 -0.9996 0.0028
vn -0.9615 0.2740 0.0197
vn -0.0273 -0.9996 0.0046
vn -0.9234 -0.3818 0.0387
vn 0.0273 0.9996 -0.0046
vn -0.0273 -0.9996 0.0053
vn 0.0428 0.0048 0.9991
vn 0.0428 0.0049 0.9991
vn 0.0273 0.9996 -0.0053
vn -0.0273 -0.9996 0.0038
vn 0.0431 0.0050 0.9991
vn 0.0273 0.9996 -0.0037
vn 0.0427 0.0049 0.9991
vn -0.0273 -0.9996 0.0037
vn 0.9988 -0.0275 -0.0405
vn -0.0273 -0.9996 0.0036
vn 0.9744 0.2212 -0.0402
vn -0.0272 -0.9996 0.0060
vn 0.9012 -0.4320 -0.0342
vn 0.0272 0.9996 -0.0060
vn 0.0422 0.0048 0.9991
vn 0.0421 0.0049 0.9991
vn -0.0272 -0.9996 0.0067
vn 0.0418 0.0050 0.9991
vn 0.0272 0.9996 -0.0067
vn 0.0422 0.0049 0.9991
vn -0.0272 -0.9996 0.0068
vn -0.9988 0.0274 0.0402
vn -0.0272 -0.9996 0.0069
vn -0.9609 0.2744 0.0374
vn -0.0277 -0.9996 0.0053
vn -0.9234 -0.3814 0.0423
vn 0.0277 0.9996 -0.0052
vn -0.0277 -0.9996 0.0061
vn 0.0548 0.0071 0.9985
vn 0.0277 0.9996 -0.0061
vn -0.0278 -0.9996 0.0044
vn 0.0551 0.0073 0.9985
vn 0.0278 0.9996 -0.0043
vn 0.0547 0.0072 0.9985
vn -0.0278 -0.9996 0.0042
vn 0.9986 -0.0279 -0.0442
vn -0.0278 -0.9996 0.0041
vn 0.9743 0.2208 -0.0440
vn -0.0276 -0.9996 0.0069
vn 0.9009 -0.4324 -0.0377
vn 0.0276 0.9996 -0.0069
vn 0.0542 0.0071 0.9985
vn 0.0542 0.0072 0.9985
vn -0.0276 -0.9996 0.0076
vn 0.0538 0.0073 0.9985
vn 0.0276 0.9996 -0.0077
vn -0.0276 -0.9996 0.0078
vn -0.9986 0.0279 0.0445
vn -0.0276 -0.9996 0.0079
vn -0.9606 0.2748 0.0413
vn -0.0282 -0.9996 0.0056
vn -0.9236 -0.3809 0.0435
vn 0.0282 0.9996 -0.0056
vn -0.0282 -0.9996 0.0065
vn 0.0676 0.0096 0.9977
vn 0.0677 0.0097 0.9977
vn 0.0282 0.9996 -0.0065
vn -0.0283 -0.9996 0.0046
vn 0.0679 0.0098 0.9976
vn 0.0675 0.0097 0.9977
vn 0.0283 0.9996 -0.0046
vn 0.0676 0.0097 0.9977
vn -0.0283 -0.9996 0.0045
vn 0.9986 -0.0284 -0.0452
vn -0.0283 -0.9996 0.0043
vn 0.9744 0.2203 -0.0450
vn -0.0281 -0.9996 0.0074
vn 0.9006 -0.4328 -0.0394
vn 0.0281 0.9996 -0.0074
vn 0.0670 0.0096 0.9977
vn 0.0670 0.0097 0.9977
vn -0.0281 -0.9996 0.0082
vn 0.0666 0.0099 0.9977
vn 0.0671 0.0097 0.9977
vn 0.0281 0.9996 -0.0082
vn -0.0280 -0.9996 0.0083
vn -0.9985 0.0284 0.0467
vn -0.0280 -0.9996 0.0084
vn -0.9604 0.2753 0.0433
vn -0.0283 -0.9995 0.0149
vn -0.9210 -0.3800 0.0862
vn 0.0283 0.9995 -0.0149
vn -0.0282 -0.9995 0.0164
vn 0.1020 0.0184 0.9946
vn 0.0282 0.9995 -0.0164
vn -0.0284 -0.9995 0.0133
vn 0.1022 0.0186 0.9946
vn 0.1019 0.0184 0.9946
vn 0.0284 0.9995 -0.0132
vn 0.1019 0.0185 0.9946
vn -0.0284 -0.9995 0.0130
vn 0.9957 -0.0294 -0.0882
vn -0.0285 -0.9995 0.0127
vn 0.9716 0.2192 -0.0889
vn -0.0280 -0.9995 0.0176
vn 0.8982 -0.4337 -0.0723
vn 0.0280 0.9995 -0.0177
vn 0.1014 0.0184 0.9947
vn 0.1014 0.0185 0.9947
vn -0.0279 -0.9994 0.0188
vn 0.1010 0.0186 0.9947
vn 0.1013 0.0184 0.9947
vn 0.0279 0.9994 -0.0189
vn -0.0279 -0.9994 0.0190
vn -0.9958 0.0294 0.0872
vn -0.0279 -0.9994 0.0191
vn -0.9578 0.2762 0.0800
vn -0.0285 -0.9993 0.0234
vn -0.9185 -0.3786 0.1141
vn 0.0285 0.9993 -0.0233
vn -0.0282 -0.9993 0.0254
vn 0.1421 0.0319 0.9893
vn 0.1421 0.0320 0.9893
vn 0.0282 0.9993 -0.0254
vn -0.0288 -0.9994 0.0209
vn 0.1422 0.0321 0.9893
vn 0.1420 0.0320 0.9893
vn 0.0288 0.9994 -0.0207
vn -0.0288 -0.9994 0.0205
vn 0.9929 -0.0308 -0.1149
vn -0.0289 -0.9994 0.0201
vn 0.9690 0.2179 -0.1166
vn -0.0280 -0.9992 0.0272
vn 0.8955 -0.4349 -0.0950
vn 0.0280 0.9992 -0.0272
vn 0.1415 0.0320 0.9894
vn 0.1416 0.0320 0.9894
vn -0.0278 -0.9992 0.0288
vn 0.1412 0.0321 0.9895
vn 0.1414 0.0320 0.9894
vn 0.0278 0.9992 -0.0289
vn -0.0278 -0.9992 0.0291
vn -0.9927 0.0308 0.1166
vn -0.0277 -0.9992 0.0292
vn -0.9549 0.2775 0.1060
vn -0.0267 -0.9986 0.0449
vn -0.9110 -0.3756 0.1701
vn 0.0267 0.9986 -0.0448
vn -0.0263 -0.9985 0.0472
vn 0.1532 0.0462 0.9871
vn 0.1532 0.0463 0.9871
vn 0.0263 0.9985 -0.0472
vn -0.0270 -0.9987 0.0425
vn 0.1536 0.0464 0.9870
vn 0.1533 0.0463 0.9871
vn 0.0271 0.9987 -0.0423
vn -0.0271 -0.9987 0.0420
vn 0.9854 -0.0337 -0.1667
vn -0.0271 -0.9988 0.0417
vn 0.9613 0.2148 -0.1724
vn -0.0260 -0.9984 0.0493
vn 0.8899 -0.4372 -0.1305
vn 0.0260 0.9984 -0.0494
vn -0.0263 -0.9985 0.0471
vn 0.1526 0.0462 0.9872
vn 0.1526 0.0463 0.9872
vn 0.0263 0.9985 -0.0471
vn -0.0257 -0.9983 0.0515
vn 0.1524 0.0464 0.9872
vn 0.1527 0.0463 0.9872
vn 0.0257 0.9983 -0.0517
vn -0.0256 -0.9983 0.0518
vn -0.9857 0.0337 0.1650
vn -0.0256 -0.9983 0.0521
vn -0.9486 0.2801 0.1475
vn -0.0274 -0.9984 0.0491
vn -0.9165 -0.3758 0.1370
vn 0.0274 0.9984 -0.0491
vn -0.0271 -0.9983 0.0513
vn 0.1018 0.0419 0.9939
vn 0.1018 0.0420 0.9939
vn 0.0271 0.9983 -0.0513
vn -0.0276 -0.9985 0.0473
vn 0.1023 0.0421 0.9939
vn 0.1019 0.0420 0.9939
vn 0.0276 0.9985 -0.0472
vn -0.0276 -0.9985 0.0470
vn 0.9912 -0.0334 -0.1284
vn -0.0277 -0.9985 0.0467
vn 0.9670 0.2151 -0.1364
vn -0.0267 -0.9982 0.0538
vn 0.8945 -0.4368 -0.0958
vn 0.0267 0.9982 -0.0539
vn -0.0271 -0.9983 0.0512
vn 0.1012 0.0419 0.9940
vn 0.1012 0.0420 0.9940
vn 0.0271 0.9983 -0.0512
vn -0.0263 -0.9980 0.0570
vn 0.1010 0.0421 0.9940
vn 0.1013 0.0420 0.9940
vn 0.0263 0.9980 -0.0572
vn -0.0263 -0.9980 0.0576
vn -0.9910 0.0334 0.1298
vn -0.0262 -0.9980 0.0581
vn -0.9535 0.2798 0.1118
vn -0.0295 -0.9989 0.0377
vn -0.9226 -0.3772 0.0803
vn 0.0295 0.9989 -0.0376
vn -0.0294 -0.9988 0.0389
vn 0.0621 0.0343 0.9975
vn 0.0294 0.9988 -0.0389
vn -0.0296 -0.9989 0.0366
vn 0.0625 0.0344 0.9974
vn 0.0622 0.0343 0.9975
vn 0.0296 0.9989 -0.0365
vn 0.0621 0.0344 0.9975
vn -0.0296 -0.9989 0.0364
vn 0.9969 -0.0321 -0.0715
vn -0.0297 -0.9989 0.0363
vn 0.9731 0.2165 -0.0785
vn -0.0293 -0.9988 0.0403
vn 0.8989 -0.4357 -0.0459
vn 0.0293 0.9988 -0.0403
vn 0.0615 0.0343 0.9975
vn -0.0292 -0.9987 0.0420
vn 0.0613 0.0345 0.9975
vn 0.0292 0.9987 -0.0421
vn 0.0616 0.0344 0.9975
vn -0.0292 -0.9987 0.0423
vn -0.9972 0.0319 0.0681
vn -0.0291 -0.9987 0.0425
vn -0.9588 0.2785 0.0559
vn -0.0306 -0.9990 0.0311
vn -0.9245 -0.3775 0.0529
vn 0.0306 0.9990 -0.0311
vn -0.0306 -0.9990 0.0321
vn 0.0374 0.0280 0.9989
vn 0.0374 0.0281 0.9989
vn 0.0306 0.9990 -0.0321
vn -0.0307 -0.9991 0.0301
vn 0.0378 0.0282 0.9989
vn 0.0373 0.0281 0.9989
vn 0.0307 0.9991 -0.0300
vn -0.0307 -0.9991 0.0299
vn 0.9985 -0.0319 -0.0443
vn -0.0307 -0.9991 0.0298
vn 0.9749 0.2167 -0.0506
vn -0.0305 -0.9990 0.0333
vn 0.8997 -0.4358 -0.0260
vn 0.0305 0.9990 -0.0333
vn 0.0368 0.0281 0.9989
vn 0.0367 0.0281 0.9989
vn -0.0305 -0.9989 0.0345
vn 0.0365 0.0283 0.9989
vn 0.0369 0.0281 0.9989
vn 0.0304 0.9989 -0.0346
vn -0.0304 -0.9989 0.0348
vn -0.9985 0.0319 0.0434
vn -0.0304 -0.9989 0.0349
vn -0.9598 0.2785 0.0337
vn -0.0314 -0.9992 0.0245
vn -0.9255 -0.3776 0.0311
vn 0.0314 0.9992 -0.0244
vn -0.0314 -0.9992 0.0252
vn 0.0240 0.0244 0.9994
vn 0.0314 0.9992 -0.0252
vn -0.0314 -0.9992 0.0237
vn 0.0243 0.0245 0.9994
vn 0.0241 0.0244 0.9994
vn 0.0314 0.9992 -0.0237
vn 0.0239 0.0244 0.9994
vn -0.0314 -0.9992 0.0236
vn 0.9992 -0.0320 -0.0233
vn -0.0314 -0.9992 0.0235
vn 0.9758 0.2167 -0.0286
vn -0.0314 -0.9992 0.0260
vn 0.8999 -0.4359 -0.0100
vn 0.0314 0.9992 -0.0260
vn 0.0234 0.0244 0.9994
vn 0.0233 0.0244 0.9994
vn -0.0313 -0.9991 0.0269
vn 0.0231 0.0246 0.9994
vn 0.0313 0.9991 -0.0269
vn 0.0235 0.0245 0.9994
vn -0.0313 -0.9991 0.0270
vn -0.9992 0.0319 0.0226
vn -0.0313 -0.9991 0.0271
vn -0.9603 0.2786 0.0154
vn -0.0319 -0.9993 0.0209
vn -0.9258 -0.3774 0.0194
vn 0.0319 0.9993 -0.0209
vn -0.0319 -0.9993 0.0215
vn 0.0166 0.0220 0.9996
vn 0.0166 0.0221 0.9996
vn 0.0319 0.9993 -0.0215
vn -0.0319 -0.9993 0.0203
vn 0.0170 0.0222 0.9996
vn 0.0165 0.0221 0.9996
vn 0.0319 0.9993 -0.0203
vn -0.0319 -0.9993 0.0202
vn 0.9994 -0.0321 -0.0121
vn -0.0319 -0.9993 0.0201
vn 0.9761 0.2166 -0.0168
vn -0.0319 -0.9992 0.0222
vn 0.8999 -0.4361 -0.0015
vn 0.0319 0.9992 -0.0222
vn 0.0160 0.0220 0.9996
vn 0.0160 0.0221 0.9996
vn -0.0319 -0.9992 0.0229
vn 0.0157 0.0222 0.9996
vn 0.0161 0.0221 0.9996
vn 0.0319 0.9992 -0.0229
vn -0.0319 -0.9992 0.0230
vn -0.9994 0.0321 0.0116
vn -0.0319 -0.9992 0.0231
vn -0.9603 0.2788 0.0057
vn -0.0323 -0.9993 0.0209
vn -0.9260 -0.3771 0.0192
vn 0.0323 0.9993 -0.0209
vn -0.0323 -0.9992 0.0215
vn 0.0092 0.0197 0.9998
vn 0.0093 0.0197 0.9998
vn 0.0323 0.9992 -0.0215
vn -0.0323 -0.9993 0.0202
vn 0.0095 0.0198 0.9998
vn 0.0323 0.9993 -0.0202
vn 0.0092 0.0198 0.9998
vn -0.0323 -0.9993 0.0201
vn 0.9994 -0.0325 -0.0118
vn -0.0323 -0.9993 0.0200
vn 0.9762 0.2162 -0.0166
vn -0.0323 -0.9992 0.0222
vn 0.8997 -0.4365 -0.0016
vn 0.0323 0.9992 -0.0222
vn 0.0086 0.0197 0.9998
vn 0.0086 0.0198 0.9998
vn -0.0323 -0.9992 0.0229
vn 0.0084 0.0199 0.9998
vn 0.0088 0.0198 0.9998
vn 0.0323 0.9992 -0.0230
vn 0.0087 0.0198 0.9998
vn -0.0323 -0.9992 0.0230
vn -0.9994 0.0325 0.0118
vn -0.0323 -0.9992 0.0231
vn -0.9602 0.2792 0.0059
vn -0.0327 -0.9993 0.0186
vn -0.9262 -0.3769 0.0128
vn 0.0327 0.9993 -0.0186
vn -0.0327 -0.9993 0.0192
vn 0.0038 0.0179 0.9998
vn 0.0038 0.0180 0.9998
vn 0.0327 0.9993 -0.0192
vn -0.0327 -0.9993 0.0180
vn 0.0041 0.0181 0.9998
vn 0.0327 0.9993 -0.0180
vn 0.0037 0.0180 0.9998
vn -0.0327 -0.9993 0.0179
vn 0.9994 -0.0328 -0.0058
vn 0.9763 0.2160 -0.0102
vn -0.0327 -0.9993 0.0197
vn 0.8996 -0.4367 0.0029
vn 0.0327 0.9993 -0.0198
vn 0.0032 0.0179 0.9998
vn 0.0032 0.0180 0.9998
vn -0.0327 -0.9993 0.0204
vn 0.0029 0.0181 0.9998
vn 0.0327 0.9993 -0.0204
vn -0.0327 -0.9993 0.0205
vn -0.9994 0.0328 0.0058
vn -0.9602 0.2795 0.0007
vn -0.0330 -0.9993 0.0149
vn -0.9263 -0.3768 0.0024
vn 0.0330 0.9993 -0.0149
vn -0.0330 -0.9993 0.0153
vn 0.0014 0.0170 0.9999
vn 0.0014 0.0171 0.9999
vn 0.0330 0.9993 -0.0153
vn -0.0330 -0.9994 0.0145
vn 0.0017 0.0172 0.9999
vn 0.0013 0.0171 0.9999
vn 0.0330 0.9994 -0.0145
vn -0.0330 -0.9994 0.0144
vn 0.9995 -0.0329 0.0039
vn 0.9764 0.2159 0.0001
vn -0.0330 -0.9993 0.0158
vn 0.8995 -0.4368 0.0102
vn 0.0330 0.9993 -0.0158
vn 0.0008 0.0170 0.9999
vn 0.0008 0.0171 0.9999
vn -0.0330 -0.9993 0.0162
vn 0.0005 0.0172 0.9999
vn 0.0009 0.0171 0.9999
vn 0.0330 0.9993 -0.0162
vn -0.0330 -0.9993 0.0163
vn -0.9995 0.0329 -0.0040
vn -0.9601 0.2796 -0.0079
vn -0.0332 -0.9993 0.0149
vn -0.9264 -0.3765 0.0024
vn 0.0332 0.9993 -0.0149
vn -0.0332 -0.9993 0.0153
vn -0.0010 0.0161 0.9999
vn 0.0332 0.9993 -0.0153
vn -0.0332 -0.9993 0.0145
vn -0.0007 0.0162 0.9999
vn -0.0011 0.0162 0.9999
vn 0.0332 0.9993 -0.0145
vn -0.0010 0.0162 0.9999
vn -0.0332 -0.9993 0.0144
vn 0.9994 -0.0332 0.0040
vn 0.9765 0.2156 0.0002
vn -0.0332 -0.9993 0.0158
vn 0.8994 -0.4371 0.0101
vn 0.0332 0.9993 -0.0158
vn -0.0016 0.0161 0.9999
vn -0.0016 0.0162 0.9999
vn -0.0332 -0.9993 0.0162
vn -0.0018 0.0163 0.9999
vn -0.0015 0.0162 0.9999
vn 0.0332 0.9993 -0.0162
vn -0.0332 -0.9993 0.0163
vn -0.9994 0.0331 -0.0040
vn -0.9600 0.2798 -0.0078
vn -0.0335 -0.9993 0.0149
vn -0.9265 -0.3763 0.0024
vn 0.0335 0.9993 -0.0149
vn -0.0335 -0.9993 0.0153
vn -0.0034 0.0152 0.9999
vn -0.0033 0.0152 0.9999
vn 0.0335 0.9993 -0.0153
vn -0.0335 -0.9993 0.0145
vn -0.0031 0.0153 0.9999
vn -0.0035 0.0152 0.9999
vn 0.0335 0.9993 -0.0145
vn -0.0034 0.0153 0.9999
vn -0.0335 -0.9993 0.0144
vn 0.9994 -0.0334 0.0040
vn 0.9765 0.2154 0.0002
vn -0.0335 -0.9993 0.0158
vn 0.8993 -0.4373 0.0101
vn 0.0335 0.9993 -0.0158
vn -0.0040 0.0152 0.9999
vn -0.0040 0.0153 0.9999
vn -0.0335 -0.9993 0.0162
vn -0.0043 0.0154 0.9999
vn -0.0039 0.0153 0.9999
vn 0.0335 0.9993 -0.0162
vn -0.0335 -0.9993 0.0163
vn -0.9994 0.0334 -0.0040
vn -0.9599 0.2801 -0.0078
vn -0.0337 -0.9993 0.0149
vn -0.9266 -0.3761 0.0023
vn 0.0337 0.9993 -0.0149
vn -0.0337 -0.9993 0.0153
vn -0.0058 0.0143 0.9999
vn -0.0058 0.0144 0.9999
vn 0.0337 0.9993 -0.0153
vn -0.0337 -0.9993 0.0145
vn -0.0054 0.0145 0.9999
vn -0.0059 0.0144 0.9999
vn 0.0337 0.9993 -0.0145
vn -0.0337 -0.9993 0.0144
vn 0.9994 -0.0337 0.0040
vn 0.9766 0.2151 0.0002
vn -0.0337 -0.9993 0.0158
vn 0.8991 -0.4375 0.0101
vn 0.0337 0.9993 -0.0158
vn -0.0064 0.0143 0.9999
vn -0.0064 0.0144 0.9999
vn -0.0337 -0.9993 0.0162
vn -0.0067 0.0145 0.9999
vn -0.0063 0.0144 0.9999
vn 0.0337 0.9993 -0.0162
vn -0.0337 -0.9993 0.0163
vn -0.9994 0.0337 -0.0040
vn -0.9599 0.2803 -0.0078
vn -0.0340 -0.9993 0.0139
vn -0.9267 -0.3759 -0.0003
vn 0.0340 0.9993 -0.0139
vn -0.0339 -0.9993 0.0143
vn 0.0050 0.0150 0.9999
vn 0.0051 0.0151 0.9999
vn 0.0340 0.9993 -0.0143
vn -0.0339 -0.9993 0.0135
vn 0.0050 0.0151 0.9999
vn 0.0339 0.9993 -0.0135
vn 0.0049 0.0151 0.9999
vn -0.0339 -0.9993 0.0134
vn 0.9994 -0.0339 0.0065
vn 0.9766 0.2149 0.0029
vn -0.0340 -0.9993 0.0147
vn 0.8990 -0.4377 0.0116
vn 0.0340 0.9993 -0.0147
vn -0.0340 -0.9993 0.0143
vn 0.0044 0.0150 0.9999
vn 0.0044 0.0151 0.9999
vn -0.0340 -0.9993 0.0151
vn 0.0041 0.0152 0.9999
vn 0.0043 0.0151 0.9999
vn 0.0340 0.9993 -0.0151
vn -0.9994 0.0339 -0.0061
vn -0.0340 -0.9993 0.0152
vn -0.9598 0.2805 -0.0096
vn -0.0343 -0.9994 0.0106
vn -0.9267 -0.3755 -0.0139
vn 0.0344 0.9994 -0.0106
vn -0.0343 -0.9993 0.0115
vn 0.0509 0.0200 0.9985
vn 0.0510 0.0201 0.9985
vn 0.0343 0.9993 -0.0115
vn -0.0344 -0.9994 0.0095
vn 0.0511 0.0201 0.9985
vn 0.0508 0.0201 0.9985
vn 0.0344 0.9994 -0.0094
vn 0.0509 0.0201 0.9985
vn -0.0344 -0.9994 0.0093
vn 0.9992 -0.0337 0.0213
vn -0.0344 -0.9994 0.0092
vn 0.9765 0.2148 0.0183
vn -0.0343 -0.9993 0.0123
vn 0.8991 -0.4376 0.0120
vn 0.0343 0.9993 -0.0123
vn 0.0503 0.0200 0.9985
vn 0.0504 0.0201 0.9985
vn -0.0343 -0.9993 0.0130
vn 0.0500 0.0202 0.9985
vn 0.0343 0.9993 -0.0130
vn 0.0503 0.0201 0.9985
vn -0.0343 -0.9993 0.0131
vn -0.9994 0.0340 -0.0064
vn -0.0343 -0.9993 0.0132
vn -0.9598 0.2804 -0.0095
vn -0.0351 -0.9993 0.0100
vn -0.9270 -0.3745 -0.0219
vn 0.0351 0.9993 -0.0100
vn -0.0350 -0.9993 0.0115
vn 0.0968 0.0250 0.9950
vn 0.0969 0.0250 0.9950
vn 0.0350 0.9993 -0.0115
vn -0.0352 -0.9993 0.0083
vn 0.0969 0.0251 0.9950
vn 0.0966 0.0250 0.9950
vn 0.0352 0.9993 -0.0081
vn 0.0967 0.0250 0.9950
vn -0.0352 -0.9993 0.0079
vn 0.9990 -0.0331 0.0317
vn -0.0352 -0.9993 0.0077
vn 0.9763 0.2143 0.0287
vn -0.0349 -0.9993 0.0127
vn 0.8995 -0.4369 0.0070
vn 0.0349 0.9993 -0.0128
vn 0.0962 0.0250 0.9951
vn 0.0962 0.0250 0.9950
vn -0.0348 -0.9993 0.0138
vn 0.0959 0.0252 0.9951
vn 0.0348 0.9993 -0.0139
vn 0.0962 0.0251 0.9950
vn -0.0348 -0.9993 0.0140
vn -0.9994 0.0339 0.0006
vn -0.0348 -0.9993 0.0142
vn -0.9600 0.2800 -0.0031
vn -0.0362 -0.9993 0.0095
vn -0.9275 -0.3727 -0.0300
vn 0.0362 0.9993 -0.0094
vn -0.0359 -0.9993 0.0115
vn 0.1424 0.0299 0.9894
vn 0.1425 0.0299 0.9893
vn 0.0359 0.9993 -0.0115
vn -0.0365 -0.9993 0.0070
vn 0.1426 0.0300 0.9893
vn 0.0365 0.9993 -0.0067
vn 0.1423 0.0299 0.9894
vn -0.0365 -0.9993 0.0065
vn 0.9986 -0.0321 0.0419
vn -0.0366 -0.9993 0.0062
vn 0.9762 0.2134 0.0390
vn -0.0357 -0.9993 0.0132
vn 0.9002 -0.4355 0.0021
vn 0.0357 0.9993 -0.0132
vn 0.1418 0.0299 0.9894
vn 0.0359 0.9993 -0.0114
vn -0.0355 -0.9993 0.0147
vn 0.1414 0.0301 0.9895
vn 0.1417 0.0299 0.9895
vn 0.0355 0.9993 -0.0147
vn -0.0355 -0.9993 0.0150
vn -0.9994 0.0337 0.0076
vn -0.0355 -0.9993 0.0152
vn -0.9603 0.2790 0.0032
vn -0.0376 -0.9993 0.0089
vn -0.9282 -0.3702 -0.0380
vn 0.0377 0.9993 -0.0087
vn -0.0372 -0.9992 0.0115
vn 0.1877 0.0347 0.9816
vn 0.0372 0.9992 -0.0114
vn -0.0382 -0.9993 0.0057
vn 0.1879 0.0348 0.9816
vn 0.1876 0.0347 0.9816
vn 0.0382 0.9993 -0.0053
vn -0.0383 -0.9993 0.0051
vn 0.9982 -0.0306 0.0521
vn -0.0383 -0.9993 0.0046
vn 0.9760 0.2122 0.0492
vn -0.0368 -0.9992 0.0137
vn 0.9011 -0.4335 -0.0028
vn 0.0368 0.9992 -0.0137
vn -0.0372 -0.9992 0.0114
vn 0.1871 0.0347 0.9817
vn 0.1872 0.0348 0.9817
vn -0.0365 -0.9992 0.0156
vn 0.1867 0.0349 0.9818
vn 0.0365 0.9992 -0.0156
vn 0.1871 0.0348 0.9817
vn -0.0365 -0.9992 0.0159
vn -0.9993 0.0332 0.0145
vn -0.0364 -0.9992 0.0162
vn -0.9607 0.2775 0.0096
vn -0.0395 -0.9992 0.0082
vn -0.9291 -0.3669 -0.0459
vn 0.0395 0.9992 -0.0081
vn -0.0388 -0.9992 0.0114
vn 0.2326 0.0394 0.9718
vn 0.2327 0.0395 0.9718
vn 0.0388 0.9992 -0.0114
vn -0.0403 -0.9992 0.0044
vn 0.2328 0.0395 0.9717
vn 0.2325 0.0395 0.9718
vn 0.0404 0.9992 -0.0039
vn -0.0405 -0.9992 0.0036
vn 0.9977 -0.0288 0.0621
vn -0.0406 -0.9992 0.0030
vn 0.9757 0.2107 0.0593
vn -0.0382 -0.9992 0.0141
vn 0.9024 -0.4309 -0.0078
vn 0.0382 0.9992 -0.0141
vn 0.2320 0.0394 0.9719
vn 0.2321 0.0395 0.9719
vn 0.0388 0.9992 -0.0113
vn -0.0377 -0.9992 0.0165
vn 0.2317 0.0396 0.9720
vn 0.0377 0.9992 -0.0165
vn -0.0376 -0.9991 0.0169
vn -0.9992 0.0326 0.0214
vn -0.0376 -0.9991 0.0172
vn -0.9612 0.2755 0.0159
vn -0.0417 -0.9991 0.0076
vn -0.9302 -0.3630 -0.0537
vn 0.0418 0.9991 -0.0074
vn -0.0408 -0.9991 0.0114
vn 0.2770 0.0441 0.9599
vn 0.2771 0.0441 0.9598
vn 0.0408 0.9991 -0.0113
vn -0.0429 -0.9991 0.0030
vn 0.2772 0.0442 0.9598
vn 0.2769 0.0441 0.9599
vn 0.0431 0.9991 -0.0024
vn -0.0432 -0.9991 0.0021
vn 0.9971 -0.0265 0.0719
vn -0.0434 -0.9991 0.0014
vn 0.9755 0.2089 0.0691
vn -0.0399 -0.9991 0.0146
vn 0.9039 -0.4275 -0.0127
vn 0.0399 0.9991 -0.0146
vn 0.2765 0.0441 0.9600
vn -0.0392 -0.9991 0.0174
vn 0.2761 0.0443 0.9601
vn 0.0392 0.9991 -0.0174
vn 0.2765 0.0442 0.9600
vn -0.0390 -0.9991 0.0179
vn -0.9991 0.0317 0.0283
vn -0.0390 -0.9991 0.0182
vn -0.9618 0.2729 0.0222
vn -0.0444 -0.9990 0.0069
vn -0.9316 -0.3584 -0.0614
vn 0.0445 0.9990 -0.0067
vn -0.0431 -0.9990 0.0114
vn 0.3209 0.0486 0.9459
vn 0.3209 0.0487 0.9459
vn 0.0431 0.9990 -0.0113
vn -0.0461 -0.9989 0.0016
vn 0.3211 0.0488 0.9458
vn 0.3207 0.0487 0.9459
vn 0.0463 0.9989 -0.0009
vn 0.3208 0.0487 0.9459
vn -0.0464 -0.9989 0.0005
vn 0.9964 -0.0238 0.0815
vn -0.0467 -0.9989 -0.0003
vn 0.9752 0.2068 0.0788
vn -0.0419 -0.9990 0.0151
vn 0.9057 -0.4235 -0.0176
vn 0.0419 0.9990 -0.0151
vn -0.0431 -0.9990 0.0113
vn 0.3203 0.0486 0.9461
vn 0.3204 0.0487 0.9460
vn 0.0431 0.9990 -0.0112
vn -0.0409 -0.9990 0.0184
vn 0.3199 0.0489 0.9462
vn 0.3203 0.0487 0.9461
vn 0.0409 0.9990 -0.0184
vn -0.0407 -0.9990 0.0189
vn -0.9989 0.0306 0.0351
vn -0.0406 -0.9990 0.0193
vn -0.9625 0.2698 0.0285
vn -0.0092 -0.9945 0.1043
vn 0.6584 0.1546 0.7366
vn 0.0086 0.9944 -0.1055
vn -0.0148 -0.9955 0.0935
vn 0.5821 0.0753 0.8096
vn 0.5824 0.0754 0.8094
vn 0.0147 0.9955 -0.0936
vn 0.1218 0.9855 0.1179
vn 0.5818 0.0754 0.8098
vn 0.5817 0.0754 0.8099
vn -0.0653 -0.9979 -0.0054
vn 0.5818 0.0753 0.8098
vn 0.0558 0.9984 -0.0133
vn -0.9936 0.0270 0.1093
vn 0.0443 0.9984 -0.0359
vn -0.9728 -0.2031 0.1111
vn -0.0165 -0.9958 0.0901
vn 0.7885 -0.4528 -0.4162
vn 0.0165 0.9958 -0.0901
vn -0.0147 -0.9955 0.0936
vn 0.5816 0.0754 0.8100
vn 0.5819 0.0754 0.8098
vn 0.0147 0.9955 -0.0937
vn -0.0174 -0.9959 0.0883
vn 0.5809 0.0757 0.8104
vn 0.5812 0.0754 0.8102
vn 0.0174 0.9959 -0.0884
vn 0.5814 0.0755 0.8101
vn -0.0176 -0.9960 0.0881
vn -0.8707 0.0551 0.4887
vn -0.0176 -0.9960 0.0880
vn -0.8401 0.2980 0.4532
vn 0.0092 -0.9925 0.1222
vn -0.4052 -0.2867 0.8681
vn -0.0094 0.9924 -0.1225
vn 0.0068 -0.9928 0.1196
vn 0.7696 0.0928 0.6318
vn 0.7696 0.0928 0.6317
vn -0.0068 0.9928 -0.1197
vn 0.0322 -0.9887 0.1466
vn 0.7697 0.0929 0.6317
vn 0.7695 0.0929 0.6319
vn -0.0637 0.9816 -0.1799
vn 0.1190 -0.9640 0.2377
vn -0.9996 -0.0004 0.0280
vn 0.0886 0.9959 -0.0169
vn -0.9827 -0.1846 0.0156
vn 0.0058 -0.9929 0.1186
vn 0.6562 -0.4717 -0.5890
vn -0.0059 0.9929 -0.1186
vn 0.0068 -0.9928 0.1197
vn 0.7692 0.0928 0.6322
vn 0.7693 0.0929 0.6321
vn -0.0069 0.9928 -0.1197
vn 0.0053 -0.9930 0.1181
vn 0.7689 0.0931 0.6325
vn 0.7692 0.0929 0.6322
vn -0.0054 0.9930 -0.1181
vn 0.7692 0.0929 0.6323
vn 0.0053 -0.9930 0.1180
vn -0.7163 0.0761 0.6937
vn 0.0052 -0.9930 0.1180
vn -0.6957 0.3182 0.6440
vn 0.0335 -0.9895 0.1403
vn -0.4307 -0.3037 0.8499
vn -0.0336 0.9895 -0.1403
vn 0.0323 -0.9897 0.1393
vn 0.8151 0.0958 0.5713
vn 0.8152 0.0958 0.5712
vn -0.0323 0.9897 -0.1394
vn 0.0352 -0.9893 0.1415
vn 0.8152 0.0959 0.5713
vn 0.8150 0.0958 0.5714
vn -0.0355 0.9893 -0.1418
vn 0.8151 0.0958 0.5714
vn 0.0356 -0.9893 0.1418
vn 0.4773 -0.1045 -0.8725
vn 0.0358 -0.9892 0.1420
vn 0.4536 0.1408 -0.8800
vn 0.0314 -0.9898 0.1386
vn 0.5030 -0.4921 -0.7105
vn -0.0314 0.9898 -0.1386
vn 0.0323 -0.9897 0.1394
vn 0.8148 0.0958 0.5718
vn 0.8148 0.0959 0.5717
vn -0.0324 0.9897 -0.1394
vn 0.0306 -0.9900 0.1381
vn 0.8146 0.0960 0.5721
vn 0.8148 0.0959 0.5718
vn -0.0306 0.9899 -0.1381
vn 0.0305 -0.9900 0.1380
vn -0.5399 0.0985 0.8360
vn 0.0304 -0.9900 0.1379
vn -0.5303 0.3401 0.7766
vn 0.0326 -0.9898 0.1390
vn -0.4512 -0.3083 0.8375
vn -0.0326 0.9898 -0.1390
vn 0.0325 -0.9898 0.1390
vn 0.8560 0.0981 0.5075
vn 0.8561 0.0982 0.5074
vn -0.0325 0.9898 -0.1390
vn 0.0327 -0.9897 0.1391
vn 0.8560 0.0982 0.5076
vn -0.0327 0.9897 -0.1391
vn 0.8559 0.0982 0.5077
vn 0.5057 -0.1032 -0.8565
vn 0.4816 0.1449 -0.8643
vn 0.0325 -0.9898 0.1389
vn 0.4922 -0.4950 -0.7161
vn 0.8557 0.0982 0.5081
vn 0.8557 0.0983 0.5080
vn 0.0324 -0.9898 0.1389
vn 0.8555 0.0984 0.5084
vn 0.8557 0.0983 0.5081
vn -0.0324 0.9898 -0.1389
vn -0.5254 0.1010 0.8448
vn -0.5169 0.3431 0.7843
vn 0.0347 -0.9895 0.1405
vn -0.4344 -0.3063 0.8470
vn -0.0347 0.9895 -0.1405
vn 0.0353 -0.9894 0.1408
vn 0.8851 0.0993 0.4547
vn 0.8851 0.0994 0.4547
vn -0.0353 0.9894 -0.1408
vn 0.0340 -0.9896 0.1401
vn 0.8852 0.0994 0.4545
vn 0.8850 0.0994 0.4548
vn -0.0339 0.9896 -0.1401
vn 0.0338 -0.9896 0.1400
vn 0.4910 -0.1054 -0.8648
vn 0.0337 -0.9896 0.1399
vn 0.4671 0.1430 -0.8725
vn 0.0358 -0.9894 0.1411
vn 0.4629 -0.4989 -0.7326
vn -0.0358 0.9894 -0.1411
vn 0.8848 0.0994 0.4552
vn 0.0362 -0.9893 0.1413
vn 0.8847 0.0996 0.4555
vn 0.8849 0.0994 0.4551
vn -0.0362 0.9893 -0.1413
vn 0.8848 0.0995 0.4552
vn -0.4908 0.1055 0.8649
vn 0.0363 -0.9893 0.1413
vn -0.4844 0.3473 0.8030
vn 0.0424 -0.9886 0.1447
vn -0.3627 -0.2978 0.8830
vn -0.0423 0.9886 -0.1447
vn 0.0427 -0.9885 0.1449
vn 0.8947 0.0988 0.4355
vn 0.8948 0.0988 0.4355
vn -0.0427 0.9885 -0.1449
vn 0.0420 -0.9886 0.1446
vn 0.8948 0.0989 0.4354
vn 0.8947 0.0989 0.4356
vn -0.0420 0.9886 -0.1446
vn 0.0419 -0.9886 0.1445
vn 0.4152 -0.1142 -0.9025
vn 0.3918 0.1342 -0.9102
vn 0.0430 -0.9885 0.1450
vn 0.4020 -0.5059 -0.7632
vn -0.0430 0.9885 -0.1451
vn 0.8945 0.0989 0.4361
vn 0.0432 -0.9885 0.1452
vn 0.8943 0.0991 0.4363
vn 0.8945 0.0989 0.4360
vn -0.0433 0.9885 -0.1452
vn 0.0433 -0.9885 0.1452
vn -0.4214 0.1135 0.8997
vn -0.4189 0.3549 0.8358
vn 0.0422 -0.9885 0.1449
vn -0.3641 -0.2979 0.8824
vn -0.0422 0.9885 -0.1449
vn 0.0426 -0.9885 0.1451
vn 0.9040 0.0982 0.4162
vn 0.9040 0.0982 0.4161
vn -0.0426 0.9885 -0.1451
vn 0.0418 -0.9886 0.1447
vn 0.9041 0.0983 0.4159
vn 0.9039 0.0983 0.4162
vn -0.0418 0.9886 -0.1447
vn 0.0417 -0.9886 0.1447
vn 0.4170 -0.1143 -0.9017
vn 0.0416 -0.9886 0.1447
vn 0.3936 0.1342 -0.9094
vn 0.0429 -0.9885 0.1453
vn 0.4009 -0.5065 -0.7634
vn -0.0429 0.9885 -0.1453
vn 0.9037 0.0983 0.4167
vn 0.0433 -0.9884 0.1454
vn 0.9036 0.0985 0.4170
vn 0.9037 0.0983 0.4166
vn -0.0433 0.9884 -0.1454
vn 0.0433 -0.9884 0.1455
vn -0.4199 0.1140 0.9004
vn 0.0434 -0.9884 0.1455
vn -0.4175 0.3555 0.8363
vn 0.0420 -0.9885 0.1451
vn -0.3655 -0.2979 0.8819
vn -0.0420 0.9885 -0.1451
vn 0.0425 -0.9885 0.1453
vn 0.9128 0.0976 0.3966
vn -0.0425 0.9885 -0.1453
vn 0.0415 -0.9886 0.1449
vn 0.9129 0.0977 0.3964
vn 0.9127 0.0976 0.3967
vn -0.0415 0.9886 -0.1449
vn 0.9128 0.0976 0.3967
vn 0.0414 -0.9886 0.1449
vn 0.4189 -0.1145 -0.9008
vn 0.3954 0.1342 -0.9086
vn 0.0429 -0.9884 0.1455
vn 0.3998 -0.5069 -0.7637
vn -0.0429 0.9884 -0.1455
vn 0.9125 0.0976 0.3972
vn 0.9126 0.0977 0.3971
vn 0.0433 -0.9884 0.1457
vn 0.9124 0.0979 0.3975
vn 0.9125 0.0977 0.3971
vn -0.0433 0.9884 -0.1457
vn -0.4184 0.1145 0.9010
vn 0.0434 -0.9884 0.1457
vn -0.4161 0.3559 0.8368
vn 0.0418 -0.9885 0.1454
vn -0.3670 -0.2976 0.8813
vn -0.0418 0.9885 -0.1454
vn 0.0423 -0.9884 0.1456
vn 0.9212 0.0969 0.3769
vn 0.9212 0.0969 0.3768
vn -0.0423 0.9884 -0.1456
vn 0.0413 -0.9885 0.1452
vn 0.9213 0.0970 0.3766
vn -0.0412 0.9886 -0.1451
vn 0.9211 0.0969 0.3770
vn 0.0412 -0.9886 0.1451
vn 0.4207 -0.1145 -0.8999
vn 0.0411 -0.9886 0.1451
vn 0.3973 0.1340 -0.9079
vn 0.0428 -0.9884 0.1458
vn 0.3986 -0.5072 -0.7641
vn -0.0428 0.9884 -0.1458
vn 0.9209 0.0969 0.3774
vn 0.9209 0.0970 0.3774
vn 0.0433 -0.9883 0.1460
vn 0.9208 0.0972 0.3777
vn 0.9209 0.0970 0.3775
vn -0.0433 0.9883 -0.1460
vn 0.9210 0.0970 0.3774
vn -0.4169 0.1149 0.9016
vn 0.0434 -0.9883 0.1460
vn -0.4146 0.3563 0.8373
vn 0.0454 -0.9881 0.1471
vn -0.3057 -0.2909 0.9066
vn -0.0454 0.9881 -0.1471
vn 0.0458 -0.9880 0.1473
vn 0.9262 0.0958 0.3645
vn 0.9263 0.0958 0.3645
vn -0.0458 0.9880 -0.1473
vn 0.0450 -0.9881 0.1470
vn 0.9263 0.0959 0.3643
vn 0.9262 0.0959 0.3646
vn -0.0450 0.9881 -0.1470
vn 0.0449 -0.9881 0.1470
vn 0.3546 -0.1217 -0.9271
vn 0.0449 -0.9881 0.1469
vn 0.3324 0.1269 -0.9346
vn 0.0461 -0.9880 0.1474
vn 0.3450 -0.5131 -0.7860
vn -0.0461 0.9880 -0.1474
vn 0.9260 0.0959 0.3651
vn 0.9260 0.0959 0.3650
vn 0.0464 -0.9880 0.1476
vn 0.9259 0.0961 0.3654
vn -0.0464 0.9880 -0.1476
vn 0.0465 -0.9880 0.1476
vn -0.3573 0.1215 0.9261
vn -0.3576 0.3625 0.8607
vn 0.0455 -0.9880 0.1474
vn -0.3027 -0.2904 0.9078
vn -0.0455 0.9880 -0.1474
vn 0.0459 -0.9880 0.1476
vn 0.9310 0.0947 0.3526
vn 0.9310 0.0947 0.3525
vn -0.0459 0.9880 -0.1476
vn 0.0451 -0.9881 0.1473
vn 0.9310 0.0948 0.3524
vn 0.9309 0.0947 0.3527
vn -0.0451 0.9881 -0.1473
vn 0.9310 0.0948 0.3526
vn 0.3514 -0.1223 -0.9282
vn 0.0450 -0.9881 0.1472
vn 0.3292 0.1264 -0.9358
vn 0.0462 -0.9879 0.1477
vn 0.3413 -0.5137 -0.7872
vn -0.0462 0.9879 -0.1477
vn 0.9308 0.0948 0.3531
vn 0.0466 -0.9879 0.1478
vn 0.9307 0.0949 0.3533
vn -0.0466 0.9879 -0.1479
vn 0.0466 -0.9879 0.1479
vn -0.3531 0.1222 0.9276
vn 0.0467 -0.9879 0.1479
vn -0.3536 0.3632 0.8620
vn 0.0454 -0.9880 0.1477
vn -0.3032 -0.2903 0.9076
vn -0.0454 0.9880 -0.1477
vn 0.0458 -0.9880 0.1478
vn 0.9356 0.0936 0.3405
vn -0.0458 0.9880 -0.1478
vn 0.0450 -0.9880 0.1475
vn 0.9357 0.0937 0.3402
vn 0.9355 0.0936 0.3406
vn -0.0450 0.9880 -0.1475
vn 0.3521 -0.1225 -0.9279
vn 0.0449 -0.9880 0.1475
vn 0.3299 0.1263 -0.9355
vn 0.0462 -0.9879 0.1479
vn 0.3408 -0.5140 -0.7872
vn -0.0462 0.9879 -0.1479
vn 0.9354 0.0936 0.3411
vn 0.9353 0.0937 0.3411
vn 0.0465 -0.9879 0.1481
vn 0.9352 0.0939 0.3414
vn 0.9353 0.0937 0.3412
vn -0.0465 0.9879 -0.1481
vn 0.9354 0.0937 0.3410
vn 0.0466 -0.9879 0.1481
vn -0.3525 0.1225 0.9278
vn -0.3530 0.3635 0.8621
vn 0.0453 -0.9880 0.1479
vn -0.3038 -0.2901 0.9075
vn -0.0453 0.9880 -0.1479
vn 0.0457 -0.9879 0.1480
vn 0.9400 0.0924 0.3285
vn 0.9400 0.0925 0.3284
vn -0.0457 0.9879 -0.1480
vn 0.0449 -0.9880 0.1477
vn 0.9401 0.0925 0.3282
vn 0.9399 0.0925 0.3286
vn -0.0449 0.9880 -0.1477
vn 0.9400 0.0925 0.3285
vn 0.0448 -0.9880 0.1477
vn 0.3528 -0.1227 -0.9276
vn 0.3306 0.1261 -0.9353
vn 0.0461 -0.9879 0.1481
vn 0.3404 -0.5142 -0.7872
vn -0.0461 0.9879 -0.1481
vn 0.9398 0.0925 0.3290
vn 0.0464 -0.9879 0.1483
vn 0.9397 0.0927 0.3292
vn 0.9398 0.0925 0.3289
vn -0.0465 0.9879 -0.1483
vn 0.9398 0.0926 0.3290
vn 0.0465 -0.9878 0.1483
vn -0.3520 0.1227 0.9279
vn -0.3524 0.3638 0.8622
vn 0.0452 -0.9879 0.1481
vn -0.3043 -0.2899 0.9074
vn -0.0452 0.9879 -0.1481
vn 0.0456 -0.9879 0.1482
vn 0.9443 0.0913 0.3163
vn -0.0456 0.9879 -0.1482
vn 0.0448 -0.9880 0.1480
vn 0.9443 0.0914 0.3162
vn 0.9442 0.0913 0.3164
vn -0.0448 0.9880 -0.1479
vn 0.0447 -0.9880 0.1479
vn 0.3534 -0.1228 -0.9274
vn 0.3312 0.1259 -0.9351
vn 0.0460 -0.9879 0.1484
vn 0.3399 -0.5144 -0.7873
vn -0.0460 0.9879 -0.1484
vn 0.9441 0.0913 0.3169
vn 0.9440 0.0914 0.3169
vn 0.0464 -0.9878 0.1485
vn 0.9440 0.0915 0.3171
vn 0.9441 0.0914 0.3168
vn -0.0464 0.9878 -0.1485
vn -0.3514 0.1230 0.9281
vn 0.0465 -0.9878 0.1485
vn -0.3519 0.3640 0.8624
vn 0.0457 -0.9879 0.1485
vn -0.2659 -0.2860 0.9206
vn -0.0457 0.9879 -0.1485
vn 0.0460 -0.9878 0.1486
vn 0.9481 0.0898 0.3051
vn 0.9481 0.0899 0.3051
vn -0.0460 0.9878 -0.1486
vn 0.0453 -0.9879 0.1484
vn 0.9482 0.0900 0.3048
vn 0.9480 0.0899 0.3052
vn -0.0452 0.9879 -0.1484
vn 0.0452 -0.9879 0.1483
vn 0.3114 -0.1272 -0.9417
vn 0.2904 0.1217 -0.9491
vn 0.0464 -0.9878 0.1487
vn 0.3040 -0.5182 -0.7994
vn -0.0464 0.9878 -0.1487
vn 0.9479 0.0899 0.3056
vn 0.9479 0.0900 0.3056
vn 0.0467 -0.9878 0.1488
vn 0.9478 0.0901 0.3060
vn -0.0468 0.9878 -0.1489
vn 0.0468 -0.9878 0.1489
vn -0.3122 0.1271 0.9415
vn 0.0468 -0.9877 0.1489
vn -0.3140 0.3680 0.8752
vn 0.0459 -0.9878 0.1488
vn -0.2473 -0.2840 0.9264
vn -0.0458 0.9878 -0.1488
vn 0.0462 -0.9878 0.1489
vn 0.9516 0.0883 0.2943
vn 0.9516 0.0884 0.2942
vn -0.0462 0.9878 -0.1489
vn 0.0455 -0.9878 0.1487
vn 0.9517 0.0885 0.2940
vn 0.9516 0.0884 0.2943
vn -0.0455 0.9878 -0.1487
vn 0.0454 -0.9878 0.1486
vn 0.2909 -0.1293 -0.9480
vn 0.0454 -0.9879 0.1486
vn 0.2705 0.1196 -0.9553
vn 0.0465 -0.9877 0.1490
vn 0.2861 -0.5200 -0.8048
vn -0.0466 0.9877 -0.1490
vn 0.9515 0.0884 0.2948
vn 0.0469 -0.9877 0.1491
vn 0.9514 0.0886 0.2951
vn 0.9515 0.0885 0.2948
vn -0.0469 0.9877 -0.1491
vn -0.2925 0.1292 0.9475
vn 0.0470 -0.9877 0.1491
vn -0.2950 0.3699 0.8810
vn 0.0458 -0.9878 0.1490
vn -0.2477 -0.2838 0.9263
vn -0.0458 0.9878 -0.1490
vn 0.0461 -0.9877 0.1491
vn 0.9551 0.0868 0.2834
vn 0.9551 0.0868 0.2833
vn -0.0461 0.9877 -0.1491
vn 0.0454 -0.9878 0.1489
vn 0.9551 0.0869 0.2831
vn -0.0454 0.9878 -0.1489
vn 0.9550 0.0869 0.2835
vn 0.2914 -0.1294 -0.9478
vn 0.0453 -0.9878 0.1488
vn 0.2710 0.1194 -0.9551
vn 0.0465 -0.9877 0.1492
vn 0.2857 -0.5203 -0.8048
vn -0.0465 0.9877 -0.1492
vn 0.9549 0.0869 0.2840
vn 0.0468 -0.9877 0.1493
vn 0.9548 0.0871 0.2843
vn -0.0468 0.9877 -0.1493
vn 0.9549 0.0869 0.2839
vn 0.0469 -0.9877 0.1493
vn -0.2921 0.1294 0.9476
vn -0.2945 0.3702 0.8810
vn 0.0457 -0.9877 0.1492
vn -0.2481 -0.2837 0.9263
vn -0.0457 0.9877 -0.1492
vn 0.0461 -0.9877 0.1493
vn 0.9584 0.0852 0.2725
vn 0.9584 0.0853 0.2725
vn -0.0461 0.9877 -0.1493
vn 0.0454 -0.9878 0.1491
vn 0.9584 0.0854 0.2723
vn -0.0453 0.9878 -0.1491
vn 0.0453 -0.9878 0.1491
vn 0.2920 -0.1296 -0.9476
vn 0.0452 -0.9878 0.1491
vn 0.2716 0.1193 -0.9550
vn 0.0464 -0.9877 0.1494
vn 0.2853 -0.5205 -0.8048
vn -0.0464 0.9877 -0.1494
vn 0.9582 0.0853 0.2731
vn 0.9582 0.0854 0.2731
vn 0.0468 -0.9877 0.1495
vn 0.9581 0.0855 0.2733
vn 0.9582 0.0854 0.2729
vn -0.0468 0.9877 -0.1495
vn 0.9582 0.0854 0.2730
vn -0.2916 0.1297 0.9477
vn 0.0468 -0.9876 0.1495
vn -0.2940 0.3704 0.8811
vn 0.0457 -0.9877 0.1494
vn -0.2485 -0.2835 0.9262
vn -0.0457 0.9877 -0.1494
vn 0.0460 -0.9877 0.1495
vn 0.9615 0.0837 0.2616
vn 0.9616 0.0837 0.2615
vn -0.0460 0.9877 -0.1495
vn 0.0453 -0.9878 0.1493
vn 0.9616 0.0838 0.2614
vn -0.0453 0.9878 -0.1493
vn 0.9615 0.0838 0.2616
vn 0.0452 -0.9878 0.1493
vn 0.2925 -0.1298 -0.9474
vn 0.2721 0.1191 -0.9549
vn 0.0464 -0.9877 0.1496
vn 0.2849 -0.5207 -0.8048
vn -0.0464 0.9877 -0.1496
vn 0.9614 0.0837 0.2621
vn 0.9614 0.0838 0.2622
vn 0.0467 -0.9876 0.1497
vn 0.9613 0.0840 0.2624
vn 0.9614 0.0838 0.2621
vn -0.0467 0.9876 -0.1497
vn -0.2911 0.1299 0.9478
vn 0.0468 -0.9876 0.1497
vn -0.2936 0.3707 0.8811
vn 0.0456 -0.9877 0.1496
vn -0.2490 -0.2832 0.9262
vn -0.0456 0.9877 -0.1496
vn 0.0460 -0.9877 0.1497
vn 0.9646 0.0821 0.2506
vn -0.0460 0.9877 -0.1497
vn 0.0452 -0.9877 0.1495
vn 0.9647 0.0822 0.2503
vn -0.0452 0.9877 -0.1495
vn 0.9646 0.0822 0.2507
vn 0.2930 -0.1300 -0.9472
vn 0.0451 -0.9877 0.1495
vn 0.2726 0.1188 -0.9548
vn 0.0463 -0.9876 0.1498
vn 0.2846 -0.5208 -0.8049
vn -0.0463 0.9876 -0.1498
vn 0.9644 0.0822 0.2512
vn 0.0466 -0.9876 0.1499
vn 0.9643 0.0824 0.2515
vn -0.0466 0.9876 -0.1499
vn 0.9645 0.0822 0.2511
vn 0.0467 -0.9876 0.1499
vn -0.2906 0.1302 0.9479
vn -0.2931 0.3709 0.8812
vn 0.0444 -0.9878 0.1495
vn -0.1967 -0.2786 0.9401
vn -0.0444 0.9878 -0.1495
vn 0.0448 -0.9877 0.1496
vn 0.9679 0.0800 0.2384
vn 0.9679 0.0801 0.2384
vn -0.0448 0.9877 -0.1496
vn 0.0440 -0.9878 0.1494
vn 0.9679 0.0802 0.2381
vn 0.9678 0.0801 0.2385
vn -0.0440 0.9878 -0.1494
vn 0.9678 0.0801 0.2384
vn 0.0439 -0.9878 0.1494
vn 0.2349 -0.1352 -0.9626
vn 0.2166 0.1139 -0.9696
vn 0.0451 -0.9877 0.1497
vn 0.2345 -0.5254 -0.8179
vn -0.0451 0.9877 -0.1497
vn 0.9677 0.0801 0.2390
vn 0.9677 0.0802 0.2389
vn 0.0455 -0.9877 0.1498
vn 0.9676 0.0803 0.2393
vn -0.0455 0.9877 -0.1498
vn -0.2367 0.1350 0.9621
vn -0.2406 0.3756 0.8950
vn 0.0441 -0.9877 0.1497
vn -0.1861 -0.2775 0.9425
vn -0.0441 0.9877 -0.1497
vn 0.0445 -0.9877 0.1498
vn 0.9710 0.0779 0.2259
vn -0.0445 0.9877 -0.1498
vn 0.0437 -0.9878 0.1496
vn 0.9711 0.0780 0.2257
vn 0.9710 0.0779 0.2260
vn -0.0437 0.9878 -0.1496
vn 0.9710 0.0780 0.2259
vn 0.2232 -0.1363 -0.9652
vn 0.0436 -0.9878 0.1496
vn 0.2053 0.1128 -0.9722
vn 0.0448 -0.9877 0.1499
vn 0.2237 -0.5264 -0.8203
vn -0.0448 0.9877 -0.1499
vn 0.9709 0.0779 0.2265
vn 0.9709 0.0780 0.2265
vn 0.0452 -0.9877 0.1499
vn 0.9708 0.0781 0.2267
vn 0.9709 0.0780 0.2264
vn -0.0452 0.9877 -0.1499
vn -0.2250 0.1362 0.9648
vn 0.0453 -0.9877 0.1500
vn -0.2291 0.3767 0.8975
vn 0.0441 -0.9877 0.1499
vn -0.1867 -0.2774 0.9424
vn -0.0441 0.9877 -0.1499
vn 0.0444 -0.9877 0.1500
vn 0.9740 0.0757 0.2134
vn -0.0444 0.9877 -0.1500
vn 0.0437 -0.9877 0.1498
vn 0.9741 0.0758 0.2131
vn 0.9740 0.0758 0.2135
vn -0.0437 0.9877 -0.1498
vn 0.9740 0.0758 0.2134
vn 0.0436 -0.9878 0.1498
vn 0.2239 -0.1365 -0.9650
vn 0.2060 0.1127 -0.9720
vn 0.0448 -0.9877 0.1500
vn 0.2232 -0.5267 -0.8203
vn -0.0448 0.9877 -0.1501
vn 0.9739 0.0758 0.2139
vn 0.0451 -0.9876 0.1501
vn 0.9738 0.0760 0.2143
vn -0.0451 0.9876 -0.1501
vn 0.0452 -0.9876 0.1501
vn -0.2244 0.1364 0.9649
vn -0.2285 0.3770 0.8976
vn 0.0440 -0.9877 0.1501
vn -0.1872 -0.2773 0.9424
vn -0.0440 0.9877 -0.1501
vn 0.0444 -0.9877 0.1502
vn 0.9769 0.0735 0.2008
vn -0.0444 0.9877 -0.1502
vn 0.0437 -0.9877 0.1500
vn 0.9769 0.0736 0.2004
vn 0.9768 0.0736 0.2009
vn -0.0437 0.9877 -0.1500
vn 0.9769 0.0736 0.2008
vn 0.0436 -0.9877 0.1500
vn 0.2246 -0.1366 -0.9648
vn 0.2067 0.1125 -0.9719
vn 0.0447 -0.9876 0.1502
vn 0.2227 -0.5269 -0.8203
vn -0.0447 0.9876 -0.1502
vn 0.9768 0.0736 0.2014
vn 0.9768 0.0736 0.2013
vn 0.0450 -0.9876 0.1503
vn 0.9767 0.0738 0.2017
vn -0.0451 0.9876 -0.1503
vn 0.0451 -0.9876 0.1503
vn -0.2237 0.1367 0.9650
vn -0.2279 0.3772 0.8976
vn 0.0440 -0.9877 0.1503
vn -0.1877 -0.2770 0.9423
vn -0.0440 0.9877 -0.1503
vn 0.0443 -0.9876 0.1504
vn 0.9795 0.0713 0.1882
vn 0.9796 0.0713 0.1881
vn -0.0443 0.9876 -0.1504
vn 0.0437 -0.9877 0.1502
vn 0.9796 0.0714 0.1878
vn -0.0436 0.9877 -0.1502
vn 0.0436 -0.9877 0.1502
vn 0.2253 -0.1368 -0.9646
vn 0.0435 -0.9877 0.1502
vn 0.2074 0.1123 -0.9718
vn 0.0447 -0.9876 0.1504
vn 0.2222 -0.5270 -0.8203
vn -0.0447 0.9876 -0.1504
vn 0.9794 0.0713 0.1887
vn 0.9794 0.0714 0.1887
vn 0.0450 -0.9876 0.1505
vn 0.9794 0.0716 0.1891
vn 0.9794 0.0714 0.1888
vn -0.0450 0.9876 -0.1505
vn -0.2231 0.1370 0.9651
vn 0.0451 -0.9876 0.1505
vn -0.2273 0.3774 0.8977
vn 0.0440 -0.9876 0.1505
vn -0.1883 -0.2767 0.9423
vn -0.0440 0.9876 -0.1505
vn 0.0443 -0.9876 0.1506
vn 0.9821 0.0690 0.1755
vn 0.9820 0.0691 0.1755
vn -0.0443 0.9876 -0.1506
vn 0.0436 -0.9877 0.1504
vn 0.9821 0.0691 0.1752
vn 0.9820 0.0691 0.1756
vn -0.0436 0.9877 -0.1504
vn 0.2260 -0.1369 -0.9645
vn 0.0435 -0.9877 0.1504
vn 0.2081 0.1120 -0.9717
vn 0.0446 -0.9876 0.1506
vn 0.2217 -0.5271 -0.8204
vn -0.0446 0.9876 -0.1506
vn 0.9819 0.0691 0.1761
vn 0.9819 0.0692 0.1761
vn 0.0449 -0.9876 0.1507
vn 0.9819 0.0693 0.1764
vn 0.9820 0.0692 0.1760
vn -0.0449 0.9876 -0.1507
vn 0.0450 -0.9876 0.1507
vn -0.2225 0.1372 0.9652
vn -0.2266 0.3776 0.8978
vn 0.0412 -0.9878 0.1502
vn -0.1263 -0.2722 0.9539
vn -0.0412 0.9878 -0.1502
vn 0.0415 -0.9878 0.1503
vn 0.9850 0.0659 0.1593
vn 0.9850 0.0660 0.1592
vn -0.0415 0.9878 -0.1503
vn 0.0407 -0.9878 0.1501
vn 0.9850 0.0660 0.1591
vn 0.9850 0.0660 0.1594
vn -0.0407 0.9878 -0.1501
vn 0.1562 -0.1421 -0.9774
vn 0.0406 -0.9878 0.1501
vn 0.1412 0.1071 -0.9842
vn 0.0419 -0.9877 0.1503
vn 0.1619 -0.5317 -0.8313
vn -0.0419 0.9877 -0.1503
vn 0.9849 0.0660 0.1599
vn 0.9849 0.0661 0.1599
vn 0.0423 -0.9877 0.1504
vn 0.9849 0.0662 0.1601
vn 0.9849 0.0661 0.1598
vn -0.0423 0.9877 -0.1504
vn -0.1587 0.1420 0.9771
vn 0.0424 -0.9877 0.1504
vn -0.1642 0.3824 0.9093
vn 0.0403 -0.9878 0.1503
vn -0.1081 -0.2708 0.9565
vn -0.0403 0.9878 -0.1503
vn 0.0407 -0.9878 0.1504
vn 0.9879 0.0625 0.1420
vn 0.9879 0.0626 0.1419
vn -0.0407 0.9878 -0.1504
vn 0.0399 -0.9878 0.1502
vn 0.9879 0.0627 0.1417
vn 0.9879 0.0626 0.1421
vn -0.0399 0.9878 -0.1502
vn 0.9879 0.0626 0.1420
vn 0.0398 -0.9878 0.1502
vn 0.1359 -0.1437 -0.9803
vn 0.0398 -0.9879 0.1502
vn 0.1217 0.1057 -0.9869
vn 0.0411 -0.9878 0.1504
vn 0.1434 -0.5331 -0.8338
vn -0.0411 0.9878 -0.1504
vn 0.9878 0.0626 0.1426
vn 0.9878 0.0627 0.1426
vn 0.0414 -0.9877 0.1505
vn 0.9877 0.0629 0.1429
vn 0.9878 0.0627 0.1425
vn -0.0415 0.9877 -0.1505
vn 0.0415 -0.9877 0.1505
vn -0.1389 0.1435 0.9799
vn -0.1448 0.3838 0.9120
vn 0.0403 -0.9878 0.1505
vn -0.1091 -0.2708 0.9564
vn -0.0403 0.9878 -0.1505
vn 0.0407 -0.9878 0.1506
vn 0.9904 0.0592 0.1246
vn 0.9904 0.0592 0.1247
vn -0.0407 0.9878 -0.1506
vn 0.0399 -0.9878 0.1505
vn 0.9905 0.0593 0.1243
vn 0.9904 0.0592 0.1248
vn -0.0399 0.9878 -0.1505
vn 0.0398 -0.9878 0.1505
vn 0.1372 -0.1438 -0.9801
vn 0.1230 0.1056 -0.9868
vn 0.0410 -0.9877 0.1506
vn 0.1425 -0.5334 -0.8338
vn -0.0410 0.9877 -0.1506
vn 0.9904 0.0592 0.1252
vn 0.9904 0.0593 0.1252
vn 0.0414 -0.9877 0.1507
vn 0.9903 0.0595 0.1256
vn -0.0414 0.9877 -0.1507
vn -0.1377 0.1437 0.9800
vn 0.0415 -0.9877 0.1507
vn -0.1436 0.3841 0.9121
vn 0.0403 -0.9878 0.1507
vn -0.1100 -0.2706 0.9564
vn -0.0403 0.9878 -0.1507
vn 0.0407 -0.9877 0.1508
vn 0.9927 0.0557 0.1072
vn 0.9927 0.0558 0.1072
vn -0.0407 0.9877 -0.1508
vn 0.0399 -0.9878 0.1507
vn 0.9927 0.0559 0.1070
vn -0.0399 0.9878 -0.1507
vn 0.9927 0.0558 0.1073
vn 0.1386 -0.1439 -0.9798
vn 0.0398 -0.9878 0.1507
vn 0.1243 0.1054 -0.9866
vn 0.0410 -0.9877 0.1508
vn 0.1416 -0.5336 -0.8338
vn -0.0410 0.9877 -0.1508
vn 0.9926 0.0558 0.1078
vn 0.9926 0.0559 0.1078
vn -0.0406 0.9877 -0.1508
vn 0.0413 -0.9877 0.1509
vn 0.9926 0.0560 0.1080
vn 0.9926 0.0559 0.1079
vn -0.0413 0.9877 -0.1509
vn -0.1366 0.1440 0.9801
vn 0.0414 -0.9877 0.1509
vn -0.1425 0.3843 0.9121
vn 0.0403 -0.9877 0.1509
vn -0.1110 -0.2703 0.9564
vn -0.0403 0.9877 -0.1509
vn 0.0406 -0.9877 0.1510
vn 0.9946 0.0523 0.0898
vn -0.0406 0.9877 -0.1510
vn 0.0400 -0.9877 0.1509
vn 0.9946 0.0524 0.0895
vn 0.9946 0.0524 0.0899
vn -0.0399 0.9877 -0.1509
vn 0.0399 -0.9877 0.1509
vn 0.1399 -0.1441 -0.9796
vn 0.1256 0.1052 -0.9865
vn 0.0409 -0.9877 0.1510
vn 0.1407 -0.5337 -0.8339
vn -0.0409 0.9877 -0.1510
vn 0.9945 0.0524 0.0904
vn 0.0412 -0.9877 0.1510
vn 0.9945 0.0526 0.0907
vn 0.9945 0.0524 0.0903
vn -0.0412 0.9877 -0.1510
vn 0.9945 0.0525 0.0904
vn 0.0413 -0.9877 0.1510
vn -0.1354 0.1443 0.9802
vn -0.1414 0.3846 0.9122
vn 0.0403 -0.9877 0.1511
vn -0.1120 -0.2698 0.9564
vn -0.0403 0.9877 -0.1511
vn 0.0406 -0.9877 0.1511
vn 0.9962 0.0488 0.0724
vn 0.9962 0.0489 0.0723
vn -0.0406 0.9877 -0.1511
vn 0.0400 -0.9877 0.1511
vn 0.9962 0.0490 0.0721
vn 0.9962 0.0489 0.0725
vn -0.0400 0.9877 -0.1511
vn 0.9962 0.0489 0.0724
vn 0.0399 -0.9877 0.1511
vn 0.1413 -0.1442 -0.9794
vn 0.1269 0.1048 -0.9864
vn 0.0409 -0.9877 0.1512
vn 0.1398 -0.5337 -0.8340
vn -0.0409 0.9877 -0.1512
vn 0.9961 0.0489 0.0730
vn 0.9961 0.0490 0.0729
vn -0.0406 0.9877 -0.1512
vn 0.0411 -0.9876 0.1512
vn 0.9961 0.0492 0.0733
vn -0.0412 0.9876 -0.1512
vn 0.0412 -0.9876 0.1512
vn -0.1342 0.1446 0.9803
vn -0.1402 0.3847 0.9123
vn 0.0347 -0.9879 0.1509
vn -0.0151 -0.2650 0.9641
vn -0.0347 0.9879 -0.1509
vn 0.0352 -0.9879 0.1510
vn 0.9980 0.0434 0.0463
vn 0.9980 0.0435 0.0462
vn -0.0352 0.9879 -0.1510
vn 0.0342 -0.9880 0.1509
vn 0.9980 0.0435 0.0460
vn 0.9980 0.0435 0.0463
vn -0.0342 0.9880 -0.1509
vn 0.0341 -0.9880 0.1509
vn 0.0311 -0.1500 -0.9882
vn 0.0340 -0.9880 0.1509
vn 0.0217 0.0995 -0.9948
vn 0.0356 -0.9879 0.1510
vn 0.0486 -0.5387 -0.8411
vn -0.0356 0.9879 -0.1510
vn 0.9980 0.0435 0.0469
vn 0.0360 -0.9879 0.1510
vn 0.9979 0.0437 0.0472
vn 0.9979 0.0436 0.0469
vn -0.0361 0.9879 -0.1510
vn 0.9980 0.0436 0.0468
vn 0.0361 -0.9879 0.1510
vn -0.0378 0.1497 0.9880
vn 0.0362 -0.9879 0.1510
vn -0.0455 0.3898 0.9198
vn 0.0337 -0.9879 0.1512
vn 0.0026 -0.2642 0.9645
vn -0.0337 0.9879 -0.1512
vn 0.0341 -0.9879 0.1512
vn 0.9991 0.0376 0.0184
vn -0.0341 0.9879 -0.1512
vn 0.0331 -0.9880 0.1512
vn 0.9991 0.0377 0.0182
vn 0.9991 0.0376 0.0185
vn -0.0331 0.9880 -0.1512
vn 0.9991 0.0377 0.0185
vn 0.0330 -0.9880 0.1512
vn 0.0114 -0.1509 -0.9885
vn 0.0330 -0.9880 0.1511
vn 0.0029 0.0986 -0.9951
vn 0.0346 -0.9879 0.1512
vn 0.0292 -0.5397 -0.8413
vn -0.0346 0.9879 -0.1512
vn 0.9991 0.0377 0.0190
vn 0.0350 -0.9879 0.1512
vn 0.9991 0.0379 0.0193
vn 0.9991 0.0377 0.0189
vn -0.0350 0.9879 -0.1512
vn -0.0169 0.1507 0.9884
vn 0.0351 -0.9879 0.1512
vn -0.0250 0.3908 0.9201
vn 0.0337 -0.9879 0.1514
vn 0.0001 -0.2642 0.9645
vn -0.0337 0.9879 -0.1514
vn 0.0341 -0.9879 0.1514
vn 0.9995 0.0317 -0.0094
vn 0.9995 0.0317 -0.0095
vn -0.0341 0.9879 -0.1514
vn 0.0333 -0.9879 0.1514
vn 0.9994 0.0318 -0.0096
vn 0.9995 0.0318 -0.0093
vn -0.0333 0.9879 -0.1514
vn 0.9995 0.0318 -0.0094
vn 0.0332 -0.9879 0.1514
vn 0.0150 -0.1510 -0.9884
vn 0.0062 0.0986 -0.9951
vn 0.0345 -0.9879 0.1514
vn 0.0269 -0.5401 -0.8412
vn -0.0345 0.9879 -0.1514
vn 0.9995 0.0318 -0.0088
vn 0.0348 -0.9879 0.1514
vn 0.9995 0.0320 -0.0086
vn 0.9995 0.0318 -0.0089
vn -0.0348 0.9879 -0.1514
vn 0.9995 0.0319 -0.0089
vn 0.0349 -0.9879 0.1514
vn -0.0140 0.1510 0.9884
vn -0.0221 0.3912 0.9200
vn 0.0338 -0.9879 0.1516
vn -0.0025 -0.2638 0.9646
vn -0.0338 0.9879 -0.1516
vn 0.0341 -0.9879 0.1516
vn 0.9990 0.0258 -0.0373
vn -0.0341 0.9878 -0.1516
vn 0.0335 -0.9879 0.1516
vn 0.9990 0.0259 -0.0375
vn 0.9990 0.0259 -0.0371
vn -0.0335 0.9879 -0.1516
vn 0.9990 0.0259 -0.0372
vn 0.0334 -0.9879 0.1516
vn 0.0186 -0.1511 -0.9883
vn 0.0096 0.0983 -0.9951
vn 0.0344 -0.9878 0.1516
vn 0.0247 -0.5402 -0.8412
vn -0.0344 0.9878 -0.1516
vn 0.9990 0.0259 -0.0367
vn -0.0341 0.9879 -0.1516
vn 0.0347 -0.9878 0.1516
vn 0.9990 0.0261 -0.0364
vn -0.0347 0.9878 -0.1516
vn 0.9990 0.0260 -0.0367
vn -0.0111 0.1514 0.9884
vn -0.0193 0.3914 0.9200
vn 0.0339 -0.9878 0.1518
vn -0.0051 -0.2630 0.9648
vn -0.0339 0.9878 -0.1518
vn 0.0341 -0.9878 0.1518
vn 0.9977 0.0199 -0.0651
vn -0.0341 0.9878 -0.1518
vn 0.0336 -0.9878 0.1518
vn 0.9977 0.0200 -0.0654
vn 0.9977 0.0199 -0.0650
vn -0.0336 0.9878 -0.1518
vn 0.0222 -0.1513 -0.9882
vn 0.0130 0.0977 -0.9951
vn 0.0343 -0.9878 0.1518
vn 0.0224 -0.5402 -0.8413
vn -0.0343 0.9878 -0.1518
vn 0.9977 0.0200 -0.0645
vn 0.0345 -0.9878 0.1517
vn 0.9977 0.0202 -0.0641
vn -0.0345 0.9878 -0.1517
vn 0.0346 -0.9878 0.1517
vn -0.0082 0.1518 0.9884
vn -0.0165 0.3915 0.9200
vn 0.0302 -0.9879 0.1522
vn 0.0507 -0.2617 0.9638
vn -0.0302 0.9879 -0.1522
vn 0.0305 -0.9879 0.1521
vn 0.9949 0.0123 -0.0999
vn 0.9949 0.0124 -0.1000
vn -0.0305 0.9879 -0.1521
vn 0.0299 -0.9879 0.1522
vn 0.9949 0.0124 -0.0998
vn -0.0299 0.9879 -0.1522
vn 0.0298 -0.9879 0.1522
vn -0.0409 -0.1534 -0.9873
vn -0.0472 0.0961 -0.9943
vn 0.0308 -0.9879 0.1521
vn -0.0329 -0.5422 -0.8396
vn -0.0308 0.9879 -0.1521
vn 0.0305 -0.9879 0.1522
vn 0.9950 0.0124 -0.0993
vn 0.9950 0.0125 -0.0993
vn 0.0311 -0.9879 0.1521
vn 0.9950 0.0126 -0.0990
vn 0.9950 0.0125 -0.0992
vn -0.0311 0.9879 -0.1521
vn 0.0504 0.1536 0.9868
vn 0.0312 -0.9879 0.1521
vn 0.0411 0.3936 0.9184
vn 0.0223 -0.9879 0.1533
vn 0.1775 -0.2597 0.9492
vn -0.0223 0.9879 -0.1533
vn 0.0231 -0.9879 0.1532
vn 0.9888 0.0014 -0.1494
vn -0.0231 0.9879 -0.1532
vn 0.0214 -0.9879 0.1534
vn 0.9888 0.0015 -0.1496
vn 0.9888 0.0014 -0.1492
vn -0.0213 0.9879 -0.1534
vn 0.9888 0.0015 -0.1493
vn 0.0212 -0.9879 0.1534
vn -0.1875 -0.1550 -0.9699
vn 0.0211 -0.9879 0.1534
vn -0.1867 0.0941 -0.9779
vn 0.0237 -0.9879 0.1531
vn -0.1426 -0.5434 -0.8273
vn -0.0237 0.9879 -0.1531
vn 0.9889 0.0015 -0.1488
vn 0.9889 0.0015 -0.1489
vn 0.0243 -0.9879 0.1530
vn 0.9889 0.0017 -0.1484
vn -0.0243 0.9879 -0.1530
vn 0.0244 -0.9879 0.1530
vn 0.1654 0.1551 0.9740
vn 0.1544 0.3948 0.9057
vn 0.0227 -0.9879 0.1536
vn 0.1687 -0.2602 0.9507
vn -0.0227 0.9879 -0.1536
vn 0.0231 -0.9879 0.1535
vn 0.9801 -0.0096 -0.1985
vn 0.9800 -0.0096 -0.1986
vn -0.0231 0.9879 -0.1535
vn 0.0221 -0.9879 0.1537
vn 0.9800 -0.0095 -0.1986
vn 0.9801 -0.0095 -0.1984
vn -0.0221 0.9879 -0.1537
vn 0.0220 -0.9879 0.1537
vn -0.1749 -0.1552 -0.9723
vn 0.0219 -0.9879 0.1537
vn -0.1750 0.0944 -0.9800
vn 0.0235 -0.9879 0.1534
vn -0.1493 -0.5438 -0.8258
vn -0.0235 0.9879 -0.1534
vn 0.9802 -0.0095 -0.1979
vn 0.9802 -0.0094 -0.1979
vn 0.0239 -0.9879 0.1534
vn 0.9802 -0.0093 -0.1976
vn -0.0239 0.9879 -0.1534
vn 0.1740 0.1552 0.9724
vn 0.0240 -0.9879 0.1534
vn 0.1627 0.3952 0.9041
vn 0.0230 -0.9878 0.1537
vn 0.1601 -0.2593 0.9524
vn -0.0230 0.9878 -0.1537
vn 0.0232 -0.9878 0.1537
vn 0.9688 -0.0205 -0.2471
vn 0.9688 -0.0205 -0.2472
vn -0.0232 0.9878 -0.1537
vn 0.0228 -0.9878 0.1538
vn 0.9687 -0.0204 -0.2473
vn 0.9688 -0.0205 -0.2470
vn -0.0227 0.9878 -0.1538
vn 0.0227 -0.9878 0.1538
vn -0.1622 -0.1557 -0.9744
vn -0.1632 0.0936 -0.9821
vn 0.0233 -0.9878 0.1537
vn -0.1561 -0.5437 -0.8246
vn -0.0233 0.9878 -0.1537
vn 0.9689 -0.0205 -0.2465
vn 0.9689 -0.0204 -0.2465
vn 0.0235 -0.9879 0.1536
vn 0.9690 -0.0202 -0.2461
vn 0.9689 -0.0204 -0.2464
vn -0.0235 0.9879 -0.1536
vn 0.1825 0.1555 0.9708
vn 0.1710 0.3953 0.9025
vn 0.1515 -0.2569 0.9545
vn 0.9550 -0.0314 -0.2950
vn 0.0234 -0.9878 0.1536
vn 0.9549 -0.0313 -0.2952
vn 0.9550 -0.0314 -0.2949
vn -0.0234 0.9878 -0.1536
vn -0.1495 -0.1562 -0.9763
vn -0.1514 0.0916 -0.9842
vn 0.0231 -0.9878 0.1537
vn -0.1630 -0.5432 -0.8237
vn -0.0231 0.9878 -0.1537
vn 0.9552 -0.0314 -0.2944
vn 0.9551 -0.0313 -0.2945
vn 0.0230 -0.9878 0.1538
vn 0.9553 -0.0311 -0.2941
vn -0.0230 0.9878 -0.1538
vn 0.9552 -0.0313 -0.2944
vn 0.1910 0.1558 0.9691
vn 0.1793 0.3950 0.9010
vn 0.0149 -0.9876 0.1563
vn 0.2782 -0.2612 0.9243
vn -0.0149 0.9876 -0.1563
vn 0.0152 -0.9876 0.1562
vn 0.9326 -0.0460 -0.3579
vn 0.9326 -0.0460 -0.3580
vn -0.0152 0.9876 -0.1562
vn 0.0145 -0.9876 0.1565
vn 0.9326 -0.0459 -0.3580
vn 0.9327 -0.0459 -0.3577
vn -0.0145 0.9876 -0.1565
vn 0.9327 -0.0459 -0.3578
vn 0.0144 -0.9876 0.1565
vn -0.2956 -0.1538 -0.9428
vn -0.2903 0.0955 -0.9521
vn 0.0155 -0.9876 0.1561
vn -0.2760 -0.5418 -0.7939
vn -0.0155 0.9876 -0.1561
vn 0.9329 -0.0459 -0.3573
vn 0.9328 -0.0459 -0.3574
vn 0.0157 -0.9876 0.1561
vn 0.9330 -0.0457 -0.3570
vn 0.9329 -0.0458 -0.3573
vn -0.0157 0.9876 -0.1561
vn 0.3097 0.1533 0.9384
vn 0.0158 -0.9876 0.1560
vn 0.2962 0.3932 0.8704
vn 0.0042 -0.9870 0.1610
vn 0.4490 -0.2691 0.8521
vn -0.0042 0.9870 -0.1610
vn 0.0055 -0.9870 0.1604
vn 0.8963 -0.0650 -0.4386
vn 0.8963 -0.0650 -0.4387
vn -0.0055 0.9870 -0.1604
vn 0.0024 -0.9868 0.1617
vn 0.8963 -0.0649 -0.4387
vn 0.8964 -0.0649 -0.4384
vn -0.0023 0.9868 -0.1618
vn 0.8964 -0.0649 -0.4385
vn 0.0020 -0.9868 0.1619
vn -0.4987 -0.1423 -0.8550
vn 0.0017 -0.9868 0.1621
vn -0.4830 0.1051 -0.8693
vn 0.0063 -0.9871 0.1600
vn -0.4089 -0.5344 -0.7398
vn -0.0064 0.9871 -0.1600
vn 0.0054 -0.9870 0.1604
vn 0.8966 -0.0649 -0.4381
vn -0.0054 0.9870 -0.1604
vn 0.0071 -0.9871 0.1597
vn 0.8968 -0.0647 -0.4376
vn 0.8966 -0.0649 -0.4380
vn -0.0071 0.9871 -0.1597
vn 0.8966 -0.0648 -0.4380
vn 0.0072 -0.9871 0.1597
vn 0.4483 0.1461 0.8818
vn 0.0072 -0.9871 0.1596
vn 0.4328 0.3858 0.8148
vn 0.0053 -0.9869 0.1610
vn 0.4200 -0.2682 0.8670
vn -0.0053 0.9869 -0.1610
vn 0.0056 -0.9870 0.1608
vn 0.8527 -0.0836 -0.5157
vn 0.8526 -0.0835 -0.5158
vn -0.0056 0.9870 -0.1608
vn 0.0049 -0.9869 0.1612
vn 0.8526 -0.0834 -0.5158
vn 0.8528 -0.0835 -0.5155
vn -0.0049 0.9869 -0.1612
vn 0.8528 -0.0835 -0.5156
vn 0.0048 -0.9869 0.1612
vn -0.4546 -0.1459 -0.8787
vn 0.0047 -0.9869 0.1613
vn -0.4421 0.1030 -0.8910
vn 0.0058 -0.9870 0.1607
vn -0.4261 -0.5336 -0.7305
vn -0.0058 0.9870 -0.1607
vn 0.8530 -0.0835 -0.5152
vn 0.8529 -0.0834 -0.5153
vn 0.0060 -0.9870 0.1606
vn 0.8533 -0.0832 -0.5148
vn 0.8530 -0.0834 -0.5152
vn -0.0060 0.9870 -0.1606
vn 0.4697 0.1447 0.8709
vn 0.4536 0.3846 0.8039
vn 0.0061 -0.9870 0.1603
vn 0.3918 -0.2611 0.8822
vn -0.0062 0.9870 -0.1603
vn 0.0056 -0.9870 0.1607
vn 0.8021 -0.1014 -0.5886
vn 0.8020 -0.1014 -0.5887
vn -0.0056 0.9870 -0.1607
vn 0.0070 -0.9871 0.1598
vn 0.8020 -0.1013 -0.5886
vn 0.8021 -0.1014 -0.5885
vn -0.0070 0.9871 -0.1598
vn 0.8021 -0.1013 -0.5885
vn -0.4096 -0.1502 -0.8998
vn 0.0073 -0.9872 0.1596
vn -0.4010 0.0957 -0.9111
vn 0.0052 -0.9869 0.1610
vn -0.4434 -0.5315 -0.7217
vn -0.0051 0.9869 -0.1610
vn 0.8024 -0.1013 -0.5881
vn 0.8024 -0.1013 -0.5882
vn 0.8026 -0.1011 -0.5878
vn 0.8025 -0.1013 -0.5880
vn -0.0048 0.9869 -0.1612
vn 0.0048 -0.9869 0.1613
vn 0.4908 0.1434 0.8594
vn 0.4743 0.3826 0.7929
vn 0.0019 -0.9866 0.1629
vn 0.4495 -0.2639 0.8534
vn -0.0019 0.9866 -0.1629
vn 0.0012 -0.9865 0.1635
vn 0.7417 -0.1194 -0.6600
vn 0.7416 -0.1193 -0.6601
vn -0.0011 0.9865 -0.1635
vn 0.0029 -0.9868 0.1621
vn 0.7417 -0.1193 -0.6601
vn 0.7418 -0.1193 -0.6599
vn -0.0030 0.9868 -0.1620
vn 0.0032 -0.9868 0.1619
vn -0.4709 -0.1464 -0.8700
vn 0.0034 -0.9868 0.1617
vn -0.4600 0.0983 -0.8824
vn 0.0007 -0.9865 0.1639
vn -0.5120 -0.5248 -0.6801
vn -0.0007 0.9865 -0.1639
vn 0.7421 -0.1193 -0.6596
vn 0.7420 -0.1193 -0.6597
vn -0.0012 0.9865 -0.1635
vn 0.0003 -0.9864 0.1642
vn 0.7425 -0.1190 -0.6592
vn 0.7421 -0.1192 -0.6596
vn -0.0003 0.9864 -0.1642
vn 0.7422 -0.1192 -0.6595
vn 0.5640 0.1365 0.8144
vn 0.0002 -0.9864 0.1643
vn 0.5464 0.3756 0.7486
vn -0.0183 -0.9832 0.1816
vn 0.7811 -0.3162 0.5385
vn 0.0183 0.9832 -0.1817
vn -0.0162 -0.9836 0.1795
vn 0.6587 -0.1399 -0.7393
vn 0.6586 -0.1399 -0.7394
vn 0.0161 0.9836 -0.1795
vn -0.0218 -0.9825 0.1852
vn 0.6587 -0.1398 -0.7393
vn 0.6589 -0.1399 -0.7391
vn 0.0220 0.9824 -0.1854
vn 0.6588 -0.1399 -0.7392
vn -0.0227 -0.9823 0.1861
vn -0.8777 -0.0748 -0.4733
vn -0.0235 -0.9821 0.1868
vn -0.8457 0.1615 -0.5086
vn -0.0148 -0.9839 0.1782
vn -0.7231 -0.4893 -0.4875
vn 0.0147 0.9839 -0.1781
vn -0.0162 -0.9836 0.1796
vn 0.6592 -0.1399 -0.7389
vn 0.6591 -0.1398 -0.7389
vn 0.0162 0.9836 -0.1796
vn -0.0137 -0.9841 0.1771
vn 0.6595 -0.1396 -0.7386
vn 0.6592 -0.1398 -0.7389
vn 0.0137 0.9841 -0.1771
vn 0.6592 -0.1398 -0.7388
vn -0.0136 -0.9841 0.1770
vn 0.7809 0.1009 0.6164
vn -0.0135 -0.9841 0.1769
vn 0.7603 0.3400 0.5535
vn -0.0161 -0.9833 0.1810
vn 0.7446 -0.3165 0.5877
vn 0.0161 0.9833 -0.1811
vn -0.0154 -0.9835 0.1801
vn 0.5668 -0.1586 -0.8084
vn 0.5667 -0.1586 -0.8085
vn 0.0154 0.9835 -0.1801
vn -0.0173 -0.9830 0.1825
vn 0.5667 -0.1585 -0.8085
vn 0.5669 -0.1586 -0.8084
vn 0.0174 0.9830 -0.1826
vn 0.5669 -0.1585 -0.8084
vn -0.0176 -0.9830 0.1829
vn -0.8273 -0.0890 -0.5547
vn -0.0178 -0.9829 0.1832
vn -0.7968 0.1564 -0.5836
vn -0.0149 -0.9836 0.1795
vn -0.7409 -0.4866 -0.4629
vn 0.0149 0.9836 -0.1795
vn 0.5673 -0.1586 -0.8081
vn 0.5672 -0.1585 -0.8082
vn -0.0146 -0.9837 0.1791
vn 0.5678 -0.1583 -0.8078
vn 0.5674 -0.1585 -0.8080
vn 0.0145 0.9837 -0.1791
vn 0.5673 -0.1585 -0.8081
vn -0.0145 -0.9837 0.1790
vn 0.8036 0.0953 0.5876
vn 0.7822 0.3357 0.5249
vn -0.0150 -0.9836 0.1797
vn 0.7092 -0.3043 0.6360
vn 0.0150 0.9836 -0.1797
vn -0.0153 -0.9835 0.1802
vn 0.4672 -0.1752 -0.8666
vn 0.4671 -0.1752 -0.8667
vn 0.0153 0.9835 -0.1802
vn -0.0144 -0.9838 0.1788
vn 0.4671 -0.1751 -0.8667
vn 0.4674 -0.1751 -0.8665
vn 0.0144 0.9838 -0.1788
vn 0.4673 -0.1751 -0.8666
vn -0.0143 -0.9838 0.1786
vn -0.7678 -0.1049 -0.6320
vn -0.0142 -0.9839 0.1784
vn -0.7429 0.1398 -0.6547
vn -0.0155 -0.9834 0.1806
vn -0.7586 -0.4817 -0.4387
vn 0.0155 0.9834 -0.1806
vn 0.4677 -0.1752 -0.8664
vn 0.4676 -0.1751 -0.8664
vn -0.0157 -0.9834 0.1808
vn 0.4682 -0.1749 -0.8662
vn 0.4677 -0.1751 -0.8664
vn 0.0157 0.9834 -0.1809
vn 0.4678 -0.1751 -0.8663
vn -0.0157 -0.9834 0.1809
vn 0.8251 0.0899 0.5578
vn 0.8032 0.3301 0.4958
vn -0.0166 -0.9833 0.1814
vn 0.7213 -0.2998 0.6244
vn 0.0166 0.9833 -0.1814
vn -0.0173 -0.9830 0.1828
vn 0.3661 -0.1885 -0.9113
vn 0.3660 -0.1885 -0.9113
vn 0.0173 0.9830 -0.1828
vn -0.0155 -0.9837 0.1791
vn 0.3660 -0.1884 -0.9114
vn 0.3662 -0.1885 -0.9112
vn 0.0155 0.9837 -0.1790
vn 0.3662 -0.1885 -0.9113
vn -0.0153 -0.9838 0.1785
vn -0.7709 -0.1058 -0.6282
vn -0.0151 -0.9839 0.1781
vn -0.7480 0.1342 -0.6500
vn -0.0177 -0.9828 0.1837
vn -0.7928 -0.4707 -0.3873
vn 0.0177 0.9828 -0.1837
vn -0.0172 -0.9830 0.1828
vn 0.3666 -0.1885 -0.9111
vn 0.0172 0.9830 -0.1828
vn -0.0180 -0.9827 0.1844
vn 0.3670 -0.1883 -0.9110
vn 0.0180 0.9827 -0.1844
vn 0.3666 -0.1884 -0.9111
vn -0.0180 -0.9827 0.1845
vn 0.8622 0.0790 0.5004
vn -0.0181 -0.9827 0.1845
vn 0.8398 0.3187 0.4396
vn -0.0280 -0.9772 0.2104
vn 0.9053 -0.3922 0.1629
vn 0.0280 0.9772 -0.2105
vn -0.0272 -0.9777 0.2081
vn 0.3028 -0.1928 -0.9333
vn 0.3027 -0.1928 -0.9334
vn 0.0272 0.9777 -0.2081
vn -0.0291 -0.9765 0.2134
vn 0.3027 -0.1927 -0.9334
vn 0.3029 -0.1928 -0.9333
vn 0.0291 0.9765 -0.2135
vn -0.0293 -0.9764 0.2140
vn -0.9976 0.0090 -0.0685
vn -0.0295 -0.9763 0.2145
vn -0.9629 0.2422 -0.1194
vn -0.0265 -0.9781 0.2064
vn -0.9112 -0.4045 -0.0775
vn 0.0265 0.9781 -0.2063
vn -0.0272 -0.9777 0.2082
vn 0.3034 -0.1928 -0.9332
vn 0.0272 0.9777 -0.2082
vn -0.0260 -0.9784 0.2049
vn 0.3038 -0.1926 -0.9331
vn 0.3034 -0.1927 -0.9332
vn 0.0260 0.9785 -0.2048
vn -0.0259 -0.9785 0.2047
vn 0.9834 0.0136 0.1811
vn -0.0258 -0.9785 0.2045
vn 0.9595 0.2525 0.1250
vn -0.0266 -0.9773 0.2104
vn 0.9009 -0.3949 0.1800
vn 0.0266 0.9772 -0.2105
vn -0.0260 -0.9777 0.2083
vn 0.2382 -0.1963 -0.9512
vn 0.2381 -0.1962 -0.9512
vn 0.0260 0.9777 -0.2083
vn -0.0273 -0.9766 0.2131
vn 0.2380 -0.1961 -0.9512
vn 0.2383 -0.1962 -0.9512
vn 0.0274 0.9766 -0.2133
vn -0.0275 -0.9765 0.2137
vn -0.9958 0.0044 -0.0916
vn -0.0276 -0.9764 0.2141
vn -0.9597 0.2424 -0.1421
vn -0.0255 -0.9781 0.2067
vn -0.9119 -0.4051 -0.0660
vn 0.0255 0.9781 -0.2066
vn 0.2388 -0.1962 -0.9510
vn 0.2387 -0.1962 -0.9511
vn -0.0251 -0.9784 0.2053
vn 0.2392 -0.1960 -0.9510
vn 0.2388 -0.1962 -0.9511
vn 0.0251 0.9784 -0.2052
vn -0.0250 -0.9784 0.2051
vn 0.9858 0.0110 0.1674
vn -0.0250 -0.9785 0.2050
vn 0.9614 0.2516 0.1114
vn -0.0253 -0.9773 0.2104
vn 0.8974 -0.3949 0.1968
vn 0.0253 0.9773 -0.2104
vn -0.0249 -0.9777 0.2085
vn 0.1725 -0.1989 -0.9647
vn 0.1724 -0.1988 -0.9648
vn 0.0249 0.9777 -0.2085
vn -0.0258 -0.9767 0.2129
vn 0.1724 -0.1987 -0.9648
vn 0.1725 -0.1988 -0.9647
vn 0.0259 0.9767 -0.2131
vn 0.1726 -0.1988 -0.9647
vn -0.0259 -0.9766 0.2135
vn -0.9934 -0.0004 -0.1151
vn -0.0260 -0.9765 0.2139
vn -0.9565 0.2406 -0.1648
vn -0.0245 -0.9780 0.2070
vn -0.9128 -0.4046 -0.0547
vn 0.0245 0.9780 -0.2069
vn 0.1731 -0.1988 -0.9646
vn 0.1730 -0.1988 -0.9647
vn -0.0243 -0.9783 0.2057
vn 0.1734 -0.1987 -0.9646
vn 0.1732 -0.1988 -0.9646
vn 0.0243 0.9783 -0.2056
vn 0.1731 -0.1987 -0.9646
vn -0.0242 -0.9784 0.2055
vn 0.9881 0.0083 0.1537
vn -0.0242 -0.9784 0.2054
vn 0.9633 0.2501 0.0978
vn -0.0241 -0.9773 0.2104
vn 0.8947 -0.3925 0.2132
vn 0.0241 0.9773 -0.2104
vn -0.0239 -0.9777 0.2086
vn 0.1060 -0.2005 -0.9739
vn 0.1060 -0.2005 -0.9740
vn 0.0239 0.9777 -0.2086
vn -0.0245 -0.9768 0.2127
vn 0.1059 -0.2004 -0.9740
vn 0.1062 -0.2005 -0.9739
vn 0.0245 0.9768 -0.2129
vn 0.1061 -0.2005 -0.9739
vn -0.0245 -0.9767 0.2132
vn -0.9903 -0.0055 -0.1387
vn -0.0246 -0.9766 0.2136
vn -0.9534 0.2367 -0.1872
vn -0.0237 -0.9780 0.2072
vn -0.9141 -0.4032 -0.0437
vn 0.0237 0.9780 -0.2072
vn 0.1066 -0.2005 -0.9739
vn 0.1065 -0.2005 -0.9739
vn -0.0235 -0.9783 0.2061
vn 0.1070 -0.2003 -0.9739
vn 0.0235 0.9783 -0.2060
vn 0.1066 -0.2004 -0.9739
vn -0.0235 -0.9783 0.2059
vn 0.9902 0.0057 0.1398
vn -0.0235 -0.9783 0.2057
vn 0.9651 0.2479 0.0844
vn -0.0227 -0.9783 0.2059
vn 0.8989 -0.3988 0.1813
vn 0.0227 0.9783 -0.2060
vn -0.0226 -0.9786 0.2047
vn 0.0485 -0.1972 -0.9792
vn 0.0485 -0.1971 -0.9792
vn 0.0226 0.9786 -0.2047
vn -0.0229 -0.9780 0.2074
vn 0.0484 -0.1971 -0.9792
vn 0.0486 -0.1972 -0.9792
vn 0.0229 0.9780 -0.2076
vn 0.0486 -0.1971 -0.9792
vn -0.0229 -0.9779 0.2077
vn -0.9942 0.0007 -0.1077
vn -0.0229 -0.9779 0.2080
vn -0.9575 0.2430 -0.1556
vn -0.0226 -0.9788 0.2038
vn -0.9183 -0.3959 -0.0069
vn 0.0226 0.9788 -0.2037
vn 0.0491 -0.1972 -0.9791
vn 0.0491 -0.1971 -0.9791
vn -0.0225 -0.9789 0.2029
vn 0.0494 -0.1971 -0.9791
vn 0.0225 0.9789 -0.2029
vn -0.0225 -0.9790 0.2028
vn 0.9952 -0.0028 0.0975
vn -0.0225 -0.9790 0.2027
vn 0.9698 0.2399 0.0442
vn -0.0214 -0.9810 0.1929
vn 0.9044 -0.4236 0.0509
vn 0.0214 0.9810 -0.1929
vn -0.0213 -0.9812 0.1916
vn 0.0215 -0.1802 -0.9834
vn 0.0215 -0.1801 -0.9834
vn 0.0213 0.9812 -0.1916
vn -0.0214 -0.9807 0.1942
vn 0.0213 -0.1800 -0.9834
vn 0.0214 0.9807 -0.1944
vn 0.0216 -0.1801 -0.9834
vn -0.0214 -0.9807 0.1945
vn -0.9991 0.0277 0.0314
vn -0.0214 -0.9806 0.1947
vn -0.9629 0.2695 -0.0171
vn -0.0213 -0.9815 0.1905
vn -0.9218 -0.3759 0.0945
vn 0.0213 0.9815 -0.1905
vn 0.0221 -0.1802 -0.9834
vn 0.0221 -0.1801 -0.9834
vn 0.0213 0.9812 -0.1917
vn -0.0212 -0.9817 0.1895
vn 0.0225 -0.1800 -0.9834
vn 0.0222 -0.1801 -0.9834
vn 0.0212 0.9817 -0.1894
vn -0.0212 -0.9817 0.1893
vn 0.9995 -0.0250 -0.0175
vn -0.0212 -0.9817 0.1892
vn 0.9737 0.2186 -0.0644
vn -0.0204 -0.9819 0.1883
vn 0.9049 -0.4219 0.0567
vn 0.0204 0.9819 -0.1884
vn -0.0204 -0.9822 0.1867
vn -0.0010 -0.1622 -0.9867
vn -0.0009 -0.1622 -0.9868
vn 0.0204 0.9822 -0.1868
vn -0.0204 -0.9815 0.1901
vn -0.0013 -0.1621 -0.9868
vn 0.0204 0.9815 -0.1905
vn -0.0204 -0.9815 0.1905
vn -0.9994 0.0246 0.0228
vn -0.0204 -0.9814 0.1907
vn -0.9633 0.2671 -0.0248
vn -0.0204 -0.9825 0.1852
vn -0.9212 -0.3782 0.0909
vn 0.0204 0.9825 -0.1853
vn -0.0004 -0.1623 -0.9867
vn -0.0004 -0.1622 -0.9868
vn -0.0204 -0.9827 0.1839
vn -0.0001 -0.1621 -0.9868
vn -0.0005 -0.1622 -0.9868
vn 0.0204 0.9827 -0.1839
vn -0.0204 -0.9828 0.1836
vn 0.9996 -0.0235 -0.0166
vn -0.0204 -0.9828 0.1835
vn 0.9734 0.2207 -0.0620
vn -0.0195 -0.9901 0.1387
vn 0.9051 -0.4178 0.0784
vn 0.0195 0.9902 -0.1386
vn -0.0195 -0.9904 0.1372
vn 0.0223 -0.1374 -0.9903
vn 0.0195 0.9904 -0.1371
vn -0.0195 -0.9900 0.1401
vn 0.0220 -0.1373 -0.9903
vn 0.0195 0.9900 -0.1400
vn -0.0195 -0.9899 0.1403
vn -0.9996 0.0162 -0.0234
vn -0.0196 -0.9899 0.1405
vn -0.9636 0.2611 -0.0574
vn -0.0195 -0.9906 0.1356
vn -0.9208 -0.3888 0.0316
vn 0.0195 0.9906 -0.1354
vn 0.0229 -0.1375 -0.9902
vn 0.0229 -0.1374 -0.9902
vn -0.0195 -0.9908 0.1338
vn 0.0230 -0.1373 -0.9903
vn 0.0227 -0.1374 -0.9903
vn 0.0195 0.9909 -0.1334
vn 0.0228 -0.1374 -0.9903
vn -0.0195 -0.9909 0.1335
vn 0.9996 -0.0159 0.0254
vn -0.0195 -0.9909 0.1332
vn 0.9731 0.2302 -0.0085
vn -0.0188 -0.9906 0.1358
vn 0.9054 -0.4171 0.0797
vn 0.0188 0.9905 -0.1359
vn -0.0188 -0.9907 0.1351
vn 0.0454 -0.1125 -0.9926
vn 0.0188 0.9906 -0.1352
vn -0.0189 -0.9905 0.1364
vn 0.0451 -0.1124 -0.9926
vn 0.0455 -0.1125 -0.9926
vn 0.0189 0.9904 -0.1366
vn -0.0189 -0.9905 0.1365
vn -0.9995 0.0151 -0.0268
vn -0.0189 -0.9905 0.1366
vn -0.9637 0.2602 -0.0596
vn -0.0188 -0.9907 0.1345
vn -0.9206 -0.3893 0.0318
vn 0.0188 0.9907 -0.1345
vn 0.0460 -0.1126 -0.9926
vn 0.0460 -0.1125 -0.9926
vn -0.0188 -0.9908 0.1338
vn 0.0462 -0.1124 -0.9926
vn 0.0459 -0.1125 -0.9926
vn 0.0188 0.9908 -0.1339
vn -0.0188 -0.9909 0.1336
vn 0.9996 -0.0153 0.0250
vn -0.0188 -0.9909 0.1335
vn 0.9730 0.2307 -0.0093
vn -0.0161 -0.9958 0.0898
vn 0.9048 -0.4143 0.0987
vn 0.0161 0.9958 -0.0898
vn -0.0160 -0.9960 0.0883
vn 0.0673 -0.0894 -0.9937
vn 0.0674 -0.0893 -0.9937
vn 0.0160 0.9960 -0.0882
vn -0.0162 -0.9957 0.0912
vn 0.0669 -0.0892 -0.9938
vn 0.0674 -0.0894 -0.9937
vn 0.0162 0.9957 -0.0912
vn 0.0673 -0.0893 -0.9937
vn -0.0162 -0.9957 0.0915
vn -0.9977 0.0098 -0.0675
vn -0.0162 -0.9957 0.0916
vn -0.9626 0.2564 -0.0879
vn -0.0159 -0.9961 0.0867
vn -0.9175 -0.3967 -0.0284
vn 0.0159 0.9961 -0.0866
vn 0.0679 -0.0894 -0.9937
vn 0.0679 -0.0893 -0.9937
vn 0.0160 0.9960 -0.0883
vn -0.0158 -0.9963 0.0850
vn 0.0682 -0.0892 -0.9937
vn 0.0678 -0.0894 -0.9937
vn 0.0158 0.9963 -0.0846
vn 0.0678 -0.0893 -0.9937
vn -0.0158 -0.9963 0.0846
vn 0.9976 -0.0096 0.0693
vn -0.0158 -0.9963 0.0844
vn 0.9703 0.2376 0.0461
vn -0.0151 -0.9962 0.0854
vn 0.9049 -0.4136 0.1008
vn 0.0151 0.9962 -0.0855
vn -0.0150 -0.9963 0.0846
vn 0.0890 -0.0664 -0.9938
vn 0.0890 -0.0663 -0.9938
vn 0.0150 0.9963 -0.0846
vn -0.0152 -0.9962 0.0862
vn 0.0886 -0.0662 -0.9939
vn 0.0152 0.9961 -0.0864
vn -0.0152 -0.9962 0.0863
vn -0.9973 0.0087 -0.0723
vn -0.0152 -0.9961 0.0864
vn -0.9625 0.2555 -0.0912
vn -0.0150 -0.9964 0.0837
vn -0.9171 -0.3975 -0.0309
vn 0.0150 0.9964 -0.0837
vn -0.0151 -0.9963 0.0846
vn 0.0896 -0.0664 -0.9938
vn 0.0896 -0.0663 -0.9938
vn 0.0151 0.9963 -0.0846
vn -0.0149 -0.9965 0.0828
vn 0.0898 -0.0662 -0.9938
vn 0.0895 -0.0663 -0.9938
vn 0.0149 0.9965 -0.0828
vn -0.0149 -0.9965 0.0826
vn 0.9974 -0.0089 0.0710
vn -0.0149 -0.9965 0.0825
vn 0.9700 0.2384 0.0480
vn -0.0111 -0.9988 0.0476
vn 0.9036 -0.4118 0.1175
vn 0.0111 0.9988 -0.0476
vn -0.0109 -0.9989 0.0461
vn 0.1090 -0.0457 -0.9930
vn 0.1090 -0.0456 -0.9930
vn 0.0109 0.9989 -0.0461
vn -0.0112 -0.9987 0.0489
vn 0.1087 -0.0455 -0.9930
vn 0.0112 0.9987 -0.0489
vn -0.0112 -0.9987 0.0492
vn -0.9942 0.0057 -0.1070
vn -0.0112 -0.9987 0.0493
vn -0.9605 0.2532 -0.1157
vn -0.0108 -0.9989 0.0446
vn -0.9123 -0.4015 -0.0811
vn 0.0108 0.9990 -0.0445
vn -0.0109 -0.9989 0.0462
vn 0.1096 -0.0457 -0.9929
vn -0.0106 -0.9990 0.0430
vn 0.1098 -0.0456 -0.9929
vn 0.1095 -0.0457 -0.9929
vn 0.0106 0.9990 -0.0427
vn 0.1095 -0.0456 -0.9929
vn -0.0106 -0.9990 0.0427
vn 0.9941 -0.0057 0.1083
vn -0.0105 -0.9990 0.0424
vn 0.9657 0.2422 0.0942
vn -0.0094 -0.9992 0.0393
vn 0.9035 -0.4110 0.1217
vn 0.0094 0.9992 -0.0394
vn -0.0093 -0.9992 0.0383
vn 0.1284 -0.0258 -0.9914
vn 0.1284 -0.0257 -0.9914
vn 0.0093 0.9992 -0.0383
vn -0.0095 -0.9991 0.0403
vn 0.1281 -0.0256 -0.9914
vn 0.1285 -0.0257 -0.9914
vn 0.0096 0.9991 -0.0405
vn -0.0096 -0.9991 0.0405
vn -0.9933 0.0047 -0.1156
vn -0.0096 -0.9991 0.0406
vn -0.9600 0.2523 -0.1218
vn -0.0092 -0.9993 0.0372
vn -0.9110 -0.4025 -0.0901
vn 0.0092 0.9993 -0.0372
vn 0.1290 -0.0258 -0.9913
vn 0.1290 -0.0257 -0.9913
vn -0.0090 -0.9993 0.0360
vn 0.1292 -0.0256 -0.9913
vn 0.1289 -0.0257 -0.9913
vn 0.0090 0.9993 -0.0360
vn -0.0090 -0.9993 0.0358
vn 0.9934 -0.0047 0.1149
vn -0.0090 -0.9993 0.0356
vn 0.9646 0.2431 0.1022
vn -0.0053 -0.9999 0.0130
vn 0.9021 -0.4101 0.1346
vn 0.0053 0.9999 -0.0130
vn -0.0051 -0.9999 0.0116
vn 0.1460 -0.0084 -0.9893
vn 0.0051 0.9999 -0.0116
vn -0.0055 -0.9999 0.0142
vn 0.1456 -0.0083 -0.9893
vn 0.0055 0.9999 -0.0143
vn 0.1460 -0.0084 -0.9892
vn -0.0055 -0.9999 0.0144
vn -0.9900 0.0033 -0.1412
vn -0.0055 -0.9999 0.0146
vn -0.9578 0.2511 -0.1402
vn -0.0049 -0.9999 0.0102
vn -0.9061 -0.4040 -0.1256
vn 0.0049 0.9999 -0.0102
vn 0.1466 -0.0084 -0.9892
vn -0.0047 -1.0000 0.0087
vn 0.1469 -0.0083 -0.9891
vn 0.1465 -0.0084 -0.9892
vn 0.0047 1.0000 -0.0085
vn -0.0047 -1.0000 0.0084
vn 0.9899 -0.0033 0.1418
vn -0.0046 -1.0000 0.0082
vn 0.9601 0.2447 0.1351
vn -0.0027 -1.0000 0.0009
vn 0.9013 -0.4094 0.1415
vn 0.0027 1.0000 -0.0009
vn -0.0025 -1.0000 -0.0004
vn 0.1622 0.0069 -0.9867
vn 0.0025 1.0000 0.0004
vn -0.0029 -1.0000 0.0021
vn 0.1619 0.0070 -0.9868
vn 0.1623 0.0069 -0.9867
vn 0.0029 1.0000 -0.0022
vn -0.0030 -1.0000 0.0023
vn -0.9880 0.0025 -0.1543
vn -0.0030 -1.0000 0.0024
vn -0.9565 0.2503 -0.1499
vn -0.0023 -1.0000 -0.0016
vn -0.9033 -0.4048 -0.1419
vn 0.0023 1.0000 0.0017
vn 0.1628 0.0069 -0.9866
vn -0.0021 -1.0000 -0.0030
vn 0.1630 0.0070 -0.9866
vn 0.1627 0.0069 -0.9867
vn 0.0021 1.0000 0.0032
vn 0.1627 0.0069 -0.9866
vn -0.0021 -1.0000 -0.0033
vn 0.9880 -0.0025 0.1543
vn -0.0021 -1.0000 -0.0035
vn 0.9577 0.2455 0.1501
vn 0.0003 -0.9999 -0.0130
vn 0.9003 -0.4087 0.1496
vn -0.0003 0.9999 0.0130
vn 0.0005 -0.9999 -0.0143
vn 0.1769 0.0198 -0.9840
vn 0.1769 0.0199 -0.9840
vn -0.0005 0.9999 0.0143
vn 0.0001 -0.9999 -0.0118
vn 0.1766 0.0200 -0.9841
vn -0.0001 0.9999 0.0117
vn 0.0001 -0.9999 -0.0116
vn -0.9856 0.0018 -0.1694
vn -0.0000 -0.9999 -0.0114
vn -0.9549 0.2497 -0.1610
vn 0.0008 -0.9999 -0.0156
vn -0.8998 -0.4053 -0.1613
vn -0.0008 0.9999 0.0157
vn 0.1775 0.0198 -0.9839
vn 0.1775 0.0199 -0.9839
vn 0.0010 -0.9999 -0.0171
vn 0.1777 0.0200 -0.9839
vn 0.1774 0.0199 -0.9839
vn -0.0010 0.9999 0.0172
vn 0.0011 -0.9998 -0.0173
vn 0.9856 -0.0018 0.1693
vn 0.0011 -0.9998 -0.0175
vn 0.9546 0.2461 0.1681
vn 0.0034 -0.9997 -0.0259
vn 0.8988 -0.4082 0.1595
vn -0.0034 0.9997 0.0259
vn 0.0037 -0.9996 -0.0273
vn 0.1886 0.0281 -0.9817
vn 0.1886 0.0282 -0.9817
vn -0.0037 0.9996 0.0273
vn 0.0032 -0.9997 -0.0245
vn 0.1883 0.0283 -0.9817
vn 0.1887 0.0282 -0.9816
vn -0.0032 0.9997 0.0244
vn 0.1886 0.0282 -0.9816
vn 0.0031 -0.9997 -0.0243
vn -0.9826 0.0014 -0.1859
vn 0.0031 -0.9997 -0.0241
vn -0.9527 0.2492 -0.1739
vn 0.0040 -0.9996 -0.0287
vn -0.8957 -0.4056 -0.1820
vn -0.0040 0.9996 0.0288
vn 0.1892 0.0281 -0.9815
vn 0.1892 0.0282 -0.9815
vn 0.0042 -0.9995 -0.0302
vn 0.1895 0.0283 -0.9815
vn 0.1891 0.0282 -0.9816
vn -0.0043 0.9995 0.0304
vn 0.1891 0.0282 -0.9815
vn 0.0043 -0.9995 -0.0305
vn 0.9825 -0.0014 0.1862
vn 0.0043 -0.9995 -0.0307
vn 0.9508 0.2464 0.1877
vn 0.0051 -0.9995 -0.0304
vn 0.8982 -0.4076 0.1646
vn -0.0051 0.9995 0.0303
vn 0.0054 -0.9995 -0.0317
vn 0.1984 0.0333 -0.9796
vn -0.0054 0.9995 0.0318
vn 0.0049 -0.9996 -0.0290
vn 0.1980 0.0335 -0.9796
vn 0.1984 0.0333 -0.9795
vn -0.0049 0.9996 0.0289
vn 0.1984 0.0334 -0.9796
vn 0.0048 -0.9996 -0.0288
vn -0.9811 0.0008 -0.1935
vn 0.0048 -0.9996 -0.0286
vn -0.9517 0.2486 -0.1801
vn 0.0057 -0.9994 -0.0332
vn -0.8938 -0.4061 -0.1905
vn -0.0057 0.9994 0.0332
vn 0.1989 0.0333 -0.9794
vn -0.0054 0.9995 0.0317
vn 0.0060 -0.9994 -0.0347
vn 0.1993 0.0335 -0.9794
vn 0.1988 0.0333 -0.9795
vn -0.0060 0.9994 0.0348
vn 0.1989 0.0334 -0.9795
vn 0.0061 -0.9994 -0.0349
vn 0.9811 -0.0008 0.1934
vn 0.0061 -0.9994 -0.0351
vn 0.9490 0.2470 0.1958
vn 0.0068 -0.9994 -0.0341
vn 0.8970 -0.4071 0.1724
vn -0.0068 0.9994 0.0341
vn 0.0071 -0.9993 -0.0356
vn 0.2042 0.0320 -0.9784
vn -0.0071 0.9993 0.0356
vn 0.0065 -0.9994 -0.0326
vn 0.2039 0.0322 -0.9785
vn -0.0065 0.9994 0.0325
vn 0.2043 0.0321 -0.9784
vn 0.0064 -0.9995 -0.0324
vn -0.9790 0.0003 -0.2036
vn 0.0064 -0.9995 -0.0322
vn -0.9501 0.2480 -0.1890
vn 0.0074 -0.9993 -0.0371
vn -0.8912 -0.4065 -0.2015
vn -0.0074 0.9993 0.0371
vn 0.2048 0.0320 -0.9783
vn 0.2048 0.0321 -0.9783
vn 0.0077 -0.9992 -0.0387
vn 0.2051 0.0321 -0.9782
vn -0.0078 0.9992 0.0388
vn 0.2047 0.0321 -0.9783
vn 0.0078 -0.9992 -0.0390
vn 0.9790 -0.0003 0.2037
vn 0.0078 -0.9992 -0.0392
vn 0.9466 0.2474 0.2068
vn 0.0062 -0.9996 -0.0269
vn 0.8962 -0.4064 0.1780
vn -0.0062 0.9996 0.0269
vn 0.0066 -0.9996 -0.0285
vn 0.2040 0.0207 -0.9787
vn -0.0066 0.9996 0.0285
vn 0.0059 -0.9997 -0.0253
vn 0.2037 0.0209 -0.9788
vn 0.2041 0.0208 -0.9787
vn -0.0059 0.9997 0.0253
vn 0.0058 -0.9997 -0.0251
vn -0.9784 -0.0005 -0.2065
vn 0.0058 -0.9997 -0.0249
vn -0.9494 0.2473 -0.1936
vn 0.0069 -0.9995 -0.0300
vn -0.8908 -0.4074 -0.2011
vn -0.0069 0.9995 0.0301
vn 0.2046 0.0207 -0.9786
vn 0.0072 -0.9995 -0.0316
vn 0.2049 0.0209 -0.9786
vn 0.2045 0.0208 -0.9786
vn -0.0072 0.9995 0.0317
vn 0.2046 0.0208 -0.9786
vn 0.0073 -0.9995 -0.0319
vn 0.9784 0.0005 0.2065
vn 0.0073 -0.9995 -0.0321
vn 0.9462 0.2483 0.2077
vn 0.0041 -0.9999 -0.0120
vn 0.8959 -0.4056 0.1811
vn -0.0041 0.9999 0.0119
vn 0.0044 -0.9999 -0.0136
vn 0.1961 -0.0033 -0.9806
vn -0.0044 0.9999 0.0136
vn 0.0038 -0.9999 -0.0103
vn 0.1959 -0.0031 -0.9806
vn 0.1962 -0.0032 -0.9806
vn -0.0037 0.9999 0.0102
vn 0.0037 -0.9999 -0.0100
vn -0.9791 -0.0016 -0.2033
vn 0.0037 -0.9999 -0.0098
vn -0.9495 0.2463 -0.1942
vn 0.0047 -0.9999 -0.0151
vn -0.8923 -0.4085 -0.1919
vn -0.0047 0.9999 0.0152
vn 0.1967 -0.0033 -0.9805
vn 0.1967 -0.0032 -0.9805
vn -0.0044 0.9999 0.0135
vn 0.0051 -0.9998 -0.0167
vn 0.1970 -0.0031 -0.9804
vn -0.0051 0.9998 0.0167
vn 0.0051 -0.9998 -0.0170
vn 0.9791 0.0016 0.2032
vn 0.0052 -0.9998 -0.0172
vn 0.9474 0.2495 0.2007
vn -0.0010 -0.9998 0.0183
vn 0.8961 -0.4045 0.1824
vn 0.0010 0.9998 -0.0184
vn -0.0007 -0.9999 0.0168
vn 0.1744 -0.0494 -0.9834
vn 0.1743 -0.0494 -0.9834
vn 0.0007 0.9999 -0.0169
vn -0.0013 -0.9998 0.0199
vn 0.1742 -0.0492 -0.9835
vn 0.1744 -0.0493 -0.9834
vn 0.0014 0.9998 -0.0202
vn 0.1745 -0.0493 -0.9834
vn -0.0014 -0.9998 0.0202
vn -0.9815 -0.0028 -0.1914
vn -0.0014 -0.9998 0.0204
vn -0.9507 0.2452 -0.1901
vn -0.0004 -0.9999 0.0154
vn -0.8967 -0.4096 -0.1678
vn 0.0005 0.9999 -0.0155
vn 0.1750 -0.0494 -0.9833
vn -0.0002 -0.9999 0.0140
vn 0.1754 -0.0492 -0.9833
vn 0.1751 -0.0493 -0.9833
vn 0.0002 0.9999 -0.0143
vn 0.1750 -0.0493 -0.9833
vn -0.0001 -0.9999 0.0138
vn 0.9817 0.0028 0.1905
vn -0.0001 -0.9999 0.0136
vn 0.9511 0.2506 0.1807
vn -0.0112 -0.9966 0.0811
vn 0.8974 -0.4035 0.1787
vn 0.0112 0.9966 -0.0813
vn -0.0109 -0.9968 0.0795
vn 0.1319 -0.1293 -0.9828
vn 0.1318 -0.1293 -0.9828
vn 0.0110 0.9968 -0.0797
vn -0.0115 -0.9965 0.0829
vn 0.1316 -0.1291 -0.9829
vn 0.1320 -0.1292 -0.9828
vn 0.0115 0.9965 -0.0834
vn 0.1319 -0.1292 -0.9828
vn -0.0115 -0.9965 0.0833
vn -0.9872 -0.0028 -0.1594
vn -0.0116 -0.9964 0.0835
vn -0.9538 0.2446 -0.1746
vn -0.0107 -0.9969 0.0781
vn -0.9059 -0.4083 -0.1123
vn 0.0107 0.9969 -0.0782
vn 0.1325 -0.1293 -0.9827
vn 0.1324 -0.1293 -0.9827
vn -0.0105 -0.9970 0.0768
vn 0.1329 -0.1291 -0.9827
vn 0.1324 -0.1292 -0.9827
vn 0.0106 0.9970 -0.0773
vn 0.1325 -0.1292 -0.9827
vn -0.0105 -0.9970 0.0766
vn 0.9875 0.0026 0.1579
vn -0.0104 -0.9970 0.0764
vn 0.9591 0.2498 0.1334
vn -0.0234 -0.9828 0.1834
vn 0.8990 -0.4032 0.1711
vn 0.0234 0.9828 -0.1832
vn -0.0230 -0.9834 0.1800
vn 0.0936 -0.2129 -0.9726
vn 0.0935 -0.2129 -0.9726
vn 0.0230 0.9834 -0.1798
vn -0.0238 -0.9820 0.1873
vn 0.0933 -0.2127 -0.9726
vn 0.0937 -0.2129 -0.9726
vn 0.0237 0.9822 -0.1864
vn 0.0937 -0.2128 -0.9726
vn -0.0239 -0.9819 0.1880
vn -0.9946 0.0033 -0.1042
vn -0.0240 -0.9818 0.1886
vn -0.9578 0.2469 -0.1473
vn -0.0226 -0.9840 0.1770
vn -0.9169 -0.3982 -0.0262
vn 0.0226 0.9840 -0.1768
vn 0.0942 -0.2129 -0.9725
vn -0.0223 -0.9845 0.1742
vn 0.0945 -0.2128 -0.9725
vn 0.0941 -0.2129 -0.9725
vn 0.0223 0.9845 -0.1738
vn 0.0941 -0.2128 -0.9725
vn -0.0223 -0.9845 0.1737
vn 0.9943 -0.0028 0.1069
vn -0.0222 -0.9846 0.1734
vn 0.9685 0.2414 0.0603
vn -0.0273 -0.9693 0.2444
vn 0.8986 -0.3997 0.1810
vn 0.0273 0.9693 -0.2444
vn -0.0270 -0.9700 0.2416
vn 0.0954 -0.2516 -0.9631
vn 0.0955 -0.2516 -0.9631
vn 0.0270 0.9700 -0.2415
vn -0.0276 -0.9685 0.2473
vn 0.0952 -0.2515 -0.9632
vn 0.0276 0.9686 -0.2470
vn 0.0954 -0.2515 -0.9631
vn -0.0277 -0.9684 0.2478
vn -0.9961 0.0056 -0.0886
vn -0.0277 -0.9683 0.2482
vn -0.9582 0.2457 -0.1469
vn -0.0268 -0.9707 0.2387
vn -0.9206 -0.3902 0.0157
vn 0.0267 0.9708 -0.2385
vn 0.0960 -0.2516 -0.9631
vn 0.0959 -0.2516 -0.9631
vn -0.0265 -0.9715 0.2357
vn 0.0961 -0.2515 -0.9631
vn 0.0264 0.9715 -0.2354
vn 0.0959 -0.2515 -0.9631
vn -0.0264 -0.9716 0.2352
vn 0.9961 -0.0057 0.0884
vn -0.0264 -0.9717 0.2348
vn 0.9715 0.2353 0.0270
vt 0.811310 0.593849
vt 0.406151 0.593849
vt 0.406151 0.000331
vt 0.811310 0.000331
vt 0.997064 0.406151
vt 0.997064 0.811310
vt 0.908794 0.811310
vt 0.908794 0.406151
vt 0.000331 0.000331
vt 0.405490 0.000331
vt 0.405490 0.593849
vt 0.000331 0.593849
vt 0.309830 0.594510
vt 0.352408 0.594510
vt 0.352408 0.999669
vt 0.309830 0.999669
vt 0.859721 0.593849
vt 0.811972 0.593849
vt 0.811972 0.000331
vt 0.859721 0.000331
vt 0.775433 0.594510
vt 0.775433 0.642260
vt 0.732855 0.642260
vt 0.732855 0.594510
vt 0.488920 0.594510
vt 0.529655 0.729552
vt 0.428274 0.729552
vt 0.428274 0.594510
vt 0.908133 0.593849
vt 0.860383 0.593849
vt 0.860383 0.000331
vt 0.908133 0.000331
vt 0.775433 0.642921
vt 0.775433 0.690671
vt 0.732855 0.690671
vt 0.732855 0.642921
vt 0.309169 0.999669
vt 0.266592 0.999669
vt 0.266592 0.594510
vt 0.309169 0.594510
vt 0.427613 0.610058
vt 0.413823 0.655774
vt 0.376068 0.735562
vt 0.376068 0.594510
vt 0.217519 0.594510
vt 0.217519 0.999669
vt 0.163680 0.999669
vt 0.163680 0.594510
vt 0.632358 0.642260
vt 0.632358 0.594510
vt 0.686198 0.594510
vt 0.645463 0.729552
vt 0.686859 0.729552
vt 0.686859 0.594510
vt 0.709196 0.594510
vt 0.709196 0.642260
vt 0.000331 0.999669
vt 0.000331 0.594510
vt 0.101711 0.594510
vt 0.101711 0.999669
vt 0.530316 0.729552
vt 0.571051 0.594510
vt 0.631697 0.594510
vt 0.631697 0.729552
vt 0.163018 0.594510
vt 0.163018 0.999669
vt 0.102373 0.999669
vt 0.102373 0.594510
vt 0.265930 0.999669
vt 0.218180 0.999669
vt 0.218180 0.594510
vt 0.265930 0.594510
vt 0.375406 0.594510
vt 0.375406 0.999669
vt 0.353069 0.999669
vt 0.353069 0.594510
vt 0.732194 0.594510
vt 0.732194 0.729552
vt 0.709857 0.642260
vt 0.709857 0.594510
vt 0.998899 0.000331
vt 0.998899 0.405490
vt 0.908794 0.405490
vt 0.908794 0.000331
s 0
usemtl Material.001
f 4/1/1 2/2/1 7/3/1 5/4/1
f 8/5/2 6/6/2 16/7/2 15/8/2
f 1/9/3 3/10/3 6/11/3 8/12/3
f 9/13/4 2/14/4 4/15/4 11/16/4
f 3/17/5 4/18/5 5/19/5 6/20/5
f 9/21/6 12/22/6 1/23/6 2/24/6
f 14/25/7 15/26/7 19/27/7 18/28/7
f 2/29/6 1/30/6 8/31/6 7/32/6
f 4/33/8 3/34/8 10/35/8 11/36/8
f 1/37/9 12/38/9 10/39/9 3/40/9
f 7/41/10 8/42/10 15/43/10 14/44/10
f 5/45/11 7/46/11 14/47/11 13/48/11
f 6/49/12 5/50/12 13/51/12 16/52/12
f 20/53/13 17/54/13 21/55/13 24/56/13
f 15/57/14 16/58/14 20/59/14 19/60/14
f 16/61/15 13/62/15 17/63/15 20/64/15
f 13/65/16 14/66/16 18/67/16 17/68/16
f 22/69/17 23/70/17 24/71/17 21/72/17
f 17/73/18 18/74/18 22/75/18 21/76/18
f 18/77/6 19/78/6 23/79/6 22/80/6
f 19/81/19 20/82/19 24/83/19 23/84/19
f 28/1/20 29/4/20 31/3/20 26/2/20
f 32/5/21 39/8/21 40/7/21 30/6/21
f 25/9/22 32/12/22 30/11/22 27/10/22
f 33/13/23 35/16/23 28/15/23 26/14/23
f 27/17/24 30/20/24 29/19/24 28/18/24
f 33/21/25 26/24/25 25/23/25 36/22/25
f 38/25/26 42/28/26 43/27/26 39/26/26
f 26/29/25 31/32/25 32/31/25 25/30/25
f 28/33/27 35/36/27 34/35/27 27/34/27
f 25/37/28 27/40/28 34/39/28 36/38/28
f 31/41/29 38/44/29 39/43/29 32/42/29
f 29/45/30 37/48/30 38/47/30 31/46/30
f 30/49/31 40/52/31 37/51/31 29/50/31
f 44/53/32 48/56/32 45/55/32 41/54/32
f 39/57/33 43/60/33 44/59/33 40/58/33
f 40/61/34 44/64/34 41/63/34 37/62/34
f 37/65/35 41/68/35 42/67/35 38/66/35
f 46/69/36 45/72/36 48/71/36 47/70/36
f 41/73/37 45/76/37 46/75/37 42/74/37
f 42/77/38 46/80/38 47/79/38 43/78/38
f 43/81/39 47/84/39 48/83/39 44/82/39
f 50/1/40 4/2/40 5/3/40 51/4/40
f 6/5/41 52/6/41 56/7/41 16/8/41
f 3/9/42 49/10/42 52/11/42 6/12/42
f 11/13/43 4/14/43 50/15/43 54/16/43
f 49/17/44 50/18/44 51/19/44 52/20/44
f 50/33/45 49/34/45 53/35/45 54/36/45
f 3/37/46 10/38/46 53/39/46 49/40/46
f 51/45/47 5/46/47 13/47/47 55/48/47
f 52/49/48 51/50/48 55/51/48 56/52/48
f 58/53/49 57/54/49 59/55/49 60/56/49
f 16/57/50 56/58/50 58/59/50 20/60/50
f 56/61/49 55/62/49 57/63/49 58/64/49
f 55/65/51 13/66/51 17/67/51 57/68/51
f 21/69/52 24/70/52 60/71/52 59/72/52
f 57/73/53 17/74/53 21/75/53 59/76/53
f 20/81/54 58/82/54 60/83/54 24/84/54
f 62/1/55 63/4/55 29/3/55 28/2/55
f 30/5/56 40/8/56 68/7/56 64/6/56
f 27/9/57 30/12/57 64/11/57 61/10/57
f 35/13/43 66/16/43 62/15/43 28/14/43
f 61/17/58 64/20/58 63/19/58 62/18/58
f 62/33/58 66/36/58 65/35/58 61/34/58
f 27/37/59 61/40/59 65/39/59 34/38/59
f 63/45/60 67/48/60 37/47/60 29/46/60
f 64/49/61 68/52/61 67/51/61 63/50/61
f 70/53/58 72/56/58 71/55/58 69/54/58
f 40/57/62 44/60/62 70/59/62 68/58/62
f 68/61/58 70/64/58 69/63/58 67/62/58
f 67/65/63 69/68/63 41/67/63 37/66/63
f 45/69/64 71/72/64 72/71/64 48/70/64
f 69/73/65 71/76/65 45/75/65 41/74/65
f 44/81/66 48/84/66 72/83/66 70/82/66
f 74/1/67 50/2/67 51/3/67 75/4/67
f 52/5/68 76/6/68 80/7/68 56/8/68
f 49/9/69 73/10/69 76/11/69 52/12/69
f 54/13/70 50/14/70 74/15/70 78/16/70
f 73/17/71 74/18/71 75/19/71 76/20/71
f 74/33/72 73/34/72 77/35/72 78/36/72
f 49/37/73 53/38/73 77/39/73 73/40/73
f 75/45/74 51/46/74 55/47/74 79/48/74
f 76/49/75 75/50/75 79/51/75 80/52/75
f 82/53/71 81/54/71 83/55/71 84/56/71
f 56/57/76 80/58/76 82/59/76 58/60/76
f 80/61/71 79/62/71 81/63/71 82/64/71
f 79/65/77 55/66/77 57/67/77 81/68/77
f 59/69/78 60/70/78 84/71/78 83/72/78
f 81/73/79 57/74/79 59/75/79 83/76/79
f 58/81/80 82/82/80 84/83/80 60/84/80
f 86/1/81 87/4/81 63/3/81 62/2/81
f 64/5/82 68/8/82 92/7/82 88/6/82
f 61/9/83 64/12/83 88/11/83 85/10/83
f 66/13/70 90/16/70 86/15/70 62/14/70
f 85/17/84 88/20/84 87/19/84 86/18/84
f 86/33/84 90/36/84 89/35/84 85/34/84
f 61/37/73 85/40/73 89/39/73 65/38/73
f 87/45/85 91/48/85 67/47/85 63/46/85
f 88/49/86 92/52/86 91/51/86 87/50/86
f 94/53/84 96/56/84 95/55/84 93/54/84
f 68/57/87 70/60/87 94/59/87 92/58/87
f 92/61/88 94/64/88 93/63/88 91/62/88
f 91/65/89 93/68/89 69/67/89 67/66/89
f 71/69/90 95/72/90 96/71/90 72/70/90
f 93/73/91 95/76/91 71/75/91 69/74/91
f 70/81/92 72/84/92 96/83/92 94/82/92
f 98/1/93 74/2/93 75/3/93 99/4/93
f 76/5/94 100/6/94 104/7/94 80/8/94
f 73/9/95 97/10/95 100/11/95 76/12/95
f 78/13/96 74/14/96 98/15/96 102/16/96
f 97/17/97 98/18/97 99/19/97 100/20/97
f 98/33/98 97/34/98 101/35/98 102/36/98
f 73/37/99 77/38/99 101/39/99 97/40/99
f 99/45/100 75/46/100 79/47/100 103/48/100
f 100/49/101 99/50/101 103/51/101 104/52/101
f 106/53/98 105/54/98 107/55/98 108/56/98
f 80/57/102 104/58/102 106/59/102 82/60/102
f 104/61/98 103/62/98 105/63/98 106/64/98
f 103/65/103 79/66/103 81/67/103 105/68/103
f 83/69/104 84/70/104 108/71/104 107/72/104
f 105/73/105 81/74/105 83/75/105 107/76/105
f 82/81/106 106/82/106 108/83/106 84/84/106
f 110/1/107 111/4/107 87/3/107 86/2/107
f 88/5/108 92/8/108 116/7/108 112/6/108
f 85/9/109 88/12/109 112/11/109 109/10/109
f 90/13/96 114/16/96 110/15/96 86/14/96
f 109/17/110 112/20/110 111/19/110 110/18/110
f 110/33/111 114/36/111 113/35/111 109/34/111
f 85/37/112 109/40/112 113/39/112 89/38/112
f 111/45/113 115/48/113 91/47/113 87/46/113
f 112/49/114 116/52/114 115/51/114 111/50/114
f 118/53/111 120/56/111 119/55/111 117/54/111
f 92/57/115 94/60/115 118/59/115 116/58/115
f 116/61/116 118/64/116 117/63/116 115/62/116
f 115/65/117 117/68/117 93/67/117 91/66/117
f 95/69/118 119/72/118 120/71/118 96/70/118
f 117/73/119 119/76/119 95/75/119 93/74/119
f 94/81/120 96/84/120 120/83/120 118/82/120
f 122/1/121 98/2/121 99/3/121 123/4/121
f 100/5/122 124/6/122 128/7/122 104/8/122
f 97/9/123 121/10/123 124/11/123 100/12/123
f 102/13/124 98/14/124 122/15/124 126/16/124
f 121/17/125 122/18/125 123/19/125 124/20/125
f 122/33/126 121/34/126 125/35/126 126/36/126
f 97/37/127 101/38/127 125/39/127 121/40/127
f 123/45/128 99/46/128 103/47/128 127/48/128
f 124/49/129 123/50/129 127/51/129 128/52/129
f 130/53/126 129/54/126 131/55/126 132/56/126
f 104/57/130 128/58/130 130/59/130 106/60/130
f 128/61/126 127/62/126 129/63/126 130/64/126
f 127/65/131 103/66/131 105/67/131 129/68/131
f 107/69/132 108/70/132 132/71/132 131/72/132
f 129/73/133 105/74/133 107/75/133 131/76/133
f 106/81/134 130/82/134 132/83/134 108/84/134
f 134/1/135 135/4/135 111/3/135 110/2/135
f 112/5/136 116/8/136 140/7/136 136/6/136
f 109/9/137 112/12/137 136/11/137 133/10/137
f 114/13/138 138/16/138 134/15/138 110/14/138
f 133/17/139 136/20/139 135/19/139 134/18/139
f 134/33/140 138/36/140 137/35/140 133/34/140
f 109/37/141 133/40/141 137/39/141 113/38/141
f 135/45/142 139/48/142 115/47/142 111/46/142
f 136/49/143 140/52/143 139/51/143 135/50/143
f 142/53/140 144/56/140 143/55/140 141/54/140
f 116/57/144 118/60/144 142/59/144 140/58/144
f 140/61/145 142/64/145 141/63/145 139/62/145
f 139/65/146 141/68/146 117/67/146 115/66/146
f 119/69/147 143/72/147 144/71/147 120/70/147
f 141/73/148 143/76/148 119/75/148 117/74/148
f 118/81/149 120/84/149 144/83/149 142/82/149
f 146/1/150 122/2/150 123/3/150 147/4/150
f 124/5/151 148/6/151 152/7/151 128/8/151
f 121/9/152 145/10/152 148/11/152 124/12/152
f 126/13/153 122/14/153 146/15/153 150/16/153
f 145/17/154 146/18/154 147/19/154 148/20/154
f 146/33/155 145/34/155 149/35/155 150/36/155
f 121/37/156 125/38/156 149/39/156 145/40/156
f 147/45/157 123/46/157 127/47/157 151/48/157
f 148/49/158 147/50/158 151/51/158 152/52/158
f 154/53/155 153/54/155 155/55/155 156/56/155
f 128/57/159 152/58/159 154/59/159 130/60/159
f 152/61/155 151/62/155 153/63/155 154/64/155
f 151/65/160 127/66/160 129/67/160 153/68/160
f 131/69/161 132/70/161 156/71/161 155/72/161
f 153/73/162 129/74/162 131/75/162 155/76/162
f 130/81/163 154/82/163 156/83/163 132/84/163
f 158/1/164 159/4/164 135/3/164 134/2/164
f 136/5/165 140/8/165 164/7/165 160/6/165
f 133/9/166 136/12/166 160/11/166 157/10/166
f 138/13/153 162/16/153 158/15/153 134/14/153
f 157/17/167 160/20/167 159/19/167 158/18/167
f 158/33/168 162/36/168 161/35/168 157/34/168
f 133/37/156 157/40/156 161/39/156 137/38/156
f 159/45/169 163/48/169 139/47/169 135/46/169
f 160/49/170 164/52/170 163/51/170 159/50/170
f 166/53/168 168/56/168 167/55/168 165/54/168
f 140/57/171 142/60/171 166/59/171 164/58/171
f 164/61/172 166/64/172 165/63/172 163/62/172
f 163/65/173 165/68/173 141/67/173 139/66/173
f 143/69/174 167/72/174 168/71/174 144/70/174
f 165/73/175 167/76/175 143/75/175 141/74/175
f 142/81/176 144/84/176 168/83/176 166/82/176
f 170/1/177 146/2/177 147/3/177 171/4/177
f 148/5/178 172/6/178 176/7/178 152/8/178
f 145/9/179 169/10/179 172/11/179 148/12/179
f 150/13/180 146/14/180 170/15/180 174/16/180
f 169/17/181 170/18/181 171/19/181 172/20/181
f 170/33/182 169/34/182 173/35/182 174/36/182
f 145/37/183 149/38/183 173/39/183 169/40/183
f 171/45/184 147/46/184 151/47/184 175/48/184
f 172/49/185 171/50/185 175/51/185 176/52/185
f 178/53/182 177/54/182 179/55/182 180/56/182
f 152/57/186 176/58/186 178/59/186 154/60/186
f 176/61/187 175/62/187 177/63/187 178/64/187
f 175/65/188 151/66/188 153/67/188 177/68/188
f 155/69/189 156/70/189 180/71/189 179/72/189
f 177/73/190 153/74/190 155/75/190 179/76/190
f 154/81/191 178/82/191 180/83/191 156/84/191
f 182/1/192 183/4/192 159/3/192 158/2/192
f 160/5/193 164/8/193 188/7/193 184/6/193
f 157/9/194 160/12/194 184/11/194 181/10/194
f 162/13/180 186/16/180 182/15/180 158/14/180
f 181/17/195 184/20/195 183/19/195 182/18/195
f 182/33/195 186/36/195 185/35/195 181/34/195
f 157/37/183 181/40/183 185/39/183 161/38/183
f 183/45/196 187/48/196 163/47/196 159/46/196
f 184/49/197 188/52/197 187/51/197 183/50/197
f 190/53/195 192/56/195 191/55/195 189/54/195
f 164/57/198 166/60/198 190/59/198 188/58/198
f 188/61/195 190/64/195 189/63/195 187/62/195
f 187/65/199 189/68/199 165/67/199 163/66/199
f 167/69/200 191/72/200 192/71/200 168/70/200
f 189/73/201 191/76/201 167/75/201 165/74/201
f 166/81/202 168/84/202 192/83/202 190/82/202
f 194/1/203 170/2/203 171/3/203 195/4/203
f 172/5/204 196/6/204 200/7/204 176/8/204
f 169/9/205 193/10/205 196/11/205 172/12/205
f 174/13/206 170/14/206 194/15/206 198/16/206
f 193/17/207 194/18/207 195/19/207 196/20/207
f 194/33/207 193/34/207 197/35/207 198/36/207
f 169/37/208 173/38/208 197/39/208 193/40/208
f 195/45/209 171/46/209 175/47/209 199/48/209
f 196/49/210 195/50/210 199/51/210 200/52/210
f 202/53/207 201/54/207 203/55/207 204/56/207
f 176/57/211 200/58/211 202/59/211 178/60/211
f 200/61/212 199/62/212 201/63/212 202/64/212
f 199/65/213 175/66/213 177/67/213 201/68/213
f 179/69/214 180/70/214 204/71/214 203/72/214
f 201/73/215 177/74/215 179/75/215 203/76/215
f 178/81/216 202/82/216 204/83/216 180/84/216
f 206/1/217 207/4/217 183/3/217 182/2/217
f 184/5/218 188/8/218 212/7/218 208/6/218
f 181/9/219 184/12/219 208/11/219 205/10/219
f 186/13/206 210/16/206 206/15/206 182/14/206
f 205/17/220 208/20/220 207/19/220 206/18/220
f 206/33/220 210/36/220 209/35/220 205/34/220
f 181/37/208 205/40/208 209/39/208 185/38/208
f 207/45/221 211/48/221 187/47/221 183/46/221
f 208/49/222 212/52/222 211/51/222 207/50/222
f 214/53/220 216/56/220 215/55/220 213/54/220
f 188/57/223 190/60/223 214/59/223 212/58/223
f 212/61/224 214/64/224 213/63/224 211/62/224
f 211/65/225 213/68/225 189/67/225 187/66/225
f 191/69/226 215/72/226 216/71/226 192/70/226
f 213/73/227 215/76/227 191/75/227 189/74/227
f 190/81/228 192/84/228 216/83/228 214/82/228
f 218/1/229 194/2/229 195/3/229 219/4/229
f 196/5/230 220/6/230 224/7/230 200/8/230
f 193/9/231 217/10/231 220/11/231 196/12/231
f 198/13/232 194/14/232 218/15/232 222/16/232
f 217/17/233 218/18/233 219/19/233 220/20/233
f 218/33/233 217/34/233 221/35/233 222/36/233
f 193/37/234 197/38/234 221/39/234 217/40/234
f 219/45/235 195/46/235 199/47/235 223/48/235
f 220/49/236 219/50/236 223/51/236 224/52/236
f 226/53/237 225/54/237 227/55/237 228/56/237
f 200/57/238 224/58/238 226/59/238 202/60/238
f 224/61/239 223/62/239 225/63/239 226/64/239
f 223/65/240 199/66/240 201/67/240 225/68/240
f 203/69/241 204/70/241 228/71/241 227/72/241
f 225/73/242 201/74/242 203/75/242 227/76/242
f 202/81/243 226/82/243 228/83/243 204/84/243
f 230/1/244 231/4/244 207/3/244 206/2/244
f 208/5/245 212/8/245 236/7/245 232/6/245
f 205/9/246 208/12/246 232/11/246 229/10/246
f 210/13/232 234/16/232 230/15/232 206/14/232
f 229/17/247 232/20/247 231/19/247 230/18/247
f 230/33/248 234/36/248 233/35/248 229/34/248
f 205/37/234 229/40/234 233/39/234 209/38/234
f 231/45/249 235/48/249 211/47/249 207/46/249
f 232/49/250 236/52/250 235/51/250 231/50/250
f 238/53/251 240/56/251 239/55/251 237/54/251
f 212/57/252 214/60/252 238/59/252 236/58/252
f 236/61/248 238/64/248 237/63/248 235/62/248
f 235/65/253 237/68/253 213/67/253 211/66/253
f 215/69/254 239/72/254 240/71/254 216/70/254
f 237/73/255 239/76/255 215/75/255 213/74/255
f 214/81/256 216/84/256 240/83/256 238/82/256
f 242/1/257 218/2/257 219/3/257 243/4/257
f 220/5/258 244/6/258 248/7/258 224/8/258
f 217/9/259 241/10/259 244/11/259 220/12/259
f 222/13/260 218/14/260 242/15/260 246/16/260
f 241/17/261 242/18/261 243/19/261 244/20/261
f 242/33/262 241/34/262 245/35/262 246/36/262
f 217/37/263 221/38/263 245/39/263 241/40/263
f 243/45/264 219/46/264 223/47/264 247/48/264
f 244/49/265 243/50/265 247/51/265 248/52/265
f 250/53/262 249/54/262 251/55/262 252/56/262
f 224/57/266 248/58/266 250/59/266 226/60/266
f 248/61/262 247/62/262 249/63/262 250/64/262
f 247/65/267 223/66/267 225/67/267 249/68/267
f 227/69/268 228/70/268 252/71/268 251/72/268
f 249/73/269 225/74/269 227/75/269 251/76/269
f 226/81/270 250/82/270 252/83/270 228/84/270
f 254/1/271 255/4/271 231/3/271 230/2/271
f 232/5/272 236/8/272 260/7/272 256/6/272
f 229/9/273 232/12/273 256/11/273 253/10/273
f 234/13/260 258/16/260 254/15/260 230/14/260
f 253/17/274 256/20/274 255/19/274 254/18/274
f 254/33/275 258/36/275 257/35/275 253/34/275
f 229/37/263 253/40/263 257/39/263 233/38/263
f 255/45/276 259/48/276 235/47/276 231/46/276
f 256/49/277 260/52/277 259/51/277 255/50/277
f 262/53/275 264/56/275 263/55/275 261/54/275
f 236/57/278 238/60/278 262/59/278 260/58/278
f 260/61/279 262/64/279 261/63/279 259/62/279
f 259/65/280 261/68/280 237/67/280 235/66/280
f 239/69/281 263/72/281 264/71/281 240/70/281
f 261/73/282 263/76/282 239/75/282 237/74/282
f 238/81/283 240/84/283 264/83/283 262/82/283
f 266/1/284 242/2/284 243/3/284 267/4/284
f 244/5/285 268/6/285 272/7/285 248/8/285
f 241/9/286 265/10/286 268/11/286 244/12/286
f 246/13/287 242/14/287 266/15/287 270/16/287
f 265/17/288 266/18/288 267/19/288 268/20/288
f 266/33/289 265/34/289 269/35/289 270/36/289
f 241/37/290 245/38/290 269/39/290 265/40/290
f 267/45/291 243/46/291 247/47/291 271/48/291
f 268/49/292 267/50/292 271/51/292 272/52/292
f 274/53/289 273/54/289 275/55/289 276/56/289
f 248/57/293 272/58/293 274/59/293 250/60/293
f 272/61/294 271/62/294 273/63/294 274/64/294
f 271/65/295 247/66/295 249/67/295 273/68/295
f 251/69/296 252/70/296 276/71/296 275/72/296
f 273/73/297 249/74/297 251/75/297 275/76/297
f 250/81/298 274/82/298 276/83/298 252/84/298
f 278/1/299 279/4/299 255/3/299 254/2/299
f 256/5/300 260/8/300 284/7/300 280/6/300
f 253/9/301 256/12/301 280/11/301 277/10/301
f 258/13/287 282/16/287 278/15/287 254/14/287
f 277/17/302 280/20/302 279/19/302 278/18/302
f 278/33/303 282/36/303 281/35/303 277/34/303
f 253/37/290 277/40/290 281/39/290 257/38/290
f 279/45/304 283/48/304 259/47/304 255/46/304
f 280/49/305 284/52/305 283/51/305 279/50/305
f 286/53/303 288/56/303 287/55/303 285/54/303
f 260/57/306 262/60/306 286/59/306 284/58/306
f 284/61/303 286/64/303 285/63/303 283/62/303
f 283/65/307 285/68/307 261/67/307 259/66/307
f 263/69/308 287/72/308 288/71/308 264/70/308
f 285/73/307 287/76/307 263/75/307 261/74/307
f 262/81/309 264/84/309 288/83/309 286/82/309
f 290/1/310 266/2/310 267/3/310 291/4/310
f 268/5/311 292/6/311 296/7/311 272/8/311
f 265/9/312 289/10/312 292/11/312 268/12/312
f 270/13/313 266/14/313 290/15/313 294/16/313
f 289/17/314 290/18/314 291/19/314 292/20/314
f 290/33/315 289/34/315 293/35/315 294/36/315
f 265/37/316 269/38/316 293/39/316 289/40/316
f 291/45/317 267/46/317 271/47/317 295/48/317
f 292/49/318 291/50/318 295/51/318 296/52/318
f 298/53/319 297/54/319 299/55/319 300/56/319
f 272/57/320 296/58/320 298/59/320 274/60/320
f 296/61/319 295/62/319 297/63/319 298/64/319
f 295/65/321 271/66/321 273/67/321 297/68/321
f 275/69/322 276/70/322 300/71/322 299/72/322
f 297/73/321 273/74/321 275/75/321 299/76/321
f 274/81/323 298/82/323 300/83/323 276/84/323
f 302/1/324 303/4/324 279/3/324 278/2/324
f 280/5/325 284/8/325 308/7/325 304/6/325
f 277/9/326 280/12/326 304/11/326 301/10/326
f 282/13/313 306/16/313 302/15/313 278/14/313
f 301/17/327 304/20/327 303/19/327 302/18/327
f 302/33/328 306/36/328 305/35/328 301/34/328
f 277/37/316 301/40/316 305/39/316 281/38/316
f 303/45/329 307/48/329 283/47/329 279/46/329
f 304/49/330 308/52/330 307/51/330 303/50/330
f 310/53/331 312/56/331 311/55/331 309/54/331
f 284/57/332 286/60/332 310/59/332 308/58/332
f 308/61/328 310/64/328 309/63/328 307/62/328
f 307/65/333 309/68/333 285/67/333 283/66/333
f 287/69/334 311/72/334 312/71/334 288/70/334
f 309/73/335 311/76/335 287/75/335 285/74/335
f 286/81/336 288/84/336 312/83/336 310/82/336
f 314/1/337 290/2/337 291/3/337 315/4/337
f 292/5/338 316/6/338 320/7/338 296/8/338
f 289/9/339 313/10/339 316/11/339 292/12/339
f 294/13/340 290/14/340 314/15/340 318/16/340
f 313/17/341 314/18/341 315/19/341 316/20/341
f 314/33/341 313/34/341 317/35/341 318/36/341
f 289/37/342 293/38/342 317/39/342 313/40/342
f 315/45/343 291/46/343 295/47/343 319/48/343
f 316/49/344 315/50/344 319/51/344 320/52/344
f 322/53/341 321/54/341 323/55/341 324/56/341
f 296/57/345 320/58/345 322/59/345 298/60/345
f 320/61/346 319/62/346 321/63/346 322/64/346
f 319/65/347 295/66/347 297/67/347 321/68/347
f 299/69/348 300/70/348 324/71/348 323/72/348
f 321/73/349 297/74/349 299/75/349 323/76/349
f 298/81/350 322/82/350 324/83/350 300/84/350
f 326/1/351 327/4/351 303/3/351 302/2/351
f 304/5/352 308/8/352 332/7/352 328/6/352
f 301/9/353 304/12/353 328/11/353 325/10/353
f 306/13/340 330/16/340 326/15/340 302/14/340
f 325/17/354 328/20/354 327/19/354 326/18/354
f 326/33/354 330/36/354 329/35/354 325/34/354
f 301/37/342 325/40/342 329/39/342 305/38/342
f 327/45/355 331/48/355 307/47/355 303/46/355
f 328/49/356 332/52/356 331/51/356 327/50/356
f 334/53/354 336/56/354 335/55/354 333/54/354
f 308/57/357 310/60/357 334/59/357 332/58/357
f 332/61/358 334/64/358 333/63/358 331/62/358
f 331/65/359 333/68/359 309/67/359 307/66/359
f 311/69/360 335/72/360 336/71/360 312/70/360
f 333/73/361 335/76/361 311/75/361 309/74/361
f 310/81/362 312/84/362 336/83/362 334/82/362
f 338/1/363 314/2/363 315/3/363 339/4/363
f 316/5/364 340/6/364 344/7/364 320/8/364
f 313/9/365 337/10/365 340/11/365 316/12/365
f 318/13/366 314/14/366 338/15/366 342/16/366
f 337/17/367 338/18/367 339/19/367 340/20/367
f 338/33/368 337/34/368 341/35/368 342/36/368
f 313/37/369 317/38/369 341/39/369 337/40/369
f 339/45/370 315/46/370 319/47/370 343/48/370
f 340/49/371 339/50/371 343/51/371 344/52/371
f 346/53/368 345/54/368 347/55/368 348/56/368
f 320/57/372 344/58/372 346/59/372 322/60/372
f 344/61/373 343/62/373 345/63/373 346/64/373
f 343/65/374 319/66/374 321/67/374 345/68/374
f 323/69/375 324/70/375 348/71/375 347/72/375
f 345/73/376 321/74/376 323/75/376 347/76/376
f 322/81/377 346/82/377 348/83/377 324/84/377
f 350/1/378 351/4/378 327/3/378 326/2/378
f 328/5/379 332/8/379 356/7/379 352/6/379
f 325/9/380 328/12/380 352/11/380 349/10/380
f 330/13/366 354/16/366 350/15/366 326/14/366
f 349/17/381 352/20/381 351/19/381 350/18/381
f 350/33/382 354/36/382 353/35/382 349/34/382
f 325/37/369 349/40/369 353/39/369 329/38/369
f 351/45/383 355/48/383 331/47/383 327/46/383
f 352/49/384 356/52/384 355/51/384 351/50/384
f 358/53/382 360/56/382 359/55/382 357/54/382
f 332/57/385 334/60/385 358/59/385 356/58/385
f 356/61/382 358/64/382 357/63/382 355/62/382
f 355/65/386 357/68/386 333/67/386 331/66/386
f 335/69/387 359/72/387 360/71/387 336/70/387
f 357/73/386 359/76/386 335/75/386 333/74/386
f 334/81/388 336/84/388 360/83/388 358/82/388
f 362/1/389 338/2/389 339/3/389 363/4/389
f 340/5/390 364/6/390 368/7/390 344/8/390
f 337/9/391 361/10/391 364/11/391 340/12/391
f 342/13/392 338/14/392 362/15/392 366/16/392
f 361/17/393 362/18/393 363/19/393 364/20/393
f 362/33/394 361/34/394 365/35/394 366/36/394
f 337/37/395 341/38/395 365/39/395 361/40/395
f 363/45/396 339/46/396 343/47/396 367/48/396
f 364/49/397 363/50/397 367/51/397 368/52/397
f 370/53/394 369/54/394 371/55/394 372/56/394
f 344/57/398 368/58/398 370/59/398 346/60/398
f 368/61/394 367/62/394 369/63/394 370/64/394
f 367/65/399 343/66/399 345/67/399 369/68/399
f 347/69/400 348/70/400 372/71/400 371/72/400
f 369/73/401 345/74/401 347/75/401 371/76/401
f 346/81/402 370/82/402 372/83/402 348/84/402
f 374/1/403 375/4/403 351/3/403 350/2/403
f 352/5/404 356/8/404 380/7/404 376/6/404
f 349/9/405 352/12/405 376/11/405 373/10/405
f 354/13/392 378/16/392 374/15/392 350/14/392
f 373/17/406 376/20/406 375/19/406 374/18/406
f 374/33/407 378/36/407 377/35/407 373/34/407
f 349/37/395 373/40/395 377/39/395 353/38/395
f 375/45/408 379/48/408 355/47/408 351/46/408
f 376/49/409 380/52/409 379/51/409 375/50/409
f 382/53/407 384/56/407 383/55/407 381/54/407
f 356/57/410 358/60/410 382/59/410 380/58/410
f 380/61/411 382/64/411 381/63/411 379/62/411
f 379/65/412 381/68/412 357/67/412 355/66/412
f 359/69/413 383/72/413 384/71/413 360/70/413
f 381/73/414 383/76/414 359/75/414 357/74/414
f 358/81/415 360/84/415 384/83/415 382/82/415
f 386/1/416 362/2/416 363/3/416 387/4/416
f 364/5/417 388/6/417 392/7/417 368/8/417
f 361/9/418 385/10/418 388/11/418 364/12/418
f 366/13/419 362/14/419 386/15/419 390/16/419
f 385/17/420 386/18/420 387/19/420 388/20/420
f 386/33/421 385/34/421 389/35/421 390/36/421
f 361/37/422 365/38/422 389/39/422 385/40/422
f 387/45/423 363/46/423 367/47/423 391/48/423
f 388/49/424 387/50/424 391/51/424 392/52/424
f 394/53/421 393/54/421 395/55/421 396/56/421
f 368/57/425 392/58/425 394/59/425 370/60/425
f 392/61/426 391/62/426 393/63/426 394/64/426
f 391/65/427 367/66/427 369/67/427 393/68/427
f 371/69/428 372/70/428 396/71/428 395/72/428
f 393/73/429 369/74/429 371/75/429 395/76/429
f 370/81/430 394/82/430 396/83/430 372/84/430
f 398/1/431 399/4/431 375/3/431 374/2/431
f 376/5/432 380/8/432 404/7/432 400/6/432
f 373/9/433 376/12/433 400/11/433 397/10/433
f 378/13/419 402/16/419 398/15/419 374/14/419
f 397/17/434 400/20/434 399/19/434 398/18/434
f 398/33/435 402/36/435 401/35/435 397/34/435
f 373/37/422 397/40/422 401/39/422 377/38/422
f 399/45/436 403/48/436 379/47/436 375/46/436
f 400/49/437 404/52/437 403/51/437 399/50/437
f 406/53/438 408/56/438 407/55/438 405/54/438
f 380/57/439 382/60/439 406/59/439 404/58/439
f 404/61/435 406/64/435 405/63/435 403/62/435
f 403/65/440 405/68/440 381/67/440 379/66/440
f 383/69/441 407/72/441 408/71/441 384/70/441
f 405/73/440 407/76/440 383/75/440 381/74/440
f 382/81/442 384/84/442 408/83/442 406/82/442
f 410/1/443 386/2/443 387/3/443 411/4/443
f 388/5/444 412/6/444 416/7/444 392/8/444
f 385/9/445 409/10/445 412/11/445 388/12/445
f 390/13/446 386/14/446 410/15/446 414/16/446
f 409/17/447 410/18/447 411/19/447 412/20/447
f 410/33/448 409/34/448 413/35/448 414/36/448
f 385/37/449 389/38/449 413/39/449 409/40/449
f 411/45/450 387/46/450 391/47/450 415/48/450
f 412/49/451 411/50/451 415/51/451 416/52/451
f 418/53/447 417/54/447 419/55/447 420/56/447
f 392/57/452 416/58/452 418/59/452 394/60/452
f 416/61/447 415/62/447 417/63/447 418/64/447
f 415/65/450 391/66/450 393/67/450 417/68/450
f 395/69/453 396/70/453 420/71/453 419/72/453
f 417/73/454 393/74/454 395/75/454 419/76/454
f 394/81/455 418/82/455 420/83/455 396/84/455
f 422/1/456 423/4/456 399/3/456 398/2/456
f 400/5/457 404/8/457 428/7/457 424/6/457
f 397/9/458 400/12/458 424/11/458 421/10/458
f 402/13/446 426/16/446 422/15/446 398/14/446
f 421/17/459 424/20/459 423/19/459 422/18/459
f 422/33/459 426/36/459 425/35/459 421/34/459
f 397/37/449 421/40/449 425/39/449 401/38/449
f 423/45/460 427/48/460 403/47/460 399/46/460
f 424/49/461 428/52/461 427/51/461 423/50/461
f 430/53/462 432/56/462 431/55/462 429/54/462
f 404/57/463 406/60/463 430/59/463 428/58/463
f 428/61/464 430/64/464 429/63/464 427/62/464
f 427/65/460 429/68/460 405/67/460 403/66/460
f 407/69/465 431/72/465 432/71/465 408/70/465
f 429/73/466 431/76/466 407/75/466 405/74/466
f 406/81/467 408/84/467 432/83/467 430/82/467
f 434/1/468 410/2/468 411/3/468 435/4/468
f 412/5/469 436/6/469 440/7/469 416/8/469
f 409/9/470 433/10/470 436/11/470 412/12/470
f 414/13/471 410/14/471 434/15/471 438/16/471
f 433/17/472 434/18/472 435/19/472 436/20/472
f 434/33/473 433/34/473 437/35/473 438/36/473
f 409/37/474 413/38/474 437/39/474 433/40/474
f 435/45/475 411/46/475 415/47/475 439/48/475
f 436/49/476 435/50/476 439/51/476 440/52/476
f 442/53/473 441/54/473 443/55/473 444/56/473
f 416/57/477 440/58/477 442/59/477 418/60/477
f 440/61/478 439/62/478 441/63/478 442/64/478
f 439/65/475 415/66/475 417/67/475 441/68/475
f 419/69/479 420/70/479 444/71/479 443/72/479
f 441/73/480 417/74/480 419/75/480 443/76/480
f 418/81/481 442/82/481 444/83/481 420/84/481
f 446/1/482 447/4/482 423/3/482 422/2/482
f 424/5/483 428/8/483 452/7/483 448/6/483
f 421/9/484 424/12/484 448/11/484 445/10/484
f 426/13/471 450/16/471 446/15/471 422/14/471
f 445/17/485 448/20/485 447/19/485 446/18/485
f 446/33/486 450/36/486 449/35/486 445/34/486
f 421/37/474 445/40/474 449/39/474 425/38/474
f 447/45/487 451/48/487 427/47/487 423/46/487
f 448/49/488 452/52/488 451/51/488 447/50/488
f 454/53/486 456/56/486 455/55/486 453/54/486
f 428/57/489 430/60/489 454/59/489 452/58/489
f 452/61/486 454/64/486 453/63/486 451/62/486
f 451/65/487 453/68/487 429/67/487 427/66/487
f 431/69/490 455/72/490 456/71/490 432/70/490
f 453/73/491 455/76/491 431/75/491 429/74/491
f 430/81/492 432/84/492 456/83/492 454/82/492
f 458/1/493 434/2/493 435/3/493 459/4/493
f 436/5/494 460/6/494 464/7/494 440/8/494
f 433/9/495 457/10/495 460/11/495 436/12/495
f 438/13/496 434/14/496 458/15/496 462/16/496
f 457/17/497 458/18/497 459/19/497 460/20/497
f 458/33/498 457/34/498 461/35/498 462/36/498
f 433/37/499 437/38/499 461/39/499 457/40/499
f 459/45/500 435/46/500 439/47/500 463/48/500
f 460/49/501 459/50/501 463/51/501 464/52/501
f 466/53/498 465/54/498 467/55/498 468/56/498
f 440/57/502 464/58/502 466/59/502 442/60/502
f 464/61/503 463/62/503 465/63/503 466/64/503
f 463/65/500 439/66/500 441/67/500 465/68/500
f 443/69/504 444/70/504 468/71/504 467/72/504
f 465/73/505 441/74/505 443/75/505 467/76/505
f 442/81/506 466/82/506 468/83/506 444/84/506
f 470/1/507 471/4/507 447/3/507 446/2/507
f 448/5/508 452/8/508 476/7/508 472/6/508
f 445/9/509 448/12/509 472/11/509 469/10/509
f 450/13/496 474/16/496 470/15/496 446/14/496
f 469/17/510 472/20/510 471/19/510 470/18/510
f 470/33/511 474/36/511 473/35/511 469/34/511
f 445/37/499 469/40/499 473/39/499 449/38/499
f 471/45/512 475/48/512 451/47/512 447/46/512
f 472/49/513 476/52/513 475/51/513 471/50/513
f 478/53/511 480/56/511 479/55/511 477/54/511
f 452/57/514 454/60/514 478/59/514 476/58/514
f 476/61/515 478/64/515 477/63/515 475/62/515
f 475/65/516 477/68/516 453/67/516 451/66/516
f 455/69/517 479/72/517 480/71/517 456/70/517
f 477/73/516 479/76/516 455/75/516 453/74/516
f 454/81/518 456/84/518 480/83/518 478/82/518
f 482/1/519 458/2/519 459/3/519 483/4/519
f 460/5/520 484/6/520 488/7/520 464/8/520
f 457/9/521 481/10/521 484/11/521 460/12/521
f 462/13/522 458/14/522 482/15/522 486/16/522
f 481/17/523 482/18/523 483/19/523 484/20/523
f 482/33/523 481/34/523 485/35/523 486/36/523
f 457/37/524 461/38/524 485/39/524 481/40/524
f 483/45/525 459/46/525 463/47/525 487/48/525
f 484/49/526 483/50/526 487/51/526 488/52/526
f 490/53/523 489/54/523 491/55/523 492/56/523
f 464/57/527 488/58/527 490/59/527 466/60/527
f 488/61/528 487/62/528 489/63/528 490/64/528
f 487/65/529 463/66/529 465/67/529 489/68/529
f 467/69/530 468/70/530 492/71/530 491/72/530
f 489/73/529 465/74/529 467/75/529 491/76/529
f 466/81/531 490/82/531 492/83/531 468/84/531
f 494/1/532 495/4/532 471/3/532 470/2/532
f 472/5/533 476/8/533 500/7/533 496/6/533
f 469/9/534 472/12/534 496/11/534 493/10/534
f 474/13/522 498/16/522 494/15/522 470/14/522
f 493/17/535 496/20/535 495/19/535 494/18/535
f 494/33/535 498/36/535 497/35/535 493/34/535
f 469/37/524 493/40/524 497/39/524 473/38/524
f 495/45/536 499/48/536 475/47/536 471/46/536
f 496/49/537 500/52/537 499/51/537 495/50/537
f 502/53/535 504/56/535 503/55/535 501/54/535
f 476/57/538 478/60/538 502/59/538 500/58/538
f 500/61/539 502/64/539 501/63/539 499/62/539
f 499/65/540 501/68/540 477/67/540 475/66/540
f 479/69/541 503/72/541 504/71/541 480/70/541
f 501/73/540 503/76/540 479/75/540 477/74/540
f 478/81/542 480/84/542 504/83/542 502/82/542
f 506/1/543 482/2/543 483/3/543 507/4/543
f 484/5/544 508/6/544 512/7/544 488/8/544
f 481/9/545 505/10/545 508/11/545 484/12/545
f 486/13/546 482/14/546 506/15/546 510/16/546
f 505/17/547 506/18/547 507/19/547 508/20/547
f 506/33/548 505/34/548 509/35/548 510/36/548
f 481/37/549 485/38/549 509/39/549 505/40/549
f 507/45/550 483/46/550 487/47/550 511/48/550
f 508/49/551 507/50/551 511/51/551 512/52/551
f 514/53/548 513/54/548 515/55/548 516/56/548
f 488/57/552 512/58/552 514/59/552 490/60/552
f 512/61/548 511/62/548 513/63/548 514/64/548
f 511/65/553 487/66/553 489/67/553 513/68/553
f 491/69/554 492/70/554 516/71/554 515/72/554
f 513/73/553 489/74/553 491/75/553 515/76/553
f 490/81/555 514/82/555 516/83/555 492/84/555
f 518/1/556 519/4/556 495/3/556 494/2/556
f 496/5/557 500/8/557 524/7/557 520/6/557
f 493/9/558 496/12/558 520/11/558 517/10/558
f 498/13/546 522/16/546 518/15/546 494/14/546
f 517/17/559 520/20/559 519/19/559 518/18/559
f 518/33/560 522/36/560 521/35/560 517/34/560
f 493/37/549 517/40/549 521/39/549 497/38/549
f 519/45/561 523/48/561 499/47/561 495/46/561
f 520/49/562 524/52/562 523/51/562 519/50/562
f 526/53/563 528/56/563 527/55/563 525/54/563
f 500/57/564 502/60/564 526/59/564 524/58/564
f 524/61/560 526/64/560 525/63/560 523/62/560
f 523/65/565 525/68/565 501/67/565 499/66/565
f 503/69/566 527/72/566 528/71/566 504/70/566
f 525/73/565 527/76/565 503/75/565 501/74/565
f 502/81/567 504/84/567 528/83/567 526/82/567
f 530/1/568 506/2/568 507/3/568 531/4/568
f 508/5/569 532/6/569 536/7/569 512/8/569
f 505/9/570 529/10/570 532/11/570 508/12/570
f 510/13/571 506/14/571 530/15/571 534/16/571
f 529/17/572 530/18/572 531/19/572 532/20/572
f 530/33/572 529/34/572 533/35/572 534/36/572
f 505/37/573 509/38/573 533/39/573 529/40/573
f 531/45/574 507/46/574 511/47/574 535/48/574
f 532/49/575 531/50/575 535/51/575 536/52/575
f 538/53/572 537/54/572 539/55/572 540/56/572
f 512/57/576 536/58/576 538/59/576 514/60/576
f 536/61/577 535/62/577 537/63/577 538/64/577
f 535/65/578 511/66/578 513/67/578 537/68/578
f 515/69/579 516/70/579 540/71/579 539/72/579
f 537/73/578 513/74/578 515/75/578 539/76/578
f 514/81/580 538/82/580 540/83/580 516/84/580
f 542/1/581 543/4/581 519/3/581 518/2/581
f 520/5/582 524/8/582 548/7/582 544/6/582
f 517/9/583 520/12/583 544/11/583 541/10/583
f 522/13/571 546/16/571 542/15/571 518/14/571
f 541/17/584 544/20/584 543/19/584 542/18/584
f 542/33/585 546/36/585 545/35/585 541/34/585
f 517/37/573 541/40/573 545/39/573 521/38/573
f 543/45/586 547/48/586 523/47/586 519/46/586
f 544/49/587 548/52/587 547/51/587 543/50/587
f 550/53/585 552/56/585 551/55/585 549/54/585
f 524/57/588 526/60/588 550/59/588 548/58/588
f 548/61/585 550/64/585 549/63/585 547/62/585
f 547/65/586 549/68/586 525/67/586 523/66/586
f 527/69/589 551/72/589 552/71/589 528/70/589
f 549/73/586 551/76/586 527/75/586 525/74/586
f 526/81/590 528/84/590 552/83/590 550/82/590
f 554/1/591 530/2/591 531/3/591 555/4/591
f 532/5/592 556/6/592 560/7/592 536/8/592
f 529/9/593 553/10/593 556/11/593 532/12/593
f 534/13/594 530/14/594 554/15/594 558/16/594
f 553/17/595 554/18/595 555/19/595 556/20/595
f 554/33/596 553/34/596 557/35/596 558/36/596
f 529/37/597 533/38/597 557/39/597 553/40/597
f 555/45/598 531/46/598 535/47/598 559/48/598
f 556/49/599 555/50/599 559/51/599 560/52/599
f 562/53/596 561/54/596 563/55/596 564/56/596
f 536/57/600 560/58/600 562/59/600 538/60/600
f 560/61/596 559/62/596 561/63/596 562/64/596
f 559/65/601 535/66/601 537/67/601 561/68/601
f 539/69/602 540/70/602 564/71/602 563/72/602
f 561/73/603 537/74/603 539/75/603 563/76/603
f 538/81/604 562/82/604 564/83/604 540/84/604
f 566/1/605 567/4/605 543/3/605 542/2/605
f 544/5/606 548/8/606 572/7/606 568/6/606
f 541/9/607 544/12/607 568/11/607 565/10/607
f 546/13/594 570/16/594 566/15/594 542/14/594
f 565/17/608 568/20/608 567/19/608 566/18/608
f 566/33/609 570/36/609 569/35/609 565/34/609
f 541/37/597 565/40/597 569/39/597 545/38/597
f 567/45/610 571/48/610 547/47/610 543/46/610
f 568/49/611 572/52/611 571/51/611 567/50/611
f 574/53/608 576/56/608 575/55/608 573/54/608
f 548/57/612 550/60/612 574/59/612 572/58/612
f 572/61/609 574/64/609 573/63/609 571/62/609
f 571/65/613 573/68/613 549/67/613 547/66/613
f 551/69/614 575/72/614 576/71/614 552/70/614
f 573/73/615 575/76/615 551/75/615 549/74/615
f 550/81/616 552/84/616 576/83/616 574/82/616
f 578/1/617 554/2/617 555/3/617 579/4/617
f 556/5/618 580/6/618 584/7/618 560/8/618
f 553/9/619 577/10/619 580/11/619 556/12/619
f 558/13/620 554/14/620 578/15/620 582/16/620
f 577/17/621 578/18/621 579/19/621 580/20/621
f 578/33/622 577/34/622 581/35/622 582/36/622
f 553/37/623 557/38/623 581/39/623 577/40/623
f 579/45/624 555/46/624 559/47/624 583/48/624
f 580/49/625 579/50/625 583/51/625 584/52/625
f 586/53/622 585/54/622 587/55/622 588/56/622
f 560/57/626 584/58/626 586/59/626 562/60/626
f 584/61/627 583/62/627 585/63/627 586/64/627
f 583/65/628 559/66/628 561/67/628 585/68/628
f 563/69/629 564/70/629 588/71/629 587/72/629
f 585/73/628 561/74/628 563/75/628 587/76/628
f 562/81/630 586/82/630 588/83/630 564/84/630
f 590/1/631 591/4/631 567/3/631 566/2/631
f 568/5/632 572/8/632 596/7/632 592/6/632
f 565/9/633 568/12/633 592/11/633 589/10/633
f 570/13/620 594/16/620 590/15/620 566/14/620
f 589/17/634 592/20/634 591/19/634 590/18/634
f 590/33/635 594/36/635 593/35/635 589/34/635
f 565/37/623 589/40/623 593/39/623 569/38/623
f 591/45/636 595/48/636 571/47/636 567/46/636
f 592/49/637 596/52/637 595/51/637 591/50/637
f 598/53/635 600/56/635 599/55/635 597/54/635
f 572/57/638 574/60/638 598/59/638 596/58/638
f 596/61/635 598/64/635 597/63/635 595/62/635
f 595/65/636 597/68/636 573/67/636 571/66/636
f 575/69/639 599/72/639 600/71/639 576/70/639
f 597/73/640 599/76/640 575/75/640 573/74/640
f 574/81/641 576/84/641 600/83/641 598/82/641
f 602/1/642 578/2/642 579/3/642 603/4/642
f 580/5/643 604/6/643 608/7/643 584/8/643
f 577/9/644 601/10/644 604/11/644 580/12/644
f 582/13/645 578/14/645 602/15/645 606/16/645
f 601/17/646 602/18/646 603/19/646 604/20/646
f 602/33/647 601/34/647 605/35/647 606/36/647
f 577/37/648 581/38/648 605/39/648 601/40/648
f 603/45/649 579/46/649 583/47/649 607/48/649
f 604/49/650 603/50/650 607/51/650 608/52/650
f 610/53/646 609/54/646 611/55/646 612/56/646
f 584/57/651 608/58/651 610/59/651 586/60/651
f 608/61/646 607/62/646 609/63/646 610/64/646
f 607/65/649 583/66/649 585/67/649 609/68/649
f 587/69/652 588/70/652 612/71/652 611/72/652
f 609/73/653 585/74/653 587/75/653 611/76/653
f 586/81/654 610/82/654 612/83/654 588/84/654
f 614/1/655 615/4/655 591/3/655 590/2/655
f 592/5/656 596/8/656 620/7/656 616/6/656
f 589/9/657 592/12/657 616/11/657 613/10/657
f 594/13/645 618/16/645 614/15/645 590/14/645
f 613/17/658 616/20/658 615/19/658 614/18/658
f 614/33/658 618/36/658 617/35/658 613/34/658
f 589/37/648 613/40/648 617/39/648 593/38/648
f 615/45/659 619/48/659 595/47/659 591/46/659
f 616/49/660 620/52/660 619/51/660 615/50/660
f 622/53/661 624/56/661 623/55/661 621/54/661
f 596/57/662 598/60/662 622/59/662 620/58/662
f 620/61/658 622/64/658 621/63/658 619/62/658
f 619/65/663 621/68/663 597/67/663 595/66/663
f 599/69/664 623/72/664 624/71/664 600/70/664
f 621/73/663 623/76/663 599/75/663 597/74/663
f 598/81/665 600/84/665 624/83/665 622/82/665
f 626/1/666 602/2/666 603/3/666 627/4/666
f 604/5/667 628/6/667 632/7/667 608/8/667
f 601/9/668 625/10/668 628/11/668 604/12/668
f 606/13/669 602/14/669 626/15/669 630/16/669
f 625/17/670 626/18/670 627/19/670 628/20/670
f 626/33/671 625/34/671 629/35/671 630/36/671
f 601/37/672 605/38/672 629/39/672 625/40/672
f 627/45/673 603/46/673 607/47/673 631/48/673
f 628/49/674 627/50/674 631/51/674 632/52/674
f 634/53/675 633/54/675 635/55/675 636/56/675
f 608/57/676 632/58/676 634/59/676 610/60/676
f 632/61/675 631/62/675 633/63/675 634/64/675
f 631/65/673 607/66/673 609/67/673 633/68/673
f 611/69/677 612/70/677 636/71/677 635/72/677
f 633/73/678 609/74/678 611/75/678 635/76/678
f 610/81/679 634/82/679 636/83/679 612/84/679
f 638/1/680 639/4/680 615/3/680 614/2/680
f 616/5/681 620/8/681 644/7/681 640/6/681
f 613/9/682 616/12/682 640/11/682 637/10/682
f 618/13/669 642/16/669 638/15/669 614/14/669
f 637/17/683 640/20/683 639/19/683 638/18/683
f 638/33/683 642/36/683 641/35/683 637/34/683
f 613/37/672 637/40/672 641/39/672 617/38/672
f 639/45/684 643/48/684 619/47/684 615/46/684
f 640/49/685 644/52/685 643/51/685 639/50/685
f 646/53/686 648/56/686 647/55/686 645/54/686
f 620/57/687 622/60/687 646/59/687 644/58/687
f 644/61/683 646/64/683 645/63/683 643/62/683
f 643/65/688 645/68/688 621/67/688 619/66/688
f 623/69/689 647/72/689 648/71/689 624/70/689
f 645/73/688 647/76/688 623/75/688 621/74/688
f 622/81/690 624/84/690 648/83/690 646/82/690
f 650/1/691 626/2/691 627/3/691 651/4/691
f 628/5/692 652/6/692 656/7/692 632/8/692
f 625/9/693 649/10/693 652/11/693 628/12/693
f 630/13/694 626/14/694 650/15/694 654/16/694
f 649/17/695 650/18/695 651/19/695 652/20/695
f 650/33/696 649/34/696 653/35/696 654/36/696
f 625/37/697 629/38/697 653/39/697 649/40/697
f 651/45/698 627/46/698 631/47/698 655/48/698
f 652/49/699 651/50/699 655/51/699 656/52/699
f 658/53/696 657/54/696 659/55/696 660/56/696
f 632/57/700 656/58/700 658/59/700 634/60/700
f 656/61/701 655/62/701 657/63/701 658/64/701
f 655/65/702 631/66/702 633/67/702 657/68/702
f 635/69/703 636/70/703 660/71/703 659/72/703
f 657/73/702 633/74/702 635/75/702 659/76/702
f 634/81/704 658/82/704 660/83/704 636/84/704
f 662/1/705 663/4/705 639/3/705 638/2/705
f 640/5/706 644/8/706 668/7/706 664/6/706
f 637/9/707 640/12/707 664/11/707 661/10/707
f 642/13/694 666/16/694 662/15/694 638/14/694
f 661/17/708 664/20/708 663/19/708 662/18/708
f 662/33/709 666/36/709 665/35/709 661/34/709
f 637/37/697 661/40/697 665/39/697 641/38/697
f 663/45/710 667/48/710 643/47/710 639/46/710
f 664/49/711 668/52/711 667/51/711 663/50/711
f 670/53/712 672/56/712 671/55/712 669/54/712
f 644/57/713 646/60/713 670/59/713 668/58/713
f 668/61/714 670/64/714 669/63/714 667/62/714
f 667/65/715 669/68/715 645/67/715 643/66/715
f 647/69/716 671/72/716 672/71/716 648/70/716
f 669/73/715 671/76/715 647/75/715 645/74/715
f 646/81/717 648/84/717 672/83/717 670/82/717
f 674/1/718 650/2/718 651/3/718 675/4/718
f 652/5/719 676/6/719 680/7/719 656/8/719
f 649/9/720 673/10/720 676/11/720 652/12/720
f 654/13/721 650/14/721 674/15/721 678/16/721
f 673/17/722 674/18/722 675/19/722 676/20/722
f 674/33/723 673/34/723 677/35/723 678/36/723
f 649/37/724 653/38/724 677/39/724 673/40/724
f 675/45/725 651/46/725 655/47/725 679/48/725
f 676/49/726 675/50/726 679/51/726 680/52/726
f 682/53/727 681/54/727 683/55/727 684/56/727
f 656/57/728 680/58/728 682/59/728 658/60/728
f 680/61/727 679/62/727 681/63/727 682/64/727
f 679/65/729 655/66/729 657/67/729 681/68/729
f 659/69/730 660/70/730 684/71/730 683/72/730
f 681/73/731 657/74/731 659/75/731 683/76/731
f 658/81/732 682/82/732 684/83/732 660/84/732
f 686/1/733 687/4/733 663/3/733 662/2/733
f 664/5/734 668/8/734 692/7/734 688/6/734
f 661/9/735 664/12/735 688/11/735 685/10/735
f 666/13/721 690/16/721 686/15/721 662/14/721
f 685/17/736 688/20/736 687/19/736 686/18/736
f 686/33/737 690/36/737 689/35/737 685/34/737
f 661/37/724 685/40/724 689/39/724 665/38/724
f 687/45/738 691/48/738 667/47/738 663/46/738
f 688/49/739 692/52/739 691/51/739 687/50/739
f 694/53/740 696/56/740 695/55/740 693/54/740
f 668/57/741 670/60/741 694/59/741 692/58/741
f 692/61/737 694/64/737 693/63/737 691/62/737
f 691/65/742 693/68/742 669/67/742 667/66/742
f 671/69/743 695/72/743 696/71/743 672/70/743
f 693/73/742 695/76/742 671/75/742 669/74/742
f 670/81/744 672/84/744 696/83/744 694/82/744
f 698/1/745 674/2/745 675/3/745 699/4/745
f 676/5/746 700/6/746 704/7/746 680/8/746
f 673/9/747 697/10/747 700/11/747 676/12/747
f 678/13/748 674/14/748 698/15/748 702/16/748
f 697/17/749 698/18/749 699/19/749 700/20/749
f 698/33/750 697/34/750 701/35/750 702/36/750
f 673/37/751 677/38/751 701/39/751 697/40/751
f 699/45/752 675/46/752 679/47/752 703/48/752
f 700/49/753 699/50/753 703/51/753 704/52/753
f 706/53/754 705/54/754 707/55/754 708/56/754
f 680/57/755 704/58/755 706/59/755 682/60/755
f 704/61/754 703/62/754 705/63/754 706/64/754
f 703/65/756 679/66/756 681/67/756 705/68/756
f 683/69/757 684/70/757 708/71/757 707/72/757
f 705/73/758 681/74/758 683/75/758 707/76/758
f 682/81/759 706/82/759 708/83/759 684/84/759
f 710/1/760 711/4/760 687/3/760 686/2/760
f 688/5/761 692/8/761 716/7/761 712/6/761
f 685/9/762 688/12/762 712/11/762 709/10/762
f 690/13/748 714/16/748 710/15/748 686/14/748
f 709/17/763 712/20/763 711/19/763 710/18/763
f 710/33/764 714/36/764 713/35/764 709/34/764
f 685/37/751 709/40/751 713/39/751 689/38/751
f 711/45/765 715/48/765 691/47/765 687/46/765
f 712/49/766 716/52/766 715/51/766 711/50/766
f 718/53/767 720/56/767 719/55/767 717/54/767
f 692/57/768 694/60/768 718/59/768 716/58/768
f 716/61/769 718/64/769 717/63/769 715/62/769
f 715/65/770 717/68/770 693/67/770 691/66/770
f 695/69/771 719/72/771 720/71/771 696/70/771
f 717/73/770 719/76/770 695/75/770 693/74/770
f 694/81/772 696/84/772 720/83/772 718/82/772
f 722/1/773 698/2/773 699/3/773 723/4/773
f 700/5/774 724/6/774 728/7/774 704/8/774
f 697/9/775 721/10/775 724/11/775 700/12/775
f 702/13/776 698/14/776 722/15/776 726/16/776
f 721/17/777 722/18/777 723/19/777 724/20/777
f 722/33/778 721/34/778 725/35/778 726/36/778
f 697/37/779 701/38/779 725/39/779 721/40/779
f 723/45/780 699/46/780 703/47/780 727/48/780
f 724/49/781 723/50/781 727/51/781 728/52/781
f 730/53/782 729/54/782 731/55/782 732/56/782
f 704/57/783 728/58/783 730/59/783 706/60/783
f 728/61/782 727/62/782 729/63/782 730/64/782
f 727/65/780 703/66/780 705/67/780 729/68/780
f 707/69/784 708/70/784 732/71/784 731/72/784
f 729/73/785 705/74/785 707/75/785 731/76/785
f 706/81/786 730/82/786 732/83/786 708/84/786
f 734/1/787 735/4/787 711/3/787 710/2/787
f 712/5/788 716/8/788 740/7/788 736/6/788
f 709/9/789 712/12/789 736/11/789 733/10/789
f 714/13/776 738/16/776 734/15/776 710/14/776
f 733/17/790 736/20/790 735/19/790 734/18/790
f 734/33/791 738/36/791 737/35/791 733/34/791
f 709/37/779 733/40/779 737/39/779 713/38/779
f 735/45/792 739/48/792 715/47/792 711/46/792
f 736/49/793 740/52/793 739/51/793 735/50/793
f 742/53/794 744/56/794 743/55/794 741/54/794
f 716/57/795 718/60/795 742/59/795 740/58/795
f 740/61/791 742/64/791 741/63/791 739/62/791
f 739/65/796 741/68/796 717/67/796 715/66/796
f 719/69/797 743/72/797 744/71/797 720/70/797
f 741/73/798 743/76/798 719/75/798 717/74/798
f 718/81/799 720/84/799 744/83/799 742/82/799
f 746/1/800 722/2/800 723/3/800 747/4/800
f 724/5/801 748/6/801 752/7/801 728/8/801
f 721/9/802 745/10/802 748/11/802 724/12/802
f 726/13/803 722/14/803 746/15/803 750/16/803
f 745/17/804 746/18/804 747/19/804 748/20/804
f 746/33/805 745/34/805 749/35/805 750/36/805
f 721/37/806 725/38/806 749/39/806 745/40/806
f 747/45/807 723/46/807 727/47/807 751/48/807
f 748/49/808 747/50/808 751/51/808 752/52/808
f 754/53/809 753/54/809 755/55/809 756/56/809
f 728/57/810 752/58/810 754/59/810 730/60/810
f 752/61/809 751/62/809 753/63/809 754/64/809
f 751/65/811 727/66/811 729/67/811 753/68/811
f 731/69/812 732/70/812 756/71/812 755/72/812
f 753/73/813 729/74/813 731/75/813 755/76/813
f 730/81/814 754/82/814 756/83/814 732/84/814
f 758/1/815 759/4/815 735/3/815 734/2/815
f 736/5/816 740/8/816 764/7/816 760/6/816
f 733/9/817 736/12/817 760/11/817 757/10/817
f 738/13/803 762/16/803 758/15/803 734/14/803
f 757/17/818 760/20/818 759/19/818 758/18/818
f 758/33/819 762/36/819 761/35/819 757/34/819
f 733/37/806 757/40/806 761/39/806 737/38/806
f 759/45/820 763/48/820 739/47/820 735/46/820
f 760/49/821 764/52/821 763/51/821 759/50/821
f 766/53/822 768/56/822 767/55/822 765/54/822
f 740/57/823 742/60/823 766/59/823 764/58/823
f 764/61/824 766/64/824 765/63/824 763/62/824
f 763/65/820 765/68/820 741/67/820 739/66/820
f 743/69/825 767/72/825 768/71/825 744/70/825
f 765/73/820 767/76/820 743/75/820 741/74/820
f 742/81/826 744/84/826 768/83/826 766/82/826
f 770/1/827 746/2/827 747/3/827 771/4/827
f 748/5/828 772/6/828 776/7/828 752/8/828
f 745/9/829 769/10/829 772/11/829 748/12/829
f 750/13/830 746/14/830 770/15/830 774/16/830
f 769/17/831 770/18/831 771/19/831 772/20/831
f 770/33/832 769/34/832 773/35/832 774/36/832
f 745/37/833 749/38/833 773/39/833 769/40/833
f 771/45/834 747/46/834 751/47/834 775/48/834
f 772/49/835 771/50/835 775/51/835 776/52/835
f 778/53/836 777/54/836 779/55/836 780/56/836
f 752/57/837 776/58/837 778/59/837 754/60/837
f 776/61/836 775/62/836 777/63/836 778/64/836
f 775/65/838 751/66/838 753/67/838 777/68/838
f 755/69/839 756/70/839 780/71/839 779/72/839
f 777/73/840 753/74/840 755/75/840 779/76/840
f 754/81/841 778/82/841 780/83/841 756/84/841
f 782/1/842 783/4/842 759/3/842 758/2/842
f 760/5/843 764/8/843 788/7/843 784/6/843
f 757/9/844 760/12/844 784/11/844 781/10/844
f 762/13/830 786/16/830 782/15/830 758/14/830
f 781/17/845 784/20/845 783/19/845 782/18/845
f 782/33/846 786/36/846 785/35/846 781/34/846
f 757/37/833 781/40/833 785/39/833 761/38/833
f 783/45/847 787/48/847 763/47/847 759/46/847
f 784/49/848 788/52/848 787/51/848 783/50/848
f 790/53/849 792/56/849 791/55/849 789/54/849
f 764/57/850 766/60/850 790/59/850 788/58/850
f 788/61/851 790/64/851 789/63/851 787/62/851
f 787/65/852 789/68/852 765/67/852 763/66/852
f 767/69/853 791/72/853 792/71/853 768/70/853
f 789/73/854 791/76/854 767/75/854 765/74/854
f 766/81/855 768/84/855 792/83/855 790/82/855
f 794/1/856 770/2/856 771/3/856 795/4/856
f 772/5/857 796/6/857 800/7/857 776/8/857
f 769/9/858 793/10/858 796/11/858 772/12/858
f 774/13/859 770/14/859 794/15/859 798/16/859
f 793/17/860 794/18/860 795/19/860 796/20/860
f 794/33/861 793/34/861 797/35/861 798/36/861
f 769/37/862 773/38/862 797/39/862 793/40/862
f 795/45/863 771/46/863 775/47/863 799/48/863
f 796/49/864 795/50/864 799/51/864 800/52/864
f 802/53/865 801/54/865 803/55/865 804/56/865
f 776/57/866 800/58/866 802/59/866 778/60/866
f 800/61/867 799/62/867 801/63/867 802/64/867
f 799/65/868 775/66/868 777/67/868 801/68/868
f 779/69/869 780/70/869 804/71/869 803/72/869
f 801/73/868 777/74/868 779/75/868 803/76/868
f 778/81/870 802/82/870 804/83/870 780/84/870
f 806/1/871 807/4/871 783/3/871 782/2/871
f 784/5/872 788/8/872 812/7/872 808/6/872
f 781/9/873 784/12/873 808/11/873 805/10/873
f 786/13/859 810/16/859 806/15/859 782/14/859
f 805/17/874 808/20/874 807/19/874 806/18/874
f 806/33/874 810/36/874 809/35/874 805/34/874
f 781/37/862 805/40/862 809/39/862 785/38/862
f 807/45/875 811/48/875 787/47/875 783/46/875
f 808/49/876 812/52/876 811/51/876 807/50/876
f 814/53/877 816/56/877 815/55/877 813/54/877
f 788/57/878 790/60/878 814/59/878 812/58/878
f 812/61/879 814/64/879 813/63/879 811/62/879
f 811/65/880 813/68/880 789/67/880 787/66/880
f 791/69/881 815/72/881 816/71/881 792/70/881
f 813/73/880 815/76/880 791/75/880 789/74/880
f 790/81/882 792/84/882 816/83/882 814/82/882
f 818/1/883 794/2/883 795/3/883 819/4/883
f 796/5/884 820/6/884 824/7/884 800/8/884
f 793/9/885 817/10/885 820/11/885 796/12/885
f 798/13/886 794/14/886 818/15/886 822/16/886
f 817/17/887 818/18/887 819/19/887 820/20/887
f 818/33/888 817/34/888 821/35/888 822/36/888
f 793/37/889 797/38/889 821/39/889 817/40/889
f 819/45/890 795/46/890 799/47/890 823/48/890
f 820/49/891 819/50/891 823/51/891 824/52/891
f 826/53/892 825/54/892 827/55/892 828/56/892
f 800/57/893 824/58/893 826/59/893 802/60/893
f 824/61/892 823/62/892 825/63/892 826/64/892
f 823/65/890 799/66/890 801/67/890 825/68/890
f 803/69/894 804/70/894 828/71/894 827/72/894
f 825/73/895 801/74/895 803/75/895 827/76/895
f 802/81/896 826/82/896 828/83/896 804/84/896
f 830/1/897 831/4/897 807/3/897 806/2/897
f 808/5/898 812/8/898 836/7/898 832/6/898
f 805/9/899 808/12/899 832/11/899 829/10/899
f 810/13/886 834/16/886 830/15/886 806/14/886
f 829/17/900 832/20/900 831/19/900 830/18/900
f 830/33/901 834/36/901 833/35/901 829/34/901
f 805/37/889 829/40/889 833/39/889 809/38/889
f 831/45/902 835/48/902 811/47/902 807/46/902
f 832/49/903 836/52/903 835/51/903 831/50/903
f 838/53/904 840/56/904 839/55/904 837/54/904
f 812/57/905 814/60/905 838/59/905 836/58/905
f 836/61/900 838/64/900 837/63/900 835/62/900
f 835/65/902 837/68/902 813/67/902 811/66/902
f 815/69/906 839/72/906 840/71/906 816/70/906
f 837/73/907 839/76/907 815/75/907 813/74/907
f 814/81/908 816/84/908 840/83/908 838/82/908
f 842/1/909 818/2/909 819/3/909 843/4/909
f 820/5/910 844/6/910 848/7/910 824/8/910
f 817/9/911 841/10/911 844/11/911 820/12/911
f 822/13/912 818/14/912 842/15/912 846/16/912
f 841/17/913 842/18/913 843/19/913 844/20/913
f 842/33/914 841/34/914 845/35/914 846/36/914
f 817/37/915 821/38/915 845/39/915 841/40/915
f 843/45/916 819/46/916 823/47/916 847/48/916
f 844/49/917 843/50/917 847/51/917 848/52/917
f 850/53/918 849/54/918 851/55/918 852/56/918
f 824/57/919 848/58/919 850/59/919 826/60/919
f 848/61/918 847/62/918 849/63/918 850/64/918
f 847/65/920 823/66/920 825/67/920 849/68/920
f 827/69/921 828/70/921 852/71/921 851/72/921
f 849/73/920 825/74/920 827/75/920 851/76/920
f 826/81/922 850/82/922 852/83/922 828/84/922
f 854/1/923 855/4/923 831/3/923 830/2/923
f 832/5/924 836/8/924 860/7/924 856/6/924
f 829/9/925 832/12/925 856/11/925 853/10/925
f 834/13/912 858/16/912 854/15/912 830/14/912
f 853/17/926 856/20/926 855/19/926 854/18/926
f 854/33/927 858/36/927 857/35/927 853/34/927
f 829/37/915 853/40/915 857/39/915 833/38/915
f 855/45/928 859/48/928 835/47/928 831/46/928
f 856/49/929 860/52/929 859/51/929 855/50/929
f 862/53/930 864/56/930 863/55/930 861/54/930
f 836/57/931 838/60/931 862/59/931 860/58/931
f 860/61/932 862/64/932 861/63/932 859/62/932
f 859/65/928 861/68/928 837/67/928 835/66/928
f 839/69/933 863/72/933 864/71/933 840/70/933
f 861/73/934 863/76/934 839/75/934 837/74/934
f 838/81/935 840/84/935 864/83/935 862/82/935
f 866/1/936 842/2/936 843/3/936 867/4/936
f 844/5/937 868/6/937 872/7/937 848/8/937
f 841/9/938 865/10/938 868/11/938 844/12/938
f 846/13/939 842/14/939 866/15/939 870/16/939
f 865/17/940 866/18/940 867/19/940 868/20/940
f 866/33/940 865/34/940 869/35/940 870/36/940
f 841/37/941 845/38/941 869/39/941 865/40/941
f 867/45/942 843/46/942 847/47/942 871/48/942
f 868/49/943 867/50/943 871/51/943 872/52/943
f 874/53/940 873/54/940 875/55/940 876/56/940
f 848/57/944 872/58/944 874/59/944 850/60/944
f 872/61/945 871/62/945 873/63/945 874/64/945
f 871/65/946 847/66/946 849/67/946 873/68/946
f 851/69/947 852/70/947 876/71/947 875/72/947
f 873/73/946 849/74/946 851/75/946 875/76/946
f 850/81/948 874/82/948 876/83/948 852/84/948
f 878/1/949 879/4/949 855/3/949 854/2/949
f 856/5/950 860/8/950 884/7/950 880/6/950
f 853/9/951 856/12/951 880/11/951 877/10/951
f 858/13/939 882/16/939 878/15/939 854/14/939
f 877/17/952 880/20/952 879/19/952 878/18/952
f 878/33/953 882/36/953 881/35/953 877/34/953
f 853/37/941 877/40/941 881/39/941 857/38/941
f 879/45/954 883/48/954 859/47/954 855/46/954
f 880/49/955 884/52/955 883/51/955 879/50/955
f 886/53/952 888/56/952 887/55/952 885/54/952
f 860/57/956 862/60/956 886/59/956 884/58/956
f 884/61/957 886/64/957 885/63/957 883/62/957
f 883/65/954 885/68/954 861/67/954 859/66/954
f 863/69/958 887/72/958 888/71/958 864/70/958
f 885/73/954 887/76/954 863/75/954 861/74/954
f 862/81/959 864/84/959 888/83/959 886/82/959
f 890/1/960 866/2/960 867/3/960 891/4/960
f 868/5/961 892/6/961 896/7/961 872/8/961
f 865/9/962 889/10/962 892/11/962 868/12/962
f 870/13/963 866/14/963 890/15/963 894/16/963
f 889/17/964 890/18/964 891/19/964 892/20/964
f 890/33/965 889/34/965 893/35/965 894/36/965
f 865/37/966 869/38/966 893/39/966 889/40/966
f 891/45/967 867/46/967 871/47/967 895/48/967
f 892/49/968 891/50/968 895/51/968 896/52/968
f 898/53/969 897/54/969 899/55/969 900/56/969
f 872/57/970 896/58/970 898/59/970 874/60/970
f 896/61/969 895/62/969 897/63/969 898/64/969
f 895/65/971 871/66/971 873/67/971 897/68/971
f 875/69/972 876/70/972 900/71/972 899/72/972
f 897/73/973 873/74/973 875/75/973 899/76/973
f 874/81/974 898/82/974 900/83/974 876/84/974
f 902/1/975 903/4/975 879/3/975 878/2/975
f 880/5/976 884/8/976 908/7/976 904/6/976
f 877/9/977 880/12/977 904/11/977 901/10/977
f 882/13/963 906/16/963 902/15/963 878/14/963
f 901/17/978 904/20/978 903/19/978 902/18/978
f 902/33/979 906/36/979 905/35/979 901/34/979
f 877/37/966 901/40/966 905/39/966 881/38/966
f 903/45/980 907/48/980 883/47/980 879/46/980
f 904/49/981 908/52/981 907/51/981 903/50/981
f 910/53/982 912/56/982 911/55/982 909/54/982
f 884/57/983 886/60/983 910/59/983 908/58/983
f 908/61/982 910/64/982 909/63/982 907/62/982
f 907/65/984 909/68/984 885/67/984 883/66/984
f 887/69/985 911/72/985 912/71/985 888/70/985
f 909/73/984 911/76/984 887/75/984 885/74/984
f 886/81/986 888/84/986 912/83/986 910/82/986
f 914/1/987 890/2/987 891/3/987 915/4/987
f 892/5/988 916/6/988 920/7/988 896/8/988
f 889/9/989 913/10/989 916/11/989 892/12/989
f 894/13/990 890/14/990 914/15/990 918/16/990
f 913/17/991 914/18/991 915/19/991 916/20/991
f 914/33/991 913/34/991 917/35/991 918/36/991
f 889/37/992 893/38/992 917/39/992 913/40/992
f 915/45/993 891/46/993 895/47/993 919/48/993
f 916/49/994 915/50/994 919/51/994 920/52/994
f 922/53/991 921/54/991 923/55/991 924/56/991
f 896/57/995 920/58/995 922/59/995 898/60/995
f 920/61/996 919/62/996 921/63/996 922/64/996
f 919/65/997 895/66/997 897/67/997 921/68/997
f 899/69/998 900/70/998 924/71/998 923/72/998
f 921/73/999 897/74/999 899/75/999 923/76/999
f 898/81/1000 922/82/1000 924/83/1000 900/84/1000
f 926/1/1001 927/4/1001 903/3/1001 902/2/1001
f 904/5/1002 908/8/1002 932/7/1002 928/6/1002
f 901/9/1003 904/12/1003 928/11/1003 925/10/1003
f 906/13/990 930/16/990 926/15/990 902/14/990
f 925/17/1004 928/20/1004 927/19/1004 926/18/1004
f 926/33/1004 930/36/1004 929/35/1004 925/34/1004
f 901/37/992 925/40/992 929/39/992 905/38/992
f 927/45/1005 931/48/1005 907/47/1005 903/46/1005
f 928/49/1006 932/52/1006 931/51/1006 927/50/1006
f 934/53/1007 936/56/1007 935/55/1007 933/54/1007
f 908/57/1008 910/60/1008 934/59/1008 932/58/1008
f 932/61/1009 934/64/1009 933/63/1009 931/62/1009
f 931/65/1005 933/68/1005 909/67/1005 907/66/1005
f 911/69/1010 935/72/1010 936/71/1010 912/70/1010
f 933/73/1011 935/76/1011 911/75/1011 909/74/1011
f 910/81/1012 912/84/1012 936/83/1012 934/82/1012
f 938/1/1013 914/2/1013 915/3/1013 939/4/1013
f 916/5/1014 940/6/1014 944/7/1014 920/8/1014
f 913/9/1015 937/10/1015 940/11/1015 916/12/1015
f 918/13/1016 914/14/1016 938/15/1016 942/16/1016
f 937/17/1017 938/18/1017 939/19/1017 940/20/1017
f 938/33/1018 937/34/1018 941/35/1018 942/36/1018
f 913/37/1019 917/38/1019 941/39/1019 937/40/1019
f 939/45/1020 915/46/1020 919/47/1020 943/48/1020
f 940/49/1021 939/50/1021 943/51/1021 944/52/1021
f 946/53/1022 945/54/1022 947/55/1022 948/56/1022
f 920/57/1023 944/58/1023 946/59/1023 922/60/1023
f 944/61/1022 943/62/1022 945/63/1022 946/64/1022
f 943/65/1024 919/66/1024 921/67/1024 945/68/1024
f 923/69/1025 924/70/1025 948/71/1025 947/72/1025
f 945/73/1026 921/74/1026 923/75/1026 947/76/1026
f 922/81/1027 946/82/1027 948/83/1027 924/84/1027
f 950/1/1028 951/4/1028 927/3/1028 926/2/1028
f 928/5/1029 932/8/1029 956/7/1029 952/6/1029
f 925/9/1030 928/12/1030 952/11/1030 949/10/1030
f 930/13/1016 954/16/1016 950/15/1016 926/14/1016
f 949/17/1031 952/20/1031 951/19/1031 950/18/1031
f 950/33/1032 954/36/1032 953/35/1032 949/34/1032
f 925/37/1019 949/40/1019 953/39/1019 929/38/1019
f 951/45/1033 955/48/1033 931/47/1033 927/46/1033
f 952/49/1034 956/52/1034 955/51/1034 951/50/1034
f 958/53/1035 960/56/1035 959/55/1035 957/54/1035
f 932/57/1036 934/60/1036 958/59/1036 956/58/1036
f 956/61/1037 958/64/1037 957/63/1037 955/62/1037
f 955/65/1038 957/68/1038 933/67/1038 931/66/1038
f 935/69/1039 959/72/1039 960/71/1039 936/70/1039
f 957/73/1040 959/76/1040 935/75/1040 933/74/1040
f 934/81/1041 936/84/1041 960/83/1041 958/82/1041
f 962/1/1042 938/2/1042 939/3/1042 963/4/1042
f 940/5/1043 964/6/1043 968/7/1043 944/8/1043
f 937/9/1044 961/10/1044 964/11/1044 940/12/1044
f 942/13/1045 938/14/1045 962/15/1045 966/16/1045
f 961/17/1046 962/18/1046 963/19/1046 964/20/1046
f 962/33/1047 961/34/1047 965/35/1047 966/36/1047
f 937/37/1048 941/38/1048 965/39/1048 961/40/1048
f 963/45/1049 939/46/1049 943/47/1049 967/48/1049
f 964/49/1050 963/50/1050 967/51/1050 968/52/1050
f 970/53/1051 969/54/1051 971/55/1051 972/56/1051
f 944/57/1052 968/58/1052 970/59/1052 946/60/1052
f 968/61/1051 967/62/1051 969/63/1051 970/64/1051
f 967/65/1053 943/66/1053 945/67/1053 969/68/1053
f 947/69/1054 948/70/1054 972/71/1054 971/72/1054
f 969/73/1055 945/74/1055 947/75/1055 971/76/1055
f 946/81/1056 970/82/1056 972/83/1056 948/84/1056
f 974/1/1057 975/4/1057 951/3/1057 950/2/1057
f 952/5/1058 956/8/1058 980/7/1058 976/6/1058
f 949/9/1059 952/12/1059 976/11/1059 973/10/1059
f 954/13/1045 978/16/1045 974/15/1045 950/14/1045
f 973/17/1060 976/20/1060 975/19/1060 974/18/1060
f 974/33/1061 978/36/1061 977/35/1061 973/34/1061
f 949/37/1048 973/40/1048 977/39/1048 953/38/1048
f 975/45/1062 979/48/1062 955/47/1062 951/46/1062
f 976/49/1063 980/52/1063 979/51/1063 975/50/1063
f 982/53/1064 984/56/1064 983/55/1064 981/54/1064
f 956/57/1065 958/60/1065 982/59/1065 980/58/1065
f 980/61/1061 982/64/1061 981/63/1061 979/62/1061
f 979/65/1062 981/68/1062 957/67/1062 955/66/1062
f 959/69/1066 983/72/1066 984/71/1066 960/70/1066
f 981/73/1062 983/76/1062 959/75/1062 957/74/1062
f 958/81/1067 960/84/1067 984/83/1067 982/82/1067
f 986/1/1068 962/2/1068 963/3/1068 987/4/1068
f 964/5/1069 988/6/1069 992/7/1069 968/8/1069
f 961/9/1070 985/10/1070 988/11/1070 964/12/1070
f 966/13/1071 962/14/1071 986/15/1071 990/16/1071
f 985/17/1072 986/18/1072 987/19/1072 988/20/1072
f 986/33/1073 985/34/1073 989/35/1073 990/36/1073
f 961/37/1074 965/38/1074 989/39/1074 985/40/1074
f 987/45/1075 963/46/1075 967/47/1075 991/48/1075
f 988/49/1076 987/50/1076 991/51/1076 992/52/1076
f 994/53/1072 993/54/1072 995/55/1072 996/56/1072
f 968/57/1077 992/58/1077 994/59/1077 970/60/1077
f 992/61/1078 991/62/1078 993/63/1078 994/64/1078
f 991/65/1079 967/66/1079 969/67/1079 993/68/1079
f 971/69/1080 972/70/1080 996/71/1080 995/72/1080
f 993/73/1081 969/74/1081 971/75/1081 995/76/1081
f 970/81/1082 994/82/1082 996/83/1082 972/84/1082
f 998/1/1083 999/4/1083 975/3/1083 974/2/1083
f 976/5/1084 980/8/1084 1004/7/1084 1000/6/1084
f 973/9/1085 976/12/1085 1000/11/1085 997/10/1085
f 978/13/1071 1002/16/1071 998/15/1071 974/14/1071
f 997/17/1086 1000/20/1086 999/19/1086 998/18/1086
f 998/33/1087 1002/36/1087 1001/35/1087 997/34/1087
f 973/37/1074 997/40/1074 1001/39/1074 977/38/1074
f 999/45/1088 1003/48/1088 979/47/1088 975/46/1088
f 1000/49/1089 1004/52/1089 1003/51/1089 999/50/1089
f 1006/53/1086 1008/56/1086 1007/55/1086 1005/54/1086
f 980/57/1090 982/60/1090 1006/59/1090 1004/58/1090
f 1004/61/1091 1006/64/1091 1005/63/1091 1003/62/1091
f 1003/65/1088 1005/68/1088 981/67/1088 979/66/1088
f 983/69/1092 1007/72/1092 1008/71/1092 984/70/1092
f 1005/73/1088 1007/76/1088 983/75/1088 981/74/1088
f 982/81/1093 984/84/1093 1008/83/1093 1006/82/1093
f 1010/1/242 986/2/242 987/3/242 1011/4/242
f 988/5/1094 1012/6/1094 1016/7/1094 992/8/1094
f 985/9/1095 1009/10/1095 1012/11/1095 988/12/1095
f 990/13/1096 986/14/1096 1010/15/1096 1014/16/1096
f 1009/17/1097 1010/18/1097 1011/19/1097 1012/20/1097
f 1010/33/1098 1009/34/1098 1013/35/1098 1014/36/1098
f 985/37/1099 989/38/1099 1013/39/1099 1009/40/1099
f 1011/45/1100 987/46/1100 991/47/1100 1015/48/1100
f 1012/49/1101 1011/50/1101 1015/51/1101 1016/52/1101
f 1018/53/1102 1017/54/1102 1019/55/1102 1020/56/1102
f 992/57/278 1016/58/278 1018/59/278 994/60/278
f 1016/61/1103 1015/62/1103 1017/63/1103 1018/64/1103
f 1015/65/1104 991/66/1104 993/67/1104 1017/68/1104
f 995/69/1105 996/70/1105 1020/71/1105 1019/72/1105
f 1017/73/1106 993/74/1106 995/75/1106 1019/76/1106
f 994/81/1107 1018/82/1107 1020/83/1107 996/84/1107
f 1022/1/1108 1023/4/1108 999/3/1108 998/2/1108
f 1000/5/1109 1004/8/1109 1028/7/1109 1024/6/1109
f 997/9/1110 1000/12/1110 1024/11/1110 1021/10/1110
f 1002/13/1096 1026/16/1096 1022/15/1096 998/14/1096
f 1021/17/1111 1024/20/1111 1023/19/1111 1022/18/1111
f 1022/33/1112 1026/36/1112 1025/35/1112 1021/34/1112
f 997/37/1099 1021/40/1099 1025/39/1099 1001/38/1099
f 1023/45/1113 1027/48/1113 1003/47/1113 999/46/1113
f 1024/49/1114 1028/52/1114 1027/51/1114 1023/50/1114
f 1030/53/1115 1032/56/1115 1031/55/1115 1029/54/1115
f 1004/57/1116 1006/60/1116 1030/59/1116 1028/58/1116
f 1028/61/1111 1030/64/1111 1029/63/1111 1027/62/1111
f 1027/65/1113 1029/68/1113 1005/67/1113 1003/66/1113
f 1007/69/1117 1031/72/1117 1032/71/1117 1008/70/1117
f 1029/73/1118 1031/76/1118 1007/75/1118 1005/74/1118
f 1006/81/1119 1008/84/1119 1032/83/1119 1030/82/1119
f 1034/1/1120 1010/2/1120 1011/3/1120 1035/4/1120
f 1012/5/1121 1036/6/1121 1040/7/1121 1016/8/1121
f 1009/9/1122 1033/10/1122 1036/11/1122 1012/12/1122
f 1014/13/1123 1010/14/1123 1034/15/1123 1038/16/1123
f 1033/17/1124 1034/18/1124 1035/19/1124 1036/20/1124
f 1034/33/1125 1033/34/1125 1037/35/1125 1038/36/1125
f 1009/37/1126 1013/38/1126 1037/39/1126 1033/40/1126
f 1035/45/1127 1011/46/1127 1015/47/1127 1039/48/1127
f 1036/49/1128 1035/50/1128 1039/51/1128 1040/52/1128
f 1042/53/1129 1041/54/1129 1043/55/1129 1044/56/1129
f 1016/57/1130 1040/58/1130 1042/59/1130 1018/60/1130
f 1040/61/1129 1039/62/1129 1041/63/1129 1042/64/1129
f 1039/65/1131 1015/66/1131 1017/67/1131 1041/68/1131
f 1019/69/1132 1020/70/1132 1044/71/1132 1043/72/1132
f 1041/73/307 1017/74/307 1019/75/307 1043/76/307
f 1018/81/1133 1042/82/1133 1044/83/1133 1020/84/1133
f 1046/1/1134 1047/4/1134 1023/3/1134 1022/2/1134
f 1024/5/1135 1028/8/1135 1052/7/1135 1048/6/1135
f 1021/9/1136 1024/12/1136 1048/11/1136 1045/10/1136
f 1026/13/1123 1050/16/1123 1046/15/1123 1022/14/1123
f 1045/17/1137 1048/20/1137 1047/19/1137 1046/18/1137
f 1046/33/1138 1050/36/1138 1049/35/1138 1045/34/1138
f 1021/37/1126 1045/40/1126 1049/39/1126 1025/38/1126
f 1047/45/1139 1051/48/1139 1027/47/1139 1023/46/1139
f 1048/49/1140 1052/52/1140 1051/51/1140 1047/50/1140
f 1054/53/1141 1056/56/1141 1055/55/1141 1053/54/1141
f 1028/57/1142 1030/60/1142 1054/59/1142 1052/58/1142
f 1052/61/1141 1054/64/1141 1053/63/1141 1051/62/1141
f 1051/65/1139 1053/68/1139 1029/67/1139 1027/66/1139
f 1031/69/1143 1055/72/1143 1056/71/1143 1032/70/1143
f 1053/73/1139 1055/76/1139 1031/75/1139 1029/74/1139
f 1030/81/1144 1032/84/1144 1056/83/1144 1054/82/1144
f 1058/1/1145 1034/2/1145 1035/3/1145 1059/4/1145
f 1036/5/1146 1060/6/1146 1064/7/1146 1040/8/1146
f 1033/9/1147 1057/10/1147 1060/11/1147 1036/12/1147
f 1038/13/1148 1034/14/1148 1058/15/1148 1062/16/1148
f 1057/17/1149 1058/18/1149 1059/19/1149 1060/20/1149
f 1058/33/1150 1057/34/1150 1061/35/1150 1062/36/1150
f 1033/37/1151 1037/38/1151 1061/39/1151 1057/40/1151
f 1059/45/1152 1035/46/1152 1039/47/1152 1063/48/1152
f 1060/49/1153 1059/50/1153 1063/51/1153 1064/52/1153
f 1066/53/1149 1065/54/1149 1067/55/1149 1068/56/1149
f 1040/57/1154 1064/58/1154 1066/59/1154 1042/60/1154
f 1064/61/1149 1063/62/1149 1065/63/1149 1066/64/1149
f 1063/65/1155 1039/66/1155 1041/67/1155 1065/68/1155
f 1043/69/1156 1044/70/1156 1068/71/1156 1067/72/1156
f 1065/73/1157 1041/74/1157 1043/75/1157 1067/76/1157
f 1042/81/1158 1066/82/1158 1068/83/1158 1044/84/1158
f 1070/1/1159 1071/4/1159 1047/3/1159 1046/2/1159
f 1048/5/1160 1052/8/1160 1076/7/1160 1072/6/1160
f 1045/9/1161 1048/12/1161 1072/11/1161 1069/10/1161
f 1050/13/1148 1074/16/1148 1070/15/1148 1046/14/1148
f 1069/17/1162 1072/20/1162 1071/19/1162 1070/18/1162
f 1070/33/1163 1074/36/1163 1073/35/1163 1069/34/1163
f 1045/37/1151 1069/40/1151 1073/39/1151 1049/38/1151
f 1071/45/1164 1075/48/1164 1051/47/1164 1047/46/1164
f 1072/49/1165 1076/52/1165 1075/51/1165 1071/50/1165
f 1078/53/1166 1080/56/1166 1079/55/1166 1077/54/1166
f 1052/57/1167 1054/60/1167 1078/59/1167 1076/58/1167
f 1076/61/1168 1078/64/1168 1077/63/1168 1075/62/1168
f 1075/65/1169 1077/68/1169 1053/67/1169 1051/66/1169
f 1055/69/1170 1079/72/1170 1080/71/1170 1056/70/1170
f 1077/73/1171 1079/76/1171 1055/75/1171 1053/74/1171
f 1054/81/1172 1056/84/1172 1080/83/1172 1078/82/1172
f 1082/1/1173 1058/2/1173 1059/3/1173 1083/4/1173
f 1060/5/1174 1084/6/1174 1088/7/1174 1064/8/1174
f 1057/9/1175 1081/10/1175 1084/11/1175 1060/12/1175
f 1062/13/1176 1058/14/1176 1082/15/1176 1086/16/1176
f 1081/17/1177 1082/18/1177 1083/19/1177 1084/20/1177
f 1082/33/1178 1081/34/1178 1085/35/1178 1086/36/1178
f 1057/37/1179 1061/38/1179 1085/39/1179 1081/40/1179
f 1083/45/1180 1059/46/1180 1063/47/1180 1087/48/1180
f 1084/49/1181 1083/50/1181 1087/51/1181 1088/52/1181
f 1090/53/1182 1089/54/1182 1091/55/1182 1092/56/1182
f 1064/57/1183 1088/58/1183 1090/59/1183 1066/60/1183
f 1088/61/1184 1087/62/1184 1089/63/1184 1090/64/1184
f 1087/65/1185 1063/66/1185 1065/67/1185 1089/68/1185
f 1067/69/1186 1068/70/1186 1092/71/1186 1091/72/1186
f 1089/73/1187 1065/74/1187 1067/75/1187 1091/76/1187
f 1066/81/1188 1090/82/1188 1092/83/1188 1068/84/1188
f 1094/1/1189 1095/4/1189 1071/3/1189 1070/2/1189
f 1072/5/1190 1076/8/1190 1100/7/1190 1096/6/1190
f 1069/9/1191 1072/12/1191 1096/11/1191 1093/10/1191
f 1074/13/1176 1098/16/1176 1094/15/1176 1070/14/1176
f 1093/17/1192 1096/20/1192 1095/19/1192 1094/18/1192
f 1094/33/1193 1098/36/1193 1097/35/1193 1093/34/1193
f 1069/37/1179 1093/40/1179 1097/39/1179 1073/38/1179
f 1095/45/1194 1099/48/1194 1075/47/1194 1071/46/1194
f 1096/49/1195 1100/52/1195 1099/51/1195 1095/50/1195
f 1102/53/1196 1104/56/1196 1103/55/1196 1101/54/1196
f 1076/57/1197 1078/60/1197 1102/59/1197 1100/58/1197
f 1100/61/1198 1102/64/1198 1101/63/1198 1099/62/1198
f 1099/65/1194 1101/68/1194 1077/67/1194 1075/66/1194
f 1079/69/1199 1103/72/1199 1104/71/1199 1080/70/1199
f 1101/73/1200 1103/76/1200 1079/75/1200 1077/74/1200
f 1078/81/1201 1080/84/1201 1104/83/1201 1102/82/1201
f 1106/1/1202 1082/2/1202 1083/3/1202 1107/4/1202
f 1084/5/1203 1108/6/1203 1112/7/1203 1088/8/1203
f 1081/9/1204 1105/10/1204 1108/11/1204 1084/12/1204
f 1086/13/1205 1082/14/1205 1106/15/1205 1110/16/1205
f 1105/17/1206 1106/18/1206 1107/19/1206 1108/20/1206
f 1106/33/1207 1105/34/1207 1109/35/1207 1110/36/1207
f 1081/37/1208 1085/38/1208 1109/39/1208 1105/40/1208
f 1107/45/1209 1083/46/1209 1087/47/1209 1111/48/1209
f 1108/49/1210 1107/50/1210 1111/51/1210 1112/52/1210
f 1114/53/1211 1113/54/1211 1115/55/1211 1116/56/1211
f 1088/57/1212 1112/58/1212 1114/59/1212 1090/60/1212
f 1112/61/1211 1111/62/1211 1113/63/1211 1114/64/1211
f 1111/65/1213 1087/66/1213 1089/67/1213 1113/68/1213
f 1091/69/1214 1092/70/1214 1116/71/1214 1115/72/1214
f 1113/73/1213 1089/74/1213 1091/75/1213 1115/76/1213
f 1090/81/1215 1114/82/1215 1116/83/1215 1092/84/1215
f 1118/1/1216 1119/4/1216 1095/3/1216 1094/2/1216
f 1096/5/1217 1100/8/1217 1124/7/1217 1120/6/1217
f 1093/9/1218 1096/12/1218 1120/11/1218 1117/10/1218
f 1098/13/1205 1122/16/1205 1118/15/1205 1094/14/1205
f 1117/17/1219 1120/20/1219 1119/19/1219 1118/18/1219
f 1118/33/1219 1122/36/1219 1121/35/1219 1117/34/1219
f 1093/37/1208 1117/40/1208 1121/39/1208 1097/38/1208
f 1119/45/1220 1123/48/1220 1099/47/1220 1095/46/1220
f 1120/49/1221 1124/52/1221 1123/51/1221 1119/50/1221
f 1126/53/1222 1128/56/1222 1127/55/1222 1125/54/1222
f 1100/57/1223 1102/60/1223 1126/59/1223 1124/58/1223
f 1124/61/1219 1126/64/1219 1125/63/1219 1123/62/1219
f 1123/65/1220 1125/68/1220 1101/67/1220 1099/66/1220
f 1103/69/1224 1127/72/1224 1128/71/1224 1104/70/1224
f 1125/73/1220 1127/76/1220 1103/75/1220 1101/74/1220
f 1102/81/1225 1104/84/1225 1128/83/1225 1126/82/1225
f 1130/1/1226 1106/2/1226 1107/3/1226 1131/4/1226
f 1108/5/1227 1132/6/1227 1136/7/1227 1112/8/1227
f 1105/9/1228 1129/10/1228 1132/11/1228 1108/12/1228
f 1110/13/1229 1106/14/1229 1130/15/1229 1134/16/1229
f 1129/17/1230 1130/18/1230 1131/19/1230 1132/20/1230
f 1130/33/1231 1129/34/1231 1133/35/1231 1134/36/1231
f 1105/37/1232 1109/38/1232 1133/39/1232 1129/40/1232
f 1131/45/1233 1107/46/1233 1111/47/1233 1135/48/1233
f 1132/49/1234 1131/50/1234 1135/51/1234 1136/52/1234
f 1138/53/1235 1137/54/1235 1139/55/1235 1140/56/1235
f 1112/57/1236 1136/58/1236 1138/59/1236 1114/60/1236
f 1136/61/1235 1135/62/1235 1137/63/1235 1138/64/1235
f 1135/65/1237 1111/66/1237 1113/67/1237 1137/68/1237
f 1115/69/1238 1116/70/1238 1140/71/1238 1139/72/1238
f 1137/73/1237 1113/74/1237 1115/75/1237 1139/76/1237
f 1114/81/1239 1138/82/1239 1140/83/1239 1116/84/1239
f 1142/1/1240 1143/4/1240 1119/3/1240 1118/2/1240
f 1120/5/1241 1124/8/1241 1148/7/1241 1144/6/1241
f 1117/9/1242 1120/12/1242 1144/11/1242 1141/10/1242
f 1122/13/1229 1146/16/1229 1142/15/1229 1118/14/1229
f 1141/17/1243 1144/20/1243 1143/19/1243 1142/18/1243
f 1142/33/1244 1146/36/1244 1145/35/1244 1141/34/1244
f 1117/37/1232 1141/40/1232 1145/39/1232 1121/38/1232
f 1143/45/1245 1147/48/1245 1123/47/1245 1119/46/1245
f 1144/49/1246 1148/52/1246 1147/51/1246 1143/50/1246
f 1150/53/1247 1152/56/1247 1151/55/1247 1149/54/1247
f 1124/57/1248 1126/60/1248 1150/59/1248 1148/58/1248
f 1148/61/1244 1150/64/1244 1149/63/1244 1147/62/1244
f 1147/65/1245 1149/68/1245 1125/67/1245 1123/66/1245
f 1127/69/1249 1151/72/1249 1152/71/1249 1128/70/1249
f 1149/73/1245 1151/76/1245 1127/75/1245 1125/74/1245
f 1126/81/1250 1128/84/1250 1152/83/1250 1150/82/1250
f 1154/1/1251 1130/2/1251 1131/3/1251 1155/4/1251
f 1132/5/1252 1156/6/1252 1160/7/1252 1136/8/1252
f 1129/9/1253 1153/10/1253 1156/11/1253 1132/12/1253
f 1134/13/1254 1130/14/1254 1154/15/1254 1158/16/1254
f 1153/17/1255 1154/18/1255 1155/19/1255 1156/20/1255
f 1154/33/1256 1153/34/1256 1157/35/1256 1158/36/1256
f 1129/37/1257 1133/38/1257 1157/39/1257 1153/40/1257
f 1155/45/1258 1131/46/1258 1135/47/1258 1159/48/1258
f 1156/49/1259 1155/50/1259 1159/51/1259 1160/52/1259
f 1162/53/1260 1161/54/1260 1163/55/1260 1164/56/1260
f 1136/57/1261 1160/58/1261 1162/59/1261 1138/60/1261
f 1160/61/1260 1159/62/1260 1161/63/1260 1162/64/1260
f 1159/65/1262 1135/66/1262 1137/67/1262 1161/68/1262
f 1139/69/1263 1140/70/1263 1164/71/1263 1163/72/1263
f 1161/73/1262 1137/74/1262 1139/75/1262 1163/76/1262
f 1138/81/1264 1162/82/1264 1164/83/1264 1140/84/1264
f 1166/1/1265 1167/4/1265 1143/3/1265 1142/2/1265
f 1144/5/1266 1148/8/1266 1172/7/1266 1168/6/1266
f 1141/9/1267 1144/12/1267 1168/11/1267 1165/10/1267
f 1146/13/1254 1170/16/1254 1166/15/1254 1142/14/1254
f 1165/17/1268 1168/20/1268 1167/19/1268 1166/18/1268
f 1166/33/1269 1170/36/1269 1169/35/1269 1165/34/1269
f 1141/37/1257 1165/40/1257 1169/39/1257 1145/38/1257
f 1167/45/1270 1171/48/1270 1147/47/1270 1143/46/1270
f 1168/49/1271 1172/52/1271 1171/51/1271 1167/50/1271
f 1174/53/1269 1176/56/1269 1175/55/1269 1173/54/1269
f 1148/57/1272 1150/60/1272 1174/59/1272 1172/58/1272
f 1172/61/1269 1174/64/1269 1173/63/1269 1171/62/1269
f 1171/65/1273 1173/68/1273 1149/67/1273 1147/66/1273
f 1151/69/1274 1175/72/1274 1176/71/1274 1152/70/1274
f 1173/73/1273 1175/76/1273 1151/75/1273 1149/74/1273
f 1150/81/1275 1152/84/1275 1176/83/1275 1174/82/1275
f 1178/1/1276 1154/2/1276 1155/3/1276 1179/4/1276
f 1156/5/1277 1180/6/1277 1184/7/1277 1160/8/1277
f 1153/9/1278 1177/10/1278 1180/11/1278 1156/12/1278
f 1158/13/1279 1154/14/1279 1178/15/1279 1182/16/1279
f 1177/17/1280 1178/18/1280 1179/19/1280 1180/20/1280
f 1178/33/1280 1177/34/1280 1181/35/1280 1182/36/1280
f 1153/37/1281 1157/38/1281 1181/39/1281 1177/40/1281
f 1179/45/1282 1155/46/1282 1159/47/1282 1183/48/1282
f 1180/49/1283 1179/50/1283 1183/51/1283 1184/52/1283
f 1186/53/1284 1185/54/1284 1187/55/1284 1188/56/1284
f 1160/57/1285 1184/58/1285 1186/59/1285 1162/60/1285
f 1184/61/1284 1183/62/1284 1185/63/1284 1186/64/1284
f 1183/65/1286 1159/66/1286 1161/67/1286 1185/68/1286
f 1163/69/1287 1164/70/1287 1188/71/1287 1187/72/1287
f 1185/73/1286 1161/74/1286 1163/75/1286 1187/76/1286
f 1162/81/1288 1186/82/1288 1188/83/1288 1164/84/1288
f 1190/1/1289 1191/4/1289 1167/3/1289 1166/2/1289
f 1168/5/1290 1172/8/1290 1196/7/1290 1192/6/1290
f 1165/9/1291 1168/12/1291 1192/11/1291 1189/10/1291
f 1170/13/1279 1194/16/1279 1190/15/1279 1166/14/1279
f 1189/17/1292 1192/20/1292 1191/19/1292 1190/18/1292
f 1190/33/1292 1194/36/1292 1193/35/1292 1189/34/1292
f 1165/37/1281 1189/40/1281 1193/39/1281 1169/38/1281
f 1191/45/1293 1195/48/1293 1171/47/1293 1167/46/1293
f 1192/49/1294 1196/52/1294 1195/51/1294 1191/50/1294
f 1198/53/1295 1200/56/1295 1199/55/1295 1197/54/1295
f 1172/57/1296 1174/60/1296 1198/59/1296 1196/58/1296
f 1196/61/1292 1198/64/1292 1197/63/1292 1195/62/1292
f 1195/65/1297 1197/68/1297 1173/67/1297 1171/66/1297
f 1175/69/1298 1199/72/1298 1200/71/1298 1176/70/1298
f 1197/73/1299 1199/76/1299 1175/75/1299 1173/74/1299
f 1174/81/1300 1176/84/1300 1200/83/1300 1198/82/1300
f 1202/1/1301 1178/2/1301 1179/3/1301 1203/4/1301
f 1180/5/1302 1204/6/1302 1208/7/1302 1184/8/1302
f 1177/9/1303 1201/10/1303 1204/11/1303 1180/12/1303
f 1182/13/1304 1178/14/1304 1202/15/1304 1206/16/1304
f 1201/17/1305 1202/18/1305 1203/19/1305 1204/20/1305
f 1202/33/1305 1201/34/1305 1205/35/1305 1206/36/1305
f 1177/37/1306 1181/38/1306 1205/39/1306 1201/40/1306
f 1203/45/1307 1179/46/1307 1183/47/1307 1207/48/1307
f 1204/49/1308 1203/50/1308 1207/51/1308 1208/52/1308
f 1210/53/1309 1209/54/1309 1211/55/1309 1212/56/1309
f 1184/57/1310 1208/58/1310 1210/59/1310 1186/60/1310
f 1208/61/1309 1207/62/1309 1209/63/1309 1210/64/1309
f 1207/65/1311 1183/66/1311 1185/67/1311 1209/68/1311
f 1187/69/1312 1188/70/1312 1212/71/1312 1211/72/1312
f 1209/73/1313 1185/74/1313 1187/75/1313 1211/76/1313
f 1186/81/1314 1210/82/1314 1212/83/1314 1188/84/1314
f 1214/1/1315 1215/4/1315 1191/3/1315 1190/2/1315
f 1192/5/1316 1196/8/1316 1220/7/1316 1216/6/1316
f 1189/9/1317 1192/12/1317 1216/11/1317 1213/10/1317
f 1194/13/1318 1218/16/1318 1214/15/1318 1190/14/1318
f 1213/17/1319 1216/20/1319 1215/19/1319 1214/18/1319
f 1214/33/1320 1218/36/1320 1217/35/1320 1213/34/1320
f 1189/37/1321 1213/40/1321 1217/39/1321 1193/38/1321
f 1215/45/1322 1219/48/1322 1195/47/1322 1191/46/1322
f 1216/49/1323 1220/52/1323 1219/51/1323 1215/50/1323
f 1222/53/1324 1224/56/1324 1223/55/1324 1221/54/1324
f 1196/57/1325 1198/60/1325 1222/59/1325 1220/58/1325
f 1220/61/1319 1222/64/1319 1221/63/1319 1219/62/1319
f 1219/65/1326 1221/68/1326 1197/67/1326 1195/66/1326
f 1199/69/1327 1223/72/1327 1224/71/1327 1200/70/1327
f 1221/73/1326 1223/76/1326 1199/75/1326 1197/74/1326
f 1198/81/1328 1200/84/1328 1224/83/1328 1222/82/1328
f 1226/1/1329 1202/2/1329 1203/3/1329 1227/4/1329
f 1204/5/1330 1228/6/1330 1232/7/1330 1208/8/1330
f 1201/9/1331 1225/10/1331 1228/11/1331 1204/12/1331
f 1206/13/1332 1202/14/1332 1226/15/1332 1230/16/1332
f 1225/17/1333 1226/18/1333 1227/19/1333 1228/20/1333
f 1226/33/1334 1225/34/1334 1229/35/1334 1230/36/1334
f 1201/37/1335 1205/38/1335 1229/39/1335 1225/40/1335
f 1227/45/1336 1203/46/1336 1207/47/1336 1231/48/1336
f 1228/49/1337 1227/50/1337 1231/51/1337 1232/52/1337
f 1234/53/1333 1233/54/1333 1235/55/1333 1236/56/1333
f 1208/57/1338 1232/58/1338 1234/59/1338 1210/60/1338
f 1232/61/1333 1231/62/1333 1233/63/1333 1234/64/1333
f 1231/65/1339 1207/66/1339 1209/67/1339 1233/68/1339
f 1211/69/1340 1212/70/1340 1236/71/1340 1235/72/1340
f 1233/73/1341 1209/74/1341 1211/75/1341 1235/76/1341
f 1210/81/1342 1234/82/1342 1236/83/1342 1212/84/1342
f 1238/1/1343 1239/4/1343 1215/3/1343 1214/2/1343
f 1216/5/1344 1220/8/1344 1244/7/1344 1240/6/1344
f 1213/9/1345 1216/12/1345 1240/11/1345 1237/10/1345
f 1218/13/1332 1242/16/1332 1238/15/1332 1214/14/1332
f 1237/17/1346 1240/20/1346 1239/19/1346 1238/18/1346
f 1238/33/1346 1242/36/1346 1241/35/1346 1237/34/1346
f 1213/37/1335 1237/40/1335 1241/39/1335 1217/38/1335
f 1239/45/1347 1243/48/1347 1219/47/1347 1215/46/1347
f 1240/49/1348 1244/52/1348 1243/51/1348 1239/50/1348
f 1246/53/1349 1248/56/1349 1247/55/1349 1245/54/1349
f 1220/57/1350 1222/60/1350 1246/59/1350 1244/58/1350
f 1244/61/1346 1246/64/1346 1245/63/1346 1243/62/1346
f 1243/65/1351 1245/68/1351 1221/67/1351 1219/66/1351
f 1223/69/1352 1247/72/1352 1248/71/1352 1224/70/1352
f 1245/73/1351 1247/76/1351 1223/75/1351 1221/74/1351
f 1222/81/1353 1224/84/1353 1248/83/1353 1246/82/1353
f 1250/1/1354 1226/2/1354 1227/3/1354 1251/4/1354
f 1228/5/1355 1252/6/1355 1256/7/1355 1232/8/1355
f 1225/9/1356 1249/10/1356 1252/11/1356 1228/12/1356
f 1230/13/1357 1226/14/1357 1250/15/1357 1254/16/1357
f 1249/17/1358 1250/18/1358 1251/19/1358 1252/20/1358
f 1250/33/1359 1249/34/1359 1253/35/1359 1254/36/1359
f 1225/37/1360 1229/38/1360 1253/39/1360 1249/40/1360
f 1251/45/1361 1227/46/1361 1231/47/1361 1255/48/1361
f 1252/49/1362 1251/50/1362 1255/51/1362 1256/52/1362
f 1258/53/1363 1257/54/1363 1259/55/1363 1260/56/1363
f 1232/57/1364 1256/58/1364 1258/59/1364 1234/60/1364
f 1256/61/1363 1255/62/1363 1257/63/1363 1258/64/1363
f 1255/65/1365 1231/66/1365 1233/67/1365 1257/68/1365
f 1235/69/1366 1236/70/1366 1260/71/1366 1259/72/1366
f 1257/73/1365 1233/74/1365 1235/75/1365 1259/76/1365
f 1234/81/1367 1258/82/1367 1260/83/1367 1236/84/1367
f 1262/1/1368 1263/4/1368 1239/3/1368 1238/2/1368
f 1240/5/1369 1244/8/1369 1268/7/1369 1264/6/1369
f 1237/9/1370 1240/12/1370 1264/11/1370 1261/10/1370
f 1242/13/1357 1266/16/1357 1262/15/1357 1238/14/1357
f 1261/17/1371 1264/20/1371 1263/19/1371 1262/18/1371
f 1262/33/1371 1266/36/1371 1265/35/1371 1261/34/1371
f 1237/37/1360 1261/40/1360 1265/39/1360 1241/38/1360
f 1263/45/1372 1267/48/1372 1243/47/1372 1239/46/1372
f 1264/49/1373 1268/52/1373 1267/51/1373 1263/50/1373
f 1270/53/1374 1272/56/1374 1271/55/1374 1269/54/1374
f 1244/57/1375 1246/60/1375 1270/59/1375 1268/58/1375
f 1268/61/1371 1270/64/1371 1269/63/1371 1267/62/1371
f 1267/65/1376 1269/68/1376 1245/67/1376 1243/66/1376
f 1247/69/1377 1271/72/1377 1272/71/1377 1248/70/1377
f 1269/73/1376 1271/76/1376 1247/75/1376 1245/74/1376
f 1246/81/1378 1248/84/1378 1272/83/1378 1270/82/1378
f 1274/1/1379 1250/2/1379 1251/3/1379 1275/4/1379
f 1252/5/1380 1276/6/1380 1280/7/1380 1256/8/1380
f 1249/9/1381 1273/10/1381 1276/11/1381 1252/12/1381
f 1254/13/1382 1250/14/1382 1274/15/1382 1278/16/1382
f 1273/17/1383 1274/18/1383 1275/19/1383 1276/20/1383
f 1274/33/1384 1273/34/1384 1277/35/1384 1278/36/1384
f 1249/37/1385 1253/38/1385 1277/39/1385 1273/40/1385
f 1275/45/1386 1251/46/1386 1255/47/1386 1279/48/1386
f 1276/49/1387 1275/50/1387 1279/51/1387 1280/52/1387
f 1282/53/1388 1281/54/1388 1283/55/1388 1284/56/1388
f 1256/57/1389 1280/58/1389 1282/59/1389 1258/60/1389
f 1280/61/1388 1279/62/1388 1281/63/1388 1282/64/1388
f 1279/65/1386 1255/66/1386 1257/67/1386 1281/68/1386
f 1259/69/1390 1260/70/1390 1284/71/1390 1283/72/1390
f 1281/73/1391 1257/74/1391 1259/75/1391 1283/76/1391
f 1258/81/1392 1282/82/1392 1284/83/1392 1260/84/1392
f 1286/1/1393 1287/4/1393 1263/3/1393 1262/2/1393
f 1264/5/1394 1268/8/1394 1292/7/1394 1288/6/1394
f 1261/9/1395 1264/12/1395 1288/11/1395 1285/10/1395
f 1266/13/1382 1290/16/1382 1286/15/1382 1262/14/1382
f 1285/17/1396 1288/20/1396 1287/19/1396 1286/18/1396
f 1286/33/1397 1290/36/1397 1289/35/1397 1285/34/1397
f 1261/37/1385 1285/40/1385 1289/39/1385 1265/38/1385
f 1287/45/1398 1291/48/1398 1267/47/1398 1263/46/1398
f 1288/49/1399 1292/52/1399 1291/51/1399 1287/50/1399
f 1294/53/1400 1296/56/1400 1295/55/1400 1293/54/1400
f 1268/57/1401 1270/60/1401 1294/59/1401 1292/58/1401
f 1292/61/1397 1294/64/1397 1293/63/1397 1291/62/1397
f 1291/65/1398 1293/68/1398 1269/67/1398 1267/66/1398
f 1271/69/1402 1295/72/1402 1296/71/1402 1272/70/1402
f 1293/73/1398 1295/76/1398 1271/75/1398 1269/74/1398
f 1270/81/1403 1272/84/1403 1296/83/1403 1294/82/1403
f 1298/1/1404 1274/2/1404 1275/3/1404 1299/4/1404
f 1276/5/1405 1300/6/1405 1304/7/1405 1280/8/1405
f 1273/9/1406 1297/10/1406 1300/11/1406 1276/12/1406
f 1278/13/1407 1274/14/1407 1298/15/1407 1302/16/1407
f 1297/17/1408 1298/18/1408 1299/19/1408 1300/20/1408
f 1298/33/1409 1297/34/1409 1301/35/1409 1302/36/1409
f 1273/37/1410 1277/38/1410 1301/39/1410 1297/40/1410
f 1299/45/1411 1275/46/1411 1279/47/1411 1303/48/1411
f 1300/49/1412 1299/50/1412 1303/51/1412 1304/52/1412
f 1306/53/1413 1305/54/1413 1307/55/1413 1308/56/1413
f 1280/57/1414 1304/58/1414 1306/59/1414 1282/60/1414
f 1304/61/1413 1303/62/1413 1305/63/1413 1306/64/1413
f 1303/65/1415 1279/66/1415 1281/67/1415 1305/68/1415
f 1283/69/1416 1284/70/1416 1308/71/1416 1307/72/1416
f 1305/73/1417 1281/74/1417 1283/75/1417 1307/76/1417
f 1282/81/1418 1306/82/1418 1308/83/1418 1284/84/1418
f 1310/1/1419 1311/4/1419 1287/3/1419 1286/2/1419
f 1288/5/1420 1292/8/1420 1316/7/1420 1312/6/1420
f 1285/9/1421 1288/12/1421 1312/11/1421 1309/10/1421
f 1290/13/1407 1314/16/1407 1310/15/1407 1286/14/1407
f 1309/17/1422 1312/20/1422 1311/19/1422 1310/18/1422
f 1310/33/1423 1314/36/1423 1313/35/1423 1309/34/1423
f 1285/37/1410 1309/40/1410 1313/39/1410 1289/38/1410
f 1311/45/1424 1315/48/1424 1291/47/1424 1287/46/1424
f 1312/49/1425 1316/52/1425 1315/51/1425 1311/50/1425
f 1318/53/1426 1320/56/1426 1319/55/1426 1317/54/1426
f 1292/57/1427 1294/60/1427 1318/59/1427 1316/58/1427
f 1316/61/1423 1318/64/1423 1317/63/1423 1315/62/1423
f 1315/65/1428 1317/68/1428 1293/67/1428 1291/66/1428
f 1295/69/1429 1319/72/1429 1320/71/1429 1296/70/1429
f 1317/73/1428 1319/76/1428 1295/75/1428 1293/74/1428
f 1294/81/1430 1296/84/1430 1320/83/1430 1318/82/1430
f 1322/1/1431 1298/2/1431 1299/3/1431 1323/4/1431
f 1300/5/1432 1324/6/1432 1328/7/1432 1304/8/1432
f 1297/9/1433 1321/10/1433 1324/11/1433 1300/12/1433
f 1302/13/1434 1298/14/1434 1322/15/1434 1326/16/1434
f 1321/17/1435 1322/18/1435 1323/19/1435 1324/20/1435
f 1322/33/1435 1321/34/1435 1325/35/1435 1326/36/1435
f 1297/37/1436 1301/38/1436 1325/39/1436 1321/40/1436
f 1323/45/1437 1299/46/1437 1303/47/1437 1327/48/1437
f 1324/49/1438 1323/50/1438 1327/51/1438 1328/52/1438
f 1330/53/1435 1329/54/1435 1331/55/1435 1332/56/1435
f 1304/57/1439 1328/58/1439 1330/59/1439 1306/60/1439
f 1328/61/1440 1327/62/1440 1329/63/1440 1330/64/1440
f 1327/65/1441 1303/66/1441 1305/67/1441 1329/68/1441
f 1307/69/1442 1308/70/1442 1332/71/1442 1331/72/1442
f 1329/73/1441 1305/74/1441 1307/75/1441 1331/76/1441
f 1306/81/1443 1330/82/1443 1332/83/1443 1308/84/1443
f 1334/1/1444 1335/4/1444 1311/3/1444 1310/2/1444
f 1312/5/1445 1316/8/1445 1340/7/1445 1336/6/1445
f 1309/9/1446 1312/12/1446 1336/11/1446 1333/10/1446
f 1314/13/1434 1338/16/1434 1334/15/1434 1310/14/1434
f 1333/17/1447 1336/20/1447 1335/19/1447 1334/18/1447
f 1334/33/1448 1338/36/1448 1337/35/1448 1333/34/1448
f 1309/37/1436 1333/40/1436 1337/39/1436 1313/38/1436
f 1335/45/1449 1339/48/1449 1315/47/1449 1311/46/1449
f 1336/49/1450 1340/52/1450 1339/51/1450 1335/50/1450
f 1342/53/1451 1344/56/1451 1343/55/1451 1341/54/1451
f 1316/57/1452 1318/60/1452 1342/59/1452 1340/58/1452
f 1340/61/1453 1342/64/1453 1341/63/1453 1339/62/1453
f 1339/65/1449 1341/68/1449 1317/67/1449 1315/66/1449
f 1319/69/1454 1343/72/1454 1344/71/1454 1320/70/1454
f 1341/73/1455 1343/76/1455 1319/75/1455 1317/74/1455
f 1318/81/1456 1320/84/1456 1344/83/1456 1342/82/1456
f 1346/1/1457 1322/2/1457 1323/3/1457 1347/4/1457
f 1324/5/1458 1348/6/1458 1352/7/1458 1328/8/1458
f 1321/9/1459 1345/10/1459 1348/11/1459 1324/12/1459
f 1326/13/1460 1322/14/1460 1346/15/1460 1350/16/1460
f 1345/17/1461 1346/18/1461 1347/19/1461 1348/20/1461
f 1346/33/1462 1345/34/1462 1349/35/1462 1350/36/1462
f 1321/37/1463 1325/38/1463 1349/39/1463 1345/40/1463
f 1347/45/1464 1323/46/1464 1327/47/1464 1351/48/1464
f 1348/49/1465 1347/50/1465 1351/51/1465 1352/52/1465
f 1354/53/1466 1353/54/1466 1355/55/1466 1356/56/1466
f 1328/57/1467 1352/58/1467 1354/59/1467 1330/60/1467
f 1352/61/1466 1351/62/1466 1353/63/1466 1354/64/1466
f 1351/65/1468 1327/66/1468 1329/67/1468 1353/68/1468
f 1331/69/1469 1332/70/1469 1356/71/1469 1355/72/1469
f 1353/73/1470 1329/74/1470 1331/75/1470 1355/76/1470
f 1330/81/1471 1354/82/1471 1356/83/1471 1332/84/1471
f 1358/1/1472 1359/4/1472 1335/3/1472 1334/2/1472
f 1336/5/1473 1340/8/1473 1364/7/1473 1360/6/1473
f 1333/9/1474 1336/12/1474 1360/11/1474 1357/10/1474
f 1338/13/1460 1362/16/1460 1358/15/1460 1334/14/1460
f 1357/17/1475 1360/20/1475 1359/19/1475 1358/18/1475
f 1358/33/1475 1362/36/1475 1361/35/1475 1357/34/1475
f 1333/37/1463 1357/40/1463 1361/39/1463 1337/38/1463
f 1359/45/1476 1363/48/1476 1339/47/1476 1335/46/1476
f 1360/49/1477 1364/52/1477 1363/51/1477 1359/50/1477
f 1366/53/1475 1368/56/1475 1367/55/1475 1365/54/1475
f 1340/57/1478 1342/60/1478 1366/59/1478 1364/58/1478
f 1364/61/1475 1366/64/1475 1365/63/1475 1363/62/1475
f 1363/65/1476 1365/68/1476 1341/67/1476 1339/66/1476
f 1343/69/1479 1367/72/1479 1368/71/1479 1344/70/1479
f 1365/73/1480 1367/76/1480 1343/75/1480 1341/74/1480
f 1342/81/1481 1344/84/1481 1368/83/1481 1366/82/1481
f 1370/1/1482 1346/2/1482 1347/3/1482 1371/4/1482
f 1348/5/1483 1372/6/1483 1376/7/1483 1352/8/1483
f 1345/9/1484 1369/10/1484 1372/11/1484 1348/12/1484
f 1350/13/1485 1346/14/1485 1370/15/1485 1374/16/1485
f 1369/17/1486 1370/18/1486 1371/19/1486 1372/20/1486
f 1370/33/1487 1369/34/1487 1373/35/1487 1374/36/1487
f 1345/37/1488 1349/38/1488 1373/39/1488 1369/40/1488
f 1371/45/1489 1347/46/1489 1351/47/1489 1375/48/1489
f 1372/49/1490 1371/50/1490 1375/51/1490 1376/52/1490
f 1378/53/1491 1377/54/1491 1379/55/1491 1380/56/1491
f 1352/57/1492 1376/58/1492 1378/59/1492 1354/60/1492
f 1376/61/1491 1375/62/1491 1377/63/1491 1378/64/1491
f 1375/65/1493 1351/66/1493 1353/67/1493 1377/68/1493
f 1355/69/1494 1356/70/1494 1380/71/1494 1379/72/1494
f 1377/73/1495 1353/74/1495 1355/75/1495 1379/76/1495
f 1354/81/1496 1378/82/1496 1380/83/1496 1356/84/1496
f 1382/1/1497 1383/4/1497 1359/3/1497 1358/2/1497
f 1360/5/1498 1364/8/1498 1388/7/1498 1384/6/1498
f 1357/9/1499 1360/12/1499 1384/11/1499 1381/10/1499
f 1362/13/1485 1386/16/1485 1382/15/1485 1358/14/1485
f 1381/17/1500 1384/20/1500 1383/19/1500 1382/18/1500
f 1382/33/1501 1386/36/1501 1385/35/1501 1381/34/1501
f 1357/37/1488 1381/40/1488 1385/39/1488 1361/38/1488
f 1383/45/1502 1387/48/1502 1363/47/1502 1359/46/1502
f 1384/49/1503 1388/52/1503 1387/51/1503 1383/50/1503
f 1390/53/1501 1392/56/1501 1391/55/1501 1389/54/1501
f 1364/57/1504 1366/60/1504 1390/59/1504 1388/58/1504
f 1388/61/1501 1390/64/1501 1389/63/1501 1387/62/1501
f 1387/65/1505 1389/68/1505 1365/67/1505 1363/66/1505
f 1367/69/1506 1391/72/1506 1392/71/1506 1368/70/1506
f 1389/73/1505 1391/76/1505 1367/75/1505 1365/74/1505
f 1366/81/1507 1368/84/1507 1392/83/1507 1390/82/1507
f 1394/1/1508 1370/2/1508 1371/3/1508 1395/4/1508
f 1372/5/1509 1396/6/1509 1400/7/1509 1376/8/1509
f 1369/9/1510 1393/10/1510 1396/11/1510 1372/12/1510
f 1374/13/1511 1370/14/1511 1394/15/1511 1398/16/1511
f 1393/17/1512 1394/18/1512 1395/19/1512 1396/20/1512
f 1394/33/1513 1393/34/1513 1397/35/1513 1398/36/1513
f 1369/37/1514 1373/38/1514 1397/39/1514 1393/40/1514
f 1395/45/1515 1371/46/1515 1375/47/1515 1399/48/1515
f 1396/49/1516 1395/50/1516 1399/51/1516 1400/52/1516
f 1402/53/1512 1401/54/1512 1403/55/1512 1404/56/1512
f 1376/57/1517 1400/58/1517 1402/59/1517 1378/60/1517
f 1400/61/1512 1399/62/1512 1401/63/1512 1402/64/1512
f 1399/65/1518 1375/66/1518 1377/67/1518 1401/68/1518
f 1379/69/1519 1380/70/1519 1404/71/1519 1403/72/1519
f 1401/73/1518 1377/74/1518 1379/75/1518 1403/76/1518
f 1378/81/1520 1402/82/1520 1404/83/1520 1380/84/1520
f 1406/1/1521 1407/4/1521 1383/3/1521 1382/2/1521
f 1384/5/1522 1388/8/1522 1412/7/1522 1408/6/1522
f 1381/9/1523 1384/12/1523 1408/11/1523 1405/10/1523
f 1386/13/1511 1410/16/1511 1406/15/1511 1382/14/1511
f 1405/17/1524 1408/20/1524 1407/19/1524 1406/18/1524
f 1406/33/1524 1410/36/1524 1409/35/1524 1405/34/1524
f 1381/37/1514 1405/40/1514 1409/39/1514 1385/38/1514
f 1407/45/1525 1411/48/1525 1387/47/1525 1383/46/1525
f 1408/49/1526 1412/52/1526 1411/51/1526 1407/50/1526
f 1414/53/1527 1416/56/1527 1415/55/1527 1413/54/1527
f 1388/57/1528 1390/60/1528 1414/59/1528 1412/58/1528
f 1412/61/1524 1414/64/1524 1413/63/1524 1411/62/1524
f 1411/65/1529 1413/68/1529 1389/67/1529 1387/66/1529
f 1391/69/1530 1415/72/1530 1416/71/1530 1392/70/1530
f 1413/73/1529 1415/76/1529 1391/75/1529 1389/74/1529
f 1390/81/1531 1392/84/1531 1416/83/1531 1414/82/1531
f 1418/1/1532 1394/2/1532 1395/3/1532 1419/4/1532
f 1396/5/1533 1420/6/1533 1424/7/1533 1400/8/1533
f 1393/9/1534 1417/10/1534 1420/11/1534 1396/12/1534
f 1398/13/1535 1394/14/1535 1418/15/1535 1422/16/1535
f 1417/17/1536 1418/18/1536 1419/19/1536 1420/20/1536
f 1418/33/1537 1417/34/1537 1421/35/1537 1422/36/1537
f 1393/37/1538 1397/38/1538 1421/39/1538 1417/40/1538
f 1419/45/1539 1395/46/1539 1399/47/1539 1423/48/1539
f 1420/49/1540 1419/50/1540 1423/51/1540 1424/52/1540
f 1426/53/1541 1425/54/1541 1427/55/1541 1428/56/1541
f 1400/57/1542 1424/58/1542 1426/59/1542 1402/60/1542
f 1424/61/1541 1423/62/1541 1425/63/1541 1426/64/1541
f 1423/65/1539 1399/66/1539 1401/67/1539 1425/68/1539
f 1403/69/1543 1404/70/1543 1428/71/1543 1427/72/1543
f 1425/73/1544 1401/74/1544 1403/75/1544 1427/76/1544
f 1402/81/1545 1426/82/1545 1428/83/1545 1404/84/1545
f 1430/1/1546 1431/4/1546 1407/3/1546 1406/2/1546
f 1408/5/1547 1412/8/1547 1436/7/1547 1432/6/1547
f 1405/9/1548 1408/12/1548 1432/11/1548 1429/10/1548
f 1410/13/1535 1434/16/1535 1430/15/1535 1406/14/1535
f 1429/17/1549 1432/20/1549 1431/19/1549 1430/18/1549
f 1430/33/1550 1434/36/1550 1433/35/1550 1429/34/1550
f 1405/37/1538 1429/40/1538 1433/39/1538 1409/38/1538
f 1431/45/1551 1435/48/1551 1411/47/1551 1407/46/1551
f 1432/49/1552 1436/52/1552 1435/51/1552 1431/50/1552
f 1438/53/1553 1440/56/1553 1439/55/1553 1437/54/1553
f 1412/57/1554 1414/60/1554 1438/59/1554 1436/58/1554
f 1436/61/1550 1438/64/1550 1437/63/1550 1435/62/1550
f 1435/65/1555 1437/68/1555 1413/67/1555 1411/66/1555
f 1415/69/1556 1439/72/1556 1440/71/1556 1416/70/1556
f 1437/73/1555 1439/76/1555 1415/75/1555 1413/74/1555
f 1414/81/1557 1416/84/1557 1440/83/1557 1438/82/1557
f 1442/1/1558 1418/2/1558 1419/3/1558 1443/4/1558
f 1420/5/1559 1444/6/1559 1448/7/1559 1424/8/1559
f 1417/9/1560 1441/10/1560 1444/11/1560 1420/12/1560
f 1422/13/1561 1418/14/1561 1442/15/1561 1446/16/1561
f 1441/17/1562 1442/18/1562 1443/19/1562 1444/20/1562
f 1442/33/1563 1441/34/1563 1445/35/1563 1446/36/1563
f 1417/37/1564 1421/38/1564 1445/39/1564 1441/40/1564
f 1443/45/1565 1419/46/1565 1423/47/1565 1447/48/1565
f 1444/49/1566 1443/50/1566 1447/51/1566 1448/52/1566
f 1450/53/1563 1449/54/1563 1451/55/1563 1452/56/1563
f 1424/57/1567 1448/58/1567 1450/59/1567 1426/60/1567
f 1448/61/1568 1447/62/1568 1449/63/1568 1450/64/1568
f 1447/65/1565 1423/66/1565 1425/67/1565 1449/68/1565
f 1427/69/1569 1428/70/1569 1452/71/1569 1451/72/1569
f 1449/73/1570 1425/74/1570 1427/75/1570 1451/76/1570
f 1426/81/1571 1450/82/1571 1452/83/1571 1428/84/1571
f 1454/1/1572 1455/4/1572 1431/3/1572 1430/2/1572
f 1432/5/1573 1436/8/1573 1460/7/1573 1456/6/1573
f 1429/9/1574 1432/12/1574 1456/11/1574 1453/10/1574
f 1434/13/1561 1458/16/1561 1454/15/1561 1430/14/1561
f 1453/17/1575 1456/20/1575 1455/19/1575 1454/18/1575
f 1454/33/1575 1458/36/1575 1457/35/1575 1453/34/1575
f 1429/37/1564 1453/40/1564 1457/39/1564 1433/38/1564
f 1455/45/1576 1459/48/1576 1435/47/1576 1431/46/1576
f 1456/49/1577 1460/52/1577 1459/51/1577 1455/50/1577
f 1462/53/1575 1464/56/1575 1463/55/1575 1461/54/1575
f 1436/57/1578 1438/60/1578 1462/59/1578 1460/58/1578
f 1460/61/1575 1462/64/1575 1461/63/1575 1459/62/1575
f 1459/65/1576 1461/68/1576 1437/67/1576 1435/66/1576
f 1439/69/1579 1463/72/1579 1464/71/1579 1440/70/1579
f 1461/73/1580 1463/76/1580 1439/75/1580 1437/74/1580
f 1438/81/1581 1440/84/1581 1464/83/1581 1462/82/1581
f 1466/1/1582 1442/2/1582 1443/3/1582 1467/4/1582
f 1444/5/1583 1468/6/1583 1472/7/1583 1448/8/1583
f 1441/9/1584 1465/10/1584 1468/11/1584 1444/12/1584
f 1446/13/1585 1442/14/1585 1466/15/1585 1470/16/1585
f 1465/17/1586 1466/18/1586 1467/19/1586 1468/20/1586
f 1466/33/1586 1465/34/1586 1469/35/1586 1470/36/1586
f 1441/37/1587 1445/38/1587 1469/39/1587 1465/40/1587
f 1467/45/1588 1443/46/1588 1447/47/1588 1471/48/1588
f 1468/49/1589 1467/50/1589 1471/51/1589 1472/52/1589
f 1474/53/1590 1473/54/1590 1475/55/1590 1476/56/1590
f 1448/57/1591 1472/58/1591 1474/59/1591 1450/60/1591
f 1472/61/1592 1471/62/1592 1473/63/1592 1474/64/1592
f 1471/65/1593 1447/66/1593 1449/67/1593 1473/68/1593
f 1451/69/1594 1452/70/1594 1476/71/1594 1475/72/1594
f 1473/73/1595 1449/74/1595 1451/75/1595 1475/76/1595
f 1450/81/1596 1474/82/1596 1476/83/1596 1452/84/1596
f 1478/1/1597 1479/4/1597 1455/3/1597 1454/2/1597
f 1456/5/1598 1460/8/1598 1484/7/1598 1480/6/1598
f 1453/9/1599 1456/12/1599 1480/11/1599 1477/10/1599
f 1458/13/1585 1482/16/1585 1478/15/1585 1454/14/1585
f 1477/17/1600 1480/20/1600 1479/19/1600 1478/18/1600
f 1478/33/1601 1482/36/1601 1481/35/1601 1477/34/1601
f 1453/37/1587 1477/40/1587 1481/39/1587 1457/38/1587
f 1479/45/1602 1483/48/1602 1459/47/1602 1455/46/1602
f 1480/49/1603 1484/52/1603 1483/51/1603 1479/50/1603
f 1486/53/1601 1488/56/1601 1487/55/1601 1485/54/1601
f 1460/57/1604 1462/60/1604 1486/59/1604 1484/58/1604
f 1484/61/1601 1486/64/1601 1485/63/1601 1483/62/1601
f 1483/65/1602 1485/68/1602 1461/67/1602 1459/66/1602
f 1463/69/1605 1487/72/1605 1488/71/1605 1464/70/1605
f 1485/73/1602 1487/76/1602 1463/75/1602 1461/74/1602
f 1462/81/1606 1464/84/1606 1488/83/1606 1486/82/1606
f 1490/1/1607 1466/2/1607 1467/3/1607 1491/4/1607
f 1468/5/1608 1492/6/1608 1496/7/1608 1472/8/1608
f 1465/9/1609 1489/10/1609 1492/11/1609 1468/12/1609
f 1470/13/1610 1466/14/1610 1490/15/1610 1494/16/1610
f 1489/17/1611 1490/18/1611 1491/19/1611 1492/20/1611
f 1490/33/1612 1489/34/1612 1493/35/1612 1494/36/1612
f 1465/37/1613 1469/38/1613 1493/39/1613 1489/40/1613
f 1491/45/1614 1467/46/1614 1471/47/1614 1495/48/1614
f 1492/49/1615 1491/50/1615 1495/51/1615 1496/52/1615
f 1498/53/1616 1497/54/1616 1499/55/1616 1500/56/1616
f 1472/57/1617 1496/58/1617 1498/59/1617 1474/60/1617
f 1496/61/1616 1495/62/1616 1497/63/1616 1498/64/1616
f 1495/65/1618 1471/66/1618 1473/67/1618 1497/68/1618
f 1475/69/1619 1476/70/1619 1500/71/1619 1499/72/1619
f 1497/73/1620 1473/74/1620 1475/75/1620 1499/76/1620
f 1474/81/1621 1498/82/1621 1500/83/1621 1476/84/1621
f 1502/1/1622 1503/4/1622 1479/3/1622 1478/2/1622
f 1480/5/1623 1484/8/1623 1508/7/1623 1504/6/1623
f 1477/9/1624 1480/12/1624 1504/11/1624 1501/10/1624
f 1482/13/1610 1506/16/1610 1502/15/1610 1478/14/1610
f 1501/17/1625 1504/20/1625 1503/19/1625 1502/18/1625
f 1502/33/1626 1506/36/1626 1505/35/1626 1501/34/1626
f 1477/37/1613 1501/40/1613 1505/39/1613 1481/38/1613
f 1503/45/1627 1507/48/1627 1483/47/1627 1479/46/1627
f 1504/49/1628 1508/52/1628 1507/51/1628 1503/50/1628
f 1510/53/1629 1512/56/1629 1511/55/1629 1509/54/1629
f 1484/57/1630 1486/60/1630 1510/59/1630 1508/58/1630
f 1508/61/1626 1510/64/1626 1509/63/1626 1507/62/1626
f 1507/65/1631 1509/68/1631 1485/67/1631 1483/66/1631
f 1487/69/1632 1511/72/1632 1512/71/1632 1488/70/1632
f 1509/73/1631 1511/76/1631 1487/75/1631 1485/74/1631
f 1486/81/1633 1488/84/1633 1512/83/1633 1510/82/1633
f 1514/1/1634 1490/2/1634 1491/3/1634 1515/4/1634
f 1492/5/1635 1516/6/1635 1520/7/1635 1496/8/1635
f 1489/9/1636 1513/10/1636 1516/11/1636 1492/12/1636
f 1494/13/1637 1490/14/1637 1514/15/1637 1518/16/1637
f 1513/17/1638 1514/18/1638 1515/19/1638 1516/20/1638
f 1514/33/1639 1513/34/1639 1517/35/1639 1518/36/1639
f 1489/37/1640 1493/38/1640 1517/39/1640 1513/40/1640
f 1515/45/1641 1491/46/1641 1495/47/1641 1519/48/1641
f 1516/49/1642 1515/50/1642 1519/51/1642 1520/52/1642
f 1522/53/1643 1521/54/1643 1523/55/1643 1524/56/1643
f 1496/57/1644 1520/58/1644 1522/59/1644 1498/60/1644
f 1520/61/1645 1519/62/1645 1521/63/1645 1522/64/1645
f 1519/65/1646 1495/66/1646 1497/67/1646 1521/68/1646
f 1499/69/1647 1500/70/1647 1524/71/1647 1523/72/1647
f 1521/73/1648 1497/74/1648 1499/75/1648 1523/76/1648
f 1498/81/1649 1522/82/1649 1524/83/1649 1500/84/1649
f 1526/1/1650 1527/4/1650 1503/3/1650 1502/2/1650
f 1504/5/1651 1508/8/1651 1532/7/1651 1528/6/1651
f 1501/9/1652 1504/12/1652 1528/11/1652 1525/10/1652
f 1506/13/1653 1530/16/1653 1526/15/1653 1502/14/1653
f 1525/17/1654 1528/20/1654 1527/19/1654 1526/18/1654
f 1526/33/1654 1530/36/1654 1529/35/1654 1525/34/1654
f 1501/37/1655 1525/40/1655 1529/39/1655 1505/38/1655
f 1527/45/1656 1531/48/1656 1507/47/1656 1503/46/1656
f 1528/49/1657 1532/52/1657 1531/51/1657 1527/50/1657
f 1534/53/1658 1536/56/1658 1535/55/1658 1533/54/1658
f 1508/57/1659 1510/60/1659 1534/59/1659 1532/58/1659
f 1532/61/1654 1534/64/1654 1533/63/1654 1531/62/1654
f 1531/65/1660 1533/68/1660 1509/67/1660 1507/66/1660
f 1511/69/1661 1535/72/1661 1536/71/1661 1512/70/1661
f 1533/73/1660 1535/76/1660 1511/75/1660 1509/74/1660
f 1510/81/1662 1512/84/1662 1536/83/1662 1534/82/1662
f 1538/1/1663 1514/2/1663 1515/3/1663 1539/4/1663
f 1516/5/1664 1540/6/1664 1544/7/1664 1520/8/1664
f 1513/9/1665 1537/10/1665 1540/11/1665 1516/12/1665
f 1518/13/1666 1514/14/1666 1538/15/1666 1542/16/1666
f 1537/17/1667 1538/18/1667 1539/19/1667 1540/20/1667
f 1538/33/1667 1537/34/1667 1541/35/1667 1542/36/1667
f 1513/37/1668 1517/38/1668 1541/39/1668 1537/40/1668
f 1539/45/1669 1515/46/1669 1519/47/1669 1543/48/1669
f 1540/49/1670 1539/50/1670 1543/51/1670 1544/52/1670
f 1546/53/1671 1545/54/1671 1547/55/1671 1548/56/1671
f 1520/57/1672 1544/58/1672 1546/59/1672 1522/60/1672
f 1544/61/1673 1543/62/1673 1545/63/1673 1546/64/1673
f 1543/65/1674 1519/66/1674 1521/67/1674 1545/68/1674
f 1523/69/1675 1524/70/1675 1548/71/1675 1547/72/1675
f 1545/73/1676 1521/74/1676 1523/75/1676 1547/76/1676
f 1522/81/1677 1546/82/1677 1548/83/1677 1524/84/1677
f 1550/1/1678 1551/4/1678 1527/3/1678 1526/2/1678
f 1528/5/1679 1532/8/1679 1556/7/1679 1552/6/1679
f 1525/9/1680 1528/12/1680 1552/11/1680 1549/10/1680
f 1530/13/1666 1554/16/1666 1550/15/1666 1526/14/1666
f 1549/17/1681 1552/20/1681 1551/19/1681 1550/18/1681
f 1550/33/1681 1554/36/1681 1553/35/1681 1549/34/1681
f 1525/37/1668 1549/40/1668 1553/39/1668 1529/38/1668
f 1551/45/1682 1555/48/1682 1531/47/1682 1527/46/1682
f 1552/49/1683 1556/52/1683 1555/51/1683 1551/50/1683
f 1558/53/1684 1560/56/1684 1559/55/1684 1557/54/1684
f 1532/57/1685 1534/60/1685 1558/59/1685 1556/58/1685
f 1556/61/1686 1558/64/1686 1557/63/1686 1555/62/1686
f 1555/65/1687 1557/68/1687 1533/67/1687 1531/66/1687
f 1535/69/1688 1559/72/1688 1560/71/1688 1536/70/1688
f 1557/73/1687 1559/76/1687 1535/75/1687 1533/74/1687
f 1534/81/1689 1536/84/1689 1560/83/1689 1558/82/1689
f 1562/1/1690 1538/2/1690 1539/3/1690 1563/4/1690
f 1540/5/1691 1564/6/1691 1568/7/1691 1544/8/1691
f 1537/9/1692 1561/10/1692 1564/11/1692 1540/12/1692
f 1542/13/1693 1538/14/1693 1562/15/1693 1566/16/1693
f 1561/17/1694 1562/18/1694 1563/19/1694 1564/20/1694
f 1562/33/1695 1561/34/1695 1565/35/1695 1566/36/1695
f 1537/37/1696 1541/38/1696 1565/39/1696 1561/40/1696
f 1563/45/1697 1539/46/1697 1543/47/1697 1567/48/1697
f 1564/49/1698 1563/50/1698 1567/51/1698 1568/52/1698
f 1570/53/1699 1569/54/1699 1571/55/1699 1572/56/1699
f 1544/57/1700 1568/58/1700 1570/59/1700 1546/60/1700
f 1568/61/1699 1567/62/1699 1569/63/1699 1570/64/1699
f 1567/65/1701 1543/66/1701 1545/67/1701 1569/68/1701
f 1547/69/1702 1548/70/1702 1572/71/1702 1571/72/1702
f 1569/73/1701 1545/74/1701 1547/75/1701 1571/76/1701
f 1546/81/1703 1570/82/1703 1572/83/1703 1548/84/1703
f 1574/1/1704 1575/4/1704 1551/3/1704 1550/2/1704
f 1552/5/1705 1556/8/1705 1580/7/1705 1576/6/1705
f 1549/9/1706 1552/12/1706 1576/11/1706 1573/10/1706
f 1554/13/1693 1578/16/1693 1574/15/1693 1550/14/1693
f 1573/17/1707 1576/20/1707 1575/19/1707 1574/18/1707
f 1574/33/1708 1578/36/1708 1577/35/1708 1573/34/1708
f 1549/37/1696 1573/40/1696 1577/39/1696 1553/38/1696
f 1575/45/1709 1579/48/1709 1555/47/1709 1551/46/1709
f 1576/49/1710 1580/52/1710 1579/51/1710 1575/50/1710
f 1582/53/1711 1584/56/1711 1583/55/1711 1581/54/1711
f 1556/57/1712 1558/60/1712 1582/59/1712 1580/58/1712
f 1580/61/1708 1582/64/1708 1581/63/1708 1579/62/1708
f 1579/65/1709 1581/68/1709 1557/67/1709 1555/66/1709
f 1559/69/1713 1583/72/1713 1584/71/1713 1560/70/1713
f 1581/73/1714 1583/76/1714 1559/75/1714 1557/74/1714
f 1558/81/1715 1560/84/1715 1584/83/1715 1582/82/1715
f 1586/1/1716 1562/2/1716 1563/3/1716 1587/4/1716
f 1564/5/1717 1588/6/1717 1592/7/1717 1568/8/1717
f 1561/9/1718 1585/10/1718 1588/11/1718 1564/12/1718
f 1566/13/1719 1562/14/1719 1586/15/1719 1590/16/1719
f 1585/17/1720 1586/18/1720 1587/19/1720 1588/20/1720
f 1586/33/1721 1585/34/1721 1589/35/1721 1590/36/1721
f 1561/37/1722 1565/38/1722 1589/39/1722 1585/40/1722
f 1587/45/1723 1563/46/1723 1567/47/1723 1591/48/1723
f 1588/49/1724 1587/50/1724 1591/51/1724 1592/52/1724
f 1594/53/1721 1593/54/1721 1595/55/1721 1596/56/1721
f 1568/57/1725 1592/58/1725 1594/59/1725 1570/60/1725
f 1592/61/1721 1591/62/1721 1593/63/1721 1594/64/1721
f 1591/65/1726 1567/66/1726 1569/67/1726 1593/68/1726
f 1571/69/1727 1572/70/1727 1596/71/1727 1595/72/1727
f 1593/73/1728 1569/74/1728 1571/75/1728 1595/76/1728
f 1570/81/1729 1594/82/1729 1596/83/1729 1572/84/1729
f 1598/1/1730 1599/4/1730 1575/3/1730 1574/2/1730
f 1576/5/1731 1580/8/1731 1604/7/1731 1600/6/1731
f 1573/9/1732 1576/12/1732 1600/11/1732 1597/10/1732
f 1578/13/1719 1602/16/1719 1598/15/1719 1574/14/1719
f 1597/17/1733 1600/20/1733 1599/19/1733 1598/18/1733
f 1598/33/1734 1602/36/1734 1601/35/1734 1597/34/1734
f 1573/37/1722 1597/40/1722 1601/39/1722 1577/38/1722
f 1599/45/1735 1603/48/1735 1579/47/1735 1575/46/1735
f 1600/49/1736 1604/52/1736 1603/51/1736 1599/50/1736
f 1606/53/1734 1608/56/1734 1607/55/1734 1605/54/1734
f 1580/57/1737 1582/60/1737 1606/59/1737 1604/58/1737
f 1604/61/1734 1606/64/1734 1605/63/1734 1603/62/1734
f 1603/65/1735 1605/68/1735 1581/67/1735 1579/66/1735
f 1583/69/1738 1607/72/1738 1608/71/1738 1584/70/1738
f 1605/73/1739 1607/76/1739 1583/75/1739 1581/74/1739
f 1582/81/1740 1584/84/1740 1608/83/1740 1606/82/1740
f 1610/1/1741 1586/2/1741 1587/3/1741 1611/4/1741
f 1588/5/1742 1612/6/1742 1616/7/1742 1592/8/1742
f 1585/9/1743 1609/10/1743 1612/11/1743 1588/12/1743
f 1590/13/1744 1586/14/1744 1610/15/1744 1614/16/1744
f 1609/17/1745 1610/18/1745 1611/19/1745 1612/20/1745
f 1610/33/1746 1609/34/1746 1613/35/1746 1614/36/1746
f 1585/37/1747 1589/38/1747 1613/39/1747 1609/40/1747
f 1611/45/1748 1587/46/1748 1591/47/1748 1615/48/1748
f 1612/49/1749 1611/50/1749 1615/51/1749 1616/52/1749
f 1618/53/1750 1617/54/1750 1619/55/1750 1620/56/1750
f 1592/57/1751 1616/58/1751 1618/59/1751 1594/60/1751
f 1616/61/1750 1615/62/1750 1617/63/1750 1618/64/1750
f 1615/65/1752 1591/66/1752 1593/67/1752 1617/68/1752
f 1595/69/1753 1596/70/1753 1620/71/1753 1619/72/1753
f 1617/73/1752 1593/74/1752 1595/75/1752 1619/76/1752
f 1594/81/1754 1618/82/1754 1620/83/1754 1596/84/1754
f 1622/1/1755 1623/4/1755 1599/3/1755 1598/2/1755
f 1600/5/1756 1604/8/1756 1628/7/1756 1624/6/1756
f 1597/9/1757 1600/12/1757 1624/11/1757 1621/10/1757
f 1602/13/1744 1626/16/1744 1622/15/1744 1598/14/1744
f 1621/17/1758 1624/20/1758 1623/19/1758 1622/18/1758
f 1622/33/1759 1626/36/1759 1625/35/1759 1621/34/1759
f 1597/37/1747 1621/40/1747 1625/39/1747 1601/38/1747
f 1623/45/1760 1627/48/1760 1603/47/1760 1599/46/1760
f 1624/49/1761 1628/52/1761 1627/51/1761 1623/50/1761
f 1630/53/1762 1632/56/1762 1631/55/1762 1629/54/1762
f 1604/57/1763 1606/60/1763 1630/59/1763 1628/58/1763
f 1628/61/1759 1630/64/1759 1629/63/1759 1627/62/1759
f 1627/65/1760 1629/68/1760 1605/67/1760 1603/66/1760
f 1607/69/1764 1631/72/1764 1632/71/1764 1608/70/1764
f 1629/73/1760 1631/76/1760 1607/75/1760 1605/74/1760
f 1606/81/1765 1608/84/1765 1632/83/1765 1630/82/1765
f 1634/1/1766 1610/2/1766 1611/3/1766 1635/4/1766
f 1612/5/1767 1636/6/1767 1640/7/1767 1616/8/1767
f 1609/9/1768 1633/10/1768 1636/11/1768 1612/12/1768
f 1614/13/1769 1610/14/1769 1634/15/1769 1638/16/1769
f 1633/17/1770 1634/18/1770 1635/19/1770 1636/20/1770
f 1634/33/1771 1633/34/1771 1637/35/1771 1638/36/1771
f 1609/37/1772 1613/38/1772 1637/39/1772 1633/40/1772
f 1635/45/1773 1611/46/1773 1615/47/1773 1639/48/1773
f 1636/49/1774 1635/50/1774 1639/51/1774 1640/52/1774
f 1642/53/1771 1641/54/1771 1643/55/1771 1644/56/1771
f 1616/57/1775 1640/58/1775 1642/59/1775 1618/60/1775
f 1640/61/1776 1639/62/1776 1641/63/1776 1642/64/1776
f 1639/65/1777 1615/66/1777 1617/67/1777 1641/68/1777
f 1619/69/1778 1620/70/1778 1644/71/1778 1643/72/1778
f 1641/73/1779 1617/74/1779 1619/75/1779 1643/76/1779
f 1618/81/1780 1642/82/1780 1644/83/1780 1620/84/1780
f 1646/1/1781 1647/4/1781 1623/3/1781 1622/2/1781
f 1624/5/1782 1628/8/1782 1652/7/1782 1648/6/1782
f 1621/9/1783 1624/12/1783 1648/11/1783 1645/10/1783
f 1626/13/1784 1650/16/1784 1646/15/1784 1622/14/1784
f 1645/17/1785 1648/20/1785 1647/19/1785 1646/18/1785
f 1646/33/1786 1650/36/1786 1649/35/1786 1645/34/1786
f 1621/37/1787 1645/40/1787 1649/39/1787 1625/38/1787
f 1647/45/1788 1651/48/1788 1627/47/1788 1623/46/1788
f 1648/49/1789 1652/52/1789 1651/51/1789 1647/50/1789
f 1654/53/1786 1656/56/1786 1655/55/1786 1653/54/1786
f 1628/57/1790 1630/60/1790 1654/59/1790 1652/58/1790
f 1652/61/1785 1654/64/1785 1653/63/1785 1651/62/1785
f 1651/65/1788 1653/68/1788 1629/67/1788 1627/66/1788
f 1631/69/1791 1655/72/1791 1656/71/1791 1632/70/1791
f 1653/73/1788 1655/76/1788 1631/75/1788 1629/74/1788
f 1630/81/1792 1632/84/1792 1656/83/1792 1654/82/1792
f 1658/1/1793 1634/2/1793 1635/3/1793 1659/4/1793
f 1636/5/1794 1660/6/1794 1664/7/1794 1640/8/1794
f 1633/9/1795 1657/10/1795 1660/11/1795 1636/12/1795
f 1638/13/1796 1634/14/1796 1658/15/1796 1662/16/1796
f 1657/17/1797 1658/18/1797 1659/19/1797 1660/20/1797
f 1658/33/1798 1657/34/1798 1661/35/1798 1662/36/1798
f 1633/37/1799 1637/38/1799 1661/39/1799 1657/40/1799
f 1659/45/1800 1635/46/1800 1639/47/1800 1663/48/1800
f 1660/49/1801 1659/50/1801 1663/51/1801 1664/52/1801
f 1666/53/1798 1665/54/1798 1667/55/1798 1668/56/1798
f 1640/57/1802 1664/58/1802 1666/59/1802 1642/60/1802
f 1664/61/1803 1663/62/1803 1665/63/1803 1666/64/1803
f 1663/65/1804 1639/66/1804 1641/67/1804 1665/68/1804
f 1643/69/1805 1644/70/1805 1668/71/1805 1667/72/1805
f 1665/73/1804 1641/74/1804 1643/75/1804 1667/76/1804
f 1642/81/1806 1666/82/1806 1668/83/1806 1644/84/1806
f 1670/1/1807 1671/4/1807 1647/3/1807 1646/2/1807
f 1648/5/1808 1652/8/1808 1676/7/1808 1672/6/1808
f 1645/9/1809 1648/12/1809 1672/11/1809 1669/10/1809
f 1650/13/1796 1674/16/1796 1670/15/1796 1646/14/1796
f 1669/17/1810 1672/20/1810 1671/19/1810 1670/18/1810
f 1670/33/1811 1674/36/1811 1673/35/1811 1669/34/1811
f 1645/37/1799 1669/40/1799 1673/39/1799 1649/38/1799
f 1671/45/1812 1675/48/1812 1651/47/1812 1647/46/1812
f 1672/49/1813 1676/52/1813 1675/51/1813 1671/50/1813
f 1678/53/1814 1680/56/1814 1679/55/1814 1677/54/1814
f 1652/57/1815 1654/60/1815 1678/59/1815 1676/58/1815
f 1676/61/1811 1678/64/1811 1677/63/1811 1675/62/1811
f 1675/65/1816 1677/68/1816 1653/67/1816 1651/66/1816
f 1655/69/1817 1679/72/1817 1680/71/1817 1656/70/1817
f 1677/73/1816 1679/76/1816 1655/75/1816 1653/74/1816
f 1654/81/1818 1656/84/1818 1680/83/1818 1678/82/1818
f 1682/1/1819 1658/2/1819 1659/3/1819 1683/4/1819
f 1660/5/1820 1684/6/1820 1688/7/1820 1664/8/1820
f 1657/9/1821 1681/10/1821 1684/11/1821 1660/12/1821
f 1662/13/1822 1658/14/1822 1682/15/1822 1686/16/1822
f 1681/17/1823 1682/18/1823 1683/19/1823 1684/20/1823
f 1682/33/1824 1681/34/1824 1685/35/1824 1686/36/1824
f 1657/37/1825 1661/38/1825 1685/39/1825 1681/40/1825
f 1683/45/1826 1659/46/1826 1663/47/1826 1687/48/1826
f 1684/49/1827 1683/50/1827 1687/51/1827 1688/52/1827
f 1690/53/1824 1689/54/1824 1691/55/1824 1692/56/1824
f 1664/57/1828 1688/58/1828 1690/59/1828 1666/60/1828
f 1688/61/1829 1687/62/1829 1689/63/1829 1690/64/1829
f 1687/65/1830 1663/66/1830 1665/67/1830 1689/68/1830
f 1667/69/1831 1668/70/1831 1692/71/1831 1691/72/1831
f 1689/73/1832 1665/74/1832 1667/75/1832 1691/76/1832
f 1666/81/1833 1690/82/1833 1692/83/1833 1668/84/1833
f 1694/1/1834 1695/4/1834 1671/3/1834 1670/2/1834
f 1672/5/1835 1676/8/1835 1700/7/1835 1696/6/1835
f 1669/9/1836 1672/12/1836 1696/11/1836 1693/10/1836
f 1674/13/1822 1698/16/1822 1694/15/1822 1670/14/1822
f 1693/17/1837 1696/20/1837 1695/19/1837 1694/18/1837
f 1694/33/1838 1698/36/1838 1697/35/1838 1693/34/1838
f 1669/37/1825 1693/40/1825 1697/39/1825 1673/38/1825
f 1695/45/1839 1699/48/1839 1675/47/1839 1671/46/1839
f 1696/49/1840 1700/52/1840 1699/51/1840 1695/50/1840
f 1702/53/1841 1704/56/1841 1703/55/1841 1701/54/1841
f 1676/57/1842 1678/60/1842 1702/59/1842 1700/58/1842
f 1700/61/1843 1702/64/1843 1701/63/1843 1699/62/1843
f 1699/65/1844 1701/68/1844 1677/67/1844 1675/66/1844
f 1679/69/1845 1703/72/1845 1704/71/1845 1680/70/1845
f 1701/73/1844 1703/76/1844 1679/75/1844 1677/74/1844
f 1678/81/1846 1680/84/1846 1704/83/1846 1702/82/1846
f 1706/1/1847 1682/2/1847 1683/3/1847 1707/4/1847
f 1684/5/1848 1708/6/1848 1712/7/1848 1688/8/1848
f 1681/9/1849 1705/10/1849 1708/11/1849 1684/12/1849
f 1686/13/1850 1682/14/1850 1706/15/1850 1710/16/1850
f 1705/17/1851 1706/18/1851 1707/19/1851 1708/20/1851
f 1706/33/1852 1705/34/1852 1709/35/1852 1710/36/1852
f 1681/37/1853 1685/38/1853 1709/39/1853 1705/40/1853
f 1707/45/1854 1683/46/1854 1687/47/1854 1711/48/1854
f 1708/49/1855 1707/50/1855 1711/51/1855 1712/52/1855
f 1714/53/1852 1713/54/1852 1715/55/1852 1716/56/1852
f 1688/57/1856 1712/58/1856 1714/59/1856 1690/60/1856
f 1712/61/1857 1711/62/1857 1713/63/1857 1714/64/1857
f 1711/65/1858 1687/66/1858 1689/67/1858 1713/68/1858
f 1691/69/1859 1692/70/1859 1716/71/1859 1715/72/1859
f 1713/73/1858 1689/74/1858 1691/75/1858 1715/76/1858
f 1690/81/1860 1714/82/1860 1716/83/1860 1692/84/1860
f 1718/1/1861 1719/4/1861 1695/3/1861 1694/2/1861
f 1696/5/1862 1700/8/1862 1724/7/1862 1720/6/1862
f 1693/9/1863 1696/12/1863 1720/11/1863 1717/10/1863
f 1698/13/1850 1722/16/1850 1718/15/1850 1694/14/1850
f 1717/17/1864 1720/20/1864 1719/19/1864 1718/18/1864
f 1718/33/1865 1722/36/1865 1721/35/1865 1717/34/1865
f 1693/37/1853 1717/40/1853 1721/39/1853 1697/38/1853
f 1719/45/1866 1723/48/1866 1699/47/1866 1695/46/1866
f 1720/49/1867 1724/52/1867 1723/51/1867 1719/50/1867
f 1726/53/1864 1728/56/1864 1727/55/1864 1725/54/1864
f 1700/57/1868 1702/60/1868 1726/59/1868 1724/58/1868
f 1724/61/1865 1726/64/1865 1725/63/1865 1723/62/1865
f 1723/65/1869 1725/68/1869 1701/67/1869 1699/66/1869
f 1703/69/1870 1727/72/1870 1728/71/1870 1704/70/1870
f 1725/73/1871 1727/76/1871 1703/75/1871 1701/74/1871
f 1702/81/1872 1704/84/1872 1728/83/1872 1726/82/1872
f 1730/1/1873 1706/2/1873 1707/3/1873 1731/4/1873
f 1708/5/1874 1732/6/1874 1736/7/1874 1712/8/1874
f 1705/9/1875 1729/10/1875 1732/11/1875 1708/12/1875
f 1710/13/1876 1706/14/1876 1730/15/1876 1734/16/1876
f 1729/17/1877 1730/18/1877 1731/19/1877 1732/20/1877
f 1730/33/1878 1729/34/1878 1733/35/1878 1734/36/1878
f 1705/37/1879 1709/38/1879 1733/39/1879 1729/40/1879
f 1731/45/1880 1707/46/1880 1711/47/1880 1735/48/1880
f 1732/49/1881 1731/50/1881 1735/51/1881 1736/52/1881
f 1738/53/1882 1737/54/1882 1739/55/1882 1740/56/1882
f 1712/57/1883 1736/58/1883 1738/59/1883 1714/60/1883
f 1736/61/1882 1735/62/1882 1737/63/1882 1738/64/1882
f 1735/65/1884 1711/66/1884 1713/67/1884 1737/68/1884
f 1715/69/1885 1716/70/1885 1740/71/1885 1739/72/1885
f 1737/73/1884 1713/74/1884 1715/75/1884 1739/76/1884
f 1714/81/1886 1738/82/1886 1740/83/1886 1716/84/1886
f 1742/1/1887 1743/4/1887 1719/3/1887 1718/2/1887
f 1720/5/1888 1724/8/1888 1748/7/1888 1744/6/1888
f 1717/9/1889 1720/12/1889 1744/11/1889 1741/10/1889
f 1722/13/1876 1746/16/1876 1742/15/1876 1718/14/1876
f 1741/17/1890 1744/20/1890 1743/19/1890 1742/18/1890
f 1742/33/1891 1746/36/1891 1745/35/1891 1741/34/1891
f 1717/37/1879 1741/40/1879 1745/39/1879 1721/38/1879
f 1743/45/1892 1747/48/1892 1723/47/1892 1719/46/1892
f 1744/49/1893 1748/52/1893 1747/51/1893 1743/50/1893
f 1750/53/1894 1752/56/1894 1751/55/1894 1749/54/1894
f 1724/57/1895 1726/60/1895 1750/59/1895 1748/58/1895
f 1748/61/1891 1750/64/1891 1749/63/1891 1747/62/1891
f 1747/65/1892 1749/68/1892 1725/67/1892 1723/66/1892
f 1727/69/1896 1751/72/1896 1752/71/1896 1728/70/1896
f 1749/73/1897 1751/76/1897 1727/75/1897 1725/74/1897
f 1726/81/1898 1728/84/1898 1752/83/1898 1750/82/1898
f 1754/1/1899 1730/2/1899 1731/3/1899 1755/4/1899
f 1732/5/1900 1756/6/1900 1760/7/1900 1736/8/1900
f 1729/9/1901 1753/10/1901 1756/11/1901 1732/12/1901
f 1734/13/1902 1730/14/1902 1754/15/1902 1758/16/1902
f 1753/17/1903 1754/18/1903 1755/19/1903 1756/20/1903
f 1754/33/1904 1753/34/1904 1757/35/1904 1758/36/1904
f 1729/37/1905 1733/38/1905 1757/39/1905 1753/40/1905
f 1755/45/1906 1731/46/1906 1735/47/1906 1759/48/1906
f 1756/49/1907 1755/50/1907 1759/51/1907 1760/52/1907
f 1762/53/1908 1761/54/1908 1763/55/1908 1764/56/1908
f 1736/57/1909 1760/58/1909 1762/59/1909 1738/60/1909
f 1760/61/1908 1759/62/1908 1761/63/1908 1762/64/1908
f 1759/65/1910 1735/66/1910 1737/67/1910 1761/68/1910
f 1739/69/1911 1740/70/1911 1764/71/1911 1763/72/1911
f 1761/73/1912 1737/74/1912 1739/75/1912 1763/76/1912
f 1738/81/1913 1762/82/1913 1764/83/1913 1740/84/1913
f 1766/1/1914 1767/4/1914 1743/3/1914 1742/2/1914
f 1744/5/1915 1748/8/1915 1772/7/1915 1768/6/1915
f 1741/9/1916 1744/12/1916 1768/11/1916 1765/10/1916
f 1746/13/1902 1770/16/1902 1766/15/1902 1742/14/1902
f 1765/17/1917 1768/20/1917 1767/19/1917 1766/18/1917
f 1766/33/1918 1770/36/1918 1769/35/1918 1765/34/1918
f 1741/37/1905 1765/40/1905 1769/39/1905 1745/38/1905
f 1767/45/1919 1771/48/1919 1747/47/1919 1743/46/1919
f 1768/49/1920 1772/52/1920 1771/51/1920 1767/50/1920
f 1774/53/1921 1776/56/1921 1775/55/1921 1773/54/1921
f 1748/57/1922 1750/60/1922 1774/59/1922 1772/58/1922
f 1772/61/1918 1774/64/1918 1773/63/1918 1771/62/1918
f 1771/65/1923 1773/68/1923 1749/67/1923 1747/66/1923
f 1751/69/1924 1775/72/1924 1776/71/1924 1752/70/1924
f 1773/73/1923 1775/76/1923 1751/75/1923 1749/74/1923
f 1750/81/1925 1752/84/1925 1776/83/1925 1774/82/1925
f 1778/1/1926 1754/2/1926 1755/3/1926 1779/4/1926
f 1756/5/1927 1780/6/1927 1784/7/1927 1760/8/1927
f 1753/9/1928 1777/10/1928 1780/11/1928 1756/12/1928
f 1758/13/1929 1754/14/1929 1778/15/1929 1782/16/1929
f 1777/17/1930 1778/18/1930 1779/19/1930 1780/20/1930
f 1778/33/1931 1777/34/1931 1781/35/1931 1782/36/1931
f 1753/37/1932 1757/38/1932 1781/39/1932 1777/40/1932
f 1779/45/1933 1755/46/1933 1759/47/1933 1783/48/1933
f 1780/49/1934 1779/50/1934 1783/51/1934 1784/52/1934
f 1786/53/1935 1785/54/1935 1787/55/1935 1788/56/1935
f 1760/57/1936 1784/58/1936 1786/59/1936 1762/60/1936
f 1784/61/1937 1783/62/1937 1785/63/1937 1786/64/1937
f 1783/65/1938 1759/66/1938 1761/67/1938 1785/68/1938
f 1763/69/1939 1764/70/1939 1788/71/1939 1787/72/1939
f 1785/73/1938 1761/74/1938 1763/75/1938 1787/76/1938
f 1762/81/1940 1786/82/1940 1788/83/1940 1764/84/1940
f 1790/1/1941 1791/4/1941 1767/3/1941 1766/2/1941
f 1768/5/1942 1772/8/1942 1796/7/1942 1792/6/1942
f 1765/9/1943 1768/12/1943 1792/11/1943 1789/10/1943
f 1770/13/1929 1794/16/1929 1790/15/1929 1766/14/1929
f 1789/17/1944 1792/20/1944 1791/19/1944 1790/18/1944
f 1790/33/1945 1794/36/1945 1793/35/1945 1789/34/1945
f 1765/37/1932 1789/40/1932 1793/39/1932 1769/38/1932
f 1791/45/1946 1795/48/1946 1771/47/1946 1767/46/1946
f 1792/49/1947 1796/52/1947 1795/51/1947 1791/50/1947
f 1798/53/1945 1800/56/1945 1799/55/1945 1797/54/1945
f 1772/57/1948 1774/60/1948 1798/59/1948 1796/58/1948
f 1796/61/1945 1798/64/1945 1797/63/1945 1795/62/1945
f 1795/65/1949 1797/68/1949 1773/67/1949 1771/66/1949
f 1775/69/1950 1799/72/1950 1800/71/1950 1776/70/1950
f 1797/73/1949 1799/76/1949 1775/75/1949 1773/74/1949
f 1774/81/1951 1776/84/1951 1800/83/1951 1798/82/1951
f 1802/1/1952 1778/2/1952 1779/3/1952 1803/4/1952
f 1780/5/1953 1804/6/1953 1808/7/1953 1784/8/1953
f 1777/9/1954 1801/10/1954 1804/11/1954 1780/12/1954
f 1782/13/1955 1778/14/1955 1802/15/1955 1806/16/1955
f 1801/17/1956 1802/18/1956 1803/19/1956 1804/20/1956
f 1802/33/1957 1801/34/1957 1805/35/1957 1806/36/1957
f 1777/37/1958 1781/38/1958 1805/39/1958 1801/40/1958
f 1803/45/1959 1779/46/1959 1783/47/1959 1807/48/1959
f 1804/49/1960 1803/50/1960 1807/51/1960 1808/52/1960
f 1810/53/1961 1809/54/1961 1811/55/1961 1812/56/1961
f 1784/57/1962 1808/58/1962 1810/59/1962 1786/60/1962
f 1808/61/1963 1807/62/1963 1809/63/1963 1810/64/1963
f 1807/65/1964 1783/66/1964 1785/67/1964 1809/68/1964
f 1787/69/1965 1788/70/1965 1812/71/1965 1811/72/1965
f 1809/73/1966 1785/74/1966 1787/75/1966 1811/76/1966
f 1786/81/1967 1810/82/1967 1812/83/1967 1788/84/1967
f 1814/1/1968 1815/4/1968 1791/3/1968 1790/2/1968
f 1792/5/1969 1796/8/1969 1820/7/1969 1816/6/1969
f 1789/9/1970 1792/12/1970 1816/11/1970 1813/10/1970
f 1794/13/1955 1818/16/1955 1814/15/1955 1790/14/1955
f 1813/17/1971 1816/20/1971 1815/19/1971 1814/18/1971
f 1814/33/1972 1818/36/1972 1817/35/1972 1813/34/1972
f 1789/37/1958 1813/40/1958 1817/39/1958 1793/38/1958
f 1815/45/1973 1819/48/1973 1795/47/1973 1791/46/1973
f 1816/49/1974 1820/52/1974 1819/51/1974 1815/50/1974
f 1822/53/1975 1824/56/1975 1823/55/1975 1821/54/1975
f 1796/57/1976 1798/60/1976 1822/59/1976 1820/58/1976
f 1820/61/1975 1822/64/1975 1821/63/1975 1819/62/1975
f 1819/65/1973 1821/68/1973 1797/67/1973 1795/66/1973
f 1799/69/1977 1823/72/1977 1824/71/1977 1800/70/1977
f 1821/73/1973 1823/76/1973 1799/75/1973 1797/74/1973
f 1798/81/1978 1800/84/1978 1824/83/1978 1822/82/1978
f 1826/1/1979 1802/2/1979 1803/3/1979 1827/4/1979
f 1804/5/1980 1828/6/1980 1832/7/1980 1808/8/1980
f 1801/9/1981 1825/10/1981 1828/11/1981 1804/12/1981
f 1806/13/1982 1802/14/1982 1826/15/1982 1830/16/1982
f 1825/17/1983 1826/18/1983 1827/19/1983 1828/20/1983
f 1826/33/1983 1825/34/1983 1829/35/1983 1830/36/1983
f 1801/37/1984 1805/38/1984 1829/39/1984 1825/40/1984
f 1827/45/1985 1803/46/1985 1807/47/1985 1831/48/1985
f 1828/49/1986 1827/50/1986 1831/51/1986 1832/52/1986
f 1834/53/1983 1833/54/1983 1835/55/1983 1836/56/1983
f 1808/57/1987 1832/58/1987 1834/59/1987 1810/60/1987
f 1832/61/1983 1831/62/1983 1833/63/1983 1834/64/1983
f 1831/65/1988 1807/66/1988 1809/67/1988 1833/68/1988
f 1811/69/1989 1812/70/1989 1836/71/1989 1835/72/1989
f 1833/73/1988 1809/74/1988 1811/75/1988 1835/76/1988
f 1810/81/1990 1834/82/1990 1836/83/1990 1812/84/1990
f 1838/1/1991 1839/4/1991 1815/3/1991 1814/2/1991
f 1816/5/1992 1820/8/1992 1844/7/1992 1840/6/1992
f 1813/9/1993 1816/12/1993 1840/11/1993 1837/10/1993
f 1818/13/1982 1842/16/1982 1838/15/1982 1814/14/1982
f 1837/17/1994 1840/20/1994 1839/19/1994 1838/18/1994
f 1838/33/1995 1842/36/1995 1841/35/1995 1837/34/1995
f 1813/37/1984 1837/40/1984 1841/39/1984 1817/38/1984
f 1839/45/1996 1843/48/1996 1819/47/1996 1815/46/1996
f 1840/49/1997 1844/52/1997 1843/51/1997 1839/50/1997
f 1846/53/1994 1848/56/1994 1847/55/1994 1845/54/1994
f 1820/57/1998 1822/60/1998 1846/59/1998 1844/58/1998
f 1844/61/1999 1846/64/1999 1845/63/1999 1843/62/1999
f 1843/65/2000 1845/68/2000 1821/67/2000 1819/66/2000
f 1823/69/2001 1847/72/2001 1848/71/2001 1824/70/2001
f 1845/73/2002 1847/76/2002 1823/75/2002 1821/74/2002
f 1822/81/2003 1824/84/2003 1848/83/2003 1846/82/2003
f 1850/1/2004 1826/2/2004 1827/3/2004 1851/4/2004
f 1828/5/2005 1852/6/2005 1856/7/2005 1832/8/2005
f 1825/9/2006 1849/10/2006 1852/11/2006 1828/12/2006
f 1830/13/2007 1826/14/2007 1850/15/2007 1854/16/2007
f 1849/17/2008 1850/18/2008 1851/19/2008 1852/20/2008
f 1850/33/2009 1849/34/2009 1853/35/2009 1854/36/2009
f 1825/37/2010 1829/38/2010 1853/39/2010 1849/40/2010
f 1851/45/2011 1827/46/2011 1831/47/2011 1855/48/2011
f 1852/49/2012 1851/50/2012 1855/51/2012 1856/52/2012
f 1858/53/2013 1857/54/2013 1859/55/2013 1860/56/2013
f 1832/57/2014 1856/58/2014 1858/59/2014 1834/60/2014
f 1856/61/2013 1855/62/2013 1857/63/2013 1858/64/2013
f 1855/65/2015 1831/66/2015 1833/67/2015 1857/68/2015
f 1835/69/2016 1836/70/2016 1860/71/2016 1859/72/2016
f 1857/73/2015 1833/74/2015 1835/75/2015 1859/76/2015
f 1834/81/2017 1858/82/2017 1860/83/2017 1836/84/2017
f 1862/1/2018 1863/4/2018 1839/3/2018 1838/2/2018
f 1840/5/2019 1844/8/2019 1868/7/2019 1864/6/2019
f 1837/9/2020 1840/12/2020 1864/11/2020 1861/10/2020
f 1842/13/2007 1866/16/2007 1862/15/2007 1838/14/2007
f 1861/17/2021 1864/20/2021 1863/19/2021 1862/18/2021
f 1862/33/2022 1866/36/2022 1865/35/2022 1861/34/2022
f 1837/37/2010 1861/40/2010 1865/39/2010 1841/38/2010
f 1863/45/2023 1867/48/2023 1843/47/2023 1839/46/2023
f 1864/49/2024 1868/52/2024 1867/51/2024 1863/50/2024
f 1870/53/2022 1872/56/2022 1871/55/2022 1869/54/2022
f 1844/57/2025 1846/60/2025 1870/59/2025 1868/58/2025
f 1868/61/2022 1870/64/2022 1869/63/2022 1867/62/2022
f 1867/65/2026 1869/68/2026 1845/67/2026 1843/66/2026
f 1847/69/2027 1871/72/2027 1872/71/2027 1848/70/2027
f 1869/73/2026 1871/76/2026 1847/75/2026 1845/74/2026
f 1846/81/2028 1848/84/2028 1872/83/2028 1870/82/2028
f 1874/1/2029 1850/2/2029 1851/3/2029 1875/4/2029
f 1852/5/2030 1876/6/2030 1880/7/2030 1856/8/2030
f 1849/9/2031 1873/10/2031 1876/11/2031 1852/12/2031
f 1854/13/2032 1850/14/2032 1874/15/2032 1878/16/2032
f 1873/17/2033 1874/18/2033 1875/19/2033 1876/20/2033
f 1874/33/2034 1873/34/2034 1877/35/2034 1878/36/2034
f 1849/37/2035 1853/38/2035 1877/39/2035 1873/40/2035
f 1875/45/2036 1851/46/2036 1855/47/2036 1879/48/2036
f 1876/49/2037 1875/50/2037 1879/51/2037 1880/52/2037
f 1882/53/2033 1881/54/2033 1883/55/2033 1884/56/2033
f 1856/57/2038 1880/58/2038 1882/59/2038 1858/60/2038
f 1880/61/2039 1879/62/2039 1881/63/2039 1882/64/2039
f 1879/65/2040 1855/66/2040 1857/67/2040 1881/68/2040
f 1859/69/2041 1860/70/2041 1884/71/2041 1883/72/2041
f 1881/73/2040 1857/74/2040 1859/75/2040 1883/76/2040
f 1858/81/2042 1882/82/2042 1884/83/2042 1860/84/2042
f 1886/1/2043 1887/4/2043 1863/3/2043 1862/2/2043
f 1864/5/2044 1868/8/2044 1892/7/2044 1888/6/2044
f 1861/9/2045 1864/12/2045 1888/11/2045 1885/10/2045
f 1866/13/2032 1890/16/2032 1886/15/2032 1862/14/2032
f 1885/17/2046 1888/20/2046 1887/19/2046 1886/18/2046
f 1886/33/2046 1890/36/2046 1889/35/2046 1885/34/2046
f 1861/37/2035 1885/40/2035 1889/39/2035 1865/38/2035
f 1887/45/2047 1891/48/2047 1867/47/2047 1863/46/2047
f 1888/49/2048 1892/52/2048 1891/51/2048 1887/50/2048
f 1894/53/2046 1896/56/2046 1895/55/2046 1893/54/2046
f 1868/57/2049 1870/60/2049 1894/59/2049 1892/58/2049
f 1892/61/2050 1894/64/2050 1893/63/2050 1891/62/2050
f 1891/65/2047 1893/68/2047 1869/67/2047 1867/66/2047
f 1871/69/2051 1895/72/2051 1896/71/2051 1872/70/2051
f 1893/73/2052 1895/76/2052 1871/75/2052 1869/74/2052
f 1870/81/2053 1872/84/2053 1896/83/2053 1894/82/2053
f 1898/1/2054 1874/2/2054 1875/3/2054 1899/4/2054
f 1876/5/2055 1900/6/2055 1904/7/2055 1880/8/2055
f 1873/9/2056 1897/10/2056 1900/11/2056 1876/12/2056
f 1878/13/2057 1874/14/2057 1898/15/2057 1902/16/2057
f 1897/17/2058 1898/18/2058 1899/19/2058 1900/20/2058
f 1898/33/2059 1897/34/2059 1901/35/2059 1902/36/2059
f 1873/37/2060 1877/38/2060 1901/39/2060 1897/40/2060
f 1899/45/2061 1875/46/2061 1879/47/2061 1903/48/2061
f 1900/49/2062 1899/50/2062 1903/51/2062 1904/52/2062
f 1906/53/2059 1905/54/2059 1907/55/2059 1908/56/2059
f 1880/57/2063 1904/58/2063 1906/59/2063 1882/60/2063
f 1904/61/2064 1903/62/2064 1905/63/2064 1906/64/2064
f 1903/65/2065 1879/66/2065 1881/67/2065 1905/68/2065
f 1883/69/2066 1884/70/2066 1908/71/2066 1907/72/2066
f 1905/73/2067 1881/74/2067 1883/75/2067 1907/76/2067
f 1882/81/2068 1906/82/2068 1908/83/2068 1884/84/2068
f 1910/1/2069 1911/4/2069 1887/3/2069 1886/2/2069
f 1888/5/2070 1892/8/2070 1916/7/2070 1912/6/2070
f 1885/9/2071 1888/12/2071 1912/11/2071 1909/10/2071
f 1890/13/2057 1914/16/2057 1910/15/2057 1886/14/2057
f 1909/17/2072 1912/20/2072 1911/19/2072 1910/18/2072
f 1910/33/2073 1914/36/2073 1913/35/2073 1909/34/2073
f 1885/37/2060 1909/40/2060 1913/39/2060 1889/38/2060
f 1911/45/2074 1915/48/2074 1891/47/2074 1887/46/2074
f 1912/49/2075 1916/52/2075 1915/51/2075 1911/50/2075
f 1918/53/2073 1920/56/2073 1919/55/2073 1917/54/2073
f 1892/57/2076 1894/60/2076 1918/59/2076 1916/58/2076
f 1916/61/2073 1918/64/2073 1917/63/2073 1915/62/2073
f 1915/65/2074 1917/68/2074 1893/67/2074 1891/66/2074
f 1895/69/2077 1919/72/2077 1920/71/2077 1896/70/2077
f 1917/73/2078 1919/76/2078 1895/75/2078 1893/74/2078
f 1894/81/2079 1896/84/2079 1920/83/2079 1918/82/2079
f 1922/1/2080 1898/2/2080 1899/3/2080 1923/4/2080
f 1900/5/2081 1924/6/2081 1928/7/2081 1904/8/2081
f 1897/9/2082 1921/10/2082 1924/11/2082 1900/12/2082
f 1902/13/2083 1898/14/2083 1922/15/2083 1926/16/2083
f 1921/17/2084 1922/18/2084 1923/19/2084 1924/20/2084
f 1922/33/2085 1921/34/2085 1925/35/2085 1926/36/2085
f 1897/37/2086 1901/38/2086 1925/39/2086 1921/40/2086
f 1923/45/2087 1899/46/2087 1903/47/2087 1927/48/2087
f 1924/49/2088 1923/50/2088 1927/51/2088 1928/52/2088
f 1930/53/2089 1929/54/2089 1931/55/2089 1932/56/2089
f 1904/57/2090 1928/58/2090 1930/59/2090 1906/60/2090
f 1928/61/2089 1927/62/2089 1929/63/2089 1930/64/2089
f 1927/65/2091 1903/66/2091 1905/67/2091 1929/68/2091
f 1907/69/2092 1908/70/2092 1932/71/2092 1931/72/2092
f 1929/73/2093 1905/74/2093 1907/75/2093 1931/76/2093
f 1906/81/2094 1930/82/2094 1932/83/2094 1908/84/2094
f 1934/1/2095 1935/4/2095 1911/3/2095 1910/2/2095
f 1912/5/2096 1916/8/2096 1940/7/2096 1936/6/2096
f 1909/9/2097 1912/12/2097 1936/11/2097 1933/10/2097
f 1914/13/2083 1938/16/2083 1934/15/2083 1910/14/2083
f 1933/17/2098 1936/20/2098 1935/19/2098 1934/18/2098
f 1934/33/2099 1938/36/2099 1937/35/2099 1933/34/2099
f 1909/37/2086 1933/40/2086 1937/39/2086 1913/38/2086
f 1935/45/2100 1939/48/2100 1915/47/2100 1911/46/2100
f 1936/49/2101 1940/52/2101 1939/51/2101 1935/50/2101
f 1942/53/2098 1944/56/2098 1943/55/2098 1941/54/2098
f 1916/57/2102 1918/60/2102 1942/59/2102 1940/58/2102
f 1940/61/2099 1942/64/2099 1941/63/2099 1939/62/2099
f 1939/65/2103 1941/68/2103 1917/67/2103 1915/66/2103
f 1919/69/2104 1943/72/2104 1944/71/2104 1920/70/2104
f 1941/73/2103 1943/76/2103 1919/75/2103 1917/74/2103
f 1918/81/2105 1920/84/2105 1944/83/2105 1942/82/2105
f 1946/1/2106 1922/2/2106 1923/3/2106 1947/4/2106
f 1924/5/2107 1948/6/2107 1952/7/2107 1928/8/2107
f 1921/9/2108 1945/10/2108 1948/11/2108 1924/12/2108
f 1926/13/2109 1922/14/2109 1946/15/2109 1950/16/2109
f 1945/17/2110 1946/18/2110 1947/19/2110 1948/20/2110
f 1946/33/2110 1945/34/2110 1949/35/2110 1950/36/2110
f 1921/37/2111 1925/38/2111 1949/39/2111 1945/40/2111
f 1947/45/2112 1923/46/2112 1927/47/2112 1951/48/2112
f 1948/49/2113 1947/50/2113 1951/51/2113 1952/52/2113
f 1954/53/2114 1953/54/2114 1955/55/2114 1956/56/2114
f 1928/57/2115 1952/58/2115 1954/59/2115 1930/60/2115
f 1952/61/2114 1951/62/2114 1953/63/2114 1954/64/2114
f 1951/65/2116 1927/66/2116 1929/67/2116 1953/68/2116
f 1931/69/2117 1932/70/2117 1956/71/2117 1955/72/2117
f 1953/73/2118 1929/74/2118 1931/75/2118 1955/76/2118
f 1930/81/2119 1954/82/2119 1956/83/2119 1932/84/2119
f 1958/1/2120 1959/4/2120 1935/3/2120 1934/2/2120
f 1936/5/2121 1940/8/2121 1964/7/2121 1960/6/2121
f 1933/9/2122 1936/12/2122 1960/11/2122 1957/10/2122
f 1938/13/2109 1962/16/2109 1958/15/2109 1934/14/2109
f 1957/17/2123 1960/20/2123 1959/19/2123 1958/18/2123
f 1958/33/2124 1962/36/2124 1961/35/2124 1957/34/2124
f 1933/37/2111 1957/40/2111 1961/39/2111 1937/38/2111
f 1959/45/2125 1963/48/2125 1939/47/2125 1935/46/2125
f 1960/49/2126 1964/52/2126 1963/51/2126 1959/50/2126
f 1966/53/2127 1968/56/2127 1967/55/2127 1965/54/2127
f 1940/57/2128 1942/60/2128 1966/59/2128 1964/58/2128
f 1964/61/2129 1966/64/2129 1965/63/2129 1963/62/2129
f 1963/65/2125 1965/68/2125 1941/67/2125 1939/66/2125
f 1943/69/2130 1967/72/2130 1968/71/2130 1944/70/2130
f 1965/73/2131 1967/76/2131 1943/75/2131 1941/74/2131
f 1942/81/2132 1944/84/2132 1968/83/2132 1966/82/2132
f 1970/1/2133 1946/2/2133 1947/3/2133 1971/4/2133
f 1948/5/2134 1972/6/2134 1976/7/2134 1952/8/2134
f 1945/9/2135 1969/10/2135 1972/11/2135 1948/12/2135
f 1950/13/2136 1946/14/2136 1970/15/2136 1974/16/2136
f 1969/17/2137 1970/18/2137 1971/19/2137 1972/20/2137
f 1970/33/2138 1969/34/2138 1973/35/2138 1974/36/2138
f 1945/37/2139 1949/38/2139 1973/39/2139 1969/40/2139
f 1971/45/2140 1947/46/2140 1951/47/2140 1975/48/2140
f 1972/49/2141 1971/50/2141 1975/51/2141 1976/52/2141
f 1978/53/2142 1977/54/2142 1979/55/2142 1980/56/2142
f 1952/57/2143 1976/58/2143 1978/59/2143 1954/60/2143
f 1976/61/2142 1975/62/2142 1977/63/2142 1978/64/2142
f 1975/65/2144 1951/66/2144 1953/67/2144 1977/68/2144
f 1955/69/2145 1956/70/2145 1980/71/2145 1979/72/2145
f 1977/73/2146 1953/74/2146 1955/75/2146 1979/76/2146
f 1954/81/2147 1978/82/2147 1980/83/2147 1956/84/2147
f 1982/1/2148 1983/4/2148 1959/3/2148 1958/2/2148
f 1960/5/2149 1964/8/2149 1988/7/2149 1984/6/2149
f 1957/9/2150 1960/12/2150 1984/11/2150 1981/10/2150
f 1962/13/2136 1986/16/2136 1982/15/2136 1958/14/2136
f 1981/17/2151 1984/20/2151 1983/19/2151 1982/18/2151
f 1982/33/2151 1986/36/2151 1985/35/2151 1981/34/2151
f 1957/37/2139 1981/40/2139 1985/39/2139 1961/38/2139
f 1983/45/2152 1987/48/2152 1963/47/2152 1959/46/2152
f 1984/49/2153 1988/52/2153 1987/51/2153 1983/50/2153
f 1990/53/2154 1992/56/2154 1991/55/2154 1989/54/2154
f 1964/57/2155 1966/60/2155 1990/59/2155 1988/58/2155
f 1988/61/2154 1990/64/2154 1989/63/2154 1987/62/2154
f 1987/65/2152 1989/68/2152 1965/67/2152 1963/66/2152
f 1967/69/2156 1991/72/2156 1992/71/2156 1968/70/2156
f 1989/73/2152 1991/76/2152 1967/75/2152 1965/74/2152
f 1966/81/2157 1968/84/2157 1992/83/2157 1990/82/2157
f 1994/1/2158 1970/2/2158 1971/3/2158 1995/4/2158
f 1972/5/2159 1996/6/2159 2000/7/2159 1976/8/2159
f 1969/9/2160 1993/10/2160 1996/11/2160 1972/12/2160
f 1974/13/2161 1970/14/2161 1994/15/2161 1998/16/2161
f 1993/17/2162 1994/18/2162 1995/19/2162 1996/20/2162
f 1994/33/2163 1993/34/2163 1997/35/2163 1998/36/2163
f 1969/37/2164 1973/38/2164 1997/39/2164 1993/40/2164
f 1995/45/2165 1971/46/2165 1975/47/2165 1999/48/2165
f 1996/49/2166 1995/50/2166 1999/51/2166 2000/52/2166
f 2002/53/2167 2001/54/2167 2003/55/2167 2004/56/2167
f 1976/57/2168 2000/58/2168 2002/59/2168 1978/60/2168
f 2000/61/2169 1999/62/2169 2001/63/2169 2002/64/2169
f 1999/65/2170 1975/66/2170 1977/67/2170 2001/68/2170
f 1979/69/2171 1980/70/2171 2004/71/2171 2003/72/2171
f 2001/73/2172 1977/74/2172 1979/75/2172 2003/76/2172
f 1978/81/2173 2002/82/2173 2004/83/2173 1980/84/2173
f 2006/1/2174 2007/4/2174 1983/3/2174 1982/2/2174
f 1984/5/2175 1988/8/2175 2012/7/2175 2008/6/2175
f 1981/9/2176 1984/12/2176 2008/11/2176 2005/10/2176
f 1986/13/2161 2010/16/2161 2006/15/2161 1982/14/2161
f 2005/17/2177 2008/20/2177 2007/19/2177 2006/18/2177
f 2006/33/2178 2010/36/2178 2009/35/2178 2005/34/2178
f 1981/37/2164 2005/40/2164 2009/39/2164 1985/38/2164
f 2007/45/2179 2011/48/2179 1987/47/2179 1983/46/2179
f 2008/49/2180 2012/52/2180 2011/51/2180 2007/50/2180
f 2014/53/2177 2016/56/2177 2015/55/2177 2013/54/2177
f 1988/57/2181 1990/60/2181 2014/59/2181 2012/58/2181
f 2012/61/2182 2014/64/2182 2013/63/2182 2011/62/2182
f 2011/65/2183 2013/68/2183 1989/67/2183 1987/66/2183
f 1991/69/2184 2015/72/2184 2016/71/2184 1992/70/2184
f 2013/73/2183 2015/76/2183 1991/75/2183 1989/74/2183
f 1990/81/2185 1992/84/2185 2016/83/2185 2014/82/2185
f 2018/1/2186 1994/2/2186 1995/3/2186 2019/4/2186
f 1996/5/2187 2020/6/2187 2024/7/2187 2000/8/2187
f 1993/9/2188 2017/10/2188 2020/11/2188 1996/12/2188
f 1998/13/2189 1994/14/2189 2018/15/2189 2022/16/2189
f 2017/17/2190 2018/18/2190 2019/19/2190 2020/20/2190
f 2018/33/2191 2017/34/2191 2021/35/2191 2022/36/2191
f 1993/37/2192 1997/38/2192 2021/39/2192 2017/40/2192
f 2019/45/2193 1995/46/2193 1999/47/2193 2023/48/2193
f 2020/49/2194 2019/50/2194 2023/51/2194 2024/52/2194
f 2026/53/2195 2025/54/2195 2027/55/2195 2028/56/2195
f 2000/57/2196 2024/58/2196 2026/59/2196 2002/60/2196
f 2024/61/2197 2023/62/2197 2025/63/2197 2026/64/2197
f 2023/65/2198 1999/66/2198 2001/67/2198 2025/68/2198
f 2003/69/2199 2004/70/2199 2028/71/2199 2027/72/2199
f 2025/73/2200 2001/74/2200 2003/75/2200 2027/76/2200
f 2002/81/2201 2026/82/2201 2028/83/2201 2004/84/2201
f 2030/1/2202 2031/4/2202 2007/3/2202 2006/2/2202
f 2008/5/2203 2012/8/2203 2036/7/2203 2032/6/2203
f 2005/9/2204 2008/12/2204 2032/11/2204 2029/10/2204
f 2010/13/2189 2034/16/2189 2030/15/2189 2006/14/2189
f 2029/17/2205 2032/20/2205 2031/19/2205 2030/18/2205
f 2030/33/2206 2034/36/2206 2033/35/2206 2029/34/2206
f 2005/37/2192 2029/40/2192 2033/39/2192 2009/38/2192
f 2031/45/2207 2035/48/2207 2011/47/2207 2007/46/2207
f 2032/49/2208 2036/52/2208 2035/51/2208 2031/50/2208
f 2038/53/2209 2040/56/2209 2039/55/2209 2037/54/2209
f 2012/57/2210 2014/60/2210 2038/59/2210 2036/58/2210
f 2036/61/2205 2038/64/2205 2037/63/2205 2035/62/2205
f 2035/65/2207 2037/68/2207 2013/67/2207 2011/66/2207
f 2015/69/2211 2039/72/2211 2040/71/2211 2016/70/2211
f 2037/73/2212 2039/76/2212 2015/75/2212 2013/74/2212
f 2014/81/2213 2016/84/2213 2040/83/2213 2038/82/2213
f 2042/1/2214 2018/2/2214 2019/3/2214 2043/4/2214
f 2020/5/2215 2044/6/2215 2048/7/2215 2024/8/2215
f 2017/9/2216 2041/10/2216 2044/11/2216 2020/12/2216
f 2022/13/2217 2018/14/2217 2042/15/2217 2046/16/2217
f 2041/17/2218 2042/18/2218 2043/19/2218 2044/20/2218
f 2042/33/2219 2041/34/2219 2045/35/2219 2046/36/2219
f 2017/37/2220 2021/38/2220 2045/39/2220 2041/40/2220
f 2043/45/2221 2019/46/2221 2023/47/2221 2047/48/2221
f 2044/49/2222 2043/50/2222 2047/51/2222 2048/52/2222
f 2050/53/2223 2049/54/2223 2051/55/2223 2052/56/2223
f 2024/57/2224 2048/58/2224 2050/59/2224 2026/60/2224
f 2048/61/2223 2047/62/2223 2049/63/2223 2050/64/2223
f 2047/65/2225 2023/66/2225 2025/67/2225 2049/68/2225
f 2027/69/2226 2028/70/2226 2052/71/2226 2051/72/2226
f 2049/73/2227 2025/74/2227 2027/75/2227 2051/76/2227
f 2026/81/2228 2050/82/2228 2052/83/2228 2028/84/2228
f 2054/1/2229 2055/4/2229 2031/3/2229 2030/2/2229
f 2032/5/2230 2036/8/2230 2060/7/2230 2056/6/2230
f 2029/9/2231 2032/12/2231 2056/11/2231 2053/10/2231
f 2034/13/2217 2058/16/2217 2054/15/2217 2030/14/2217
f 2053/17/2232 2056/20/2232 2055/19/2232 2054/18/2232
f 2054/33/2233 2058/36/2233 2057/35/2233 2053/34/2233
f 2029/37/2220 2053/40/2220 2057/39/2220 2033/38/2220
f 2055/45/2234 2059/48/2234 2035/47/2234 2031/46/2234
f 2056/49/2235 2060/52/2235 2059/51/2235 2055/50/2235
f 2062/53/2236 2064/56/2236 2063/55/2236 2061/54/2236
f 2036/57/2237 2038/60/2237 2062/59/2237 2060/58/2237
f 2060/61/2238 2062/64/2238 2061/63/2238 2059/62/2238
f 2059/65/2234 2061/68/2234 2037/67/2234 2035/66/2234
f 2039/69/2239 2063/72/2239 2064/71/2239 2040/70/2239
f 2061/73/2240 2063/76/2240 2039/75/2240 2037/74/2240
f 2038/81/2241 2040/84/2241 2064/83/2241 2062/82/2241
f 2066/1/2242 2042/2/2242 2043/3/2242 2067/4/2242
f 2044/5/2243 2068/6/2243 2072/7/2243 2048/8/2243
f 2041/9/2244 2065/10/2244 2068/11/2244 2044/12/2244
f 2046/13/2245 2042/14/2245 2066/15/2245 2070/16/2245
f 2065/17/2246 2066/18/2246 2067/19/2246 2068/20/2246
f 2066/33/2247 2065/34/2247 2069/35/2247 2070/36/2247
f 2041/37/2248 2045/38/2248 2069/39/2248 2065/40/2248
f 2067/45/2249 2043/46/2249 2047/47/2249 2071/48/2249
f 2068/49/2250 2067/50/2250 2071/51/2250 2072/52/2250
f 2074/53/2251 2073/54/2251 2075/55/2251 2076/56/2251
f 2048/57/2252 2072/58/2252 2074/59/2252 2050/60/2252
f 2072/61/2253 2071/62/2253 2073/63/2253 2074/64/2253
f 2071/65/2254 2047/66/2254 2049/67/2254 2073/68/2254
f 2051/69/2255 2052/70/2255 2076/71/2255 2075/72/2255
f 2073/73/2256 2049/74/2256 2051/75/2256 2075/76/2256
f 2050/81/2257 2074/82/2257 2076/83/2257 2052/84/2257
f 2078/1/2258 2079/4/2258 2055/3/2258 2054/2/2258
f 2056/5/2259 2060/8/2259 2084/7/2259 2080/6/2259
f 2053/9/2260 2056/12/2260 2080/11/2260 2077/10/2260
f 2058/13/2245 2082/16/2245 2078/15/2245 2054/14/2245
f 2077/17/2261 2080/20/2261 2079/19/2261 2078/18/2261
f 2078/33/2262 2082/36/2262 2081/35/2262 2077/34/2262
f 2053/37/2248 2077/40/2248 2081/39/2248 2057/38/2248
f 2079/45/2263 2083/48/2263 2059/47/2263 2055/46/2263
f 2080/49/2264 2084/52/2264 2083/51/2264 2079/50/2264
f 2086/53/2265 2088/56/2265 2087/55/2265 2085/54/2265
f 2060/57/2266 2062/60/2266 2086/59/2266 2084/58/2266
f 2084/61/2265 2086/64/2265 2085/63/2265 2083/62/2265
f 2083/65/2267 2085/68/2267 2061/67/2267 2059/66/2267
f 2063/69/2268 2087/72/2268 2088/71/2268 2064/70/2268
f 2085/73/2269 2087/76/2269 2063/75/2269 2061/74/2269
f 2062/81/2270 2064/84/2270 2088/83/2270 2086/82/2270
f 2090/1/2271 2066/2/2271 2067/3/2271 2091/4/2271
f 2068/5/2272 2092/6/2272 2096/7/2272 2072/8/2272
f 2065/9/2273 2089/10/2273 2092/11/2273 2068/12/2273
f 2070/13/2274 2066/14/2274 2090/15/2274 2094/16/2274
f 2089/17/2275 2090/18/2275 2091/19/2275 2092/20/2275
f 2090/33/2276 2089/34/2276 2093/35/2276 2094/36/2276
f 2065/37/2277 2069/38/2277 2093/39/2277 2089/40/2277
f 2091/45/2278 2067/46/2278 2071/47/2278 2095/48/2278
f 2092/49/2276 2091/50/2276 2095/51/2276 2096/52/2276
f 2098/53/2279 2097/54/2279 2099/55/2279 2100/56/2279
f 2072/57/2280 2096/58/2280 2098/59/2280 2074/60/2280
f 2096/61/2279 2095/62/2279 2097/63/2279 2098/64/2279
f 2095/65/2281 2071/66/2281 2073/67/2281 2097/68/2281
f 2075/69/2282 2076/70/2282 2100/71/2282 2099/72/2282
f 2097/73/2283 2073/74/2283 2075/75/2283 2099/76/2283
f 2074/81/2284 2098/82/2284 2100/83/2284 2076/84/2284
f 2102/1/2285 2103/4/2285 2079/3/2285 2078/2/2285
f 2080/5/2286 2084/8/2286 2108/7/2286 2104/6/2286
f 2077/9/2287 2080/12/2287 2104/11/2287 2101/10/2287
f 2082/13/2274 2106/16/2274 2102/15/2274 2078/14/2274
f 2101/17/2288 2104/20/2288 2103/19/2288 2102/18/2288
f 2102/33/2289 2106/36/2289 2105/35/2289 2101/34/2289
f 2077/37/2277 2101/40/2277 2105/39/2277 2081/38/2277
f 2103/45/2290 2107/48/2290 2083/47/2290 2079/46/2290
f 2104/49/2291 2108/52/2291 2107/51/2291 2103/50/2291
f 2110/53/2292 2112/56/2292 2111/55/2292 2109/54/2292
f 2084/57/2293 2086/60/2293 2110/59/2293 2108/58/2293
f 2108/61/2294 2110/64/2294 2109/63/2294 2107/62/2294
f 2107/65/2290 2109/68/2290 2085/67/2290 2083/66/2290
f 2087/69/2295 2111/72/2295 2112/71/2295 2088/70/2295
f 2109/73/2290 2111/76/2290 2087/75/2290 2085/74/2290
f 2086/81/2296 2088/84/2296 2112/83/2296 2110/82/2296
f 2114/1/2297 2090/2/2297 2091/3/2297 2115/4/2297
f 2092/5/2298 2116/6/2298 2120/7/2298 2096/8/2298
f 2089/9/2299 2113/10/2299 2116/11/2299 2092/12/2299
f 2094/13/2300 2090/14/2300 2114/15/2300 2118/16/2300
f 2113/17/2301 2114/18/2301 2115/19/2301 2116/20/2301
f 2114/33/2302 2113/34/2302 2117/35/2302 2118/36/2302
f 2089/37/2303 2093/38/2303 2117/39/2303 2113/40/2303
f 2115/45/2304 2091/46/2304 2095/47/2304 2119/48/2304
f 2116/49/2305 2115/50/2305 2119/51/2305 2120/52/2305
f 2122/53/2306 2121/54/2306 2123/55/2306 2124/56/2306
f 2096/57/2307 2120/58/2307 2122/59/2307 2098/60/2307
f 2120/61/2306 2119/62/2306 2121/63/2306 2122/64/2306
f 2119/65/2308 2095/66/2308 2097/67/2308 2121/68/2308
f 2099/69/2309 2100/70/2309 2124/71/2309 2123/72/2309
f 2121/73/2310 2097/74/2310 2099/75/2310 2123/76/2310
f 2098/81/2311 2122/82/2311 2124/83/2311 2100/84/2311
f 2126/1/2312 2127/4/2312 2103/3/2312 2102/2/2312
f 2104/5/2313 2108/8/2313 2132/7/2313 2128/6/2313
f 2101/9/2314 2104/12/2314 2128/11/2314 2125/10/2314
f 2106/13/2300 2130/16/2300 2126/15/2300 2102/14/2300
f 2125/17/2315 2128/20/2315 2127/19/2315 2126/18/2315
f 2126/33/2316 2130/36/2316 2129/35/2316 2125/34/2316
f 2101/37/2303 2125/40/2303 2129/39/2303 2105/38/2303
f 2127/45/2317 2131/48/2317 2107/47/2317 2103/46/2317
f 2128/49/2318 2132/52/2318 2131/51/2318 2127/50/2318
f 2134/53/2319 2136/56/2319 2135/55/2319 2133/54/2319
f 2108/57/2320 2110/60/2320 2134/59/2320 2132/58/2320
f 2132/61/2319 2134/64/2319 2133/63/2319 2131/62/2319
f 2131/65/2321 2133/68/2321 2109/67/2321 2107/66/2321
f 2111/69/2322 2135/72/2322 2136/71/2322 2112/70/2322
f 2133/73/2323 2135/76/2323 2111/75/2323 2109/74/2323
f 2110/81/2324 2112/84/2324 2136/83/2324 2134/82/2324
f 2138/1/2325 2114/2/2325 2115/3/2325 2139/4/2325
f 2116/5/2326 2140/6/2326 2144/7/2326 2120/8/2326
f 2113/9/2327 2137/10/2327 2140/11/2327 2116/12/2327
f 2118/13/2328 2114/14/2328 2138/15/2328 2142/16/2328
f 2137/17/2329 2138/18/2329 2139/19/2329 2140/20/2329
f 2138/33/2330 2137/34/2330 2141/35/2330 2142/36/2330
f 2113/37/2331 2117/38/2331 2141/39/2331 2137/40/2331
f 2139/45/2332 2115/46/2332 2119/47/2332 2143/48/2332
f 2140/49/2333 2139/50/2333 2143/51/2333 2144/52/2333
f 2146/53/2330 2145/54/2330 2147/55/2330 2148/56/2330
f 2120/57/2334 2144/58/2334 2146/59/2334 2122/60/2334
f 2144/61/2335 2143/62/2335 2145/63/2335 2146/64/2335
f 2143/65/2336 2119/66/2336 2121/67/2336 2145/68/2336
f 2123/69/2337 2124/70/2337 2148/71/2337 2147/72/2337
f 2145/73/2338 2121/74/2338 2123/75/2338 2147/76/2338
f 2122/81/2339 2146/82/2339 2148/83/2339 2124/84/2339
f 2150/1/2340 2151/4/2340 2127/3/2340 2126/2/2340
f 2128/5/2341 2132/8/2341 2156/7/2341 2152/6/2341
f 2125/9/2342 2128/12/2342 2152/11/2342 2149/10/2342
f 2130/13/2343 2154/16/2343 2150/15/2343 2126/14/2343
f 2149/17/2344 2152/20/2344 2151/19/2344 2150/18/2344
f 2150/33/2345 2154/36/2345 2153/35/2345 2149/34/2345
f 2125/37/2346 2149/40/2346 2153/39/2346 2129/38/2346
f 2151/45/2347 2155/48/2347 2131/47/2347 2127/46/2347
f 2152/49/2348 2156/52/2348 2155/51/2348 2151/50/2348
f 2158/53/2349 2160/56/2349 2159/55/2349 2157/54/2349
f 2132/57/2350 2134/60/2350 2158/59/2350 2156/58/2350
f 2156/61/2345 2158/64/2345 2157/63/2345 2155/62/2345
f 2155/65/2351 2157/68/2351 2133/67/2351 2131/66/2351
f 2135/69/2352 2159/72/2352 2160/71/2352 2136/70/2352
f 2157/73/2351 2159/76/2351 2135/75/2351 2133/74/2351
f 2134/81/2353 2136/84/2353 2160/83/2353 2158/82/2353
f 2162/1/2354 2138/2/2354 2139/3/2354 2163/4/2354
f 2140/5/2355 2164/6/2355 2168/7/2355 2144/8/2355
f 2137/9/2356 2161/10/2356 2164/11/2356 2140/12/2356
f 2142/13/2357 2138/14/2357 2162/15/2357 2166/16/2357
f 2161/17/2358 2162/18/2358 2163/19/2358 2164/20/2358
f 2162/33/2359 2161/34/2359 2165/35/2359 2166/36/2359
f 2137/37/2360 2141/38/2360 2165/39/2360 2161/40/2360
f 2163/45/2361 2139/46/2361 2143/47/2361 2167/48/2361
f 2164/49/2362 2163/50/2362 2167/51/2362 2168/52/2362
f 2170/53/2363 2169/54/2363 2171/55/2363 2172/56/2363
f 2144/57/2364 2168/58/2364 2170/59/2364 2146/60/2364
f 2168/61/2363 2167/62/2363 2169/63/2363 2170/64/2363
f 2167/65/2361 2143/66/2361 2145/67/2361 2169/68/2361
f 2147/69/2365 2148/70/2365 2172/71/2365 2171/72/2365
f 2169/73/2366 2145/74/2366 2147/75/2366 2171/76/2366
f 2146/81/2367 2170/82/2367 2172/83/2367 2148/84/2367
f 2174/1/2368 2175/4/2368 2151/3/2368 2150/2/2368
f 2152/5/2369 2156/8/2369 2180/7/2369 2176/6/2369
f 2149/9/2370 2152/12/2370 2176/11/2370 2173/10/2370
f 2154/13/2357 2178/16/2357 2174/15/2357 2150/14/2357
f 2173/17/2371 2176/20/2371 2175/19/2371 2174/18/2371
f 2174/33/2372 2178/36/2372 2177/35/2372 2173/34/2372
f 2149/37/2360 2173/40/2360 2177/39/2360 2153/38/2360
f 2175/45/2373 2179/48/2373 2155/47/2373 2151/46/2373
f 2176/49/2374 2180/52/2374 2179/51/2374 2175/50/2374
f 2182/53/2375 2184/56/2375 2183/55/2375 2181/54/2375
f 2156/57/2376 2158/60/2376 2182/59/2376 2180/58/2376
f 2180/61/2372 2182/64/2372 2181/63/2372 2179/62/2372
f 2179/65/2377 2181/68/2377 2157/67/2377 2155/66/2377
f 2159/69/2378 2183/72/2378 2184/71/2378 2160/70/2378
f 2181/73/2377 2183/76/2377 2159/75/2377 2157/74/2377
f 2158/81/2379 2160/84/2379 2184/83/2379 2182/82/2379
f 2186/1/2380 2162/2/2380 2163/3/2380 2187/4/2380
f 2164/5/2381 2188/6/2381 2192/7/2381 2168/8/2381
f 2161/9/2382 2185/10/2382 2188/11/2382 2164/12/2382
f 2166/13/2383 2162/14/2383 2186/15/2383 2190/16/2383
f 2185/17/2384 2186/18/2384 2187/19/2384 2188/20/2384
f 2186/33/2385 2185/34/2385 2189/35/2385 2190/36/2385
f 2161/37/2386 2165/38/2386 2189/39/2386 2185/40/2386
f 2187/45/2361 2163/46/2361 2167/47/2361 2191/48/2361
f 2188/49/2387 2187/50/2387 2191/51/2387 2192/52/2387
f 2194/53/2388 2193/54/2388 2195/55/2388 2196/56/2388
f 2168/57/2364 2192/58/2364 2194/59/2364 2170/60/2364
f 2192/61/2388 2191/62/2388 2193/63/2388 2194/64/2388
f 2191/65/2366 2167/66/2366 2169/67/2366 2193/68/2366
f 2171/69/2389 2172/70/2389 2196/71/2389 2195/72/2389
f 2193/73/2366 2169/74/2366 2171/75/2366 2195/76/2366
f 2170/81/2390 2194/82/2390 2196/83/2390 2172/84/2390
f 2198/1/2391 2199/4/2391 2175/3/2391 2174/2/2391
f 2176/5/2392 2180/8/2392 2204/7/2392 2200/6/2392
f 2173/9/2393 2176/12/2393 2200/11/2393 2197/10/2393
f 2178/13/2383 2202/16/2383 2198/15/2383 2174/14/2383
f 2197/17/2394 2200/20/2394 2199/19/2394 2198/18/2394
f 2198/33/2395 2202/36/2395 2201/35/2395 2197/34/2395
f 2173/37/2386 2197/40/2386 2201/39/2386 2177/38/2386
f 2199/45/2396 2203/48/2396 2179/47/2396 2175/46/2396
f 2200/49/2397 2204/52/2397 2203/51/2397 2199/50/2397
f 2206/53/2395 2208/56/2395 2207/55/2395 2205/54/2395
f 2180/57/2398 2182/60/2398 2206/59/2398 2204/58/2398
f 2204/61/2395 2206/64/2395 2205/63/2395 2203/62/2395
f 2203/65/2396 2205/68/2396 2181/67/2396 2179/66/2396
f 2183/69/2399 2207/72/2399 2208/71/2399 2184/70/2399
f 2205/73/2396 2207/76/2396 2183/75/2396 2181/74/2396
f 2182/81/2400 2184/84/2400 2208/83/2400 2206/82/2400
f 2210/1/2401 2186/2/2401 2187/3/2401 2211/4/2401
f 2188/5/2402 2212/6/2402 2216/7/2402 2192/8/2402
f 2185/9/2403 2209/10/2403 2212/11/2403 2188/12/2403
f 2190/13/2404 2186/14/2404 2210/15/2404 2214/16/2404
f 2209/17/2405 2210/18/2405 2211/19/2405 2212/20/2405
f 2210/33/2406 2209/34/2406 2213/35/2406 2214/36/2406
f 2185/37/2407 2189/38/2407 2213/39/2407 2209/40/2407
f 2211/45/2408 2187/46/2408 2191/47/2408 2215/48/2408
f 2212/49/2409 2211/50/2409 2215/51/2409 2216/52/2409
f 2218/53/2410 2217/54/2410 2219/55/2410 2220/56/2410
f 2192/57/2411 2216/58/2411 2218/59/2411 2194/60/2411
f 2216/61/2410 2215/62/2410 2217/63/2410 2218/64/2410
f 2215/65/2408 2191/66/2408 2193/67/2408 2217/68/2408
f 2195/69/2412 2196/70/2412 2220/71/2412 2219/72/2412
f 2217/73/2408 2193/74/2408 2195/75/2408 2219/76/2408
f 2194/81/2413 2218/82/2413 2220/83/2413 2196/84/2413
f 2222/1/2414 2223/4/2414 2199/3/2414 2198/2/2414
f 2200/5/2415 2204/8/2415 2228/7/2415 2224/6/2415
f 2197/9/2416 2200/12/2416 2224/11/2416 2221/10/2416
f 2202/13/2404 2226/16/2404 2222/15/2404 2198/14/2404
f 2221/17/2417 2224/20/2417 2223/19/2417 2222/18/2417
f 2222/33/2418 2226/36/2418 2225/35/2418 2221/34/2418
f 2197/37/2407 2221/40/2407 2225/39/2407 2201/38/2407
f 2223/45/2419 2227/48/2419 2203/47/2419 2199/46/2419
f 2224/49/2420 2228/52/2420 2227/51/2420 2223/50/2420
f 2230/53/2418 2232/56/2418 2231/55/2418 2229/54/2418
f 2204/57/2421 2206/60/2421 2230/59/2421 2228/58/2421
f 2228/61/2422 2230/64/2422 2229/63/2422 2227/62/2422
f 2227/65/2419 2229/68/2419 2205/67/2419 2203/66/2419
f 2207/69/2423 2231/72/2423 2232/71/2423 2208/70/2423
f 2229/73/2419 2231/76/2419 2207/75/2419 2205/74/2419
f 2206/81/2424 2208/84/2424 2232/83/2424 2230/82/2424
f 2234/1/2425 2210/2/2425 2211/3/2425 2235/4/2425
f 2212/5/2426 2236/6/2426 2240/7/2426 2216/8/2426
f 2209/9/2427 2233/10/2427 2236/11/2427 2212/12/2427
f 2214/13/2428 2210/14/2428 2234/15/2428 2238/16/2428
f 2233/17/2429 2234/18/2429 2235/19/2429 2236/20/2429
f 2234/33/2430 2233/34/2430 2237/35/2430 2238/36/2430
f 2209/37/2431 2213/38/2431 2237/39/2431 2233/40/2431
f 2235/45/2432 2211/46/2432 2215/47/2432 2239/48/2432
f 2236/49/2433 2235/50/2433 2239/51/2433 2240/52/2433
f 2242/53/2429 2241/54/2429 2243/55/2429 2244/56/2429
f 2216/57/2434 2240/58/2434 2242/59/2434 2218/60/2434
f 2240/61/2435 2239/62/2435 2241/63/2435 2242/64/2435
f 2239/65/2432 2215/66/2432 2217/67/2432 2241/68/2432
f 2219/69/2436 2220/70/2436 2244/71/2436 2243/72/2436
f 2241/73/2432 2217/74/2432 2219/75/2432 2243/76/2432
f 2218/81/2437 2242/82/2437 2244/83/2437 2220/84/2437
f 2246/1/2438 2247/4/2438 2223/3/2438 2222/2/2438
f 2224/5/2439 2228/8/2439 2252/7/2439 2248/6/2439
f 2221/9/2440 2224/12/2440 2248/11/2440 2245/10/2440
f 2226/13/2428 2250/16/2428 2246/15/2428 2222/14/2428
f 2245/17/2441 2248/20/2441 2247/19/2441 2246/18/2441
f 2246/33/2442 2250/36/2442 2249/35/2442 2245/34/2442
f 2221/37/2431 2245/40/2431 2249/39/2431 2225/38/2431
f 2247/45/2443 2251/48/2443 2227/47/2443 2223/46/2443
f 2248/49/2444 2252/52/2444 2251/51/2444 2247/50/2444
f 2254/53/2442 2256/56/2442 2255/55/2442 2253/54/2442
f 2228/57/2445 2230/60/2445 2254/59/2445 2252/58/2445
f 2252/61/2446 2254/64/2446 2253/63/2446 2251/62/2446
f 2251/65/2443 2253/68/2443 2229/67/2443 2227/66/2443
f 2231/69/2447 2255/72/2447 2256/71/2447 2232/70/2447
f 2253/73/2448 2255/76/2448 2231/75/2448 2229/74/2448
f 2230/81/2449 2232/84/2449 2256/83/2449 2254/82/2449
f 2258/1/2450 2234/2/2450 2235/3/2450 2259/4/2450
f 2236/5/2451 2260/6/2451 2264/7/2451 2240/8/2451
f 2233/9/2452 2257/10/2452 2260/11/2452 2236/12/2452
f 2238/13/2453 2234/14/2453 2258/15/2453 2262/16/2453
f 2257/17/2454 2258/18/2454 2259/19/2454 2260/20/2454
f 2258/33/2454 2257/34/2454 2261/35/2454 2262/36/2454
f 2233/37/2455 2237/38/2455 2261/39/2455 2257/40/2455
f 2259/45/2456 2235/46/2456 2239/47/2456 2263/48/2456
f 2260/49/2457 2259/50/2457 2263/51/2457 2264/52/2457
f 2266/53/2458 2265/54/2458 2267/55/2458 2268/56/2458
f 2240/57/2459 2264/58/2459 2266/59/2459 2242/60/2459
f 2264/61/2460 2263/62/2460 2265/63/2460 2266/64/2460
f 2263/65/2461 2239/66/2461 2241/67/2461 2265/68/2461
f 2243/69/2462 2244/70/2462 2268/71/2462 2267/72/2462
f 2265/73/2461 2241/74/2461 2243/75/2461 2267/76/2461
f 2242/81/2463 2266/82/2463 2268/83/2463 2244/84/2463
f 2270/1/2464 2271/4/2464 2247/3/2464 2246/2/2464
f 2248/5/2465 2252/8/2465 2276/7/2465 2272/6/2465
f 2245/9/2466 2248/12/2466 2272/11/2466 2269/10/2466
f 2250/13/2453 2274/16/2453 2270/15/2453 2246/14/2453
f 2269/17/2467 2272/20/2467 2271/19/2467 2270/18/2467
f 2270/33/2467 2274/36/2467 2273/35/2467 2269/34/2467
f 2245/37/2455 2269/40/2455 2273/39/2455 2249/38/2455
f 2271/45/2468 2275/48/2468 2251/47/2468 2247/46/2468
f 2272/49/2469 2276/52/2469 2275/51/2469 2271/50/2469
f 2278/53/2467 2280/56/2467 2279/55/2467 2277/54/2467
f 2252/57/2470 2254/60/2470 2278/59/2470 2276/58/2470
f 2276/61/2471 2278/64/2471 2277/63/2471 2275/62/2471
f 2275/65/2472 2277/68/2472 2253/67/2472 2251/66/2472
f 2255/69/2473 2279/72/2473 2280/71/2473 2256/70/2473
f 2277/73/2472 2279/76/2472 2255/75/2472 2253/74/2472
f 2254/81/2474 2256/84/2474 2280/83/2474 2278/82/2474
f 2282/1/2475 2258/2/2475 2259/3/2475 2283/4/2475
f 2260/5/2476 2284/6/2476 2288/7/2476 2264/8/2476
f 2257/9/2477 2281/10/2477 2284/11/2477 2260/12/2477
f 2262/13/2478 2258/14/2478 2282/15/2478 2286/16/2478
f 2281/17/2479 2282/18/2479 2283/19/2479 2284/20/2479
f 2282/33/2479 2281/34/2479 2285/35/2479 2286/36/2479
f 2257/37/2480 2261/38/2480 2285/39/2480 2281/40/2480
f 2283/45/2481 2259/46/2481 2263/47/2481 2287/48/2481
f 2284/49/2482 2283/50/2482 2287/51/2482 2288/52/2482
f 2290/53/2479 2289/54/2479 2291/55/2479 2292/56/2479
f 2264/57/2483 2288/58/2483 2290/59/2483 2266/60/2483
f 2288/61/2484 2287/62/2484 2289/63/2484 2290/64/2484
f 2287/65/2485 2263/66/2485 2265/67/2485 2289/68/2485
f 2267/69/2486 2268/70/2486 2292/71/2486 2291/72/2486
f 2289/73/2485 2265/74/2485 2267/75/2485 2291/76/2485
f 2266/81/2487 2290/82/2487 2292/83/2487 2268/84/2487
f 2294/1/2488 2295/4/2488 2271/3/2488 2270/2/2488
f 2272/5/2489 2276/8/2489 2300/7/2489 2296/6/2489
f 2269/9/2490 2272/12/2490 2296/11/2490 2293/10/2490
f 2274/13/2478 2298/16/2478 2294/15/2478 2270/14/2478
f 2293/17/2491 2296/20/2491 2295/19/2491 2294/18/2491
f 2294/33/2491 2298/36/2491 2297/35/2491 2293/34/2491
f 2269/37/2480 2293/40/2480 2297/39/2480 2273/38/2480
f 2295/45/2492 2299/48/2492 2275/47/2492 2271/46/2492
f 2296/49/2493 2300/52/2493 2299/51/2493 2295/50/2493
f 2302/53/2491 2304/56/2491 2303/55/2491 2301/54/2491
f 2276/57/2494 2278/60/2494 2302/59/2494 2300/58/2494
f 2300/61/2495 2302/64/2495 2301/63/2495 2299/62/2495
f 2299/65/2492 2301/68/2492 2277/67/2492 2275/66/2492
f 2279/69/2496 2303/72/2496 2304/71/2496 2280/70/2496
f 2301/73/2492 2303/76/2492 2279/75/2492 2277/74/2492
f 2278/81/2497 2280/84/2497 2304/83/2497 2302/82/2497
f 2306/1/2498 2282/2/2498 2283/3/2498 2307/4/2498
f 2284/5/2499 2308/6/2499 2312/7/2499 2288/8/2499
f 2281/9/2500 2305/10/2500 2308/11/2500 2284/12/2500
f 2286/13/2501 2282/14/2501 2306/15/2501 2310/16/2501
f 2305/17/2502 2306/18/2502 2307/19/2502 2308/20/2502
f 2306/33/2503 2305/34/2503 2309/35/2503 2310/36/2503
f 2281/37/2504 2285/38/2504 2309/39/2504 2305/40/2504
f 2307/45/2505 2283/46/2505 2287/47/2505 2311/48/2505
f 2308/49/2506 2307/50/2506 2311/51/2506 2312/52/2506
f 2314/53/2507 2313/54/2507 2315/55/2507 2316/56/2507
f 2288/57/2508 2312/58/2508 2314/59/2508 2290/60/2508
f 2312/61/2507 2311/62/2507 2313/63/2507 2314/64/2507
f 2311/65/2505 2287/66/2505 2289/67/2505 2313/68/2505
f 2291/69/2509 2292/70/2509 2316/71/2509 2315/72/2509
f 2313/73/2505 2289/74/2505 2291/75/2505 2315/76/2505
f 2290/81/2510 2314/82/2510 2316/83/2510 2292/84/2510
f 2318/1/2511 2319/4/2511 2295/3/2511 2294/2/2511
f 2296/5/2512 2300/8/2512 2324/7/2512 2320/6/2512
f 2293/9/2513 2296/12/2513 2320/11/2513 2317/10/2513
f 2298/13/2501 2322/16/2501 2318/15/2501 2294/14/2501
f 2317/17/2514 2320/20/2514 2319/19/2514 2318/18/2514
f 2318/33/2514 2322/36/2514 2321/35/2514 2317/34/2514
f 2293/37/2504 2317/40/2504 2321/39/2504 2297/38/2504
f 2319/45/2515 2323/48/2515 2299/47/2515 2295/46/2515
f 2320/49/2516 2324/52/2516 2323/51/2516 2319/50/2516
f 2326/53/2514 2328/56/2514 2327/55/2514 2325/54/2514
f 2300/57/2517 2302/60/2517 2326/59/2517 2324/58/2517
f 2324/61/2514 2326/64/2514 2325/63/2514 2323/62/2514
f 2323/65/2515 2325/68/2515 2301/67/2515 2299/66/2515
f 2303/69/2518 2327/72/2518 2328/71/2518 2304/70/2518
f 2325/73/2515 2327/76/2515 2303/75/2515 2301/74/2515
f 2302/81/2519 2304/84/2519 2328/83/2519 2326/82/2519
f 2330/1/2520 2306/2/2520 2307/3/2520 2331/4/2520
f 2308/5/2521 2332/6/2521 2336/7/2521 2312/8/2521
f 2305/9/2522 2329/10/2522 2332/11/2522 2308/12/2522
f 2310/13/2523 2306/14/2523 2330/15/2523 2334/16/2523
f 2329/17/2524 2330/18/2524 2331/19/2524 2332/20/2524
f 2330/33/2525 2329/34/2525 2333/35/2525 2334/36/2525
f 2305/37/2526 2309/38/2526 2333/39/2526 2329/40/2526
f 2331/45/2527 2307/46/2527 2311/47/2527 2335/48/2527
f 2332/49/2528 2331/50/2528 2335/51/2528 2336/52/2528
f 2338/53/2529 2337/54/2529 2339/55/2529 2340/56/2529
f 2312/57/2530 2336/58/2530 2338/59/2530 2314/60/2530
f 2336/61/2529 2335/62/2529 2337/63/2529 2338/64/2529
f 2335/65/2527 2311/66/2527 2313/67/2527 2337/68/2527
f 2315/69/2531 2316/70/2531 2340/71/2531 2339/72/2531
f 2337/73/2532 2313/74/2532 2315/75/2532 2339/76/2532
f 2314/81/2533 2338/82/2533 2340/83/2533 2316/84/2533
f 2342/1/2534 2343/4/2534 2319/3/2534 2318/2/2534
f 2320/5/2535 2324/8/2535 2348/7/2535 2344/6/2535
f 2317/9/2536 2320/12/2536 2344/11/2536 2341/10/2536
f 2322/13/2523 2346/16/2523 2342/15/2523 2318/14/2523
f 2341/17/2537 2344/20/2537 2343/19/2537 2342/18/2537
f 2342/33/2538 2346/36/2538 2345/35/2538 2341/34/2538
f 2317/37/2526 2341/40/2526 2345/39/2526 2321/38/2526
f 2343/45/2539 2347/48/2539 2323/47/2539 2319/46/2539
f 2344/49/2540 2348/52/2540 2347/51/2540 2343/50/2540
f 2350/53/2538 2352/56/2538 2351/55/2538 2349/54/2538
f 2324/57/2541 2326/60/2541 2350/59/2541 2348/58/2541
f 2348/61/2538 2350/64/2538 2349/63/2538 2347/62/2538
f 2347/65/2542 2349/68/2542 2325/67/2542 2323/66/2542
f 2327/69/2543 2351/72/2543 2352/71/2543 2328/70/2543
f 2349/73/2542 2351/76/2542 2327/75/2542 2325/74/2542
f 2326/81/2544 2328/84/2544 2352/83/2544 2350/82/2544
f 2354/1/2545 2330/2/2545 2331/3/2545 2355/4/2545
f 2332/5/2546 2356/6/2546 2360/7/2546 2336/8/2546
f 2329/9/2547 2353/10/2547 2356/11/2547 2332/12/2547
f 2334/13/2548 2330/14/2548 2354/15/2548 2358/16/2548
f 2353/17/2549 2354/18/2549 2355/19/2549 2356/20/2549
f 2354/33/2550 2353/34/2550 2357/35/2550 2358/36/2550
f 2329/37/2551 2333/38/2551 2357/39/2551 2353/40/2551
f 2355/45/2552 2331/46/2552 2335/47/2552 2359/48/2552
f 2356/49/2553 2355/50/2553 2359/51/2553 2360/52/2553
f 2362/53/2550 2361/54/2550 2363/55/2550 2364/56/2550
f 2336/57/2554 2360/58/2554 2362/59/2554 2338/60/2554
f 2360/61/2555 2359/62/2555 2361/63/2555 2362/64/2555
f 2359/65/2556 2335/66/2556 2337/67/2556 2361/68/2556
f 2339/69/2557 2340/70/2557 2364/71/2557 2363/72/2557
f 2361/73/2556 2337/74/2556 2339/75/2556 2363/76/2556
f 2338/81/2558 2362/82/2558 2364/83/2558 2340/84/2558
f 2366/1/2559 2367/4/2559 2343/3/2559 2342/2/2559
f 2344/5/2560 2348/8/2560 2372/7/2560 2368/6/2560
f 2341/9/2561 2344/12/2561 2368/11/2561 2365/10/2561
f 2346/13/2548 2370/16/2548 2366/15/2548 2342/14/2548
f 2365/17/2562 2368/20/2562 2367/19/2562 2366/18/2562
f 2366/33/2563 2370/36/2563 2369/35/2563 2365/34/2563
f 2341/37/2551 2365/40/2551 2369/39/2551 2345/38/2551
f 2367/45/2564 2371/48/2564 2347/47/2564 2343/46/2564
f 2368/49/2565 2372/52/2565 2371/51/2565 2367/50/2565
f 2374/53/2566 2376/56/2566 2375/55/2566 2373/54/2566
f 2348/57/2567 2350/60/2567 2374/59/2567 2372/58/2567
f 2372/61/2563 2374/64/2563 2373/63/2563 2371/62/2563
f 2371/65/2568 2373/68/2568 2349/67/2568 2347/66/2568
f 2351/69/2569 2375/72/2569 2376/71/2569 2352/70/2569
f 2373/73/2568 2375/76/2568 2351/75/2568 2349/74/2568
f 2350/81/2570 2352/84/2570 2376/83/2570 2374/82/2570
f 2378/1/2571 2354/2/2571 2355/3/2571 2379/4/2571
f 2356/5/2572 2380/6/2572 2384/7/2572 2360/8/2572
f 2353/9/2573 2377/10/2573 2380/11/2573 2356/12/2573
f 2358/13/2574 2354/14/2574 2378/15/2574 2382/16/2574
f 2377/17/2575 2378/18/2575 2379/19/2575 2380/20/2575
f 2378/33/2575 2377/34/2575 2381/35/2575 2382/36/2575
f 2353/37/2576 2357/38/2576 2381/39/2576 2377/40/2576
f 2379/45/2577 2355/46/2577 2359/47/2577 2383/48/2577
f 2380/49/2578 2379/50/2578 2383/51/2578 2384/52/2578
f 2386/53/2579 2385/54/2579 2387/55/2579 2388/56/2579
f 2360/57/2580 2384/58/2580 2386/59/2580 2362/60/2580
f 2384/61/2581 2383/62/2581 2385/63/2581 2386/64/2581
f 2383/65/2577 2359/66/2577 2361/67/2577 2385/68/2577
f 2363/69/2582 2364/70/2582 2388/71/2582 2387/72/2582
f 2385/73/2583 2361/74/2583 2363/75/2583 2387/76/2583
f 2362/81/2584 2386/82/2584 2388/83/2584 2364/84/2584
f 2390/1/2585 2391/4/2585 2367/3/2585 2366/2/2585
f 2368/5/2586 2372/8/2586 2396/7/2586 2392/6/2586
f 2365/9/2587 2368/12/2587 2392/11/2587 2389/10/2587
f 2370/13/2574 2394/16/2574 2390/15/2574 2366/14/2574
f 2389/17/2588 2392/20/2588 2391/19/2588 2390/18/2588
f 2390/33/2588 2394/36/2588 2393/35/2588 2389/34/2588
f 2365/37/2576 2389/40/2576 2393/39/2576 2369/38/2576
f 2391/45/2589 2395/48/2589 2371/47/2589 2367/46/2589
f 2392/49/2590 2396/52/2590 2395/51/2590 2391/50/2590
f 2398/53/2588 2400/56/2588 2399/55/2588 2397/54/2588
f 2372/57/2591 2374/60/2591 2398/59/2591 2396/58/2591
f 2396/61/2592 2398/64/2592 2397/63/2592 2395/62/2592
f 2395/65/2593 2397/68/2593 2373/67/2593 2371/66/2593
f 2375/69/2594 2399/72/2594 2400/71/2594 2376/70/2594
f 2397/73/2593 2399/76/2593 2375/75/2593 2373/74/2593
f 2374/81/2595 2376/84/2595 2400/83/2595 2398/82/2595
f 2402/1/2596 2378/2/2596 2379/3/2596 2403/4/2596
f 2380/5/2597 2404/6/2597 2408/7/2597 2384/8/2597
f 2377/9/2598 2401/10/2598 2404/11/2598 2380/12/2598
f 2382/13/2599 2378/14/2599 2402/15/2599 2406/16/2599
f 2401/17/2600 2402/18/2600 2403/19/2600 2404/20/2600
f 2402/33/2600 2401/34/2600 2405/35/2600 2406/36/2600
f 2377/37/2601 2381/38/2601 2405/39/2601 2401/40/2601
f 2403/45/2602 2379/46/2602 2383/47/2602 2407/48/2602
f 2404/49/2603 2403/50/2603 2407/51/2603 2408/52/2603
f 2410/53/2600 2409/54/2600 2411/55/2600 2412/56/2600
f 2384/57/2604 2408/58/2604 2410/59/2604 2386/60/2604
f 2408/61/2605 2407/62/2605 2409/63/2605 2410/64/2605
f 2407/65/2606 2383/66/2606 2385/67/2606 2409/68/2606
f 2387/69/2607 2388/70/2607 2412/71/2607 2411/72/2607
f 2409/73/2606 2385/74/2606 2387/75/2606 2411/76/2606
f 2386/81/2608 2410/82/2608 2412/83/2608 2388/84/2608
f 2414/1/2609 2415/4/2609 2391/3/2609 2390/2/2609
f 2392/5/2610 2396/8/2610 2420/7/2610 2416/6/2610
f 2389/9/2611 2392/12/2611 2416/11/2611 2413/10/2611
f 2394/13/2599 2418/16/2599 2414/15/2599 2390/14/2599
f 2413/17/2612 2416/20/2612 2415/19/2612 2414/18/2612
f 2414/33/2612 2418/36/2612 2417/35/2612 2413/34/2612
f 2389/37/2601 2413/40/2601 2417/39/2601 2393/38/2601
f 2415/45/2613 2419/48/2613 2395/47/2613 2391/46/2613
f 2416/49/2614 2420/52/2614 2419/51/2614 2415/50/2614
f 2422/53/2612 2424/56/2612 2423/55/2612 2421/54/2612
f 2396/57/2615 2398/60/2615 2422/59/2615 2420/58/2615
f 2420/61/2616 2422/64/2616 2421/63/2616 2419/62/2616
f 2419/65/2613 2421/68/2613 2397/67/2613 2395/66/2613
f 2399/69/2617 2423/72/2617 2424/71/2617 2400/70/2617
f 2421/73/2618 2423/76/2618 2399/75/2618 2397/74/2618
f 2398/81/2619 2400/84/2619 2424/83/2619 2422/82/2619
f 2426/1/2620 2402/2/2620 2403/3/2620 2427/4/2620
f 2404/5/2621 2428/6/2621 2432/7/2621 2408/8/2621
f 2401/9/2622 2425/10/2622 2428/11/2622 2404/12/2622
f 2406/13/2623 2402/14/2623 2426/15/2623 2430/16/2623
f 2425/17/2624 2426/18/2624 2427/19/2624 2428/20/2624
f 2426/33/2625 2425/34/2625 2429/35/2625 2430/36/2625
f 2401/37/2626 2405/38/2626 2429/39/2626 2425/40/2626
f 2427/45/2627 2403/46/2627 2407/47/2627 2431/48/2627
f 2428/49/2628 2427/50/2628 2431/51/2628 2432/52/2628
f 2434/53/2625 2433/54/2625 2435/55/2625 2436/56/2625
f 2408/57/2629 2432/58/2629 2434/59/2629 2410/60/2629
f 2432/61/2625 2431/62/2625 2433/63/2625 2434/64/2625
f 2431/65/2630 2407/66/2630 2409/67/2630 2433/68/2630
f 2411/69/2631 2412/70/2631 2436/71/2631 2435/72/2631
f 2433/73/2630 2409/74/2630 2411/75/2630 2435/76/2630
f 2410/81/2632 2434/82/2632 2436/83/2632 2412/84/2632
f 2438/1/2633 2439/4/2633 2415/3/2633 2414/2/2633
f 2416/5/2634 2420/8/2634 2444/7/2634 2440/6/2634
f 2413/9/2635 2416/12/2635 2440/11/2635 2437/10/2635
f 2418/13/2623 2442/16/2623 2438/15/2623 2414/14/2623
f 2437/17/2636 2440/20/2636 2439/19/2636 2438/18/2636
f 2438/33/2637 2442/36/2637 2441/35/2637 2437/34/2637
f 2413/37/2626 2437/40/2626 2441/39/2626 2417/38/2626
f 2439/45/2638 2443/48/2638 2419/47/2638 2415/46/2638
f 2440/49/2639 2444/52/2639 2443/51/2639 2439/50/2639
f 2446/53/2637 2448/56/2637 2447/55/2637 2445/54/2637
f 2420/57/2640 2422/60/2640 2446/59/2640 2444/58/2640
f 2444/61/2641 2446/64/2641 2445/63/2641 2443/62/2641
f 2443/65/2638 2445/68/2638 2421/67/2638 2419/66/2638
f 2423/69/2642 2447/72/2642 2448/71/2642 2424/70/2642
f 2445/73/2643 2447/76/2643 2423/75/2643 2421/74/2643
f 2422/81/2644 2424/84/2644 2448/83/2644 2446/82/2644
f 2450/1/2645 2426/2/2645 2427/3/2645 2451/4/2645
f 2428/5/2646 2452/6/2646 2456/7/2646 2432/8/2646
f 2425/9/2647 2449/10/2647 2452/11/2647 2428/12/2647
f 2430/13/2648 2426/14/2648 2450/15/2648 2454/16/2648
f 2449/17/2649 2450/18/2649 2451/19/2649 2452/20/2649
f 2450/33/2650 2449/34/2650 2453/35/2650 2454/36/2650
f 2425/37/2651 2429/38/2651 2453/39/2651 2449/40/2651
f 2451/45/2652 2427/46/2652 2431/47/2652 2455/48/2652
f 2452/49/2653 2451/50/2653 2455/51/2653 2456/52/2653
f 2458/53/2654 2457/54/2654 2459/55/2654 2460/56/2654
f 2432/57/2655 2456/58/2655 2458/59/2655 2434/60/2655
f 2456/61/2654 2455/62/2654 2457/63/2654 2458/64/2654
f 2455/65/2656 2431/66/2656 2433/67/2656 2457/68/2656
f 2435/69/2657 2436/70/2657 2460/71/2657 2459/72/2657
f 2457/73/2656 2433/74/2656 2435/75/2656 2459/76/2656
f 2434/81/2658 2458/82/2658 2460/83/2658 2436/84/2658
f 2462/1/2659 2463/4/2659 2439/3/2659 2438/2/2659
f 2440/5/2660 2444/8/2660 2468/7/2660 2464/6/2660
f 2437/9/2661 2440/12/2661 2464/11/2661 2461/10/2661
f 2442/13/2648 2466/16/2648 2462/15/2648 2438/14/2648
f 2461/17/2662 2464/20/2662 2463/19/2662 2462/18/2662
f 2462/33/2663 2466/36/2663 2465/35/2663 2461/34/2663
f 2437/37/2651 2461/40/2651 2465/39/2651 2441/38/2651
f 2463/45/2664 2467/48/2664 2443/47/2664 2439/46/2664
f 2464/49/2665 2468/52/2665 2467/51/2665 2463/50/2665
f 2470/53/2666 2472/56/2666 2471/55/2666 2469/54/2666
f 2444/57/2667 2446/60/2667 2470/59/2667 2468/58/2667
f 2468/61/2666 2470/64/2666 2469/63/2666 2467/62/2666
f 2467/65/2664 2469/68/2664 2445/67/2664 2443/66/2664
f 2447/69/2668 2471/72/2668 2472/71/2668 2448/70/2668
f 2469/73/2669 2471/76/2669 2447/75/2669 2445/74/2669
f 2446/81/2670 2448/84/2670 2472/83/2670 2470/82/2670
f 2474/1/2671 2450/2/2671 2451/3/2671 2475/4/2671
f 2452/5/2672 2476/6/2672 2480/7/2672 2456/8/2672
f 2449/9/2673 2473/10/2673 2476/11/2673 2452/12/2673
f 2454/13/2674 2450/14/2674 2474/15/2674 2478/16/2674
f 2473/17/2675 2474/18/2675 2475/19/2675 2476/20/2675
f 2474/33/2676 2473/34/2676 2477/35/2676 2478/36/2676
f 2449/37/2677 2453/38/2677 2477/39/2677 2473/40/2677
f 2475/45/2678 2451/46/2678 2455/47/2678 2479/48/2678
f 2476/49/2679 2475/50/2679 2479/51/2679 2480/52/2679
f 2482/53/2675 2481/54/2675 2483/55/2675 2484/56/2675
f 2456/57/2680 2480/58/2680 2482/59/2680 2458/60/2680
f 2480/61/2681 2479/62/2681 2481/63/2681 2482/64/2681
f 2479/65/2682 2455/66/2682 2457/67/2682 2481/68/2682
f 2459/69/2683 2460/70/2683 2484/71/2683 2483/72/2683
f 2481/73/2682 2457/74/2682 2459/75/2682 2483/76/2682
f 2458/81/2684 2482/82/2684 2484/83/2684 2460/84/2684
f 2486/1/2685 2487/4/2685 2463/3/2685 2462/2/2685
f 2464/5/2686 2468/8/2686 2492/7/2686 2488/6/2686
f 2461/9/2687 2464/12/2687 2488/11/2687 2485/10/2687
f 2466/13/2674 2490/16/2674 2486/15/2674 2462/14/2674
f 2485/17/2688 2488/20/2688 2487/19/2688 2486/18/2688
f 2486/33/2689 2490/36/2689 2489/35/2689 2485/34/2689
f 2461/37/2677 2485/40/2677 2489/39/2677 2465/38/2677
f 2487/45/2690 2491/48/2690 2467/47/2690 2463/46/2690
f 2488/49/2691 2492/52/2691 2491/51/2691 2487/50/2691
f 2494/53/2689 2496/56/2689 2495/55/2689 2493/54/2689
f 2468/57/2692 2470/60/2692 2494/59/2692 2492/58/2692
f 2492/61/2689 2494/64/2689 2493/63/2689 2491/62/2689
f 2491/65/2690 2493/68/2690 2469/67/2690 2467/66/2690
f 2471/69/2693 2495/72/2693 2496/71/2693 2472/70/2693
f 2493/73/2694 2495/76/2694 2471/75/2694 2469/74/2694
f 2470/81/2695 2472/84/2695 2496/83/2695 2494/82/2695
f 2498/1/2696 2474/2/2696 2475/3/2696 2499/4/2696
f 2476/5/2697 2500/6/2697 2504/7/2697 2480/8/2697
f 2473/9/2698 2497/10/2698 2500/11/2698 2476/12/2698
f 2478/13/2699 2474/14/2699 2498/15/2699 2502/16/2699
f 2497/17/2700 2498/18/2700 2499/19/2700 2500/20/2700
f 2498/33/2700 2497/34/2700 2501/35/2700 2502/36/2700
f 2473/37/2701 2477/38/2701 2501/39/2701 2497/40/2701
f 2499/45/2702 2475/46/2702 2479/47/2702 2503/48/2702
f 2500/49/2703 2499/50/2703 2503/51/2703 2504/52/2703
f 2506/53/2700 2505/54/2700 2507/55/2700 2508/56/2700
f 2480/57/2704 2504/58/2704 2506/59/2704 2482/60/2704
f 2504/61/2705 2503/62/2705 2505/63/2705 2506/64/2705
f 2503/65/2706 2479/66/2706 2481/67/2706 2505/68/2706
f 2483/69/2707 2484/70/2707 2508/71/2707 2507/72/2707
f 2505/73/2706 2481/74/2706 2483/75/2706 2507/76/2706
f 2482/81/2708 2506/82/2708 2508/83/2708 2484/84/2708
f 2510/1/2709 2511/4/2709 2487/3/2709 2486/2/2709
f 2488/5/2710 2492/8/2710 2516/7/2710 2512/6/2710
f 2485/9/2711 2488/12/2711 2512/11/2711 2509/10/2711
f 2490/13/2699 2514/16/2699 2510/15/2699 2486/14/2699
f 2509/17/2712 2512/20/2712 2511/19/2712 2510/18/2712
f 2510/33/2712 2514/36/2712 2513/35/2712 2509/34/2712
f 2485/37/2701 2509/40/2701 2513/39/2701 2489/38/2701
f 2511/45/2713 2515/48/2713 2491/47/2713 2487/46/2713
f 2512/49/2714 2516/52/2714 2515/51/2714 2511/50/2714
f 2518/53/2712 2520/56/2712 2519/55/2712 2517/54/2712
f 2492/57/2715 2494/60/2715 2518/59/2715 2516/58/2715
f 2516/61/2716 2518/64/2716 2517/63/2716 2515/62/2716
f 2515/65/2713 2517/68/2713 2493/67/2713 2491/66/2713
f 2495/69/2717 2519/72/2717 2520/71/2717 2496/70/2717
f 2517/73/2718 2519/76/2718 2495/75/2718 2493/74/2718
f 2494/81/2719 2496/84/2719 2520/83/2719 2518/82/2719
f 2522/1/2720 2498/2/2720 2499/3/2720 2523/4/2720
f 2500/5/2721 2524/6/2721 2528/7/2721 2504/8/2721
f 2497/9/2722 2521/10/2722 2524/11/2722 2500/12/2722
f 2502/13/2723 2498/14/2723 2522/15/2723 2526/16/2723
f 2521/17/2724 2522/18/2724 2523/19/2724 2524/20/2724
f 2522/33/2724 2521/34/2724 2525/35/2724 2526/36/2724
f 2497/37/2725 2501/38/2725 2525/39/2725 2521/40/2725
f 2523/45/2726 2499/46/2726 2503/47/2726 2527/48/2726
f 2524/49/2727 2523/50/2727 2527/51/2727 2528/52/2727
f 2530/53/2724 2529/54/2724 2531/55/2724 2532/56/2724
f 2504/57/2728 2528/58/2728 2530/59/2728 2506/60/2728
f 2528/61/2729 2527/62/2729 2529/63/2729 2530/64/2729
f 2527/65/2730 2503/66/2730 2505/67/2730 2529/68/2730
f 2507/69/2731 2508/70/2731 2532/71/2731 2531/72/2731
f 2529/73/2732 2505/74/2732 2507/75/2732 2531/76/2732
f 2506/81/2733 2530/82/2733 2532/83/2733 2508/84/2733
f 2534/1/2734 2535/4/2734 2511/3/2734 2510/2/2734
f 2512/5/2735 2516/8/2735 2540/7/2735 2536/6/2735
f 2509/9/2736 2512/12/2736 2536/11/2736 2533/10/2736
f 2514/13/2723 2538/16/2723 2534/15/2723 2510/14/2723
f 2533/17/2737 2536/20/2737 2535/19/2737 2534/18/2737
f 2534/33/2738 2538/36/2738 2537/35/2738 2533/34/2738
f 2509/37/2725 2533/40/2725 2537/39/2725 2513/38/2725
f 2535/45/2739 2539/48/2739 2515/47/2739 2511/46/2739
f 2536/49/2740 2540/52/2740 2539/51/2740 2535/50/2740
f 2542/53/2738 2544/56/2738 2543/55/2738 2541/54/2738
f 2516/57/2741 2518/60/2741 2542/59/2741 2540/58/2741
f 2540/61/2742 2542/64/2742 2541/63/2742 2539/62/2742
f 2539/65/2739 2541/68/2739 2517/67/2739 2515/66/2739
f 2519/69/2743 2543/72/2743 2544/71/2743 2520/70/2743
f 2541/73/2744 2543/76/2744 2519/75/2744 2517/74/2744
f 2518/81/2745 2520/84/2745 2544/83/2745 2542/82/2745
f 2546/1/2746 2522/2/2746 2523/3/2746 2547/4/2746
f 2524/5/2747 2548/6/2747 2552/7/2747 2528/8/2747
f 2521/9/2748 2545/10/2748 2548/11/2748 2524/12/2748
f 2526/13/2749 2522/14/2749 2546/15/2749 2550/16/2749
f 2545/17/2750 2546/18/2750 2547/19/2750 2548/20/2750
f 2546/33/2750 2545/34/2750 2549/35/2750 2550/36/2750
f 2521/37/2751 2525/38/2751 2549/39/2751 2545/40/2751
f 2547/45/2752 2523/46/2752 2527/47/2752 2551/48/2752
f 2548/49/2753 2547/50/2753 2551/51/2753 2552/52/2753
f 2554/53/2754 2553/54/2754 2555/55/2754 2556/56/2754
f 2528/57/2755 2552/58/2755 2554/59/2755 2530/60/2755
f 2552/61/2756 2551/62/2756 2553/63/2756 2554/64/2756
f 2551/65/2757 2527/66/2757 2529/67/2757 2553/68/2757
f 2531/69/2758 2532/70/2758 2556/71/2758 2555/72/2758
f 2553/73/2757 2529/74/2757 2531/75/2757 2555/76/2757
f 2530/81/2759 2554/82/2759 2556/83/2759 2532/84/2759
f 2558/1/2760 2559/4/2760 2535/3/2760 2534/2/2760
f 2536/5/2761 2540/8/2761 2564/7/2761 2560/6/2761
f 2533/9/2762 2536/12/2762 2560/11/2762 2557/10/2762
f 2538/13/2749 2562/16/2749 2558/15/2749 2534/14/2749
f 2557/17/2763 2560/20/2763 2559/19/2763 2558/18/2763
f 2558/33/2764 2562/36/2764 2561/35/2764 2557/34/2764
f 2533/37/2751 2557/40/2751 2561/39/2751 2537/38/2751
f 2559/45/2765 2563/48/2765 2539/47/2765 2535/46/2765
f 2560/49/2766 2564/52/2766 2563/51/2766 2559/50/2766
f 2566/53/2767 2568/56/2767 2567/55/2767 2565/54/2767
f 2540/57/2768 2542/60/2768 2566/59/2768 2564/58/2768
f 2564/61/2764 2566/64/2764 2565/63/2764 2563/62/2764
f 2563/65/2769 2565/68/2769 2541/67/2769 2539/66/2769
f 2543/69/2770 2567/72/2770 2568/71/2770 2544/70/2770
f 2565/73/2769 2567/76/2769 2543/75/2769 2541/74/2769
f 2542/81/2771 2544/84/2771 2568/83/2771 2566/82/2771
f 2570/1/2772 2546/2/2772 2547/3/2772 2571/4/2772
f 2548/5/2773 2572/6/2773 2576/7/2773 2552/8/2773
f 2545/9/2774 2569/10/2774 2572/11/2774 2548/12/2774
f 2550/13/2775 2546/14/2775 2570/15/2775 2574/16/2775
f 2569/17/2776 2570/18/2776 2571/19/2776 2572/20/2776
f 2570/33/2776 2569/34/2776 2573/35/2776 2574/36/2776
f 2545/37/2777 2549/38/2777 2573/39/2777 2569/40/2777
f 2571/45/2778 2547/46/2778 2551/47/2778 2575/48/2778
f 2572/49/2779 2571/50/2779 2575/51/2779 2576/52/2779
f 2578/53/2776 2577/54/2776 2579/55/2776 2580/56/2776
f 2552/57/2780 2576/58/2780 2578/59/2780 2554/60/2780
f 2576/61/2781 2575/62/2781 2577/63/2781 2578/64/2781
f 2575/65/2782 2551/66/2782 2553/67/2782 2577/68/2782
f 2555/69/2783 2556/70/2783 2580/71/2783 2579/72/2783
f 2577/73/2782 2553/74/2782 2555/75/2782 2579/76/2782
f 2554/81/2784 2578/82/2784 2580/83/2784 2556/84/2784
f 2582/1/2785 2583/4/2785 2559/3/2785 2558/2/2785
f 2560/5/2786 2564/8/2786 2588/7/2786 2584/6/2786
f 2557/9/2787 2560/12/2787 2584/11/2787 2581/10/2787
f 2562/13/2775 2586/16/2775 2582/15/2775 2558/14/2775
f 2581/17/2788 2584/20/2788 2583/19/2788 2582/18/2788
f 2582/33/2789 2586/36/2789 2585/35/2789 2581/34/2789
f 2557/37/2777 2581/40/2777 2585/39/2777 2561/38/2777
f 2583/45/2790 2587/48/2790 2563/47/2790 2559/46/2790
f 2584/49/2791 2588/52/2791 2587/51/2791 2583/50/2791
f 2590/53/2792 2592/56/2792 2591/55/2792 2589/54/2792
f 2564/57/2793 2566/60/2793 2590/59/2793 2588/58/2793
f 2588/61/2789 2590/64/2789 2589/63/2789 2587/62/2789
f 2587/65/2794 2589/68/2794 2565/67/2794 2563/66/2794
f 2567/69/2795 2591/72/2795 2592/71/2795 2568/70/2795
f 2589/73/2794 2591/76/2794 2567/75/2794 2565/74/2794
f 2566/81/2796 2568/84/2796 2592/83/2796 2590/82/2796
f 2594/1/2797 2570/2/2797 2571/3/2797 2595/4/2797
f 2572/5/2798 2596/6/2798 2600/7/2798 2576/8/2798
f 2569/9/2799 2593/10/2799 2596/11/2799 2572/12/2799
f 2574/13/2800 2570/14/2800 2594/15/2800 2598/16/2800
f 2593/17/2801 2594/18/2801 2595/19/2801 2596/20/2801
f 2594/33/2801 2593/34/2801 2597/35/2801 2598/36/2801
f 2569/37/2802 2573/38/2802 2597/39/2802 2593/40/2802
f 2595/45/2803 2571/46/2803 2575/47/2803 2599/48/2803
f 2596/49/2804 2595/50/2804 2599/51/2804 2600/52/2804
f 2602/53/2801 2601/54/2801 2603/55/2801 2604/56/2801
f 2576/57/2805 2600/58/2805 2602/59/2805 2578/60/2805
f 2600/61/2806 2599/62/2806 2601/63/2806 2602/64/2806
f 2599/65/2807 2575/66/2807 2577/67/2807 2601/68/2807
f 2579/69/2808 2580/70/2808 2604/71/2808 2603/72/2808
f 2601/73/2807 2577/74/2807 2579/75/2807 2603/76/2807
f 2578/81/2809 2602/82/2809 2604/83/2809 2580/84/2809
f 2606/1/2810 2607/4/2810 2583/3/2810 2582/2/2810
f 2584/5/2811 2588/8/2811 2612/7/2811 2608/6/2811
f 2581/9/2812 2584/12/2812 2608/11/2812 2605/10/2812
f 2586/13/2800 2610/16/2800 2606/15/2800 2582/14/2800
f 2605/17/2813 2608/20/2813 2607/19/2813 2606/18/2813
f 2606/33/2814 2610/36/2814 2609/35/2814 2605/34/2814
f 2581/37/2802 2605/40/2802 2609/39/2802 2585/38/2802
f 2607/45/2815 2611/48/2815 2587/47/2815 2583/46/2815
f 2608/49/2816 2612/52/2816 2611/51/2816 2607/50/2816
f 2614/53/2814 2616/56/2814 2615/55/2814 2613/54/2814
f 2588/57/2817 2590/60/2817 2614/59/2817 2612/58/2817
f 2612/61/2814 2614/64/2814 2613/63/2814 2611/62/2814
f 2611/65/2818 2613/68/2818 2589/67/2818 2587/66/2818
f 2591/69/2819 2615/72/2819 2616/71/2819 2592/70/2819
f 2613/73/2820 2615/76/2820 2591/75/2820 2589/74/2820
f 2590/81/2821 2592/84/2821 2616/83/2821 2614/82/2821
f 2618/1/2822 2594/2/2822 2595/3/2822 2619/4/2822
f 2596/5/2823 2620/6/2823 2624/7/2823 2600/8/2823
f 2593/9/2824 2617/10/2824 2620/11/2824 2596/12/2824
f 2598/13/2825 2594/14/2825 2618/15/2825 2622/16/2825
f 2617/17/2826 2618/18/2826 2619/19/2826 2620/20/2826
f 2618/33/2827 2617/34/2827 2621/35/2827 2622/36/2827
f 2593/37/2828 2597/38/2828 2621/39/2828 2617/40/2828
f 2619/45/2829 2595/46/2829 2599/47/2829 2623/48/2829
f 2620/49/2830 2619/50/2830 2623/51/2830 2624/52/2830
f 2626/53/2827 2625/54/2827 2627/55/2827 2628/56/2827
f 2600/57/2831 2624/58/2831 2626/59/2831 2602/60/2831
f 2624/61/2827 2623/62/2827 2625/63/2827 2626/64/2827
f 2623/65/2832 2599/66/2832 2601/67/2832 2625/68/2832
f 2603/69/2833 2604/70/2833 2628/71/2833 2627/72/2833
f 2625/73/2832 2601/74/2832 2603/75/2832 2627/76/2832
f 2602/81/2834 2626/82/2834 2628/83/2834 2604/84/2834
f 2630/1/2835 2631/4/2835 2607/3/2835 2606/2/2835
f 2608/5/2836 2612/8/2836 2636/7/2836 2632/6/2836
f 2605/9/2837 2608/12/2837 2632/11/2837 2629/10/2837
f 2610/13/2825 2634/16/2825 2630/15/2825 2606/14/2825
f 2629/17/2838 2632/20/2838 2631/19/2838 2630/18/2838
f 2630/33/2839 2634/36/2839 2633/35/2839 2629/34/2839
f 2605/37/2828 2629/40/2828 2633/39/2828 2609/38/2828
f 2631/45/2840 2635/48/2840 2611/47/2840 2607/46/2840
f 2632/49/2841 2636/52/2841 2635/51/2841 2631/50/2841
f 2638/53/2839 2640/56/2839 2639/55/2839 2637/54/2839
f 2612/57/2842 2614/60/2842 2638/59/2842 2636/58/2842
f 2636/61/2843 2638/64/2843 2637/63/2843 2635/62/2843
f 2635/65/2844 2637/68/2844 2613/67/2844 2611/66/2844
f 2615/69/2845 2639/72/2845 2640/71/2845 2616/70/2845
f 2637/73/2846 2639/76/2846 2615/75/2846 2613/74/2846
f 2614/81/2847 2616/84/2847 2640/83/2847 2638/82/2847
f 2642/1/2848 2618/2/2848 2619/3/2848 2643/4/2848
f 2620/5/2849 2644/6/2849 2648/7/2849 2624/8/2849
f 2617/9/2850 2641/10/2850 2644/11/2850 2620/12/2850
f 2622/13/2851 2618/14/2851 2642/15/2851 2646/16/2851
f 2641/17/2852 2642/18/2852 2643/19/2852 2644/20/2852
f 2642/33/2853 2641/34/2853 2645/35/2853 2646/36/2853
f 2617/37/2854 2621/38/2854 2645/39/2854 2641/40/2854
f 2643/45/2855 2619/46/2855 2623/47/2855 2647/48/2855
f 2644/49/2856 2643/50/2856 2647/51/2856 2648/52/2856
f 2650/53/2853 2649/54/2853 2651/55/2853 2652/56/2853
f 2624/57/2857 2648/58/2857 2650/59/2857 2626/60/2857
f 2648/61/2858 2647/62/2858 2649/63/2858 2650/64/2858
f 2647/65/2859 2623/66/2859 2625/67/2859 2649/68/2859
f 2627/69/2860 2628/70/2860 2652/71/2860 2651/72/2860
f 2649/73/2861 2625/74/2861 2627/75/2861 2651/76/2861
f 2626/81/2862 2650/82/2862 2652/83/2862 2628/84/2862
f 2654/1/2863 2655/4/2863 2631/3/2863 2630/2/2863
f 2632/5/2864 2636/8/2864 2660/7/2864 2656/6/2864
f 2629/9/2865 2632/12/2865 2656/11/2865 2653/10/2865
f 2634/13/2851 2658/16/2851 2654/15/2851 2630/14/2851
f 2653/17/2866 2656/20/2866 2655/19/2866 2654/18/2866
f 2654/33/2867 2658/36/2867 2657/35/2867 2653/34/2867
f 2629/37/2854 2653/40/2854 2657/39/2854 2633/38/2854
f 2655/45/2868 2659/48/2868 2635/47/2868 2631/46/2868
f 2656/49/2869 2660/52/2869 2659/51/2869 2655/50/2869
f 2662/53/2867 2664/56/2867 2663/55/2867 2661/54/2867
f 2636/57/2870 2638/60/2870 2662/59/2870 2660/58/2870
f 2660/61/2871 2662/64/2871 2661/63/2871 2659/62/2871
f 2659/65/2872 2661/68/2872 2637/67/2872 2635/66/2872
f 2639/69/2873 2663/72/2873 2664/71/2873 2640/70/2873
f 2661/73/2874 2663/76/2874 2639/75/2874 2637/74/2874
f 2638/81/2875 2640/84/2875 2664/83/2875 2662/82/2875
f 2666/1/2876 2642/2/2876 2643/3/2876 2667/4/2876
f 2644/5/2877 2668/6/2877 2672/7/2877 2648/8/2877
f 2641/9/2878 2665/10/2878 2668/11/2878 2644/12/2878
f 2646/13/2879 2642/14/2879 2666/15/2879 2670/16/2879
f 2665/17/2880 2666/18/2880 2667/19/2880 2668/20/2880
f 2666/33/2880 2665/34/2880 2669/35/2880 2670/36/2880
f 2641/37/2881 2645/38/2881 2669/39/2881 2665/40/2881
f 2667/45/2882 2643/46/2882 2647/47/2882 2671/48/2882
f 2668/49/2883 2667/50/2883 2671/51/2883 2672/52/2883
f 2674/53/2880 2673/54/2880 2675/55/2880 2676/56/2880
f 2648/57/2884 2672/58/2884 2674/59/2884 2650/60/2884
f 2672/61/2885 2671/62/2885 2673/63/2885 2674/64/2885
f 2671/65/2886 2647/66/2886 2649/67/2886 2673/68/2886
f 2651/69/2887 2652/70/2887 2676/71/2887 2675/72/2887
f 2673/73/2888 2649/74/2888 2651/75/2888 2675/76/2888
f 2650/81/2889 2674/82/2889 2676/83/2889 2652/84/2889
f 2678/1/2890 2679/4/2890 2655/3/2890 2654/2/2890
f 2656/5/2891 2660/8/2891 2684/7/2891 2680/6/2891
f 2653/9/2892 2656/12/2892 2680/11/2892 2677/10/2892
f 2658/13/2879 2682/16/2879 2678/15/2879 2654/14/2879
f 2677/17/2893 2680/20/2893 2679/19/2893 2678/18/2893
f 2678/33/2894 2682/36/2894 2681/35/2894 2677/34/2894
f 2653/37/2881 2677/40/2881 2681/39/2881 2657/38/2881
f 2679/45/2895 2683/48/2895 2659/47/2895 2655/46/2895
f 2680/49/2896 2684/52/2896 2683/51/2896 2679/50/2896
f 2686/53/2894 2688/56/2894 2687/55/2894 2685/54/2894
f 2660/57/2897 2662/60/2897 2686/59/2897 2684/58/2897
f 2684/61/2894 2686/64/2894 2685/63/2894 2683/62/2894
f 2683/65/2898 2685/68/2898 2661/67/2898 2659/66/2898
f 2663/69/2899 2687/72/2899 2688/71/2899 2664/70/2899
f 2685/73/2900 2687/76/2900 2663/75/2900 2661/74/2900
f 2662/81/2901 2664/84/2901 2688/83/2901 2686/82/2901
f 2690/1/2902 2666/2/2902 2667/3/2902 2691/4/2902
f 2668/5/2903 2692/6/2903 2696/7/2903 2672/8/2903
f 2665/9/2904 2689/10/2904 2692/11/2904 2668/12/2904
f 2670/13/2905 2666/14/2905 2690/15/2905 2694/16/2905
f 2689/17/2906 2690/18/2906 2691/19/2906 2692/20/2906
f 2690/33/2907 2689/34/2907 2693/35/2907 2694/36/2907
f 2665/37/2908 2669/38/2908 2693/39/2908 2689/40/2908
f 2691/45/2909 2667/46/2909 2671/47/2909 2695/48/2909
f 2692/49/2910 2691/50/2910 2695/51/2910 2696/52/2910
f 2698/53/2911 2697/54/2911 2699/55/2911 2700/56/2911
f 2672/57/2912 2696/58/2912 2698/59/2912 2674/60/2912
f 2696/61/2913 2695/62/2913 2697/63/2913 2698/64/2913
f 2695/65/2914 2671/66/2914 2673/67/2914 2697/68/2914
f 2675/69/2915 2676/70/2915 2700/71/2915 2699/72/2915
f 2697/73/2916 2673/74/2916 2675/75/2916 2699/76/2916
f 2674/81/2917 2698/82/2917 2700/83/2917 2676/84/2917
f 2702/1/2918 2703/4/2918 2679/3/2918 2678/2/2918
f 2680/5/2919 2684/8/2919 2708/7/2919 2704/6/2919
f 2677/9/2920 2680/12/2920 2704/11/2920 2701/10/2920
f 2682/13/2905 2706/16/2905 2702/15/2905 2678/14/2905
f 2701/17/2921 2704/20/2921 2703/19/2921 2702/18/2921
f 2702/33/2922 2706/36/2922 2705/35/2922 2701/34/2922
f 2677/37/2908 2701/40/2908 2705/39/2908 2681/38/2908
f 2703/45/2923 2707/48/2923 2683/47/2923 2679/46/2923
f 2704/49/2924 2708/52/2924 2707/51/2924 2703/50/2924
f 2710/53/2925 2712/56/2925 2711/55/2925 2709/54/2925
f 2684/57/2926 2686/60/2926 2710/59/2926 2708/58/2926
f 2708/61/2925 2710/64/2925 2709/63/2925 2707/62/2925
f 2707/65/2927 2709/68/2927 2685/67/2927 2683/66/2927
f 2687/69/2928 2711/72/2928 2712/71/2928 2688/70/2928
f 2709/73/2929 2711/76/2929 2687/75/2929 2685/74/2929
f 2686/81/2930 2688/84/2930 2712/83/2930 2710/82/2930
f 2714/1/2931 2690/2/2931 2691/3/2931 2715/4/2931
f 2692/5/2932 2716/6/2932 2720/7/2932 2696/8/2932
f 2689/9/2933 2713/10/2933 2716/11/2933 2692/12/2933
f 2694/13/2934 2690/14/2934 2714/15/2934 2718/16/2934
f 2713/17/2935 2714/18/2935 2715/19/2935 2716/20/2935
f 2714/33/2935 2713/34/2935 2717/35/2935 2718/36/2935
f 2689/37/2936 2693/38/2936 2717/39/2936 2713/40/2936
f 2715/45/2937 2691/46/2937 2695/47/2937 2719/48/2937
f 2716/49/2938 2715/50/2938 2719/51/2938 2720/52/2938
f 2722/53/2939 2721/54/2939 2723/55/2939 2724/56/2939
f 2696/57/2940 2720/58/2940 2722/59/2940 2698/60/2940
f 2720/61/2941 2719/62/2941 2721/63/2941 2722/64/2941
f 2719/65/2942 2695/66/2942 2697/67/2942 2721/68/2942
f 2699/69/2943 2700/70/2943 2724/71/2943 2723/72/2943
f 2721/73/2944 2697/74/2944 2699/75/2944 2723/76/2944
f 2698/81/2945 2722/82/2945 2724/83/2945 2700/84/2945
f 2726/1/2946 2727/4/2946 2703/3/2946 2702/2/2946
f 2704/5/2947 2708/8/2947 2732/7/2947 2728/6/2947
f 2701/9/2948 2704/12/2948 2728/11/2948 2725/10/2948
f 2706/13/2934 2730/16/2934 2726/15/2934 2702/14/2934
f 2725/17/2949 2728/20/2949 2727/19/2949 2726/18/2949
f 2726/33/2950 2730/36/2950 2729/35/2950 2725/34/2950
f 2701/37/2936 2725/40/2936 2729/39/2936 2705/38/2936
f 2727/45/2951 2731/48/2951 2707/47/2951 2703/46/2951
f 2728/49/2952 2732/52/2952 2731/51/2952 2727/50/2952
f 2734/53/2953 2736/56/2953 2735/55/2953 2733/54/2953
f 2708/57/2954 2710/60/2954 2734/59/2954 2732/58/2954
f 2732/61/2950 2734/64/2950 2733/63/2950 2731/62/2950
f 2731/65/2955 2733/68/2955 2709/67/2955 2707/66/2955
f 2711/69/2956 2735/72/2956 2736/71/2956 2712/70/2956
f 2733/73/2957 2735/76/2957 2711/75/2957 2709/74/2957
f 2710/81/2958 2712/84/2958 2736/83/2958 2734/82/2958
f 2738/1/2959 2714/2/2959 2715/3/2959 2739/4/2959
f 2716/5/2960 2740/6/2960 2744/7/2960 2720/8/2960
f 2713/9/2961 2737/10/2961 2740/11/2961 2716/12/2961
f 2718/13/2962 2714/14/2962 2738/15/2962 2742/16/2962
f 2737/17/2963 2738/18/2963 2739/19/2963 2740/20/2963
f 2738/33/2964 2737/34/2964 2741/35/2964 2742/36/2964
f 2713/37/2965 2717/38/2965 2741/39/2965 2737/40/2965
f 2739/45/2966 2715/46/2966 2719/47/2966 2743/48/2966
f 2740/49/2967 2739/50/2967 2743/51/2967 2744/52/2967
f 2746/53/2968 2745/54/2968 2747/55/2968 2748/56/2968
f 2720/57/2969 2744/58/2969 2746/59/2969 2722/60/2969
f 2744/61/2968 2743/62/2968 2745/63/2968 2746/64/2968
f 2743/65/2970 2719/66/2970 2721/67/2970 2745/68/2970
f 2723/69/2971 2724/70/2971 2748/71/2971 2747/72/2971
f 2745/73/2972 2721/74/2972 2723/75/2972 2747/76/2972
f 2722/81/2973 2746/82/2973 2748/83/2973 2724/84/2973
f 2750/1/2974 2751/4/2974 2727/3/2974 2726/2/2974
f 2728/5/2975 2732/8/2975 2756/7/2975 2752/6/2975
f 2725/9/2976 2728/12/2976 2752/11/2976 2749/10/2976
f 2730/13/2962 2754/16/2962 2750/15/2962 2726/14/2962
f 2749/17/2977 2752/20/2977 2751/19/2977 2750/18/2977
f 2750/33/2978 2754/36/2978 2753/35/2978 2749/34/2978
f 2725/37/2965 2749/40/2965 2753/39/2965 2729/38/2965
f 2751/45/2979 2755/48/2979 2731/47/2979 2727/46/2979
f 2752/49/2980 2756/52/2980 2755/51/2980 2751/50/2980
f 2758/53/2981 2760/56/2981 2759/55/2981 2757/54/2981
f 2732/57/2982 2734/60/2982 2758/59/2982 2756/58/2982
f 2756/61/2977 2758/64/2977 2757/63/2977 2755/62/2977
f 2755/65/2983 2757/68/2983 2733/67/2983 2731/66/2983
f 2735/69/2984 2759/72/2984 2760/71/2984 2736/70/2984
f 2757/73/2985 2759/76/2985 2735/75/2985 2733/74/2985
f 2734/81/2986 2736/84/2986 2760/83/2986 2758/82/2986
f 2762/1/2987 2738/2/2987 2739/3/2987 2763/4/2987
f 2740/5/2988 2764/6/2988 2768/7/2988 2744/8/2988
f 2737/9/2989 2761/10/2989 2764/11/2989 2740/12/2989
f 2742/13/2990 2738/14/2990 2762/15/2990 2766/16/2990
f 2761/17/2991 2762/18/2991 2763/19/2991 2764/20/2991
f 2762/33/2992 2761/34/2992 2765/35/2992 2766/36/2992
f 2737/37/2993 2741/38/2993 2765/39/2993 2761/40/2993
f 2763/45/2994 2739/46/2994 2743/47/2994 2767/48/2994
f 2764/49/2995 2763/50/2995 2767/51/2995 2768/52/2995
f 2770/53/2996 2769/54/2996 2771/55/2996 2772/56/2996
f 2744/57/2997 2768/58/2997 2770/59/2997 2746/60/2997
f 2768/61/2992 2767/62/2992 2769/63/2992 2770/64/2992
f 2767/65/2998 2743/66/2998 2745/67/2998 2769/68/2998
f 2747/69/2999 2748/70/2999 2772/71/2999 2771/72/2999
f 2769/73/3000 2745/74/3000 2747/75/3000 2771/76/3000
f 2746/81/3001 2770/82/3001 2772/83/3001 2748/84/3001
f 2774/1/3002 2775/4/3002 2751/3/3002 2750/2/3002
f 2752/5/3003 2756/8/3003 2780/7/3003 2776/6/3003
f 2749/9/3004 2752/12/3004 2776/11/3004 2773/10/3004
f 2754/13/3005 2778/16/3005 2774/15/3005 2750/14/3005
f 2773/17/3006 2776/20/3006 2775/19/3006 2774/18/3006
f 2774/33/3007 2778/36/3007 2777/35/3007 2773/34/3007
f 2749/37/3008 2773/40/3008 2777/39/3008 2753/38/3008
f 2775/45/3009 2779/48/3009 2755/47/3009 2751/46/3009
f 2776/49/3010 2780/52/3010 2779/51/3010 2775/50/3010
f 2782/53/3011 2784/56/3011 2783/55/3011 2781/54/3011
f 2756/57/3012 2758/60/3012 2782/59/3012 2780/58/3012
f 2780/61/3011 2782/64/3011 2781/63/3011 2779/62/3011
f 2779/65/3013 2781/68/3013 2757/67/3013 2755/66/3013
f 2759/69/3014 2783/72/3014 2784/71/3014 2760/70/3014
f 2781/73/3015 2783/76/3015 2759/75/3015 2757/74/3015
f 2758/81/3016 2760/84/3016 2784/83/3016 2782/82/3016
f 2786/1/3017 2762/2/3017 2763/3/3017 2787/4/3017
f 2764/5/3018 2788/6/3018 2792/7/3018 2768/8/3018
f 2761/9/3019 2785/10/3019 2788/11/3019 2764/12/3019
f 2766/13/3020 2762/14/3020 2786/15/3020 2790/16/3020
f 2785/17/3021 2786/18/3021 2787/19/3021 2788/20/3021
f 2786/33/3022 2785/34/3022 2789/35/3022 2790/36/3022
f 2761/37/3023 2765/38/3023 2789/39/3023 2785/40/3023
f 2787/45/3024 2763/46/3024 2767/47/3024 2791/48/3024
f 2788/49/3025 2787/50/3025 2791/51/3025 2792/52/3025
f 2794/53/3026 2793/54/3026 2795/55/3026 2796/56/3026
f 2768/57/3027 2792/58/3027 2794/59/3027 2770/60/3027
f 2792/61/3026 2791/62/3026 2793/63/3026 2794/64/3026
f 2791/65/3028 2767/66/3028 2769/67/3028 2793/68/3028
f 2771/69/3029 2772/70/3029 2796/71/3029 2795/72/3029
f 2793/73/3030 2769/74/3030 2771/75/3030 2795/76/3030
f 2770/81/3031 2794/82/3031 2796/83/3031 2772/84/3031
f 2798/1/3032 2799/4/3032 2775/3/3032 2774/2/3032
f 2776/5/3033 2780/8/3033 2804/7/3033 2800/6/3033
f 2773/9/3034 2776/12/3034 2800/11/3034 2797/10/3034
f 2778/13/3035 2802/16/3035 2798/15/3035 2774/14/3035
f 2797/17/3036 2800/20/3036 2799/19/3036 2798/18/3036
f 2798/33/3037 2802/36/3037 2801/35/3037 2797/34/3037
f 2773/37/3038 2797/40/3038 2801/39/3038 2777/38/3038
f 2799/45/3039 2803/48/3039 2779/47/3039 2775/46/3039
f 2800/49/3040 2804/52/3040 2803/51/3040 2799/50/3040
f 2806/53/3041 2808/56/3041 2807/55/3041 2805/54/3041
f 2780/57/3042 2782/60/3042 2806/59/3042 2804/58/3042
f 2804/61/3041 2806/64/3041 2805/63/3041 2803/62/3041
f 2803/65/3043 2805/68/3043 2781/67/3043 2779/66/3043
f 2783/69/3044 2807/72/3044 2808/71/3044 2784/70/3044
f 2805/73/3045 2807/76/3045 2783/75/3045 2781/74/3045
f 2782/81/3046 2784/84/3046 2808/83/3046 2806/82/3046
f 2810/1/3047 2786/2/3047 2787/3/3047 2811/4/3047
f 2788/5/3048 2812/6/3048 2816/7/3048 2792/8/3048
f 2785/9/3049 2809/10/3049 2812/11/3049 2788/12/3049
f 2790/13/3050 2786/14/3050 2810/15/3050 2814/16/3050
f 2809/17/3051 2810/18/3051 2811/19/3051 2812/20/3051
f 2810/33/3051 2809/34/3051 2813/35/3051 2814/36/3051
f 2785/37/3052 2789/38/3052 2813/39/3052 2809/40/3052
f 2811/45/3053 2787/46/3053 2791/47/3053 2815/48/3053
f 2812/49/3054 2811/50/3054 2815/51/3054 2816/52/3054
f 2818/53/3055 2817/54/3055 2819/55/3055 2820/56/3055
f 2792/57/3056 2816/58/3056 2818/59/3056 2794/60/3056
f 2816/61/3057 2815/62/3057 2817/63/3057 2818/64/3057
f 2815/65/3058 2791/66/3058 2793/67/3058 2817/68/3058
f 2795/69/3059 2796/70/3059 2820/71/3059 2819/72/3059
f 2817/73/3060 2793/74/3060 2795/75/3060 2819/76/3060
f 2794/81/3061 2818/82/3061 2820/83/3061 2796/84/3061
f 2822/1/3062 2823/4/3062 2799/3/3062 2798/2/3062
f 2800/5/3063 2804/8/3063 2828/7/3063 2824/6/3063
f 2797/9/3064 2800/12/3064 2824/11/3064 2821/10/3064
f 2802/13/3050 2826/16/3050 2822/15/3050 2798/14/3050
f 2821/17/3065 2824/20/3065 2823/19/3065 2822/18/3065
f 2822/33/3065 2826/36/3065 2825/35/3065 2821/34/3065
f 2797/37/3052 2821/40/3052 2825/39/3052 2801/38/3052
f 2823/45/3066 2827/48/3066 2803/47/3066 2799/46/3066
f 2824/49/3067 2828/52/3067 2827/51/3067 2823/50/3067
f 2830/53/3065 2832/56/3065 2831/55/3065 2829/54/3065
f 2804/57/3068 2806/60/3068 2830/59/3068 2828/58/3068
f 2828/61/3069 2830/64/3069 2829/63/3069 2827/62/3069
f 2827/65/3070 2829/68/3070 2805/67/3070 2803/66/3070
f 2807/69/3071 2831/72/3071 2832/71/3071 2808/70/3071
f 2829/73/3072 2831/76/3072 2807/75/3072 2805/74/3072
f 2806/81/3073 2808/84/3073 2832/83/3073 2830/82/3073
f 2834/1/3074 2810/2/3074 2811/3/3074 2835/4/3074
f 2812/5/3075 2836/6/3075 2840/7/3075 2816/8/3075
f 2809/9/3076 2833/10/3076 2836/11/3076 2812/12/3076
f 2814/13/3077 2810/14/3077 2834/15/3077 2838/16/3077
f 2833/17/3078 2834/18/3078 2835/19/3078 2836/20/3078
f 2834/33/3079 2833/34/3079 2837/35/3079 2838/36/3079
f 2809/37/3080 2813/38/3080 2837/39/3080 2833/40/3080
f 2835/45/3081 2811/46/3081 2815/47/3081 2839/48/3081
f 2836/49/3082 2835/50/3082 2839/51/3082 2840/52/3082
f 2842/53/3083 2841/54/3083 2843/55/3083 2844/56/3083
f 2816/57/3084 2840/58/3084 2842/59/3084 2818/60/3084
f 2840/61/3079 2839/62/3079 2841/63/3079 2842/64/3079
f 2839/65/3085 2815/66/3085 2817/67/3085 2841/68/3085
f 2819/69/3086 2820/70/3086 2844/71/3086 2843/72/3086
f 2841/73/3087 2817/74/3087 2819/75/3087 2843/76/3087
f 2818/81/3088 2842/82/3088 2844/83/3088 2820/84/3088
f 2846/1/3089 2847/4/3089 2823/3/3089 2822/2/3089
f 2824/5/3090 2828/8/3090 2852/7/3090 2848/6/3090
f 2821/9/3091 2824/12/3091 2848/11/3091 2845/10/3091
f 2826/13/3077 2850/16/3077 2846/15/3077 2822/14/3077
f 2845/17/3092 2848/20/3092 2847/19/3092 2846/18/3092
f 2846/33/3093 2850/36/3093 2849/35/3093 2845/34/3093
f 2821/37/3080 2845/40/3080 2849/39/3080 2825/38/3080
f 2847/45/3094 2851/48/3094 2827/47/3094 2823/46/3094
f 2848/49/3095 2852/52/3095 2851/51/3095 2847/50/3095
f 2854/53/3096 2856/56/3096 2855/55/3096 2853/54/3096
f 2828/57/3097 2830/60/3097 2854/59/3097 2852/58/3097
f 2852/61/3096 2854/64/3096 2853/63/3096 2851/62/3096
f 2851/65/3098 2853/68/3098 2829/67/3098 2827/66/3098
f 2831/69/3099 2855/72/3099 2856/71/3099 2832/70/3099
f 2853/73/3100 2855/76/3100 2831/75/3100 2829/74/3100
f 2830/81/3101 2832/84/3101 2856/83/3101 2854/82/3101
f 2858/1/3102 2834/2/3102 2835/3/3102 2859/4/3102
f 2836/5/3103 2860/6/3103 2864/7/3103 2840/8/3103
f 2833/9/3104 2857/10/3104 2860/11/3104 2836/12/3104
f 2838/13/3105 2834/14/3105 2858/15/3105 2862/16/3105
f 2857/17/3106 2858/18/3106 2859/19/3106 2860/20/3106
f 2858/33/3106 2857/34/3106 2861/35/3106 2862/36/3106
f 2833/37/3107 2837/38/3107 2861/39/3107 2857/40/3107
f 2859/45/3108 2835/46/3108 2839/47/3108 2863/48/3108
f 2860/49/3109 2859/50/3109 2863/51/3109 2864/52/3109
f 2866/53/3110 2865/54/3110 2867/55/3110 2868/56/3110
f 2840/57/3111 2864/58/3111 2866/59/3111 2842/60/3111
f 2864/61/3112 2863/62/3112 2865/63/3112 2866/64/3112
f 2863/65/3113 2839/66/3113 2841/67/3113 2865/68/3113
f 2843/69/3114 2844/70/3114 2868/71/3114 2867/72/3114
f 2865/73/3115 2841/74/3115 2843/75/3115 2867/76/3115
f 2842/81/3116 2866/82/3116 2868/83/3116 2844/84/3116
f 2870/1/3117 2871/4/3117 2847/3/3117 2846/2/3117
f 2848/5/3118 2852/8/3118 2876/7/3118 2872/6/3118
f 2845/9/3119 2848/12/3119 2872/11/3119 2869/10/3119
f 2850/13/3105 2874/16/3105 2870/15/3105 2846/14/3105
f 2869/17/3120 2872/20/3120 2871/19/3120 2870/18/3120
f 2870/33/3121 2874/36/3121 2873/35/3121 2869/34/3121
f 2845/37/3107 2869/40/3107 2873/39/3107 2849/38/3107
f 2871/45/3122 2875/48/3122 2851/47/3122 2847/46/3122
f 2872/49/3123 2876/52/3123 2875/51/3123 2871/50/3123
f 2878/53/3121 2880/56/3121 2879/55/3121 2877/54/3121
f 2852/57/3124 2854/60/3124 2878/59/3124 2876/58/3124
f 2876/61/3125 2878/64/3125 2877/63/3125 2875/62/3125
f 2875/65/3126 2877/68/3126 2853/67/3126 2851/66/3126
f 2855/69/3127 2879/72/3127 2880/71/3127 2856/70/3127
f 2877/73/3128 2879/76/3128 2855/75/3128 2853/74/3128
f 2854/81/3129 2856/84/3129 2880/83/3129 2878/82/3129
f 2882/1/3130 2858/2/3130 2859/3/3130 2883/4/3130
f 2860/5/3131 2884/6/3131 2888/7/3131 2864/8/3131
f 2857/9/3132 2881/10/3132 2884/11/3132 2860/12/3132
f 2862/13/3133 2858/14/3133 2882/15/3133 2886/16/3133
f 2881/17/3134 2882/18/3134 2883/19/3134 2884/20/3134
f 2882/33/3135 2881/34/3135 2885/35/3135 2886/36/3135
f 2857/37/3136 2861/38/3136 2885/39/3136 2881/40/3136
f 2883/45/3137 2859/46/3137 2863/47/3137 2887/48/3137
f 2884/49/3138 2883/50/3138 2887/51/3138 2888/52/3138
f 2890/53/3139 2889/54/3139 2891/55/3139 2892/56/3139
f 2864/57/3140 2888/58/3140 2890/59/3140 2866/60/3140
f 2888/61/3135 2887/62/3135 2889/63/3135 2890/64/3135
f 2887/65/3141 2863/66/3141 2865/67/3141 2889/68/3141
f 2867/69/3142 2868/70/3142 2892/71/3142 2891/72/3142
f 2889/73/3143 2865/74/3143 2867/75/3143 2891/76/3143
f 2866/81/3144 2890/82/3144 2892/83/3144 2868/84/3144
f 2894/1/3145 2895/4/3145 2871/3/3145 2870/2/3145
f 2872/5/3146 2876/8/3146 2900/7/3146 2896/6/3146
f 2869/9/3147 2872/12/3147 2896/11/3147 2893/10/3147
f 2874/13/3133 2898/16/3133 2894/15/3133 2870/14/3133
f 2893/17/3148 2896/20/3148 2895/19/3148 2894/18/3148
f 2894/33/3149 2898/36/3149 2897/35/3149 2893/34/3149
f 2869/37/3136 2893/40/3136 2897/39/3136 2873/38/3136
f 2895/45/3150 2899/48/3150 2875/47/3150 2871/46/3150
f 2896/49/3151 2900/52/3151 2899/51/3151 2895/50/3151
f 2902/53/3152 2904/56/3152 2903/55/3152 2901/54/3152
f 2876/57/3153 2878/60/3153 2902/59/3153 2900/58/3153
f 2900/61/3152 2902/64/3152 2901/63/3152 2899/62/3152
f 2899/65/3154 2901/68/3154 2877/67/3154 2875/66/3154
f 2879/69/3155 2903/72/3155 2904/71/3155 2880/70/3155
f 2901/73/3156 2903/76/3156 2879/75/3156 2877/74/3156
f 2878/81/3157 2880/84/3157 2904/83/3157 2902/82/3157
f 2906/1/3158 2882/2/3158 2883/3/3158 2907/4/3158
f 2884/5/3159 2908/6/3159 2912/7/3159 2888/8/3159
f 2881/9/3160 2905/10/3160 2908/11/3160 2884/12/3160
f 2886/13/3161 2882/14/3161 2906/15/3161 2910/16/3161
f 2905/17/3162 2906/18/3162 2907/19/3162 2908/20/3162
f 2906/33/3163 2905/34/3163 2909/35/3163 2910/36/3163
f 2881/37/3164 2885/38/3164 2909/39/3164 2905/40/3164
f 2907/45/3165 2883/46/3165 2887/47/3165 2911/48/3165
f 2908/49/3166 2907/50/3166 2911/51/3166 2912/52/3166
f 2914/53/3162 2913/54/3162 2915/55/3162 2916/56/3162
f 2888/57/3167 2912/58/3167 2914/59/3167 2890/60/3167
f 2912/61/3168 2911/62/3168 2913/63/3168 2914/64/3168
f 2911/65/3169 2887/66/3169 2889/67/3169 2913/68/3169
f 2891/69/3170 2892/70/3170 2916/71/3170 2915/72/3170
f 2913/73/3171 2889/74/3171 2891/75/3171 2915/76/3171
f 2890/81/3172 2914/82/3172 2916/83/3172 2892/84/3172
f 2918/1/3173 2919/4/3173 2895/3/3173 2894/2/3173
f 2896/5/3174 2900/8/3174 2924/7/3174 2920/6/3174
f 2893/9/3175 2896/12/3175 2920/11/3175 2917/10/3175
f 2898/13/3161 2922/16/3161 2918/15/3161 2894/14/3161
f 2917/17/3176 2920/20/3176 2919/19/3176 2918/18/3176
f 2918/33/3177 2922/36/3177 2921/35/3177 2917/34/3177
f 2893/37/3164 2917/40/3164 2921/39/3164 2897/38/3164
f 2919/45/3178 2923/48/3178 2899/47/3178 2895/46/3178
f 2920/49/3179 2924/52/3179 2923/51/3179 2919/50/3179
f 2926/53/3180 2928/56/3180 2927/55/3180 2925/54/3180
f 2900/57/3181 2902/60/3181 2926/59/3181 2924/58/3181
f 2924/61/3182 2926/64/3182 2925/63/3182 2923/62/3182
f 2923/65/3183 2925/68/3183 2901/67/3183 2899/66/3183
f 2903/69/3184 2927/72/3184 2928/71/3184 2904/70/3184
f 2925/73/3185 2927/76/3185 2903/75/3185 2901/74/3185
f 2902/81/3186 2904/84/3186 2928/83/3186 2926/82/3186
f 2930/1/3187 2906/2/3187 2907/3/3187 2931/4/3187
f 2908/5/3188 2932/6/3188 2936/7/3188 2912/8/3188
f 2905/9/3189 2929/10/3189 2932/11/3189 2908/12/3189
f 2910/13/3190 2906/14/3190 2930/15/3190 2934/16/3190
f 2929/17/3191 2930/18/3191 2931/19/3191 2932/20/3191
f 2930/33/3192 2929/34/3192 2933/35/3192 2934/36/3192
f 2905/37/3193 2909/38/3193 2933/39/3193 2929/40/3193
f 2931/45/3194 2907/46/3194 2911/47/3194 2935/48/3194
f 2932/49/3195 2931/50/3195 2935/51/3195 2936/52/3195
f 2938/53/3192 2937/54/3192 2939/55/3192 2940/56/3192
f 2912/57/3196 2936/58/3196 2938/59/3196 2914/60/3196
f 2936/61/3197 2935/62/3197 2937/63/3197 2938/64/3197
f 2935/65/3198 2911/66/3198 2913/67/3198 2937/68/3198
f 2915/69/3199 2916/70/3199 2940/71/3199 2939/72/3199
f 2937/73/3198 2913/74/3198 2915/75/3198 2939/76/3198
f 2914/81/3200 2938/82/3200 2940/83/3200 2916/84/3200
f 2942/1/3201 2943/4/3201 2919/3/3201 2918/2/3201
f 2920/5/3202 2924/8/3202 2948/7/3202 2944/6/3202
f 2917/9/3203 2920/12/3203 2944/11/3203 2941/10/3203
f 2922/13/3190 2946/16/3190 2942/15/3190 2918/14/3190
f 2941/17/3204 2944/20/3204 2943/19/3204 2942/18/3204
f 2942/33/3205 2946/36/3205 2945/35/3205 2941/34/3205
f 2917/37/3193 2941/40/3193 2945/39/3193 2921/38/3193
f 2943/45/3206 2947/48/3206 2923/47/3206 2919/46/3206
f 2944/49/3207 2948/52/3207 2947/51/3207 2943/50/3207
f 2950/53/3205 2952/56/3205 2951/55/3205 2949/54/3205
f 2924/57/3208 2926/60/3208 2950/59/3208 2948/58/3208
f 2948/61/3205 2950/64/3205 2949/63/3205 2947/62/3205
f 2947/65/3209 2949/68/3209 2925/67/3209 2923/66/3209
f 2927/69/3210 2951/72/3210 2952/71/3210 2928/70/3210
f 2949/73/3209 2951/76/3209 2927/75/3209 2925/74/3209
f 2926/81/3211 2928/84/3211 2952/83/3211 2950/82/3211
f 2954/1/3212 2930/2/3212 2931/3/3212 2955/4/3212
f 2932/5/3213 2956/6/3213 2960/7/3213 2936/8/3213
f 2929/9/3214 2953/10/3214 2956/11/3214 2932/12/3214
f 2934/13/3215 2930/14/3215 2954/15/3215 2958/16/3215
f 2953/17/3216 2954/18/3216 2955/19/3216 2956/20/3216
f 2954/33/3217 2953/34/3217 2957/35/3217 2958/36/3217
f 2929/37/3218 2933/38/3218 2957/39/3218 2953/40/3218
f 2955/45/3219 2931/46/3219 2935/47/3219 2959/48/3219
f 2956/49/3220 2955/50/3220 2959/51/3220 2960/52/3220
f 2962/53/3221 2961/54/3221 2963/55/3221 2964/56/3221
f 2936/57/3222 2960/58/3222 2962/59/3222 2938/60/3222
f 2960/61/3217 2959/62/3217 2961/63/3217 2962/64/3217
f 2959/65/3223 2935/66/3223 2937/67/3223 2961/68/3223
f 2939/69/3224 2940/70/3224 2964/71/3224 2963/72/3224
f 2961/73/3223 2937/74/3223 2939/75/3223 2963/76/3223
f 2938/81/3225 2962/82/3225 2964/83/3225 2940/84/3225
f 2966/1/3226 2967/4/3226 2943/3/3226 2942/2/3226
f 2944/5/3227 2948/8/3227 2972/7/3227 2968/6/3227
f 2941/9/3228 2944/12/3228 2968/11/3228 2965/10/3228
f 2946/13/3215 2970/16/3215 2966/15/3215 2942/14/3215
f 2965/17/3229 2968/20/3229 2967/19/3229 2966/18/3229
f 2966/33/3230 2970/36/3230 2969/35/3230 2965/34/3230
f 2941/37/3218 2965/40/3218 2969/39/3218 2945/38/3218
f 2967/45/3231 2971/48/3231 2947/47/3231 2943/46/3231
f 2968/49/3232 2972/52/3232 2971/51/3232 2967/50/3232
f 2974/53/3233 2976/56/3233 2975/55/3233 2973/54/3233
f 2948/57/3234 2950/60/3234 2974/59/3234 2972/58/3234
f 2972/61/3230 2974/64/3230 2973/63/3230 2971/62/3230
f 2971/65/3235 2973/68/3235 2949/67/3235 2947/66/3235
f 2951/69/3236 2975/72/3236 2976/71/3236 2952/70/3236
f 2973/73/3235 2975/76/3235 2951/75/3235 2949/74/3235
f 2950/81/3237 2952/84/3237 2976/83/3237 2974/82/3237
f 2978/1/3238 2954/2/3238 2955/3/3238 2979/4/3238
f 2956/5/3239 2980/6/3239 2984/7/3239 2960/8/3239
f 2953/9/3240 2977/10/3240 2980/11/3240 2956/12/3240
f 2958/13/3241 2954/14/3241 2978/15/3241 2982/16/3241
f 2977/17/3242 2978/18/3242 2979/19/3242 2980/20/3242
f 2978/33/3242 2977/34/3242 2981/35/3242 2982/36/3242
f 2953/37/3243 2957/38/3243 2981/39/3243 2977/40/3243
f 2979/45/3244 2955/46/3244 2959/47/3244 2983/48/3244
f 2980/49/3245 2979/50/3245 2983/51/3245 2984/52/3245
f 2986/53/3246 2985/54/3246 2987/55/3246 2988/56/3246
f 2960/57/3247 2984/58/3247 2986/59/3247 2962/60/3247
f 2984/61/3248 2983/62/3248 2985/63/3248 2986/64/3248
f 2983/65/3249 2959/66/3249 2961/67/3249 2985/68/3249
f 2963/69/3250 2964/70/3250 2988/71/3250 2987/72/3250
f 2985/73/3249 2961/74/3249 2963/75/3249 2987/76/3249
f 2962/81/3251 2986/82/3251 2988/83/3251 2964/84/3251
f 2990/1/3252 2991/4/3252 2967/3/3252 2966/2/3252
f 2968/5/3253 2972/8/3253 2996/7/3253 2992/6/3253
f 2965/9/3254 2968/12/3254 2992/11/3254 2989/10/3254
f 2970/13/3241 2994/16/3241 2990/15/3241 2966/14/3241
f 2989/17/3255 2992/20/3255 2991/19/3255 2990/18/3255
f 2990/33/3256 2994/36/3256 2993/35/3256 2989/34/3256
f 2965/37/3243 2989/40/3243 2993/39/3243 2969/38/3243
f 2991/45/3257 2995/48/3257 2971/47/3257 2967/46/3257
f 2992/49/3258 2996/52/3258 2995/51/3258 2991/50/3258
f 2998/53/3259 3000/56/3259 2999/55/3259 2997/54/3259
f 2972/57/3260 2974/60/3260 2998/59/3260 2996/58/3260
f 2996/61/3259 2998/64/3259 2997/63/3259 2995/62/3259
f 2995/65/3261 2997/68/3261 2973/67/3261 2971/66/3261
f 2975/69/3262 2999/72/3262 3000/71/3262 2976/70/3262
f 2997/73/3261 2999/76/3261 2975/75/3261 2973/74/3261
f 2974/81/3263 2976/84/3263 3000/83/3263 2998/82/3263
f 3002/1/3264 2978/2/3264 2979/3/3264 3003/4/3264
f 2980/5/3265 3004/6/3265 3008/7/3265 2984/8/3265
f 2977/9/3266 3001/10/3266 3004/11/3266 2980/12/3266
f 2982/13/3267 2978/14/3267 3002/15/3267 3006/16/3267
f 3001/17/3268 3002/18/3268 3003/19/3268 3004/20/3268
f 3002/33/3269 3001/34/3269 3005/35/3269 3006/36/3269
f 2977/37/3270 2981/38/3270 3005/39/3270 3001/40/3270
f 3003/45/3271 2979/46/3271 2983/47/3271 3007/48/3271
f 3004/49/3272 3003/50/3272 3007/51/3272 3008/52/3272
f 3010/53/3273 3009/54/3273 3011/55/3273 3012/56/3273
f 2984/57/3274 3008/58/3274 3010/59/3274 2986/60/3274
f 3008/61/3275 3007/62/3275 3009/63/3275 3010/64/3275
f 3007/65/3276 2983/66/3276 2985/67/3276 3009/68/3276
f 2987/69/3277 2988/70/3277 3012/71/3277 3011/72/3277
f 3009/73/3276 2985/74/3276 2987/75/3276 3011/76/3276
f 2986/81/3278 3010/82/3278 3012/83/3278 2988/84/3278
f 3014/1/3279 3015/4/3279 2991/3/3279 2990/2/3279
f 2992/5/3280 2996/8/3280 3020/7/3280 3016/6/3280
f 2989/9/3281 2992/12/3281 3016/11/3281 3013/10/3281
f 2994/13/3267 3018/16/3267 3014/15/3267 2990/14/3267
f 3013/17/3282 3016/20/3282 3015/19/3282 3014/18/3282
f 3014/33/3283 3018/36/3283 3017/35/3283 3013/34/3283
f 2989/37/3270 3013/40/3270 3017/39/3270 2993/38/3270
f 3015/45/3284 3019/48/3284 2995/47/3284 2991/46/3284
f 3016/49/3285 3020/52/3285 3019/51/3285 3015/50/3285
f 3022/53/3286 3024/56/3286 3023/55/3286 3021/54/3286
f 2996/57/3287 2998/60/3287 3022/59/3287 3020/58/3287
f 3020/61/3286 3022/64/3286 3021/63/3286 3019/62/3286
f 3019/65/3288 3021/68/3288 2997/67/3288 2995/66/3288
f 2999/69/3289 3023/72/3289 3024/71/3289 3000/70/3289
f 3021/73/3288 3023/76/3288 2999/75/3288 2997/74/3288
f 2998/81/3290 3000/84/3290 3024/83/3290 3022/82/3290
f 3026/1/3291 3002/2/3291 3003/3/3291 3027/4/3291
f 3004/5/3292 3028/6/3292 3032/7/3292 3008/8/3292
f 3001/9/3293 3025/10/3293 3028/11/3293 3004/12/3293
f 3006/13/3294 3002/14/3294 3026/15/3294 3030/16/3294
f 3025/17/3295 3026/18/3295 3027/19/3295 3028/20/3295
f 3026/33/3296 3025/34/3296 3029/35/3296 3030/36/3296
f 3001/37/3297 3005/38/3297 3029/39/3297 3025/40/3297
f 3027/45/3298 3003/46/3298 3007/47/3298 3031/48/3298
f 3028/49/3299 3027/50/3299 3031/51/3299 3032/52/3299
f 3034/53/3300 3033/54/3300 3035/55/3300 3036/56/3300
f 3008/57/3301 3032/58/3301 3034/59/3301 3010/60/3301
f 3032/61/3296 3031/62/3296 3033/63/3296 3034/64/3296
f 3031/65/3302 3007/66/3302 3009/67/3302 3033/68/3302
f 3011/69/3303 3012/70/3303 3036/71/3303 3035/72/3303
f 3033/73/3302 3009/74/3302 3011/75/3302 3035/76/3302
f 3010/81/3304 3034/82/3304 3036/83/3304 3012/84/3304
f 3038/1/3305 3039/4/3305 3015/3/3305 3014/2/3305
f 3016/5/3306 3020/8/3306 3044/7/3306 3040/6/3306
f 3013/9/3307 3016/12/3307 3040/11/3307 3037/10/3307
f 3018/13/3294 3042/16/3294 3038/15/3294 3014/14/3294
f 3037/17/3308 3040/20/3308 3039/19/3308 3038/18/3308
f 3038/33/3309 3042/36/3309 3041/35/3309 3037/34/3309
f 3013/37/3297 3037/40/3297 3041/39/3297 3017/38/3297
f 3039/45/3310 3043/48/3310 3019/47/3310 3015/46/3310
f 3040/49/3311 3044/52/3311 3043/51/3311 3039/50/3311
f 3046/53/3312 3048/56/3312 3047/55/3312 3045/54/3312
f 3020/57/3313 3022/60/3313 3046/59/3313 3044/58/3313
f 3044/61/3312 3046/64/3312 3045/63/3312 3043/62/3312
f 3043/65/3314 3045/68/3314 3021/67/3314 3019/66/3314
f 3023/69/3315 3047/72/3315 3048/71/3315 3024/70/3315
f 3045/73/3314 3047/76/3314 3023/75/3314 3021/74/3314
f 3022/81/3316 3024/84/3316 3048/83/3316 3046/82/3316
f 3050/1/3317 3026/2/3317 3027/3/3317 3051/4/3317
f 3028/5/3318 3052/6/3318 3056/7/3318 3032/8/3318
f 3025/9/3319 3049/10/3319 3052/11/3319 3028/12/3319
f 3030/13/3320 3026/14/3320 3050/15/3320 3054/16/3320
f 3049/17/3321 3050/18/3321 3051/19/3321 3052/20/3321
f 3050/33/3322 3049/34/3322 3053/35/3322 3054/36/3322
f 3025/37/3323 3029/38/3323 3053/39/3323 3049/40/3323
f 3051/45/3324 3027/46/3324 3031/47/3324 3055/48/3324
f 3052/49/3322 3051/50/3322 3055/51/3322 3056/52/3322
f 3058/53/3325 3057/54/3325 3059/55/3325 3060/56/3325
f 3032/57/3326 3056/58/3326 3058/59/3326 3034/60/3326
f 3056/61/3327 3055/62/3327 3057/63/3327 3058/64/3327
f 3055/65/3328 3031/66/3328 3033/67/3328 3057/68/3328
f 3035/69/3329 3036/70/3329 3060/71/3329 3059/72/3329
f 3057/73/3328 3033/74/3328 3035/75/3328 3059/76/3328
f 3034/81/3330 3058/82/3330 3060/83/3330 3036/84/3330
f 3062/1/3331 3063/4/3331 3039/3/3331 3038/2/3331
f 3040/5/3332 3044/8/3332 3068/7/3332 3064/6/3332
f 3037/9/3333 3040/12/3333 3064/11/3333 3061/10/3333
f 3042/13/3334 3066/16/3334 3062/15/3334 3038/14/3334
f 3061/17/3335 3064/20/3335 3063/19/3335 3062/18/3335
f 3062/33/3336 3066/36/3336 3065/35/3336 3061/34/3336
f 3037/37/3323 3061/40/3323 3065/39/3323 3041/38/3323
f 3063/45/3337 3067/48/3337 3043/47/3337 3039/46/3337
f 3064/49/3338 3068/52/3338 3067/51/3338 3063/50/3338
f 3070/53/3339 3072/56/3339 3071/55/3339 3069/54/3339
f 3044/57/3340 3046/60/3340 3070/59/3340 3068/58/3340
f 3068/61/3336 3070/64/3336 3069/63/3336 3067/62/3336
f 3067/65/3337 3069/68/3337 3045/67/3337 3043/66/3337
f 3047/69/3341 3071/72/3341 3072/71/3341 3048/70/3341
f 3069/73/3342 3071/76/3342 3047/75/3342 3045/74/3342
f 3046/81/3343 3048/84/3343 3072/83/3343 3070/82/3343
f 3074/1/3344 3050/2/3344 3051/3/3344 3075/4/3344
f 3052/5/3345 3076/6/3345 3080/7/3345 3056/8/3345
f 3049/9/3346 3073/10/3346 3076/11/3346 3052/12/3346
f 3054/13/3347 3050/14/3347 3074/15/3347 3078/16/3347
f 3073/17/3348 3074/18/3348 3075/19/3348 3076/20/3348
f 3074/33/3349 3073/34/3349 3077/35/3349 3078/36/3349
f 3049/37/3350 3053/38/3350 3077/39/3350 3073/40/3350
f 3075/45/3351 3051/46/3351 3055/47/3351 3079/48/3351
f 3076/49/3352 3075/50/3352 3079/51/3352 3080/52/3352
f 3082/53/3353 3081/54/3353 3083/55/3353 3084/56/3353
f 3056/57/3354 3080/58/3354 3082/59/3354 3058/60/3354
f 3080/61/3355 3079/62/3355 3081/63/3355 3082/64/3355
f 3079/65/3356 3055/66/3356 3057/67/3356 3081/68/3356
f 3059/69/3357 3060/70/3357 3084/71/3357 3083/72/3357
f 3081/73/3358 3057/74/3358 3059/75/3358 3083/76/3358
f 3058/81/3359 3082/82/3359 3084/83/3359 3060/84/3359
f 3086/1/3360 3087/4/3360 3063/3/3360 3062/2/3360
f 3064/5/3361 3068/8/3361 3092/7/3361 3088/6/3361
f 3061/9/3362 3064/12/3362 3088/11/3362 3085/10/3362
f 3066/13/3347 3090/16/3347 3086/15/3347 3062/14/3347
f 3085/17/3363 3088/20/3363 3087/19/3363 3086/18/3363
f 3086/33/3364 3090/36/3364 3089/35/3364 3085/34/3364
f 3061/37/3350 3085/40/3350 3089/39/3350 3065/38/3350
f 3087/45/3365 3091/48/3365 3067/47/3365 3063/46/3365
f 3088/49/3366 3092/52/3366 3091/51/3366 3087/50/3366
f 3094/53/3364 3096/56/3364 3095/55/3364 3093/54/3364
f 3068/57/3367 3070/60/3367 3094/59/3367 3092/58/3367
f 3092/61/3368 3094/64/3368 3093/63/3368 3091/62/3368
f 3091/65/3369 3093/68/3369 3069/67/3369 3067/66/3369
f 3071/69/3370 3095/72/3370 3096/71/3370 3072/70/3370
f 3093/73/3371 3095/76/3371 3071/75/3371 3069/74/3371
f 3070/81/3372 3072/84/3372 3096/83/3372 3094/82/3372
f 3098/1/3373 3074/2/3373 3075/3/3373 3099/4/3373
f 3076/5/3374 3100/6/3374 3104/7/3374 3080/8/3374
f 3073/9/3375 3097/10/3375 3100/11/3375 3076/12/3375
f 3078/13/3376 3074/14/3376 3098/15/3376 3102/16/3376
f 3097/17/3377 3098/18/3377 3099/19/3377 3100/20/3377
f 3098/33/3378 3097/34/3378 3101/35/3378 3102/36/3378
f 3073/37/3379 3077/38/3379 3101/39/3379 3097/40/3379
f 3099/45/3380 3075/46/3380 3079/47/3380 3103/48/3380
f 3100/49/3381 3099/50/3381 3103/51/3381 3104/52/3381
f 3106/53/3382 3105/54/3382 3107/55/3382 3108/56/3382
f 3080/57/3383 3104/58/3383 3106/59/3383 3082/60/3383
f 3104/61/3384 3103/62/3384 3105/63/3384 3106/64/3384
f 3103/65/3385 3079/66/3385 3081/67/3385 3105/68/3385
f 3083/69/3386 3084/70/3386 3108/71/3386 3107/72/3386
f 3105/73/3387 3081/74/3387 3083/75/3387 3107/76/3387
f 3082/81/3388 3106/82/3388 3108/83/3388 3084/84/3388
f 3110/1/3389 3111/4/3389 3087/3/3389 3086/2/3389
f 3088/5/3390 3092/8/3390 3116/7/3390 3112/6/3390
f 3085/9/3391 3088/12/3391 3112/11/3391 3109/10/3391
f 3090/13/3376 3114/16/3376 3110/15/3376 3086/14/3376
f 3109/17/3392 3112/20/3392 3111/19/3392 3110/18/3392
f 3110/33/3393 3114/36/3393 3113/35/3393 3109/34/3393
f 3085/37/3379 3109/40/3379 3113/39/3379 3089/38/3379
f 3111/45/3394 3115/48/3394 3091/47/3394 3087/46/3394
f 3112/49/3395 3116/52/3395 3115/51/3395 3111/50/3395
f 3118/53/3393 3120/56/3393 3119/55/3393 3117/54/3393
f 3092/57/3396 3094/60/3396 3118/59/3396 3116/58/3396
f 3116/61/3397 3118/64/3397 3117/63/3397 3115/62/3397
f 3115/65/3398 3117/68/3398 3093/67/3398 3091/66/3398
f 3095/69/3399 3119/72/3399 3120/71/3399 3096/70/3399
f 3117/73/3400 3119/76/3400 3095/75/3400 3093/74/3400
f 3094/81/3401 3096/84/3401 3120/83/3401 3118/82/3401
f 3122/1/3402 3098/2/3402 3099/3/3402 3123/4/3402
f 3100/5/3403 3124/6/3403 3128/7/3403 3104/8/3403
f 3097/9/3404 3121/10/3404 3124/11/3404 3100/12/3404
f 3102/13/3405 3098/14/3405 3122/15/3405 3126/16/3405
f 3121/17/3406 3122/18/3406 3123/19/3406 3124/20/3406
f 3122/33/3407 3121/34/3407 3125/35/3407 3126/36/3407
f 3097/37/3408 3101/38/3408 3125/39/3408 3121/40/3408
f 3123/45/3409 3099/46/3409 3103/47/3409 3127/48/3409
f 3124/49/3410 3123/50/3410 3127/51/3410 3128/52/3410
f 3130/53/3406 3129/54/3406 3131/55/3406 3132/56/3406
f 3104/57/3411 3128/58/3411 3130/59/3411 3106/60/3411
f 3128/61/3412 3127/62/3412 3129/63/3412 3130/64/3412
f 3127/65/3413 3103/66/3413 3105/67/3413 3129/68/3413
f 3107/69/3414 3108/70/3414 3132/71/3414 3131/72/3414
f 3129/73/3415 3105/74/3415 3107/75/3415 3131/76/3415
f 3106/81/3416 3130/82/3416 3132/83/3416 3108/84/3416
f 3134/1/3417 3135/4/3417 3111/3/3417 3110/2/3417
f 3112/5/3418 3116/8/3418 3140/7/3418 3136/6/3418
f 3109/9/3419 3112/12/3419 3136/11/3419 3133/10/3419
f 3114/13/3405 3138/16/3405 3134/15/3405 3110/14/3405
f 3133/17/3420 3136/20/3420 3135/19/3420 3134/18/3420
f 3134/33/3420 3138/36/3420 3137/35/3420 3133/34/3420
f 3109/37/3421 3133/40/3421 3137/39/3421 3113/38/3421
f 3135/45/3422 3139/48/3422 3115/47/3422 3111/46/3422
f 3136/49/3423 3140/52/3423 3139/51/3423 3135/50/3423
f 3142/53/3424 3144/56/3424 3143/55/3424 3141/54/3424
f 3116/57/3425 3118/60/3425 3142/59/3425 3140/58/3425
f 3140/61/3420 3142/64/3420 3141/63/3420 3139/62/3420
f 3139/65/3426 3141/68/3426 3117/67/3426 3115/66/3426
f 3119/69/3427 3143/72/3427 3144/71/3427 3120/70/3427
f 3141/73/3428 3143/76/3428 3119/75/3428 3117/74/3428
f 3118/81/3429 3120/84/3429 3144/83/3429 3142/82/3429
f 3146/1/3430 3122/2/3430 3123/3/3430 3147/4/3430
f 3124/5/3431 3148/6/3431 3152/7/3431 3128/8/3431
f 3121/9/3432 3145/10/3432 3148/11/3432 3124/12/3432
f 3126/13/3433 3122/14/3433 3146/15/3433 3150/16/3433
f 3145/17/3434 3146/18/3434 3147/19/3434 3148/20/3434
f 3146/33/3434 3145/34/3434 3149/35/3434 3150/36/3434
f 3121/37/3435 3125/38/3435 3149/39/3435 3145/40/3435
f 3147/45/3436 3123/46/3436 3127/47/3436 3151/48/3436
f 3148/49/3437 3147/50/3437 3151/51/3437 3152/52/3437
f 3154/53/3438 3153/54/3438 3155/55/3438 3156/56/3438
f 3128/57/3439 3152/58/3439 3154/59/3439 3130/60/3439
f 3152/61/3438 3151/62/3438 3153/63/3438 3154/64/3438
f 3151/65/3440 3127/66/3440 3129/67/3440 3153/68/3440
f 3131/69/3441 3132/70/3441 3156/71/3441 3155/72/3441
f 3153/73/3442 3129/74/3442 3131/75/3442 3155/76/3442
f 3130/81/3443 3154/82/3443 3156/83/3443 3132/84/3443
f 3158/1/3444 3159/4/3444 3135/3/3444 3134/2/3444
f 3136/5/3445 3140/8/3445 3164/7/3445 3160/6/3445
f 3133/9/3446 3136/12/3446 3160/11/3446 3157/10/3446
f 3138/13/3447 3162/16/3447 3158/15/3447 3134/14/3447
f 3157/17/3448 3160/20/3448 3159/19/3448 3158/18/3448
f 3158/33/3449 3162/36/3449 3161/35/3449 3157/34/3449
f 3133/37/3435 3157/40/3435 3161/39/3435 3137/38/3435
f 3159/45/3450 3163/48/3450 3139/47/3450 3135/46/3450
f 3160/49/3451 3164/52/3451 3163/51/3451 3159/50/3451
f 3166/53/3448 3168/56/3448 3167/55/3448 3165/54/3448
f 3140/57/3452 3142/60/3452 3166/59/3452 3164/58/3452
f 3164/61/3453 3166/64/3453 3165/63/3453 3163/62/3453
f 3163/65/3454 3165/68/3454 3141/67/3454 3139/66/3454
f 3143/69/3455 3167/72/3455 3168/71/3455 3144/70/3455
f 3165/73/3456 3167/76/3456 3143/75/3456 3141/74/3456
f 3142/81/3457 3144/84/3457 3168/83/3457 3166/82/3457
f 3170/1/3458 3146/2/3458 3147/3/3458 3171/4/3458
f 3148/5/3459 3172/6/3459 3176/7/3459 3152/8/3459
f 3145/9/3460 3169/10/3460 3172/11/3460 3148/12/3460
f 3150/13/3461 3146/14/3461 3170/15/3461 3174/16/3461
f 3169/17/3462 3170/18/3462 3171/19/3462 3172/20/3462
f 3170/33/3463 3169/34/3463 3173/35/3463 3174/36/3463
f 3145/37/3464 3149/38/3464 3173/39/3464 3169/40/3464
f 3171/45/3465 3147/46/3465 3151/47/3465 3175/48/3465
f 3172/49/3466 3171/50/3466 3175/51/3466 3176/52/3466
f 3178/53/3467 3177/54/3467 3179/55/3467 3180/56/3467
f 3152/57/3468 3176/58/3468 3178/59/3468 3154/60/3468
f 3176/61/3467 3175/62/3467 3177/63/3467 3178/64/3467
f 3175/65/3469 3151/66/3469 3153/67/3469 3177/68/3469
f 3155/69/3470 3156/70/3470 3180/71/3470 3179/72/3470
f 3177/73/3471 3153/74/3471 3155/75/3471 3179/76/3471
f 3154/81/3472 3178/82/3472 3180/83/3472 3156/84/3472
f 3182/1/3473 3183/4/3473 3159/3/3473 3158/2/3473
f 3160/5/3474 3164/8/3474 3188/7/3474 3184/6/3474
f 3157/9/3475 3160/12/3475 3184/11/3475 3181/10/3475
f 3162/13/3461 3186/16/3461 3182/15/3461 3158/14/3461
f 3181/17/3476 3184/20/3476 3183/19/3476 3182/18/3476
f 3182/33/3477 3186/36/3477 3185/35/3477 3181/34/3477
f 3157/37/3478 3181/40/3478 3185/39/3478 3161/38/3478
f 3183/45/3479 3187/48/3479 3163/47/3479 3159/46/3479
f 3184/49/3480 3188/52/3480 3187/51/3480 3183/50/3480
f 3190/53/3477 3192/56/3477 3191/55/3477 3189/54/3477
f 3164/57/3481 3166/60/3481 3190/59/3481 3188/58/3481
f 3188/61/3477 3190/64/3477 3189/63/3477 3187/62/3477
f 3187/65/3482 3189/68/3482 3165/67/3482 3163/66/3482
f 3167/69/3483 3191/72/3483 3192/71/3483 3168/70/3483
f 3189/73/3484 3191/76/3484 3167/75/3484 3165/74/3484
f 3166/81/3485 3168/84/3485 3192/83/3485 3190/82/3485
f 3194/1/3486 3170/2/3486 3171/3/3486 3195/4/3486
f 3172/5/3487 3196/6/3487 3200/7/3487 3176/8/3487
f 3169/9/3488 3193/10/3488 3196/11/3488 3172/12/3488
f 3174/13/3489 3170/14/3489 3194/15/3489 3198/16/3489
f 3193/17/3490 3194/18/3490 3195/19/3490 3196/20/3490
f 3194/33/3491 3193/34/3491 3197/35/3491 3198/36/3491
f 3169/37/3492 3173/38/3492 3197/39/3492 3193/40/3492
f 3195/45/3493 3171/46/3493 3175/47/3493 3199/48/3493
f 3196/49/3494 3195/50/3494 3199/51/3494 3200/52/3494
f 3202/53/3495 3201/54/3495 3203/55/3495 3204/56/3495
f 3176/57/3496 3200/58/3496 3202/59/3496 3178/60/3496
f 3200/61/3490 3199/62/3490 3201/63/3490 3202/64/3490
f 3199/65/3497 3175/66/3497 3177/67/3497 3201/68/3497
f 3179/69/3498 3180/70/3498 3204/71/3498 3203/72/3498
f 3201/73/3499 3177/74/3499 3179/75/3499 3203/76/3499
f 3178/81/3500 3202/82/3500 3204/83/3500 3180/84/3500
f 3206/1/3501 3207/4/3501 3183/3/3501 3182/2/3501
f 3184/5/3502 3188/8/3502 3212/7/3502 3208/6/3502
f 3181/9/3503 3184/12/3503 3208/11/3503 3205/10/3503
f 3186/13/3489 3210/16/3489 3206/15/3489 3182/14/3489
f 3205/17/3504 3208/20/3504 3207/19/3504 3206/18/3504
f 3206/33/3504 3210/36/3504 3209/35/3504 3205/34/3504
f 3181/37/3492 3205/40/3492 3209/39/3492 3185/38/3492
f 3207/45/3505 3211/48/3505 3187/47/3505 3183/46/3505
f 3208/49/3506 3212/52/3506 3211/51/3506 3207/50/3506
f 3214/53/3504 3216/56/3504 3215/55/3504 3213/54/3504
f 3188/57/3507 3190/60/3507 3214/59/3507 3212/58/3507
f 3212/61/3508 3214/64/3508 3213/63/3508 3211/62/3508
f 3211/65/3509 3213/68/3509 3189/67/3509 3187/66/3509
f 3191/69/3510 3215/72/3510 3216/71/3510 3192/70/3510
f 3213/73/3511 3215/76/3511 3191/75/3511 3189/74/3511
f 3190/81/3512 3192/84/3512 3216/83/3512 3214/82/3512
f 3218/1/3513 3194/2/3513 3195/3/3513 3219/4/3513
f 3196/5/3514 3220/6/3514 3224/7/3514 3200/8/3514
f 3193/9/3515 3217/10/3515 3220/11/3515 3196/12/3515
f 3198/13/3516 3194/14/3516 3218/15/3516 3222/16/3516
f 3217/17/3517 3218/18/3517 3219/19/3517 3220/20/3517
f 3218/33/3518 3217/34/3518 3221/35/3518 3222/36/3518
f 3193/37/3519 3197/38/3519 3221/39/3519 3217/40/3519
f 3219/45/3520 3195/46/3520 3199/47/3520 3223/48/3520
f 3220/49/3521 3219/50/3521 3223/51/3521 3224/52/3521
f 3226/53/3522 3225/54/3522 3227/55/3522 3228/56/3522
f 3200/57/3523 3224/58/3523 3226/59/3523 3202/60/3523
f 3224/61/3524 3223/62/3524 3225/63/3524 3226/64/3524
f 3223/65/3525 3199/66/3525 3201/67/3525 3225/68/3525
f 3203/69/3526 3204/70/3526 3228/71/3526 3227/72/3526
f 3225/73/3527 3201/74/3527 3203/75/3527 3227/76/3527
f 3202/81/3528 3226/82/3528 3228/83/3528 3204/84/3528
f 3230/1/3529 3231/4/3529 3207/3/3529 3206/2/3529
f 3208/5/3530 3212/8/3530 3236/7/3530 3232/6/3530
f 3205/9/3531 3208/12/3531 3232/11/3531 3229/10/3531
f 3210/13/3532 3234/16/3532 3230/15/3532 3206/14/3532
f 3229/17/3533 3232/20/3533 3231/19/3533 3230/18/3533
f 3230/33/3534 3234/36/3534 3233/35/3534 3229/34/3534
f 3205/37/3535 3229/40/3535 3233/39/3535 3209/38/3535
f 3231/45/3536 3235/48/3536 3211/47/3536 3207/46/3536
f 3232/49/3537 3236/52/3537 3235/51/3537 3231/50/3537
f 3238/53/3538 3240/56/3538 3239/55/3538 3237/54/3538
f 3212/57/3539 3214/60/3539 3238/59/3539 3236/58/3539
f 3236/61/3538 3238/64/3538 3237/63/3538 3235/62/3538
f 3235/65/3540 3237/68/3540 3213/67/3540 3211/66/3540
f 3215/69/3541 3239/72/3541 3240/71/3541 3216/70/3541
f 3237/73/3542 3239/76/3542 3215/75/3542 3213/74/3542
f 3214/81/3543 3216/84/3543 3240/83/3543 3238/82/3543
f 3242/1/3544 3218/2/3544 3219/3/3544 3243/4/3544
f 3220/5/3545 3244/6/3545 3248/7/3545 3224/8/3545
f 3217/9/3546 3241/10/3546 3244/11/3546 3220/12/3546
f 3222/13/3547 3218/14/3547 3242/15/3547 3246/16/3547
f 3241/17/3548 3242/18/3548 3243/19/3548 3244/20/3548
f 3242/33/3549 3241/34/3549 3245/35/3549 3246/36/3549
f 3217/37/3550 3221/38/3550 3245/39/3550 3241/40/3550
f 3243/45/3551 3219/46/3551 3223/47/3551 3247/48/3551
f 3244/49/3552 3243/50/3552 3247/51/3552 3248/52/3552
f 3250/53/3553 3249/54/3553 3251/55/3553 3252/56/3553
f 3224/57/3554 3248/58/3554 3250/59/3554 3226/60/3554
f 3248/61/3555 3247/62/3555 3249/63/3555 3250/64/3555
f 3247/65/3556 3223/66/3556 3225/67/3556 3249/68/3556
f 3227/69/3557 3228/70/3557 3252/71/3557 3251/72/3557
f 3249/73/3558 3225/74/3558 3227/75/3558 3251/76/3558
f 3226/81/3559 3250/82/3559 3252/83/3559 3228/84/3559
f 3254/1/3560 3255/4/3560 3231/3/3560 3230/2/3560
f 3232/5/3561 3236/8/3561 3260/7/3561 3256/6/3561
f 3229/9/3562 3232/12/3562 3256/11/3562 3253/10/3562
f 3234/13/3563 3258/16/3563 3254/15/3563 3230/14/3563
f 3253/17/3564 3256/20/3564 3255/19/3564 3254/18/3564
f 3254/33/3565 3258/36/3565 3257/35/3565 3253/34/3565
f 3229/37/3566 3253/40/3566 3257/39/3566 3233/38/3566
f 3255/45/3567 3259/48/3567 3235/47/3567 3231/46/3567
f 3256/49/3568 3260/52/3568 3259/51/3568 3255/50/3568
f 3262/53/3569 3264/56/3569 3263/55/3569 3261/54/3569
f 3236/57/3570 3238/60/3570 3262/59/3570 3260/58/3570
f 3260/61/3571 3262/64/3571 3261/63/3571 3259/62/3571
f 3259/65/3572 3261/68/3572 3237/67/3572 3235/66/3572
f 3239/69/3573 3263/72/3573 3264/71/3573 3240/70/3573
f 3261/73/3574 3263/76/3574 3239/75/3574 3237/74/3574
f 3238/81/3575 3240/84/3575 3264/83/3575 3262/82/3575
f 3266/1/3576 3242/2/3576 3243/3/3576 3267/4/3576
f 3244/5/3577 3268/6/3577 3272/7/3577 3248/8/3577
f 3241/9/3578 3265/10/3578 3268/11/3578 3244/12/3578
f 3246/13/3579 3242/14/3579 3266/15/3579 3270/16/3579
f 3265/17/3580 3266/18/3580 3267/19/3580 3268/20/3580
f 3266/33/3581 3265/34/3581 3269/35/3581 3270/36/3581
f 3241/37/3582 3245/38/3582 3269/39/3582 3265/40/3582
f 3267/45/3583 3243/46/3583 3247/47/3583 3271/48/3583
f 3268/49/3584 3267/50/3584 3271/51/3584 3272/52/3584
f 3274/53/3585 3273/54/3585 3275/55/3585 3276/56/3585
f 3248/57/3586 3272/58/3586 3274/59/3586 3250/60/3586
f 3272/61/3585 3271/62/3585 3273/63/3585 3274/64/3585
f 3271/65/3587 3247/66/3587 3249/67/3587 3273/68/3587
f 3251/69/3588 3252/70/3588 3276/71/3588 3275/72/3588
f 3273/73/3589 3249/74/3589 3251/75/3589 3275/76/3589
f 3250/81/3590 3274/82/3590 3276/83/3590 3252/84/3590
f 3278/1/3591 3279/4/3591 3255/3/3591 3254/2/3591
f 3256/5/3592 3260/8/3592 3284/7/3592 3280/6/3592
f 3253/9/3593 3256/12/3593 3280/11/3593 3277/10/3593
f 3258/13/3594 3282/16/3594 3278/15/3594 3254/14/3594
f 3277/17/3595 3280/20/3595 3279/19/3595 3278/18/3595
f 3278/33/3596 3282/36/3596 3281/35/3596 3277/34/3596
f 3253/37/3597 3277/40/3597 3281/39/3597 3257/38/3597
f 3279/45/3598 3283/48/3598 3259/47/3598 3255/46/3598
f 3280/49/3599 3284/52/3599 3283/51/3599 3279/50/3599
f 3286/53/3600 3288/56/3600 3287/55/3600 3285/54/3600
f 3260/57/3601 3262/60/3601 3286/59/3601 3284/58/3601
f 3284/61/3602 3286/64/3602 3285/63/3602 3283/62/3602
f 3283/65/3603 3285/68/3603 3261/67/3603 3259/66/3603
f 3263/69/3604 3287/72/3604 3288/71/3604 3264/70/3604
f 3285/73/3605 3287/76/3605 3263/75/3605 3261/74/3605
f 3262/81/3606 3264/84/3606 3288/83/3606 3286/82/3606
f 3290/1/3607 3266/2/3607 3267/3/3607 3291/4/3607
f 3268/5/3608 3292/6/3608 3296/7/3608 3272/8/3608
f 3265/9/3609 3289/10/3609 3292/11/3609 3268/12/3609
f 3270/13/3610 3266/14/3610 3290/15/3610 3294/16/3610
f 3289/17/3611 3290/18/3611 3291/19/3611 3292/20/3611
f 3290/33/3612 3289/34/3612 3293/35/3612 3294/36/3612
f 3265/37/3613 3269/38/3613 3293/39/3613 3289/40/3613
f 3291/45/3614 3267/46/3614 3271/47/3614 3295/48/3614
f 3292/49/3615 3291/50/3615 3295/51/3615 3296/52/3615
f 3298/53/3616 3297/54/3616 3299/55/3616 3300/56/3616
f 3272/57/3617 3296/58/3617 3298/59/3617 3274/60/3617
f 3296/61/3618 3295/62/3618 3297/63/3618 3298/64/3618
f 3295/65/3619 3271/66/3619 3273/67/3619 3297/68/3619
f 3275/69/3620 3276/70/3620 3300/71/3620 3299/72/3620
f 3297/73/3621 3273/74/3621 3275/75/3621 3299/76/3621
f 3274/81/3622 3298/82/3622 3300/83/3622 3276/84/3622
f 3302/1/3623 3303/4/3623 3279/3/3623 3278/2/3623
f 3280/5/3624 3284/8/3624 3308/7/3624 3304/6/3624
f 3277/9/3625 3280/12/3625 3304/11/3625 3301/10/3625
f 3282/13/3626 3306/16/3626 3302/15/3626 3278/14/3626
f 3301/17/3627 3304/20/3627 3303/19/3627 3302/18/3627
f 3302/33/3628 3306/36/3628 3305/35/3628 3301/34/3628
f 3277/37/3629 3301/40/3629 3305/39/3629 3281/38/3629
f 3303/45/3630 3307/48/3630 3283/47/3630 3279/46/3630
f 3304/49/3631 3308/52/3631 3307/51/3631 3303/50/3631
f 3310/53/3632 3312/56/3632 3311/55/3632 3309/54/3632
f 3284/57/3633 3286/60/3633 3310/59/3633 3308/58/3633
f 3308/61/3632 3310/64/3632 3309/63/3632 3307/62/3632
f 3307/65/3634 3309/68/3634 3285/67/3634 3283/66/3634
f 3287/69/3635 3311/72/3635 3312/71/3635 3288/70/3635
f 3309/73/3636 3311/76/3636 3287/75/3636 3285/74/3636
f 3286/81/3637 3288/84/3637 3312/83/3637 3310/82/3637
f 3314/1/3638 3290/2/3638 3291/3/3638 3315/4/3638
f 3292/5/3639 3316/6/3639 3320/7/3639 3296/8/3639
f 3289/9/3640 3313/10/3640 3316/11/3640 3292/12/3640
f 3294/13/3641 3290/14/3641 3314/15/3641 3318/16/3641
f 3313/17/3642 3314/18/3642 3315/19/3642 3316/20/3642
f 3314/33/3643 3313/34/3643 3317/35/3643 3318/36/3643
f 3289/37/3644 3293/38/3644 3317/39/3644 3313/40/3644
f 3315/45/3645 3291/46/3645 3295/47/3645 3319/48/3645
f 3316/49/3643 3315/50/3643 3319/51/3643 3320/52/3643
f 3322/53/3646 3321/54/3646 3323/55/3646 3324/56/3646
f 3296/57/3647 3320/58/3647 3322/59/3647 3298/60/3647
f 3320/61/3648 3319/62/3648 3321/63/3648 3322/64/3648
f 3319/65/3645 3295/66/3645 3297/67/3645 3321/68/3645
f 3299/69/3649 3300/70/3649 3324/71/3649 3323/72/3649
f 3321/73/3645 3297/74/3645 3299/75/3645 3323/76/3645
f 3298/81/3650 3322/82/3650 3324/83/3650 3300/84/3650
f 3326/1/3651 3327/4/3651 3303/3/3651 3302/2/3651
f 3304/5/3652 3308/8/3652 3332/7/3652 3328/6/3652
f 3301/9/3644 3304/12/3644 3328/11/3644 3325/10/3644
f 3306/13/3641 3330/16/3641 3326/15/3641 3302/14/3641
f 3325/17/3653 3328/20/3653 3327/19/3653 3326/18/3653
f 3326/33/3654 3330/36/3654 3329/35/3654 3325/34/3654
f 3301/37/3644 3325/40/3644 3329/39/3644 3305/38/3644
f 3327/45/3655 3331/48/3655 3307/47/3655 3303/46/3655
f 3328/49/3656 3332/52/3656 3331/51/3656 3327/50/3656
f 3334/53/3657 3336/56/3657 3335/55/3657 3333/54/3657
f 3308/57/3658 3310/60/3658 3334/59/3658 3332/58/3658
f 3332/61/3657 3334/64/3657 3333/63/3657 3331/62/3657
f 3331/65/3655 3333/68/3655 3309/67/3655 3307/66/3655
f 3311/69/3659 3335/72/3659 3336/71/3659 3312/70/3659
f 3333/73/3655 3335/76/3655 3311/75/3655 3309/74/3655
f 3310/81/3660 3312/84/3660 3336/83/3660 3334/82/3660
f 3338/1/3661 3314/2/3661 3315/3/3661 3339/4/3661
f 3316/5/3662 3340/6/3662 3344/7/3662 3320/8/3662
f 3313/9/3663 3337/10/3663 3340/11/3663 3316/12/3663
f 3318/13/3664 3314/14/3664 3338/15/3664 3342/16/3664
f 3337/17/3665 3338/18/3665 3339/19/3665 3340/20/3665
f 3338/33/3666 3337/34/3666 3341/35/3666 3342/36/3666
f 3313/37/3667 3317/38/3667 3341/39/3667 3337/40/3667
f 3339/45/3668 3315/46/3668 3319/47/3668 3343/48/3668
f 3340/49/3669 3339/50/3669 3343/51/3669 3344/52/3669
f 3346/53/3670 3345/54/3670 3347/55/3670 3348/56/3670
f 3320/57/3671 3344/58/3671 3346/59/3671 3322/60/3671
f 3344/61/3666 3343/62/3666 3345/63/3666 3346/64/3666
f 3343/65/3672 3319/66/3672 3321/67/3672 3345/68/3672
f 3323/69/3673 3324/70/3673 3348/71/3673 3347/72/3673
f 3345/73/3674 3321/74/3674 3323/75/3674 3347/76/3674
f 3322/81/3675 3346/82/3675 3348/83/3675 3324/84/3675
f 3350/1/3676 3351/4/3676 3327/3/3676 3326/2/3676
f 3328/5/3677 3332/8/3677 3356/7/3677 3352/6/3677
f 3325/9/3678 3328/12/3678 3352/11/3678 3349/10/3678
f 3330/13/3664 3354/16/3664 3350/15/3664 3326/14/3664
f 3349/17/3679 3352/20/3679 3351/19/3679 3350/18/3679
f 3350/33/3679 3354/36/3679 3353/35/3679 3349/34/3679
f 3325/37/3667 3349/40/3667 3353/39/3667 3329/38/3667
f 3351/45/3680 3355/48/3680 3331/47/3680 3327/46/3680
f 3352/49/3681 3356/52/3681 3355/51/3681 3351/50/3681
f 3358/53/3682 3360/56/3682 3359/55/3682 3357/54/3682
f 3332/57/3683 3334/60/3683 3358/59/3683 3356/58/3683
f 3356/61/3684 3358/64/3684 3357/63/3684 3355/62/3684
f 3355/65/3680 3357/68/3680 3333/67/3680 3331/66/3680
f 3335/69/3685 3359/72/3685 3360/71/3685 3336/70/3685
f 3357/73/3686 3359/76/3686 3335/75/3686 3333/74/3686
f 3334/81/3687 3336/84/3687 3360/83/3687 3358/82/3687
f 3362/1/3688 3338/2/3688 3339/3/3688 3363/4/3688
f 3340/5/3689 3364/6/3689 3368/7/3689 3344/8/3689
f 3337/9/3690 3361/10/3690 3364/11/3690 3340/12/3690
f 3342/13/3691 3338/14/3691 3362/15/3691 3366/16/3691
f 3361/17/3692 3362/18/3692 3363/19/3692 3364/20/3692
f 3362/33/3693 3361/34/3693 3365/35/3693 3366/36/3693
f 3337/37/3694 3341/38/3694 3365/39/3694 3361/40/3694
f 3363/45/3695 3339/46/3695 3343/47/3695 3367/48/3695
f 3364/49/3696 3363/50/3696 3367/51/3696 3368/52/3696
f 3370/53/3697 3369/54/3697 3371/55/3697 3372/56/3697
f 3344/57/3698 3368/58/3698 3370/59/3698 3346/60/3698
f 3368/61/3697 3367/62/3697 3369/63/3697 3370/64/3697
f 3367/65/3699 3343/66/3699 3345/67/3699 3369/68/3699
f 3347/69/3700 3348/70/3700 3372/71/3700 3371/72/3700
f 3369/73/3699 3345/74/3699 3347/75/3699 3371/76/3699
f 3346/81/3701 3370/82/3701 3372/83/3701 3348/84/3701
f 3374/1/3702 3375/4/3702 3351/3/3702 3350/2/3702
f 3352/5/3703 3356/8/3703 3380/7/3703 3376/6/3703
f 3349/9/3704 3352/12/3704 3376/11/3704 3373/10/3704
f 3354/13/3691 3378/16/3691 3374/15/3691 3350/14/3691
f 3373/17/3705 3376/20/3705 3375/19/3705 3374/18/3705
f 3374/33/3705 3378/36/3705 3377/35/3705 3373/34/3705
f 3349/37/3694 3373/40/3694 3377/39/3694 3353/38/3694
f 3375/45/3706 3379/48/3706 3355/47/3706 3351/46/3706
f 3376/49/3707 3380/52/3707 3379/51/3707 3375/50/3707
f 3382/53/3708 3384/56/3708 3383/55/3708 3381/54/3708
f 3356/57/3709 3358/60/3709 3382/59/3709 3380/58/3709
f 3380/61/3708 3382/64/3708 3381/63/3708 3379/62/3708
f 3379/65/3710 3381/68/3710 3357/67/3710 3355/66/3710
f 3359/69/3711 3383/72/3711 3384/71/3711 3360/70/3711
f 3381/73/3710 3383/76/3710 3359/75/3710 3357/74/3710
f 3358/81/3712 3360/84/3712 3384/83/3712 3382/82/3712
f 3386/1/3713 3362/2/3713 3363/3/3713 3387/4/3713
f 3364/5/3714 3388/6/3714 3392/7/3714 3368/8/3714
f 3361/9/3715 3385/10/3715 3388/11/3715 3364/12/3715
f 3366/13/3716 3362/14/3716 3386/15/3716 3390/16/3716
f 3385/17/3717 3386/18/3717 3387/19/3717 3388/20/3717
f 3386/33/3718 3385/34/3718 3389/35/3718 3390/36/3718
f 3361/37/3719 3365/38/3719 3389/39/3719 3385/40/3719
f 3387/45/3720 3363/46/3720 3367/47/3720 3391/48/3720
f 3388/49/3721 3387/50/3721 3391/51/3721 3392/52/3721
f 3394/53/3722 3393/54/3722 3395/55/3722 3396/56/3722
f 3368/57/3723 3392/58/3723 3394/59/3723 3370/60/3723
f 3392/61/3722 3391/62/3722 3393/63/3722 3394/64/3722
f 3391/65/3724 3367/66/3724 3369/67/3724 3393/68/3724
f 3371/69/3725 3372/70/3725 3396/71/3725 3395/72/3725
f 3393/73/3726 3369/74/3726 3371/75/3726 3395/76/3726
f 3370/81/3727 3394/82/3727 3396/83/3727 3372/84/3727
f 3398/1/3728 3399/4/3728 3375/3/3728 3374/2/3728
f 3376/5/3729 3380/8/3729 3404/7/3729 3400/6/3729
f 3373/9/3730 3376/12/3730 3400/11/3730 3397/10/3730
f 3378/13/3716 3402/16/3716 3398/15/3716 3374/14/3716
f 3397/17/3731 3400/20/3731 3399/19/3731 3398/18/3731
f 3398/33/3731 3402/36/3731 3401/35/3731 3397/34/3731
f 3373/37/3719 3397/40/3719 3401/39/3719 3377/38/3719
f 3399/45/3732 3403/48/3732 3379/47/3732 3375/46/3732
f 3400/49/3733 3404/52/3733 3403/51/3733 3399/50/3733
f 3406/53/3734 3408/56/3734 3407/55/3734 3405/54/3734
f 3380/57/3735 3382/60/3735 3406/59/3735 3404/58/3735
f 3404/61/3731 3406/64/3731 3405/63/3731 3403/62/3731
f 3403/65/3736 3405/68/3736 3381/67/3736 3379/66/3736
f 3383/69/3737 3407/72/3737 3408/71/3737 3384/70/3737
f 3405/73/3738 3407/76/3738 3383/75/3738 3381/74/3738
f 3382/81/3739 3384/84/3739 3408/83/3739 3406/82/3739
f 3410/1/3740 3386/2/3740 3387/3/3740 3411/4/3740
f 3388/5/3741 3412/6/3741 3416/7/3741 3392/8/3741
f 3385/9/3742 3409/10/3742 3412/11/3742 3388/12/3742
f 3390/13/3743 3386/14/3743 3410/15/3743 3414/16/3743
f 3409/17/3744 3410/18/3744 3411/19/3744 3412/20/3744
f 3410/33/3744 3409/34/3744 3413/35/3744 3414/36/3744
f 3385/37/3745 3389/38/3745 3413/39/3745 3409/40/3745
f 3411/45/3746 3387/46/3746 3391/47/3746 3415/48/3746
f 3412/49/3747 3411/50/3747 3415/51/3747 3416/52/3747
f 3418/53/3748 3417/54/3748 3419/55/3748 3420/56/3748
f 3392/57/3749 3416/58/3749 3418/59/3749 3394/60/3749
f 3416/61/3750 3415/62/3750 3417/63/3750 3418/64/3750
f 3415/65/3751 3391/66/3751 3393/67/3751 3417/68/3751
f 3395/69/3752 3396/70/3752 3420/71/3752 3419/72/3752
f 3417/73/3751 3393/74/3751 3395/75/3751 3419/76/3751
f 3394/81/3753 3418/82/3753 3420/83/3753 3396/84/3753
f 3422/1/3754 3423/4/3754 3399/3/3754 3398/2/3754
f 3400/5/3755 3404/8/3755 3428/7/3755 3424/6/3755
f 3397/9/3756 3400/12/3756 3424/11/3756 3421/10/3756
f 3402/13/3743 3426/16/3743 3422/15/3743 3398/14/3743
f 3421/17/3757 3424/20/3757 3423/19/3757 3422/18/3757
f 3422/33/3758 3426/36/3758 3425/35/3758 3421/34/3758
f 3397/37/3745 3421/40/3745 3425/39/3745 3401/38/3745
f 3423/45/3759 3427/48/3759 3403/47/3759 3399/46/3759
f 3424/49/3760 3428/52/3760 3427/51/3760 3423/50/3760
f 3430/53/3761 3432/56/3761 3431/55/3761 3429/54/3761
f 3404/57/3762 3406/60/3762 3430/59/3762 3428/58/3762
f 3428/61/3761 3430/64/3761 3429/63/3761 3427/62/3761
f 3427/65/3759 3429/68/3759 3405/67/3759 3403/66/3759
f 3407/69/3763 3431/72/3763 3432/71/3763 3408/70/3763
f 3429/73/3764 3431/76/3764 3407/75/3764 3405/74/3764
f 3406/81/3765 3408/84/3765 3432/83/3765 3430/82/3765
f 3434/1/3766 3410/2/3766 3411/3/3766 3435/4/3766
f 3412/5/3767 3436/6/3767 3440/7/3767 3416/8/3767
f 3409/9/3768 3433/10/3768 3436/11/3768 3412/12/3768
f 3414/13/3769 3410/14/3769 3434/15/3769 3438/16/3769
f 3433/17/3770 3434/18/3770 3435/19/3770 3436/20/3770
f 3434/33/3771 3433/34/3771 3437/35/3771 3438/36/3771
f 3409/37/3772 3413/38/3772 3437/39/3772 3433/40/3772
f 3435/45/3773 3411/46/3773 3415/47/3773 3439/48/3773
f 3436/49/3774 3435/50/3774 3439/51/3774 3440/52/3774
f 3442/53/3770 3441/54/3770 3443/55/3770 3444/56/3770
f 3416/57/3775 3440/58/3775 3442/59/3775 3418/60/3775
f 3440/61/3776 3439/62/3776 3441/63/3776 3442/64/3776
f 3439/65/3777 3415/66/3777 3417/67/3777 3441/68/3777
f 3419/69/3778 3420/70/3778 3444/71/3778 3443/72/3778
f 3441/73/3779 3417/74/3779 3419/75/3779 3443/76/3779
f 3418/81/3780 3442/82/3780 3444/83/3780 3420/84/3780
f 3446/1/3781 3447/4/3781 3423/3/3781 3422/2/3781
f 3424/5/3782 3428/8/3782 3452/7/3782 3448/6/3782
f 3421/9/3783 3424/12/3783 3448/11/3783 3445/10/3783
f 3426/13/3769 3450/16/3769 3446/15/3769 3422/14/3769
f 3445/17/3784 3448/20/3784 3447/19/3784 3446/18/3784
f 3446/33/3785 3450/36/3785 3449/35/3785 3445/34/3785
f 3421/37/3772 3445/40/3772 3449/39/3772 3425/38/3772
f 3447/45/3786 3451/48/3786 3427/47/3786 3423/46/3786
f 3448/49/3787 3452/52/3787 3451/51/3787 3447/50/3787
f 3454/53/3788 3456/56/3788 3455/55/3788 3453/54/3788
f 3428/57/3789 3430/60/3789 3454/59/3789 3452/58/3789
f 3452/61/3790 3454/64/3790 3453/63/3790 3451/62/3790
f 3451/65/3786 3453/68/3786 3429/67/3786 3427/66/3786
f 3431/69/3791 3455/72/3791 3456/71/3791 3432/70/3791
f 3453/73/3792 3455/76/3792 3431/75/3792 3429/74/3792
f 3430/81/3793 3432/84/3793 3456/83/3793 3454/82/3793
f 3458/1/3794 3434/2/3794 3435/3/3794 3459/4/3794
f 3436/5/3795 3460/6/3795 3464/7/3795 3440/8/3795
f 3433/9/3796 3457/10/3796 3460/11/3796 3436/12/3796
f 3438/13/3797 3434/14/3797 3458/15/3797 3462/16/3797
f 3457/17/3798 3458/18/3798 3459/19/3798 3460/20/3798
f 3458/33/3799 3457/34/3799 3461/35/3799 3462/36/3799
f 3433/37/3800 3437/38/3800 3461/39/3800 3457/40/3800
f 3459/45/3801 3435/46/3801 3439/47/3801 3463/48/3801
f 3460/49/3802 3459/50/3802 3463/51/3802 3464/52/3802
f 3466/53/3803 3465/54/3803 3467/55/3803 3468/56/3803
f 3440/57/3804 3464/58/3804 3466/59/3804 3442/60/3804
f 3464/61/3803 3463/62/3803 3465/63/3803 3466/64/3803
f 3463/65/3805 3439/66/3805 3441/67/3805 3465/68/3805
f 3443/69/3806 3444/70/3806 3468/71/3806 3467/72/3806
f 3465/73/3807 3441/74/3807 3443/75/3807 3467/76/3807
f 3442/81/3808 3466/82/3808 3468/83/3808 3444/84/3808
f 3470/1/3809 3471/4/3809 3447/3/3809 3446/2/3809
f 3448/5/3810 3452/8/3810 3476/7/3810 3472/6/3810
f 3445/9/3811 3448/12/3811 3472/11/3811 3469/10/3811
f 3450/13/3797 3474/16/3797 3470/15/3797 3446/14/3797
f 3469/17/3812 3472/20/3812 3471/19/3812 3470/18/3812
f 3470/33/3813 3474/36/3813 3473/35/3813 3469/34/3813
f 3445/37/3800 3469/40/3800 3473/39/3800 3449/38/3800
f 3471/45/3814 3475/48/3814 3451/47/3814 3447/46/3814
f 3472/49/3815 3476/52/3815 3475/51/3815 3471/50/3815
f 3478/53/3813 3480/56/3813 3479/55/3813 3477/54/3813
f 3452/57/3816 3454/60/3816 3478/59/3816 3476/58/3816
f 3476/61/3812 3478/64/3812 3477/63/3812 3475/62/3812
f 3475/65/3817 3477/68/3817 3453/67/3817 3451/66/3817
f 3455/69/3818 3479/72/3818 3480/71/3818 3456/70/3818
f 3477/73/3817 3479/76/3817 3455/75/3817 3453/74/3817
f 3454/81/3819 3456/84/3819 3480/83/3819 3478/82/3819
f 3482/1/3820 3458/2/3820 3459/3/3820 3483/4/3820
f 3460/5/3821 3484/6/3821 3488/7/3821 3464/8/3821
f 3457/9/3822 3481/10/3822 3484/11/3822 3460/12/3822
f 3462/13/3823 3458/14/3823 3482/15/3823 3486/16/3823
f 3481/17/3824 3482/18/3824 3483/19/3824 3484/20/3824
f 3482/33/3825 3481/34/3825 3485/35/3825 3486/36/3825
f 3457/37/3826 3461/38/3826 3485/39/3826 3481/40/3826
f 3483/45/3827 3459/46/3827 3463/47/3827 3487/48/3827
f 3484/49/3828 3483/50/3828 3487/51/3828 3488/52/3828
f 3490/53/3829 3489/54/3829 3491/55/3829 3492/56/3829
f 3464/57/3830 3488/58/3830 3490/59/3830 3466/60/3830
f 3488/61/3831 3487/62/3831 3489/63/3831 3490/64/3831
f 3487/65/3827 3463/66/3827 3465/67/3827 3489/68/3827
f 3467/69/3832 3468/70/3832 3492/71/3832 3491/72/3832
f 3489/73/3833 3465/74/3833 3467/75/3833 3491/76/3833
f 3466/81/3834 3490/82/3834 3492/83/3834 3468/84/3834
f 3494/1/3835 3495/4/3835 3471/3/3835 3470/2/3835
f 3472/5/3836 3476/8/3836 3500/7/3836 3496/6/3836
f 3469/9/3837 3472/12/3837 3496/11/3837 3493/10/3837
f 3474/13/3823 3498/16/3823 3494/15/3823 3470/14/3823
f 3493/17/3838 3496/20/3838 3495/19/3838 3494/18/3838
f 3494/33/3838 3498/36/3838 3497/35/3838 3493/34/3838
f 3469/37/3826 3493/40/3826 3497/39/3826 3473/38/3826
f 3495/45/3839 3499/48/3839 3475/47/3839 3471/46/3839
f 3496/49/3840 3500/52/3840 3499/51/3840 3495/50/3840
f 3502/53/3838 3504/56/3838 3503/55/3838 3501/54/3838
f 3476/57/3841 3478/60/3841 3502/59/3841 3500/58/3841
f 3500/61/3838 3502/64/3838 3501/63/3838 3499/62/3838
f 3499/65/3842 3501/68/3842 3477/67/3842 3475/66/3842
f 3479/69/3843 3503/72/3843 3504/71/3843 3480/70/3843
f 3501/73/3844 3503/76/3844 3479/75/3844 3477/74/3844
f 3478/81/3845 3480/84/3845 3504/83/3845 3502/82/3845
f 3506/1/3846 3482/2/3846 3483/3/3846 3507/4/3846
f 3484/5/3847 3508/6/3847 3512/7/3847 3488/8/3847
f 3481/9/3848 3505/10/3848 3508/11/3848 3484/12/3848
f 3486/13/3849 3482/14/3849 3506/15/3849 3510/16/3849
f 3505/17/3850 3506/18/3850 3507/19/3850 3508/20/3850
f 3506/33/3850 3505/34/3850 3509/35/3850 3510/36/3850
f 3481/37/3851 3485/38/3851 3509/39/3851 3505/40/3851
f 3507/45/3852 3483/46/3852 3487/47/3852 3511/48/3852
f 3508/49/3853 3507/50/3853 3511/51/3853 3512/52/3853
f 3514/53/3854 3513/54/3854 3515/55/3854 3516/56/3854
f 3488/57/3855 3512/58/3855 3514/59/3855 3490/60/3855
f 3512/61/3854 3511/62/3854 3513/63/3854 3514/64/3854
f 3511/65/3852 3487/66/3852 3489/67/3852 3513/68/3852
f 3491/69/3856 3492/70/3856 3516/71/3856 3515/72/3856
f 3513/73/3857 3489/74/3857 3491/75/3857 3515/76/3857
f 3490/81/3858 3514/82/3858 3516/83/3858 3492/84/3858
f 3518/1/3859 3519/4/3859 3495/3/3859 3494/2/3859
f 3496/5/3860 3500/8/3860 3524/7/3860 3520/6/3860
f 3493/9/3861 3496/12/3861 3520/11/3861 3517/10/3861
f 3498/13/3849 3522/16/3849 3518/15/3849 3494/14/3849
f 3517/17/3862 3520/20/3862 3519/19/3862 3518/18/3862
f 3518/33/3863 3522/36/3863 3521/35/3863 3517/34/3863
f 3493/37/3851 3517/40/3851 3521/39/3851 3497/38/3851
f 3519/45/3864 3523/48/3864 3499/47/3864 3495/46/3864
f 3520/49/3865 3524/52/3865 3523/51/3865 3519/50/3865
f 3526/53/3866 3528/56/3866 3527/55/3866 3525/54/3866
f 3500/57/3867 3502/60/3867 3526/59/3867 3524/58/3867
f 3524/61/3868 3526/64/3868 3525/63/3868 3523/62/3868
f 3523/65/3869 3525/68/3869 3501/67/3869 3499/66/3869
f 3503/69/3870 3527/72/3870 3528/71/3870 3504/70/3870
f 3525/73/3869 3527/76/3869 3503/75/3869 3501/74/3869
f 3502/81/3871 3504/84/3871 3528/83/3871 3526/82/3871
f 3530/1/3872 3506/2/3872 3507/3/3872 3531/4/3872
f 3508/5/3873 3532/6/3873 3536/7/3873 3512/8/3873
f 3505/9/3874 3529/10/3874 3532/11/3874 3508/12/3874
f 3510/13/3875 3506/14/3875 3530/15/3875 3534/16/3875
f 3529/17/3876 3530/18/3876 3531/19/3876 3532/20/3876
f 3530/33/3877 3529/34/3877 3533/35/3877 3534/36/3877
f 3505/37/3878 3509/38/3878 3533/39/3878 3529/40/3878
f 3531/45/3879 3507/46/3879 3511/47/3879 3535/48/3879
f 3532/49/3880 3531/50/3880 3535/51/3880 3536/52/3880
f 3538/53/3881 3537/54/3881 3539/55/3881 3540/56/3881
f 3512/57/3882 3536/58/3882 3538/59/3882 3514/60/3882
f 3536/61/3883 3535/62/3883 3537/63/3883 3538/64/3883
f 3535/65/3884 3511/66/3884 3513/67/3884 3537/68/3884
f 3515/69/3885 3516/70/3885 3540/71/3885 3539/72/3885
f 3537/73/3884 3513/74/3884 3515/75/3884 3539/76/3884
f 3514/81/3886 3538/82/3886 3540/83/3886 3516/84/3886
f 3542/1/3887 3543/4/3887 3519/3/3887 3518/2/3887
f 3520/5/3888 3524/8/3888 3548/7/3888 3544/6/3888
f 3517/9/3889 3520/12/3889 3544/11/3889 3541/10/3889
f 3522/13/3875 3546/16/3875 3542/15/3875 3518/14/3875
f 3541/17/3890 3544/20/3890 3543/19/3890 3542/18/3890
f 3542/33/3890 3546/36/3890 3545/35/3890 3541/34/3890
f 3517/37/3878 3541/40/3878 3545/39/3878 3521/38/3878
f 3543/45/3891 3547/48/3891 3523/47/3891 3519/46/3891
f 3544/49/3892 3548/52/3892 3547/51/3892 3543/50/3892
f 3550/53/3893 3552/56/3893 3551/55/3893 3549/54/3893
f 3524/57/3894 3526/60/3894 3550/59/3894 3548/58/3894
f 3548/61/3895 3550/64/3895 3549/63/3895 3547/62/3895
f 3547/65/3896 3549/68/3896 3525/67/3896 3523/66/3896
f 3527/69/3897 3551/72/3897 3552/71/3897 3528/70/3897
f 3549/73/3896 3551/76/3896 3527/75/3896 3525/74/3896
f 3526/81/3898 3528/84/3898 3552/83/3898 3550/82/3898
f 3554/1/3899 3530/2/3899 3531/3/3899 3555/4/3899
f 3532/5/3900 3556/6/3900 3560/7/3900 3536/8/3900
f 3529/9/3901 3553/10/3901 3556/11/3901 3532/12/3901
f 3534/13/3902 3530/14/3902 3554/15/3902 3558/16/3902
f 3553/17/3903 3554/18/3903 3555/19/3903 3556/20/3903
f 3554/33/3903 3553/34/3903 3557/35/3903 3558/36/3903
f 3529/37/3904 3533/38/3904 3557/39/3904 3553/40/3904
f 3555/45/3905 3531/46/3905 3535/47/3905 3559/48/3905
f 3556/49/3906 3555/50/3906 3559/51/3906 3560/52/3906
f 3562/53/3907 3561/54/3907 3563/55/3907 3564/56/3907
f 3536/57/3908 3560/58/3908 3562/59/3908 3538/60/3908
f 3560/61/3907 3559/62/3907 3561/63/3907 3562/64/3907
f 3559/65/3909 3535/66/3909 3537/67/3909 3561/68/3909
f 3539/69/3910 3540/70/3910 3564/71/3910 3563/72/3910
f 3561/73/3909 3537/74/3909 3539/75/3909 3563/76/3909
f 3538/81/3911 3562/82/3911 3564/83/3911 3540/84/3911
f 3566/1/3912 3567/4/3912 3543/3/3912 3542/2/3912
f 3544/5/3913 3548/8/3913 3572/7/3913 3568/6/3913
f 3541/9/3914 3544/12/3914 3568/11/3914 3565/10/3914
f 3546/13/3902 3570/16/3902 3566/15/3902 3542/14/3902
f 3565/17/3915 3568/20/3915 3567/19/3915 3566/18/3915
f 3566/33/3916 3570/36/3916 3569/35/3916 3565/34/3916
f 3541/37/3904 3565/40/3904 3569/39/3904 3545/38/3904
f 3567/45/3917 3571/48/3917 3547/47/3917 3543/46/3917
f 3568/49/3918 3572/52/3918 3571/51/3918 3567/50/3918
f 3574/53/3919 3576/56/3919 3575/55/3919 3573/54/3919
f 3548/57/3920 3550/60/3920 3574/59/3920 3572/58/3920
f 3572/61/3919 3574/64/3919 3573/63/3919 3571/62/3919
f 3571/65/3917 3573/68/3917 3549/67/3917 3547/66/3917
f 3551/69/3921 3575/72/3921 3576/71/3921 3552/70/3921
f 3573/73/3922 3575/76/3922 3551/75/3922 3549/74/3922
f 3550/81/3923 3552/84/3923 3576/83/3923 3574/82/3923
f 3578/1/3924 3554/2/3924 3555/3/3924 3579/4/3924
f 3556/5/3925 3580/6/3925 3584/7/3925 3560/8/3925
f 3553/9/3926 3577/10/3926 3580/11/3926 3556/12/3926
f 3558/13/3927 3554/14/3927 3578/15/3927 3582/16/3927
f 3577/17/3928 3578/18/3928 3579/19/3928 3580/20/3928
f 3578/33/3929 3577/34/3929 3581/35/3929 3582/36/3929
f 3553/37/3930 3557/38/3930 3581/39/3930 3577/40/3930
f 3579/45/3931 3555/46/3931 3559/47/3931 3583/48/3931
f 3580/49/3932 3579/50/3932 3583/51/3932 3584/52/3932
f 3586/53/3933 3585/54/3933 3587/55/3933 3588/56/3933
f 3560/57/3934 3584/58/3934 3586/59/3934 3562/60/3934
f 3584/61/3929 3583/62/3929 3585/63/3929 3586/64/3929
f 3583/65/3935 3559/66/3935 3561/67/3935 3585/68/3935
f 3563/69/3936 3564/70/3936 3588/71/3936 3587/72/3936
f 3585/73/3935 3561/74/3935 3563/75/3935 3587/76/3935
f 3562/81/3937 3586/82/3937 3588/83/3937 3564/84/3937
f 3590/1/3938 3591/4/3938 3567/3/3938 3566/2/3938
f 3568/5/3939 3572/8/3939 3596/7/3939 3592/6/3939
f 3565/9/3940 3568/12/3940 3592/11/3940 3589/10/3940
f 3570/13/3927 3594/16/3927 3590/15/3927 3566/14/3927
f 3589/17/3941 3592/20/3941 3591/19/3941 3590/18/3941
f 3590/33/3942 3594/36/3942 3593/35/3942 3589/34/3942
f 3565/37/3930 3589/40/3930 3593/39/3930 3569/38/3930
f 3591/45/3943 3595/48/3943 3571/47/3943 3567/46/3943
f 3592/49/3944 3596/52/3944 3595/51/3944 3591/50/3944
f 3598/53/3942 3600/56/3942 3599/55/3942 3597/54/3942
f 3572/57/3945 3574/60/3945 3598/59/3945 3596/58/3945
f 3596/61/3942 3598/64/3942 3597/63/3942 3595/62/3942
f 3595/65/3946 3597/68/3946 3573/67/3946 3571/66/3946
f 3575/69/3947 3599/72/3947 3600/71/3947 3576/70/3947
f 3597/73/3948 3599/76/3948 3575/75/3948 3573/74/3948
f 3574/81/3949 3576/84/3949 3600/83/3949 3598/82/3949
f 3602/1/3950 3578/2/3950 3579/3/3950 3603/4/3950
f 3580/5/3951 3604/6/3951 3608/7/3951 3584/8/3951
f 3577/9/3952 3601/10/3952 3604/11/3952 3580/12/3952
f 3582/13/3953 3578/14/3953 3602/15/3953 3606/16/3953
f 3601/17/3954 3602/18/3954 3603/19/3954 3604/20/3954
f 3602/33/3955 3601/34/3955 3605/35/3955 3606/36/3955
f 3577/37/3956 3581/38/3956 3605/39/3956 3601/40/3956
f 3603/45/3957 3579/46/3957 3583/47/3957 3607/48/3957
f 3604/49/3958 3603/50/3958 3607/51/3958 3608/52/3958
f 3610/53/3959 3609/54/3959 3611/55/3959 3612/56/3959
f 3584/57/3960 3608/58/3960 3610/59/3960 3586/60/3960
f 3608/61/3959 3607/62/3959 3609/63/3959 3610/64/3959
f 3607/65/3961 3583/66/3961 3585/67/3961 3609/68/3961
f 3587/69/3962 3588/70/3962 3612/71/3962 3611/72/3962
f 3609/73/3963 3585/74/3963 3587/75/3963 3611/76/3963
f 3586/81/3964 3610/82/3964 3612/83/3964 3588/84/3964
f 3614/1/3965 3615/4/3965 3591/3/3965 3590/2/3965
f 3592/5/3966 3596/8/3966 3620/7/3966 3616/6/3966
f 3589/9/3967 3592/12/3967 3616/11/3967 3613/10/3967
f 3594/13/3953 3618/16/3953 3614/15/3953 3590/14/3953
f 3613/17/3968 3616/20/3968 3615/19/3968 3614/18/3968
f 3614/33/3968 3618/36/3968 3617/35/3968 3613/34/3968
f 3589/37/3956 3613/40/3956 3617/39/3956 3593/38/3956
f 3615/45/3969 3619/48/3969 3595/47/3969 3591/46/3969
f 3616/49/3970 3620/52/3970 3619/51/3970 3615/50/3970
f 3622/53/3971 3624/56/3971 3623/55/3971 3621/54/3971
f 3596/57/3972 3598/60/3972 3622/59/3972 3620/58/3972
f 3620/61/3971 3622/64/3971 3621/63/3971 3619/62/3971
f 3619/65/3969 3621/68/3969 3597/67/3969 3595/66/3969
f 3599/69/3973 3623/72/3973 3624/71/3973 3600/70/3973
f 3621/73/3974 3623/76/3974 3599/75/3974 3597/74/3974
f 3598/81/3975 3600/84/3975 3624/83/3975 3622/82/3975
f 3626/1/3976 3602/2/3976 3603/3/3976 3627/4/3976
f 3604/5/3977 3628/6/3977 3632/7/3977 3608/8/3977
f 3601/9/3978 3625/10/3978 3628/11/3978 3604/12/3978
f 3606/13/3979 3602/14/3979 3626/15/3979 3630/16/3979
f 3625/17/3980 3626/18/3980 3627/19/3980 3628/20/3980
f 3626/33/3981 3625/34/3981 3629/35/3981 3630/36/3981
f 3601/37/3982 3605/38/3982 3629/39/3982 3625/40/3982
f 3627/45/3983 3603/46/3983 3607/47/3983 3631/48/3983
f 3628/49/3984 3627/50/3984 3631/51/3984 3632/52/3984
f 3634/53/3980 3633/54/3980 3635/55/3980 3636/56/3980
f 3608/57/3985 3632/58/3985 3634/59/3985 3610/60/3985
f 3632/61/3986 3631/62/3986 3633/63/3986 3634/64/3986
f 3631/65/3983 3607/66/3983 3609/67/3983 3633/68/3983
f 3611/69/3987 3612/70/3987 3636/71/3987 3635/72/3987
f 3633/73/3988 3609/74/3988 3611/75/3988 3635/76/3988
f 3610/81/3989 3634/82/3989 3636/83/3989 3612/84/3989
f 3638/1/3990 3639/4/3990 3615/3/3990 3614/2/3990
f 3616/5/3991 3620/8/3991 3644/7/3991 3640/6/3991
f 3613/9/3992 3616/12/3992 3640/11/3992 3637/10/3992
f 3618/13/3979 3642/16/3979 3638/15/3979 3614/14/3979
f 3637/17/3993 3640/20/3993 3639/19/3993 3638/18/3993
f 3638/33/3993 3642/36/3993 3641/35/3993 3637/34/3993
f 3613/37/3982 3637/40/3982 3641/39/3982 3617/38/3982
f 3639/45/3994 3643/48/3994 3619/47/3994 3615/46/3994
f 3640/49/3995 3644/52/3995 3643/51/3995 3639/50/3995
f 3646/53/3993 3648/56/3993 3647/55/3993 3645/54/3993
f 3620/57/3996 3622/60/3996 3646/59/3996 3644/58/3996
f 3644/61/3997 3646/64/3997 3645/63/3997 3643/62/3997
f 3643/65/3998 3645/68/3998 3621/67/3998 3619/66/3998
f 3623/69/3999 3647/72/3999 3648/71/3999 3624/70/3999
f 3645/73/3998 3647/76/3998 3623/75/3998 3621/74/3998
f 3622/81/4000 3624/84/4000 3648/83/4000 3646/82/4000
f 3650/1/4001 3626/2/4001 3627/3/4001 3651/4/4001
f 3628/5/4002 3652/6/4002 3656/7/4002 3632/8/4002
f 3625/9/4003 3649/10/4003 3652/11/4003 3628/12/4003
f 3630/13/4004 3626/14/4004 3650/15/4004 3654/16/4004
f 3649/17/4005 3650/18/4005 3651/19/4005 3652/20/4005
f 3650/33/4006 3649/34/4006 3653/35/4006 3654/36/4006
f 3625/37/4007 3629/38/4007 3653/39/4007 3649/40/4007
f 3651/45/4008 3627/46/4008 3631/47/4008 3655/48/4008
f 3652/49/4009 3651/50/4009 3655/51/4009 3656/52/4009
f 3658/53/4006 3657/54/4006 3659/55/4006 3660/56/4006
f 3632/57/4010 3656/58/4010 3658/59/4010 3634/60/4010
f 3656/61/4006 3655/62/4006 3657/63/4006 3658/64/4006
f 3655/65/4011 3631/66/4011 3633/67/4011 3657/68/4011
f 3635/69/4012 3636/70/4012 3660/71/4012 3659/72/4012
f 3657/73/4013 3633/74/4013 3635/75/4013 3659/76/4013
f 3634/81/4014 3658/82/4014 3660/83/4014 3636/84/4014
f 3662/1/4015 3663/4/4015 3639/3/4015 3638/2/4015
f 3640/5/4016 3644/8/4016 3668/7/4016 3664/6/4016
f 3637/9/4017 3640/12/4017 3664/11/4017 3661/10/4017
f 3642/13/4004 3666/16/4004 3662/15/4004 3638/14/4004
f 3661/17/4018 3664/20/4018 3663/19/4018 3662/18/4018
f 3662/33/4019 3666/36/4019 3665/35/4019 3661/34/4019
f 3637/37/4007 3661/40/4007 3665/39/4007 3641/38/4007
f 3663/45/4020 3667/48/4020 3643/47/4020 3639/46/4020
f 3664/49/4021 3668/52/4021 3667/51/4021 3663/50/4021
f 3670/53/4022 3672/56/4022 3671/55/4022 3669/54/4022
f 3644/57/4023 3646/60/4023 3670/59/4023 3668/58/4023
f 3668/61/4024 3670/64/4024 3669/63/4024 3667/62/4024
f 3667/65/4020 3669/68/4020 3645/67/4020 3643/66/4020
f 3647/69/4025 3671/72/4025 3672/71/4025 3648/70/4025
f 3669/73/4026 3671/76/4026 3647/75/4026 3645/74/4026
f 3646/81/4027 3648/84/4027 3672/83/4027 3670/82/4027
f 3674/1/4028 3650/2/4028 3651/3/4028 3675/4/4028
f 3652/5/4029 3676/6/4029 3680/7/4029 3656/8/4029
f 3649/9/4030 3673/10/4030 3676/11/4030 3652/12/4030
f 3654/13/4031 3650/14/4031 3674/15/4031 3678/16/4031
f 3673/17/4032 3674/18/4032 3675/19/4032 3676/20/4032
f 3674/33/4033 3673/34/4033 3677/35/4033 3678/36/4033
f 3649/37/4034 3653/38/4034 3677/39/4034 3673/40/4034
f 3675/45/4035 3651/46/4035 3655/47/4035 3679/48/4035
f 3676/49/4036 3675/50/4036 3679/51/4036 3680/52/4036
f 3682/53/4032 3681/54/4032 3683/55/4032 3684/56/4032
f 3656/57/4037 3680/58/4037 3682/59/4037 3658/60/4037
f 3680/61/4038 3679/62/4038 3681/63/4038 3682/64/4038
f 3679/65/4039 3655/66/4039 3657/67/4039 3681/68/4039
f 3659/69/4040 3660/70/4040 3684/71/4040 3683/72/4040
f 3681/73/4039 3657/74/4039 3659/75/4039 3683/76/4039
f 3658/81/4041 3682/82/4041 3684/83/4041 3660/84/4041
f 3686/1/4042 3687/4/4042 3663/3/4042 3662/2/4042
f 3664/5/4043 3668/8/4043 3692/7/4043 3688/6/4043
f 3661/9/4044 3664/12/4044 3688/11/4044 3685/10/4044
f 3666/13/4031 3690/16/4031 3686/15/4031 3662/14/4031
f 3685/17/4045 3688/20/4045 3687/19/4045 3686/18/4045
f 3686/33/4046 3690/36/4046 3689/35/4046 3685/34/4046
f 3661/37/4034 3685/40/4034 3689/39/4034 3665/38/4034
f 3687/45/4047 3691/48/4047 3667/47/4047 3663/46/4047
f 3688/49/4048 3692/52/4048 3691/51/4048 3687/50/4048
f 3694/53/4049 3696/56/4049 3695/55/4049 3693/54/4049
f 3668/57/4050 3670/60/4050 3694/59/4050 3692/58/4050
f 3692/61/4049 3694/64/4049 3693/63/4049 3691/62/4049
f 3691/65/4047 3693/68/4047 3669/67/4047 3667/66/4047
f 3671/69/4051 3695/72/4051 3696/71/4051 3672/70/4051
f 3693/73/4052 3695/76/4052 3671/75/4052 3669/74/4052
f 3670/81/4053 3672/84/4053 3696/83/4053 3694/82/4053
f 3698/1/4054 3674/2/4054 3675/3/4054 3699/4/4054
f 3676/5/4055 3700/6/4055 3704/7/4055 3680/8/4055
f 3673/9/4056 3697/10/4056 3700/11/4056 3676/12/4056
f 3678/13/4057 3674/14/4057 3698/15/4057 3702/16/4057
f 3697/17/4058 3698/18/4058 3699/19/4058 3700/20/4058
f 3698/33/4058 3697/34/4058 3701/35/4058 3702/36/4058
f 3673/37/4059 3677/38/4059 3701/39/4059 3697/40/4059
f 3699/45/4060 3675/46/4060 3679/47/4060 3703/48/4060
f 3700/49/4061 3699/50/4061 3703/51/4061 3704/52/4061
f 3706/53/4058 3705/54/4058 3707/55/4058 3708/56/4058
f 3680/57/4062 3704/58/4062 3706/59/4062 3682/60/4062
f 3704/61/4063 3703/62/4063 3705/63/4063 3706/64/4063
f 3703/65/4060 3679/66/4060 3681/67/4060 3705/68/4060
f 3683/69/4064 3684/70/4064 3708/71/4064 3707/72/4064
f 3705/73/4065 3681/74/4065 3683/75/4065 3707/76/4065
f 3682/81/4066 3706/82/4066 3708/83/4066 3684/84/4066
f 3710/1/4067 3711/4/4067 3687/3/4067 3686/2/4067
f 3688/5/4068 3692/8/4068 3716/7/4068 3712/6/4068
f 3685/9/4069 3688/12/4069 3712/11/4069 3709/10/4069
f 3690/13/4057 3714/16/4057 3710/15/4057 3686/14/4057
f 3709/17/4070 3712/20/4070 3711/19/4070 3710/18/4070
f 3710/33/4070 3714/36/4070 3713/35/4070 3709/34/4070
f 3685/37/4059 3709/40/4059 3713/39/4059 3689/38/4059
f 3711/45/4071 3715/48/4071 3691/47/4071 3687/46/4071
f 3712/49/4072 3716/52/4072 3715/51/4072 3711/50/4072
f 3718/53/4070 3720/56/4070 3719/55/4070 3717/54/4070
f 3692/57/4073 3694/60/4073 3718/59/4073 3716/58/4073
f 3716/61/4074 3718/64/4074 3717/63/4074 3715/62/4074
f 3715/65/4075 3717/68/4075 3693/67/4075 3691/66/4075
f 3695/69/4076 3719/72/4076 3720/71/4076 3696/70/4076
f 3717/73/4075 3719/76/4075 3695/75/4075 3693/74/4075
f 3694/81/4077 3696/84/4077 3720/83/4077 3718/82/4077
f 3722/1/4078 3698/2/4078 3699/3/4078 3723/4/4078
f 3700/5/4079 3724/6/4079 3728/7/4079 3704/8/4079
f 3697/9/4080 3721/10/4080 3724/11/4080 3700/12/4080
f 3702/13/4081 3698/14/4081 3722/15/4081 3726/16/4081
f 3721/17/4082 3722/18/4082 3723/19/4082 3724/20/4082
f 3722/33/4083 3721/34/4083 3725/35/4083 3726/36/4083
f 3697/37/4084 3701/38/4084 3725/39/4084 3721/40/4084
f 3723/45/4085 3699/46/4085 3703/47/4085 3727/48/4085
f 3724/49/4086 3723/50/4086 3727/51/4086 3728/52/4086
f 3730/53/4087 3729/54/4087 3731/55/4087 3732/56/4087
f 3704/57/4088 3728/58/4088 3730/59/4088 3706/60/4088
f 3728/61/4089 3727/62/4089 3729/63/4089 3730/64/4089
f 3727/65/4090 3703/66/4090 3705/67/4090 3729/68/4090
f 3707/69/4091 3708/70/4091 3732/71/4091 3731/72/4091
f 3729/73/4090 3705/74/4090 3707/75/4090 3731/76/4090
f 3706/81/4092 3730/82/4092 3732/83/4092 3708/84/4092
f 3734/1/4093 3735/4/4093 3711/3/4093 3710/2/4093
f 3712/5/4094 3716/8/4094 3740/7/4094 3736/6/4094
f 3709/9/4095 3712/12/4095 3736/11/4095 3733/10/4095
f 3714/13/4081 3738/16/4081 3734/15/4081 3710/14/4081
f 3733/17/4096 3736/20/4096 3735/19/4096 3734/18/4096
f 3734/33/4097 3738/36/4097 3737/35/4097 3733/34/4097
f 3709/37/4084 3733/40/4084 3737/39/4084 3713/38/4084
f 3735/45/4098 3739/48/4098 3715/47/4098 3711/46/4098
f 3736/49/4099 3740/52/4099 3739/51/4099 3735/50/4099
f 3742/53/4097 3744/56/4097 3743/55/4097 3741/54/4097
f 3716/57/4100 3718/60/4100 3742/59/4100 3740/58/4100
f 3740/61/4097 3742/64/4097 3741/63/4097 3739/62/4097
f 3739/65/4098 3741/68/4098 3717/67/4098 3715/66/4098
f 3719/69/4101 3743/72/4101 3744/71/4101 3720/70/4101
f 3741/73/4098 3743/76/4098 3719/75/4098 3717/74/4098
f 3718/81/4102 3720/84/4102 3744/83/4102 3742/82/4102
f 3746/1/4103 3722/2/4103 3723/3/4103 3747/4/4103
f 3724/5/4104 3748/6/4104 3752/7/4104 3728/8/4104
f 3721/9/4105 3745/10/4105 3748/11/4105 3724/12/4105
f 3726/13/4106 3722/14/4106 3746/15/4106 3750/16/4106
f 3745/17/4107 3746/18/4107 3747/19/4107 3748/20/4107
f 3746/33/4107 3745/34/4107 3749/35/4107 3750/36/4107
f 3721/37/4108 3725/38/4108 3749/39/4108 3745/40/4108
f 3747/45/4109 3723/46/4109 3727/47/4109 3751/48/4109
f 3748/49/4110 3747/50/4110 3751/51/4110 3752/52/4110
f 3754/53/4111 3753/54/4111 3755/55/4111 3756/56/4111
f 3728/57/4112 3752/58/4112 3754/59/4112 3730/60/4112
f 3752/61/4113 3751/62/4113 3753/63/4113 3754/64/4113
f 3751/65/4109 3727/66/4109 3729/67/4109 3753/68/4109
f 3731/69/4114 3732/70/4114 3756/71/4114 3755/72/4114
f 3753/73/4115 3729/74/4115 3731/75/4115 3755/76/4115
f 3730/81/4116 3754/82/4116 3756/83/4116 3732/84/4116
f 3758/1/4117 3759/4/4117 3735/3/4117 3734/2/4117
f 3736/5/4118 3740/8/4118 3764/7/4118 3760/6/4118
f 3733/9/4119 3736/12/4119 3760/11/4119 3757/10/4119
f 3738/13/4106 3762/16/4106 3758/15/4106 3734/14/4106
f 3757/17/4120 3760/20/4120 3759/19/4120 3758/18/4120
f 3758/33/4121 3762/36/4121 3761/35/4121 3757/34/4121
f 3733/37/4108 3757/40/4108 3761/39/4108 3737/38/4108
f 3759/45/4122 3763/48/4122 3739/47/4122 3735/46/4122
f 3760/49/4123 3764/52/4123 3763/51/4123 3759/50/4123
f 3766/53/4124 3768/56/4124 3767/55/4124 3765/54/4124
f 3740/57/4125 3742/60/4125 3766/59/4125 3764/58/4125
f 3764/61/4124 3766/64/4124 3765/63/4124 3763/62/4124
f 3763/65/4122 3765/68/4122 3741/67/4122 3739/66/4122
f 3743/69/4126 3767/72/4126 3768/71/4126 3744/70/4126
f 3765/73/4127 3767/76/4127 3743/75/4127 3741/74/4127
f 3742/81/4128 3744/84/4128 3768/83/4128 3766/82/4128
f 3770/1/4129 3746/2/4129 3747/3/4129 3771/4/4129
f 3748/5/4130 3772/6/4130 3776/7/4130 3752/8/4130
f 3745/9/4131 3769/10/4131 3772/11/4131 3748/12/4131
f 3750/13/4132 3746/14/4132 3770/15/4132 3774/16/4132
f 3769/17/4133 3770/18/4133 3771/19/4133 3772/20/4133
f 3770/33/4133 3769/34/4133 3773/35/4133 3774/36/4133
f 3745/37/4134 3749/38/4134 3773/39/4134 3769/40/4134
f 3771/45/4135 3747/46/4135 3751/47/4135 3775/48/4135
f 3772/49/4136 3771/50/4136 3775/51/4136 3776/52/4136
f 3778/53/4137 3777/54/4137 3779/55/4137 3780/56/4137
f 3752/57/4138 3776/58/4138 3778/59/4138 3754/60/4138
f 3776/61/4139 3775/62/4139 3777/63/4139 3778/64/4139
f 3775/65/4140 3751/66/4140 3753/67/4140 3777/68/4140
f 3755/69/4141 3756/70/4141 3780/71/4141 3779/72/4141
f 3777/73/4140 3753/74/4140 3755/75/4140 3779/76/4140
f 3754/81/4142 3778/82/4142 3780/83/4142 3756/84/4142
f 3782/1/4143 3783/4/4143 3759/3/4143 3758/2/4143
f 3760/5/4144 3764/8/4144 3788/7/4144 3784/6/4144
f 3757/9/4145 3760/12/4145 3784/11/4145 3781/10/4145
f 3762/13/4132 3786/16/4132 3782/15/4132 3758/14/4132
f 3781/17/4146 3784/20/4146 3783/19/4146 3782/18/4146
f 3782/33/4146 3786/36/4146 3785/35/4146 3781/34/4146
f 3757/37/4134 3781/40/4134 3785/39/4134 3761/38/4134
f 3783/45/4147 3787/48/4147 3763/47/4147 3759/46/4147
f 3784/49/4148 3788/52/4148 3787/51/4148 3783/50/4148
f 3790/53/4146 3792/56/4146 3791/55/4146 3789/54/4146
f 3764/57/4149 3766/60/4149 3790/59/4149 3788/58/4149
f 3788/61/4146 3790/64/4146 3789/63/4146 3787/62/4146
f 3787/65/4150 3789/68/4150 3765/67/4150 3763/66/4150
f 3767/69/4151 3791/72/4151 3792/71/4151 3768/70/4151
f 3789/73/4150 3791/76/4150 3767/75/4150 3765/74/4150
f 3766/81/4152 3768/84/4152 3792/83/4152 3790/82/4152
f 3794/1/4153 3770/2/4153 3771/3/4153 3795/4/4153
f 3772/5/4154 3796/6/4154 3800/7/4154 3776/8/4154
f 3769/9/4155 3793/10/4155 3796/11/4155 3772/12/4155
f 3774/13/4156 3770/14/4156 3794/15/4156 3798/16/4156
f 3793/17/4157 3794/18/4157 3795/19/4157 3796/20/4157
f 3794/33/4157 3793/34/4157 3797/35/4157 3798/36/4157
f 3769/37/4158 3773/38/4158 3797/39/4158 3793/40/4158
f 3795/45/4159 3771/46/4159 3775/47/4159 3799/48/4159
f 3796/49/4160 3795/50/4160 3799/51/4160 3800/52/4160
f 3802/53/4161 3801/54/4161 3803/55/4161 3804/56/4161
f 3776/57/4162 3800/58/4162 3802/59/4162 3778/60/4162
f 3800/61/4163 3799/62/4163 3801/63/4163 3802/64/4163
f 3799/65/4164 3775/66/4164 3777/67/4164 3801/68/4164
f 3779/69/4165 3780/70/4165 3804/71/4165 3803/72/4165
f 3801/73/4164 3777/74/4164 3779/75/4164 3803/76/4164
f 3778/81/4166 3802/82/4166 3804/83/4166 3780/84/4166
f 3806/1/4167 3807/4/4167 3783/3/4167 3782/2/4167
f 3784/5/4168 3788/8/4168 3812/7/4168 3808/6/4168
f 3781/9/4169 3784/12/4169 3808/11/4169 3805/10/4169
f 3786/13/4156 3810/16/4156 3806/15/4156 3782/14/4156
f 3805/17/4170 3808/20/4170 3807/19/4170 3806/18/4170
f 3806/33/4171 3810/36/4171 3809/35/4171 3805/34/4171
f 3781/37/4158 3805/40/4158 3809/39/4158 3785/38/4158
f 3807/45/4172 3811/48/4172 3787/47/4172 3783/46/4172
f 3808/49/4173 3812/52/4173 3811/51/4173 3807/50/4173
f 3814/53/4171 3816/56/4171 3815/55/4171 3813/54/4171
f 3788/57/4174 3790/60/4174 3814/59/4174 3812/58/4174
f 3812/61/4171 3814/64/4171 3813/63/4171 3811/62/4171
f 3811/65/4175 3813/68/4175 3789/67/4175 3787/66/4175
f 3791/69/4176 3815/72/4176 3816/71/4176 3792/70/4176
f 3813/73/4175 3815/76/4175 3791/75/4175 3789/74/4175
f 3790/81/4177 3792/84/4177 3816/83/4177 3814/82/4177
f 3818/1/4178 3794/2/4178 3795/3/4178 3819/4/4178
f 3796/5/4179 3820/6/4179 3824/7/4179 3800/8/4179
f 3793/9/4180 3817/10/4180 3820/11/4180 3796/12/4180
f 3798/13/4181 3794/14/4181 3818/15/4181 3822/16/4181
f 3817/17/4182 3818/18/4182 3819/19/4182 3820/20/4182
f 3818/33/4183 3817/34/4183 3821/35/4183 3822/36/4183
f 3793/37/4184 3797/38/4184 3821/39/4184 3817/40/4184
f 3819/45/4185 3795/46/4185 3799/47/4185 3823/48/4185
f 3820/49/4186 3819/50/4186 3823/51/4186 3824/52/4186
f 3826/53/4182 3825/54/4182 3827/55/4182 3828/56/4182
f 3800/57/4187 3824/58/4187 3826/59/4187 3802/60/4187
f 3824/61/4182 3823/62/4182 3825/63/4182 3826/64/4182
f 3823/65/4188 3799/66/4188 3801/67/4188 3825/68/4188
f 3803/69/4189 3804/70/4189 3828/71/4189 3827/72/4189
f 3825/73/4190 3801/74/4190 3803/75/4190 3827/76/4190
f 3802/81/4191 3826/82/4191 3828/83/4191 3804/84/4191
f 3830/1/4192 3831/4/4192 3807/3/4192 3806/2/4192
f 3808/5/4193 3812/8/4193 3836/7/4193 3832/6/4193
f 3805/9/4194 3808/12/4194 3832/11/4194 3829/10/4194
f 3810/13/4181 3834/16/4181 3830/15/4181 3806/14/4181
f 3829/17/4195 3832/20/4195 3831/19/4195 3830/18/4195
f 3830/33/4196 3834/36/4196 3833/35/4196 3829/34/4196
f 3805/37/4184 3829/40/4184 3833/39/4184 3809/38/4184
f 3831/45/4197 3835/48/4197 3811/47/4197 3807/46/4197
f 3832/49/4198 3836/52/4198 3835/51/4198 3831/50/4198
f 3838/53/4199 3840/56/4199 3839/55/4199 3837/54/4199
f 3812/57/4200 3814/60/4200 3838/59/4200 3836/58/4200
f 3836/61/4196 3838/64/4196 3837/63/4196 3835/62/4196
f 3835/65/4197 3837/68/4197 3813/67/4197 3811/66/4197
f 3815/69/4201 3839/72/4201 3840/71/4201 3816/70/4201
f 3837/73/4202 3839/76/4202 3815/75/4202 3813/74/4202
f 3814/81/4203 3816/84/4203 3840/83/4203 3838/82/4203
f 3842/1/4204 3818/2/4204 3819/3/4204 3843/4/4204
f 3820/5/4205 3844/6/4205 3848/7/4205 3824/8/4205
f 3817/9/4206 3841/10/4206 3844/11/4206 3820/12/4206
f 3822/13/4207 3818/14/4207 3842/15/4207 3846/16/4207
f 3841/17/4208 3842/18/4208 3843/19/4208 3844/20/4208
f 3842/33/4209 3841/34/4209 3845/35/4209 3846/36/4209
f 3817/37/4210 3821/38/4210 3845/39/4210 3841/40/4210
f 3843/45/4211 3819/46/4211 3823/47/4211 3847/48/4211
f 3844/49/4212 3843/50/4212 3847/51/4212 3848/52/4212
f 3850/53/4213 3849/54/4213 3851/55/4213 3852/56/4213
f 3824/57/4214 3848/58/4214 3850/59/4214 3826/60/4214
f 3848/61/4213 3847/62/4213 3849/63/4213 3850/64/4213
f 3847/65/4211 3823/66/4211 3825/67/4211 3849/68/4211
f 3827/69/4215 3828/70/4215 3852/71/4215 3851/72/4215
f 3849/73/4216 3825/74/4216 3827/75/4216 3851/76/4216
f 3826/81/4217 3850/82/4217 3852/83/4217 3828/84/4217
f 3854/1/4218 3855/4/4218 3831/3/4218 3830/2/4218
f 3832/5/4219 3836/8/4219 3860/7/4219 3856/6/4219
f 3829/9/4220 3832/12/4220 3856/11/4220 3853/10/4220
f 3834/13/4207 3858/16/4207 3854/15/4207 3830/14/4207
f 3853/17/4221 3856/20/4221 3855/19/4221 3854/18/4221
f 3854/33/4222 3858/36/4222 3857/35/4222 3853/34/4222
f 3829/37/4210 3853/40/4210 3857/39/4210 3833/38/4210
f 3855/45/4223 3859/48/4223 3835/47/4223 3831/46/4223
f 3856/49/4224 3860/52/4224 3859/51/4224 3855/50/4224
f 3862/53/4225 3864/56/4225 3863/55/4225 3861/54/4225
f 3836/57/4226 3838/60/4226 3862/59/4226 3860/58/4226
f 3860/61/4222 3862/64/4222 3861/63/4222 3859/62/4222
f 3859/65/4227 3861/68/4227 3837/67/4227 3835/66/4227
f 3839/69/4228 3863/72/4228 3864/71/4228 3840/70/4228
f 3861/73/4227 3863/76/4227 3839/75/4227 3837/74/4227
f 3838/81/4229 3840/84/4229 3864/83/4229 3862/82/4229
f 3866/1/4230 3842/2/4230 3843/3/4230 3867/4/4230
f 3844/5/4231 3868/6/4231 3872/7/4231 3848/8/4231
f 3841/9/4232 3865/10/4232 3868/11/4232 3844/12/4232
f 3846/13/4233 3842/14/4233 3866/15/4233 3870/16/4233
f 3865/17/4234 3866/18/4234 3867/19/4234 3868/20/4234
f 3866/33/4235 3865/34/4235 3869/35/4235 3870/36/4235
f 3841/37/4236 3845/38/4236 3869/39/4236 3865/40/4236
f 3867/45/4237 3843/46/4237 3847/47/4237 3871/48/4237
f 3868/49/4238 3867/50/4238 3871/51/4238 3872/52/4238
f 3874/53/4239 3873/54/4239 3875/55/4239 3876/56/4239
f 3848/57/4240 3872/58/4240 3874/59/4240 3850/60/4240
f 3872/61/4239 3871/62/4239 3873/63/4239 3874/64/4239
f 3871/65/4237 3847/66/4237 3849/67/4237 3873/68/4237
f 3851/69/4241 3852/70/4241 3876/71/4241 3875/72/4241
f 3873/73/4242 3849/74/4242 3851/75/4242 3875/76/4242
f 3850/81/4243 3874/82/4243 3876/83/4243 3852/84/4243
f 3878/1/4244 3879/4/4244 3855/3/4244 3854/2/4244
f 3856/5/4245 3860/8/4245 3884/7/4245 3880/6/4245
f 3853/9/4246 3856/12/4246 3880/11/4246 3877/10/4246
f 3858/13/4233 3882/16/4233 3878/15/4233 3854/14/4233
f 3877/17/4247 3880/20/4247 3879/19/4247 3878/18/4247
f 3878/33/4248 3882/36/4248 3881/35/4248 3877/34/4248
f 3853/37/4236 3877/40/4236 3881/39/4236 3857/38/4236
f 3879/45/4249 3883/48/4249 3859/47/4249 3855/46/4249
f 3880/49/4250 3884/52/4250 3883/51/4250 3879/50/4250
f 3886/53/4251 3888/56/4251 3887/55/4251 3885/54/4251
f 3860/57/4252 3862/60/4252 3886/59/4252 3884/58/4252
f 3884/61/4248 3886/64/4248 3885/63/4248 3883/62/4248
f 3883/65/4249 3885/68/4249 3861/67/4249 3859/66/4249
f 3863/69/4253 3887/72/4253 3888/71/4253 3864/70/4253
f 3885/73/4254 3887/76/4254 3863/75/4254 3861/74/4254
f 3862/81/4255 3864/84/4255 3888/83/4255 3886/82/4255
f 3890/1/4256 3866/2/4256 3867/3/4256 3891/4/4256
f 3868/5/4257 3892/6/4257 3896/7/4257 3872/8/4257
f 3865/9/4258 3889/10/4258 3892/11/4258 3868/12/4258
f 3870/13/4259 3866/14/4259 3890/15/4259 3894/16/4259
f 3889/17/4260 3890/18/4260 3891/19/4260 3892/20/4260
f 3890/33/4261 3889/34/4261 3893/35/4261 3894/36/4261
f 3865/37/4262 3869/38/4262 3893/39/4262 3889/40/4262
f 3891/45/4263 3867/46/4263 3871/47/4263 3895/48/4263
f 3892/49/4264 3891/50/4264 3895/51/4264 3896/52/4264
f 3898/53/4265 3897/54/4265 3899/55/4265 3900/56/4265
f 3872/57/4266 3896/58/4266 3898/59/4266 3874/60/4266
f 3896/61/4267 3895/62/4267 3897/63/4267 3898/64/4267
f 3895/65/4268 3871/66/4268 3873/67/4268 3897/68/4268
f 3875/69/4269 3876/70/4269 3900/71/4269 3899/72/4269
f 3897/73/4270 3873/74/4270 3875/75/4270 3899/76/4270
f 3874/81/4271 3898/82/4271 3900/83/4271 3876/84/4271
f 3902/1/4272 3903/4/4272 3879/3/4272 3878/2/4272
f 3880/5/4273 3884/8/4273 3908/7/4273 3904/6/4273
f 3877/9/4274 3880/12/4274 3904/11/4274 3901/10/4274
f 3882/13/4259 3906/16/4259 3902/15/4259 3878/14/4259
f 3901/17/4275 3904/20/4275 3903/19/4275 3902/18/4275
f 3902/33/4276 3906/36/4276 3905/35/4276 3901/34/4276
f 3877/37/4262 3901/40/4262 3905/39/4262 3881/38/4262
f 3903/45/4277 3907/48/4277 3883/47/4277 3879/46/4277
f 3904/49/4278 3908/52/4278 3907/51/4278 3903/50/4278
f 3910/53/4279 3912/56/4279 3911/55/4279 3909/54/4279
f 3884/57/4280 3886/60/4280 3910/59/4280 3908/58/4280
f 3908/61/4276 3910/64/4276 3909/63/4276 3907/62/4276
f 3907/65/4281 3909/68/4281 3885/67/4281 3883/66/4281
f 3887/69/4282 3911/72/4282 3912/71/4282 3888/70/4282
f 3909/73/4281 3911/76/4281 3887/75/4281 3885/74/4281
f 3886/81/4283 3888/84/4283 3912/83/4283 3910/82/4283
f 3914/1/4284 3890/2/4284 3891/3/4284 3915/4/4284
f 3892/5/4285 3916/6/4285 3920/7/4285 3896/8/4285
f 3889/9/4286 3913/10/4286 3916/11/4286 3892/12/4286
f 3894/13/4287 3890/14/4287 3914/15/4287 3918/16/4287
f 3913/17/4288 3914/18/4288 3915/19/4288 3916/20/4288
f 3914/33/4289 3913/34/4289 3917/35/4289 3918/36/4289
f 3889/37/4290 3893/38/4290 3917/39/4290 3913/40/4290
f 3915/45/4291 3891/46/4291 3895/47/4291 3919/48/4291
f 3916/49/4292 3915/50/4292 3919/51/4292 3920/52/4292
f 3922/53/4293 3921/54/4293 3923/55/4293 3924/56/4293
f 3896/57/4294 3920/58/4294 3922/59/4294 3898/60/4294
f 3920/61/4289 3919/62/4289 3921/63/4289 3922/64/4289
f 3919/65/4295 3895/66/4295 3897/67/4295 3921/68/4295
f 3899/69/4296 3900/70/4296 3924/71/4296 3923/72/4296
f 3921/73/4295 3897/74/4295 3899/75/4295 3923/76/4295
f 3898/81/4297 3922/82/4297 3924/83/4297 3900/84/4297
f 3926/1/4298 3927/4/4298 3903/3/4298 3902/2/4298
f 3904/5/4299 3908/8/4299 3932/7/4299 3928/6/4299
f 3901/9/4300 3904/12/4300 3928/11/4300 3925/10/4300
f 3906/13/4287 3930/16/4287 3926/15/4287 3902/14/4287
f 3925/17/4301 3928/20/4301 3927/19/4301 3926/18/4301
f 3926/33/4302 3930/36/4302 3929/35/4302 3925/34/4302
f 3901/37/4290 3925/40/4290 3929/39/4290 3905/38/4290
f 3927/45/4303 3931/48/4303 3907/47/4303 3903/46/4303
f 3928/49/4304 3932/52/4304 3931/51/4304 3927/50/4304
f 3934/53/4302 3936/56/4302 3935/55/4302 3933/54/4302
f 3908/57/4305 3910/60/4305 3934/59/4305 3932/58/4305
f 3932/61/4302 3934/64/4302 3933/63/4302 3931/62/4302
f 3931/65/4303 3933/68/4303 3909/67/4303 3907/66/4303
f 3911/69/4306 3935/72/4306 3936/71/4306 3912/70/4306
f 3933/73/4307 3935/76/4307 3911/75/4307 3909/74/4307
f 3910/81/4308 3912/84/4308 3936/83/4308 3934/82/4308
f 3938/1/4309 3914/2/4309 3915/3/4309 3939/4/4309
f 3916/5/4310 3940/6/4310 3944/7/4310 3920/8/4310
f 3913/9/4311 3937/10/4311 3940/11/4311 3916/12/4311
f 3918/13/4312 3914/14/4312 3938/15/4312 3942/16/4312
f 3937/17/4313 3938/18/4313 3939/19/4313 3940/20/4313
f 3938/33/4314 3937/34/4314 3941/35/4314 3942/36/4314
f 3913/37/4315 3917/38/4315 3941/39/4315 3937/40/4315
f 3939/45/4316 3915/46/4316 3919/47/4316 3943/48/4316
f 3940/49/4317 3939/50/4317 3943/51/4317 3944/52/4317
f 3946/53/4314 3945/54/4314 3947/55/4314 3948/56/4314
f 3920/57/4318 3944/58/4318 3946/59/4318 3922/60/4318
f 3944/61/4319 3943/62/4319 3945/63/4319 3946/64/4319
f 3943/65/4316 3919/66/4316 3921/67/4316 3945/68/4316
f 3923/69/4320 3924/70/4320 3948/71/4320 3947/72/4320
f 3945/73/4321 3921/74/4321 3923/75/4321 3947/76/4321
f 3922/81/4322 3946/82/4322 3948/83/4322 3924/84/4322
f 3950/1/4323 3951/4/4323 3927/3/4323 3926/2/4323
f 3928/5/4324 3932/8/4324 3956/7/4324 3952/6/4324
f 3925/9/4325 3928/12/4325 3952/11/4325 3949/10/4325
f 3930/13/4312 3954/16/4312 3950/15/4312 3926/14/4312
f 3949/17/4326 3952/20/4326 3951/19/4326 3950/18/4326
f 3950/33/4327 3954/36/4327 3953/35/4327 3949/34/4327
f 3925/37/4328 3949/40/4328 3953/39/4328 3929/38/4328
f 3951/45/4329 3955/48/4329 3931/47/4329 3927/46/4329
f 3952/49/4330 3956/52/4330 3955/51/4330 3951/50/4330
f 3958/53/4331 3960/56/4331 3959/55/4331 3957/54/4331
f 3932/57/4332 3934/60/4332 3958/59/4332 3956/58/4332
f 3956/61/4327 3958/64/4327 3957/63/4327 3955/62/4327
f 3955/65/4329 3957/68/4329 3933/67/4329 3931/66/4329
f 3935/69/4333 3959/72/4333 3960/71/4333 3936/70/4333
f 3957/73/4334 3959/76/4334 3935/75/4334 3933/74/4334
f 3934/81/4335 3936/84/4335 3960/83/4335 3958/82/4335
f 3962/1/4336 3938/2/4336 3939/3/4336 3963/4/4336
f 3940/5/4337 3964/6/4337 3968/7/4337 3944/8/4337
f 3937/9/4338 3961/10/4338 3964/11/4338 3940/12/4338
f 3942/13/4339 3938/14/4339 3962/15/4339 3966/16/4339
f 3961/17/4340 3962/18/4340 3963/19/4340 3964/20/4340
f 3962/33/4340 3961/34/4340 3965/35/4340 3966/36/4340
f 3937/37/4341 3941/38/4341 3965/39/4341 3961/40/4341
f 3963/45/4342 3939/46/4342 3943/47/4342 3967/48/4342
f 3964/49/4343 3963/50/4343 3967/51/4343 3968/52/4343
f 3970/53/4344 3969/54/4344 3971/55/4344 3972/56/4344
f 3944/57/4345 3968/58/4345 3970/59/4345 3946/60/4345
f 3968/61/4344 3967/62/4344 3969/63/4344 3970/64/4344
f 3967/65/4346 3943/66/4346 3945/67/4346 3969/68/4346
f 3947/69/4347 3948/70/4347 3972/71/4347 3971/72/4347
f 3969/73/4346 3945/74/4346 3947/75/4346 3971/76/4346
f 3946/81/4348 3970/82/4348 3972/83/4348 3948/84/4348
f 3974/1/4349 3975/4/4349 3951/3/4349 3950/2/4349
f 3952/5/4350 3956/8/4350 3980/7/4350 3976/6/4350
f 3949/9/4351 3952/12/4351 3976/11/4351 3973/10/4351
f 3954/13/4339 3978/16/4339 3974/15/4339 3950/14/4339
f 3973/17/4352 3976/20/4352 3975/19/4352 3974/18/4352
f 3974/33/4352 3978/36/4352 3977/35/4352 3973/34/4352
f 3949/37/4341 3973/40/4341 3977/39/4341 3953/38/4341
f 3975/45/4353 3979/48/4353 3955/47/4353 3951/46/4353
f 3976/49/4354 3980/52/4354 3979/51/4354 3975/50/4354
f 3982/53/4355 3984/56/4355 3983/55/4355 3981/54/4355
f 3956/57/4356 3958/60/4356 3982/59/4356 3980/58/4356
f 3980/61/4357 3982/64/4357 3981/63/4357 3979/62/4357
f 3979/65/4358 3981/68/4358 3957/67/4358 3955/66/4358
f 3959/69/4359 3983/72/4359 3984/71/4359 3960/70/4359
f 3981/73/4358 3983/76/4358 3959/75/4358 3957/74/4358
f 3958/81/4360 3960/84/4360 3984/83/4360 3982/82/4360
f 3986/1/4361 3962/2/4361 3963/3/4361 3987/4/4361
f 3964/5/4362 3988/6/4362 3992/7/4362 3968/8/4362
f 3961/9/4363 3985/10/4363 3988/11/4363 3964/12/4363
f 3966/13/4364 3962/14/4364 3986/15/4364 3990/16/4364
f 3985/17/4365 3986/18/4365 3987/19/4365 3988/20/4365
f 3986/33/4366 3985/34/4366 3989/35/4366 3990/36/4366
f 3961/37/4367 3965/38/4367 3989/39/4367 3985/40/4367
f 3987/45/4368 3963/46/4368 3967/47/4368 3991/48/4368
f 3988/49/4369 3987/50/4369 3991/51/4369 3992/52/4369
f 3994/53/4370 3993/54/4370 3995/55/4370 3996/56/4370
f 3968/57/4371 3992/58/4371 3994/59/4371 3970/60/4371
f 3992/61/4372 3991/62/4372 3993/63/4372 3994/64/4372
f 3991/65/4373 3967/66/4373 3969/67/4373 3993/68/4373
f 3971/69/4374 3972/70/4374 3996/71/4374 3995/72/4374
f 3993/73/4373 3969/74/4373 3971/75/4373 3995/76/4373
f 3970/81/4375 3994/82/4375 3996/83/4375 3972/84/4375
f 3998/1/4376 3999/4/4376 3975/3/4376 3974/2/4376
f 3976/5/4377 3980/8/4377 4004/7/4377 4000/6/4377
f 3973/9/4378 3976/12/4378 4000/11/4378 3997/10/4378
f 3978/13/4364 4002/16/4364 3998/15/4364 3974/14/4364
f 3997/17/4379 4000/20/4379 3999/19/4379 3998/18/4379
f 3998/33/4380 4002/36/4380 4001/35/4380 3997/34/4380
f 3973/37/4381 3997/40/4381 4001/39/4381 3977/38/4381
f 3999/45/4382 4003/48/4382 3979/47/4382 3975/46/4382
f 4000/49/4383 4004/52/4383 4003/51/4383 3999/50/4383
f 4006/53/4380 4008/56/4380 4007/55/4380 4005/54/4380
f 3980/57/4384 3982/60/4384 4006/59/4384 4004/58/4384
f 4004/61/4380 4006/64/4380 4005/63/4380 4003/62/4380
f 4003/65/4385 4005/68/4385 3981/67/4385 3979/66/4385
f 3983/69/4386 4007/72/4386 4008/71/4386 3984/70/4386
f 4005/73/4385 4007/76/4385 3983/75/4385 3981/74/4385
f 3982/81/4387 3984/84/4387 4008/83/4387 4006/82/4387
f 4010/1/4388 3986/2/4388 3987/3/4388 4011/4/4388
f 3988/5/4389 4012/6/4389 4016/7/4389 3992/8/4389
f 3985/9/4390 4009/10/4390 4012/11/4390 3988/12/4390
f 3990/13/4391 3986/14/4391 4010/15/4391 4014/16/4391
f 4009/17/4392 4010/18/4392 4011/19/4392 4012/20/4392
f 4010/33/4393 4009/34/4393 4013/35/4393 4014/36/4393
f 3985/37/4394 3989/38/4394 4013/39/4394 4009/40/4394
f 4011/45/4395 3987/46/4395 3991/47/4395 4015/48/4395
f 4012/49/4396 4011/50/4396 4015/51/4396 4016/52/4396
f 4018/53/4397 4017/54/4397 4019/55/4397 4020/56/4397
f 3992/57/4398 4016/58/4398 4018/59/4398 3994/60/4398
f 4016/61/4397 4015/62/4397 4017/63/4397 4018/64/4397
f 4015/65/4399 3991/66/4399 3993/67/4399 4017/68/4399
f 3995/69/4400 3996/70/4400 4020/71/4400 4019/72/4400
f 4017/73/4401 3993/74/4401 3995/75/4401 4019/76/4401
f 3994/81/4402 4018/82/4402 4020/83/4402 3996/84/4402
f 4022/1/4403 4023/4/4403 3999/3/4403 3998/2/4403
f 4000/5/4404 4004/8/4404 4028/7/4404 4024/6/4404
f 3997/9/4405 4000/12/4405 4024/11/4405 4021/10/4405
f 4002/13/4391 4026/16/4391 4022/15/4391 3998/14/4391
f 4021/17/4406 4024/20/4406 4023/19/4406 4022/18/4406
f 4022/33/4406 4026/36/4406 4025/35/4406 4021/34/4406
f 3997/37/4394 4021/40/4394 4025/39/4394 4001/38/4394
f 4023/45/4407 4027/48/4407 4003/47/4407 3999/46/4407
f 4024/49/4408 4028/52/4408 4027/51/4408 4023/50/4408
f 4030/53/4409 4032/56/4409 4031/55/4409 4029/54/4409
f 4004/57/4410 4006/60/4410 4030/59/4410 4028/58/4410
f 4028/61/4411 4030/64/4411 4029/63/4411 4027/62/4411
f 4027/65/4412 4029/68/4412 4005/67/4412 4003/66/4412
f 4007/69/4413 4031/72/4413 4032/71/4413 4008/70/4413
f 4029/73/4414 4031/76/4414 4007/75/4414 4005/74/4414
f 4006/81/4415 4008/84/4415 4032/83/4415 4030/82/4415
f 4034/1/4416 4010/2/4416 4011/3/4416 4035/4/4416
f 4012/5/4417 4036/6/4417 4040/7/4417 4016/8/4417
f 4009/9/4418 4033/10/4418 4036/11/4418 4012/12/4418
f 4014/13/4419 4010/14/4419 4034/15/4419 4038/16/4419
f 4033/17/4420 4034/18/4420 4035/19/4420 4036/20/4420
f 4034/33/4420 4033/34/4420 4037/35/4420 4038/36/4420
f 4009/37/4421 4013/38/4421 4037/39/4421 4033/40/4421
f 4035/45/4422 4011/46/4422 4015/47/4422 4039/48/4422
f 4036/49/4423 4035/50/4423 4039/51/4423 4040/52/4423
f 4042/53/4424 4041/54/4424 4043/55/4424 4044/56/4424
f 4016/57/4425 4040/58/4425 4042/59/4425 4018/60/4425
f 4040/61/4426 4039/62/4426 4041/63/4426 4042/64/4426
f 4039/65/4427 4015/66/4427 4017/67/4427 4041/68/4427
f 4019/69/4428 4020/70/4428 4044/71/4428 4043/72/4428
f 4041/73/4429 4017/74/4429 4019/75/4429 4043/76/4429
f 4018/81/4430 4042/82/4430 4044/83/4430 4020/84/4430
f 4046/1/4431 4047/4/4431 4023/3/4431 4022/2/4431
f 4024/5/4432 4028/8/4432 4052/7/4432 4048/6/4432
f 4021/9/4433 4024/12/4433 4048/11/4433 4045/10/4433
f 4026/13/4419 4050/16/4419 4046/15/4419 4022/14/4419
f 4045/17/4434 4048/20/4434 4047/19/4434 4046/18/4434
f 4046/33/4434 4050/36/4434 4049/35/4434 4045/34/4434
f 4021/37/4421 4045/40/4421 4049/39/4421 4025/38/4421
f 4047/45/4435 4051/48/4435 4027/47/4435 4023/46/4435
f 4048/49/4436 4052/52/4436 4051/51/4436 4047/50/4436
f 4054/53/4437 4056/56/4437 4055/55/4437 4053/54/4437
f 4028/57/4438 4030/60/4438 4054/59/4438 4052/58/4438
f 4052/61/4434 4054/64/4434 4053/63/4434 4051/62/4434
f 4051/65/4435 4053/68/4435 4029/67/4435 4027/66/4435
f 4031/69/4439 4055/72/4439 4056/71/4439 4032/70/4439
f 4053/73/4440 4055/76/4440 4031/75/4440 4029/74/4440
f 4030/81/4441 4032/84/4441 4056/83/4441 4054/82/4441
f 4058/1/4442 4034/2/4442 4035/3/4442 4059/4/4442
f 4036/5/4443 4060/6/4443 4064/7/4443 4040/8/4443
f 4033/9/4444 4057/10/4444 4060/11/4444 4036/12/4444
f 4038/13/4445 4034/14/4445 4058/15/4445 4062/16/4445
f 4057/17/4446 4058/18/4446 4059/19/4446 4060/20/4446
f 4058/33/4447 4057/34/4447 4061/35/4447 4062/36/4447
f 4033/37/4448 4037/38/4448 4061/39/4448 4057/40/4448
f 4059/45/4449 4035/46/4449 4039/47/4449 4063/48/4449
f 4060/49/4450 4059/50/4450 4063/51/4450 4064/52/4450
f 4066/53/4451 4065/54/4451 4067/55/4451 4068/56/4451
f 4040/57/4452 4064/58/4452 4066/59/4452 4042/60/4452
f 4064/61/4453 4063/62/4453 4065/63/4453 4066/64/4453
f 4063/65/4454 4039/66/4454 4041/67/4454 4065/68/4454
f 4043/69/4455 4044/70/4455 4068/71/4455 4067/72/4455
f 4065/73/4454 4041/74/4454 4043/75/4454 4067/76/4454
f 4042/81/4456 4066/82/4456 4068/83/4456 4044/84/4456
f 4070/1/4457 4071/4/4457 4047/3/4457 4046/2/4457
f 4048/5/4458 4052/8/4458 4076/7/4458 4072/6/4458
f 4045/9/4459 4048/12/4459 4072/11/4459 4069/10/4459
f 4050/13/4445 4074/16/4445 4070/15/4445 4046/14/4445
f 4069/17/4460 4072/20/4460 4071/19/4460 4070/18/4460
f 4070/33/4460 4074/36/4460 4073/35/4460 4069/34/4460
f 4045/37/4448 4069/40/4448 4073/39/4448 4049/38/4448
f 4071/45/4461 4075/48/4461 4051/47/4461 4047/46/4461
f 4072/49/4462 4076/52/4462 4075/51/4462 4071/50/4462
f 4078/53/4463 4080/56/4463 4079/55/4463 4077/54/4463
f 4052/57/4464 4054/60/4464 4078/59/4464 4076/58/4464
f 4076/61/4465 4078/64/4465 4077/63/4465 4075/62/4465
f 4075/65/4466 4077/68/4466 4053/67/4466 4051/66/4466
f 4055/69/4467 4079/72/4467 4080/71/4467 4056/70/4467
f 4077/73/4466 4079/76/4466 4055/75/4466 4053/74/4466
f 4054/81/4468 4056/84/4468 4080/83/4468 4078/82/4468
f 4082/1/4469 4058/2/4469 4059/3/4469 4083/4/4469
f 4060/5/4470 4084/6/4470 4088/7/4470 4064/8/4470
f 4057/9/4471 4081/10/4471 4084/11/4471 4060/12/4471
f 4062/13/4472 4058/14/4472 4082/15/4472 4086/16/4472
f 4081/17/4473 4082/18/4473 4083/19/4473 4084/20/4473
f 4082/33/4473 4081/34/4473 4085/35/4473 4086/36/4473
f 4057/37/4474 4061/38/4474 4085/39/4474 4081/40/4474
f 4083/45/4475 4059/46/4475 4063/47/4475 4087/48/4475
f 4084/49/4476 4083/50/4476 4087/51/4476 4088/52/4476
f 4090/53/4477 4089/54/4477 4091/55/4477 4092/56/4477
f 4064/57/4478 4088/58/4478 4090/59/4478 4066/60/4478
f 4088/61/4479 4087/62/4479 4089/63/4479 4090/64/4479
f 4087/65/4480 4063/66/4480 4065/67/4480 4089/68/4480
f 4067/69/4481 4068/70/4481 4092/71/4481 4091/72/4481
f 4089/73/4480 4065/74/4480 4067/75/4480 4091/76/4480
f 4066/81/4482 4090/82/4482 4092/83/4482 4068/84/4482
f 4094/1/4483 4095/4/4483 4071/3/4483 4070/2/4483
f 4072/5/4484 4076/8/4484 4100/7/4484 4096/6/4484
f 4069/9/4485 4072/12/4485 4096/11/4485 4093/10/4485
f 4074/13/4472 4098/16/4472 4094/15/4472 4070/14/4472
f 4093/17/4486 4096/20/4486 4095/19/4486 4094/18/4486
f 4094/33/4486 4098/36/4486 4097/35/4486 4093/34/4486
f 4069/37/4487 4093/40/4487 4097/39/4487 4073/38/4487
f 4095/45/4488 4099/48/4488 4075/47/4488 4071/46/4488
f 4096/49/4489 4100/52/4489 4099/51/4489 4095/50/4489
f 4102/53/4486 4104/56/4486 4103/55/4486 4101/54/4486
f 4076/57/4490 4078/60/4490 4102/59/4490 4100/58/4490
f 4100/61/4491 4102/64/4491 4101/63/4491 4099/62/4491
f 4099/65/4488 4101/68/4488 4077/67/4488 4075/66/4488
f 4079/69/4492 4103/72/4492 4104/71/4492 4080/70/4492
f 4101/73/4488 4103/76/4488 4079/75/4488 4077/74/4488
f 4078/81/4493 4080/84/4493 4104/83/4493 4102/82/4493
f 4106/1/4494 4082/2/4494 4083/3/4494 4107/4/4494
f 4084/5/4495 4108/6/4495 4112/7/4495 4088/8/4495
f 4081/9/4496 4105/10/4496 4108/11/4496 4084/12/4496
f 4086/13/4497 4082/14/4497 4106/15/4497 4110/16/4497
f 4105/17/4498 4106/18/4498 4107/19/4498 4108/20/4498
f 4106/33/4498 4105/34/4498 4109/35/4498 4110/36/4498
f 4081/37/4499 4085/38/4499 4109/39/4499 4105/40/4499
f 4107/45/4500 4083/46/4500 4087/47/4500 4111/48/4500
f 4108/49/4501 4107/50/4501 4111/51/4501 4112/52/4501
f 4114/53/4502 4113/54/4502 4115/55/4502 4116/56/4502
f 4088/57/4503 4112/58/4503 4114/59/4503 4090/60/4503
f 4112/61/4502 4111/62/4502 4113/63/4502 4114/64/4502
f 4111/65/4500 4087/66/4500 4089/67/4500 4113/68/4500
f 4091/69/4504 4092/70/4504 4116/71/4504 4115/72/4504
f 4113/73/4500 4089/74/4500 4091/75/4500 4115/76/4500
f 4090/81/4505 4114/82/4505 4116/83/4505 4092/84/4505
f 4118/1/4506 4119/4/4506 4095/3/4506 4094/2/4506
f 4096/5/4507 4100/8/4507 4124/7/4507 4120/6/4507
f 4093/9/4508 4096/12/4508 4120/11/4508 4117/10/4508
f 4098/13/4497 4122/16/4497 4118/15/4497 4094/14/4497
f 4117/17/4509 4120/20/4509 4119/19/4509 4118/18/4509
f 4118/33/4509 4122/36/4509 4121/35/4509 4117/34/4509
f 4093/37/4499 4117/40/4499 4121/39/4499 4097/38/4499
f 4119/45/4510 4123/48/4510 4099/47/4510 4095/46/4510
f 4120/49/4511 4124/52/4511 4123/51/4511 4119/50/4511
f 4126/53/4509 4128/56/4509 4127/55/4509 4125/54/4509
f 4100/57/4512 4102/60/4512 4126/59/4512 4124/58/4512
f 4124/61/4509 4126/64/4509 4125/63/4509 4123/62/4509
f 4123/65/4513 4125/68/4513 4101/67/4513 4099/66/4513
f 4103/69/4514 4127/72/4514 4128/71/4514 4104/70/4514
f 4125/73/4513 4127/76/4513 4103/75/4513 4101/74/4513
f 4102/81/4515 4104/84/4515 4128/83/4515 4126/82/4515
f 4130/1/4516 4106/2/4516 4107/3/4516 4131/4/4516
f 4108/5/4517 4132/6/4517 4136/7/4517 4112/8/4517
f 4105/9/4518 4129/10/4518 4132/11/4518 4108/12/4518
f 4110/13/4519 4106/14/4519 4130/15/4519 4134/16/4519
f 4129/17/4520 4130/18/4520 4131/19/4520 4132/20/4520
f 4130/33/4521 4129/34/4521 4133/35/4521 4134/36/4521
f 4105/37/4522 4109/38/4522 4133/39/4522 4129/40/4522
f 4131/45/4523 4107/46/4523 4111/47/4523 4135/48/4523
f 4132/49/4521 4131/50/4521 4135/51/4521 4136/52/4521
f 4138/53/4524 4137/54/4524 4139/55/4524 4140/56/4524
f 4112/57/4525 4136/58/4525 4138/59/4525 4114/60/4525
f 4136/61/4524 4135/62/4524 4137/63/4524 4138/64/4524
f 4135/65/4526 4111/66/4526 4113/67/4526 4137/68/4526
f 4115/69/4527 4116/70/4527 4140/71/4527 4139/72/4527
f 4137/73/4526 4113/74/4526 4115/75/4526 4139/76/4526
f 4114/81/4528 4138/82/4528 4140/83/4528 4116/84/4528
f 4142/1/4529 4143/4/4529 4119/3/4529 4118/2/4529
f 4120/5/4530 4124/8/4530 4148/7/4530 4144/6/4530
f 4117/9/4531 4120/12/4531 4144/11/4531 4141/10/4531
f 4122/13/4532 4146/16/4532 4142/15/4532 4118/14/4532
f 4141/17/4533 4144/20/4533 4143/19/4533 4142/18/4533
f 4142/33/4534 4146/36/4534 4145/35/4534 4141/34/4534
f 4117/37/4522 4141/40/4522 4145/39/4522 4121/38/4522
f 4143/45/4535 4147/48/4535 4123/47/4535 4119/46/4535
f 4144/49/4536 4148/52/4536 4147/51/4536 4143/50/4536
f 4150/53/4537 4152/56/4537 4151/55/4537 4149/54/4537
f 4124/57/4538 4126/60/4538 4150/59/4538 4148/58/4538
f 4148/61/4534 4150/64/4534 4149/63/4534 4147/62/4534
f 4147/65/4535 4149/68/4535 4125/67/4535 4123/66/4535
f 4127/69/4539 4151/72/4539 4152/71/4539 4128/70/4539
f 4149/73/4540 4151/76/4540 4127/75/4540 4125/74/4540
f 4126/81/4541 4128/84/4541 4152/83/4541 4150/82/4541
f 4154/1/4542 4130/2/4542 4131/3/4542 4155/4/4542
f 4132/5/4543 4156/6/4543 4160/7/4543 4136/8/4543
f 4129/9/4544 4153/10/4544 4156/11/4544 4132/12/4544
f 4134/13/4545 4130/14/4545 4154/15/4545 4158/16/4545
f 4153/17/4546 4154/18/4546 4155/19/4546 4156/20/4546
f 4154/33/4546 4153/34/4546 4157/35/4546 4158/36/4546
f 4129/37/4547 4133/38/4547 4157/39/4547 4153/40/4547
f 4155/45/4548 4131/46/4548 4135/47/4548 4159/48/4548
f 4156/49/4549 4155/50/4549 4159/51/4549 4160/52/4549
f 4162/53/4550 4161/54/4550 4163/55/4550 4164/56/4550
f 4136/57/4551 4160/58/4551 4162/59/4551 4138/60/4551
f 4160/61/4552 4159/62/4552 4161/63/4552 4162/64/4552
f 4159/65/4553 4135/66/4553 4137/67/4553 4161/68/4553
f 4139/69/4554 4140/70/4554 4164/71/4554 4163/72/4554
f 4161/73/4555 4137/74/4555 4139/75/4555 4163/76/4555
f 4138/81/4556 4162/82/4556 4164/83/4556 4140/84/4556
f 4166/1/4557 4167/4/4557 4143/3/4557 4142/2/4557
f 4144/5/4558 4148/8/4558 4172/7/4558 4168/6/4558
f 4141/9/4559 4144/12/4559 4168/11/4559 4165/10/4559
f 4146/13/4545 4170/16/4545 4166/15/4545 4142/14/4545
f 4165/17/4560 4168/20/4560 4167/19/4560 4166/18/4560
f 4166/33/4561 4170/36/4561 4169/35/4561 4165/34/4561
f 4141/37/4547 4165/40/4547 4169/39/4547 4145/38/4547
f 4167/45/4562 4171/48/4562 4147/47/4562 4143/46/4562
f 4168/49/4563 4172/52/4563 4171/51/4563 4167/50/4563
f 4174/53/4560 4176/56/4560 4175/55/4560 4173/54/4560
f 4148/57/4564 4150/60/4564 4174/59/4564 4172/58/4564
f 4172/61/4560 4174/64/4560 4173/63/4560 4171/62/4560
f 4171/65/4565 4173/68/4565 4149/67/4565 4147/66/4565
f 4151/69/4566 4175/72/4566 4176/71/4566 4152/70/4566
f 4173/73/4565 4175/76/4565 4151/75/4565 4149/74/4565
f 4150/81/4567 4152/84/4567 4176/83/4567 4174/82/4567
f 4178/1/4568 4154/2/4568 4155/3/4568 4179/4/4568
f 4156/5/4569 4180/6/4569 4184/7/4569 4160/8/4569
f 4153/9/4570 4177/10/4570 4180/11/4570 4156/12/4570
f 4158/13/4571 4154/14/4571 4178/15/4571 4182/16/4571
f 4177/17/4572 4178/18/4572 4179/19/4572 4180/20/4572
f 4178/33/4573 4177/34/4573 4181/35/4573 4182/36/4573
f 4153/37/4574 4157/38/4574 4181/39/4574 4177/40/4574
f 4179/45/4575 4155/46/4575 4159/47/4575 4183/48/4575
f 4180/49/4576 4179/50/4576 4183/51/4576 4184/52/4576
f 4186/53/4577 4185/54/4577 4187/55/4577 4188/56/4577
f 4160/57/4578 4184/58/4578 4186/59/4578 4162/60/4578
f 4184/61/4577 4183/62/4577 4185/63/4577 4186/64/4577
f 4183/65/4579 4159/66/4579 4161/67/4579 4185/68/4579
f 4163/69/4580 4164/70/4580 4188/71/4580 4187/72/4580
f 4185/73/4581 4161/74/4581 4163/75/4581 4187/76/4581
f 4162/81/4582 4186/82/4582 4188/83/4582 4164/84/4582
f 4190/1/4583 4191/4/4583 4167/3/4583 4166/2/4583
f 4168/5/4584 4172/8/4584 4196/7/4584 4192/6/4584
f 4165/9/4585 4168/12/4585 4192/11/4585 4189/10/4585
f 4170/13/4571 4194/16/4571 4190/15/4571 4166/14/4571
f 4189/17/4586 4192/20/4586 4191/19/4586 4190/18/4586
f 4190/33/4587 4194/36/4587 4193/35/4587 4189/34/4587
f 4165/37/4574 4189/40/4574 4193/39/4574 4169/38/4574
f 4191/45/4588 4195/48/4588 4171/47/4588 4167/46/4588
f 4192/49/4589 4196/52/4589 4195/51/4589 4191/50/4589
f 4198/53/4586 4200/56/4586 4199/55/4586 4197/54/4586
f 4172/57/4590 4174/60/4590 4198/59/4590 4196/58/4590
f 4196/61/4587 4198/64/4587 4197/63/4587 4195/62/4587
f 4195/65/4588 4197/68/4588 4173/67/4588 4171/66/4588
f 4175/69/4591 4199/72/4591 4200/71/4591 4176/70/4591
f 4197/73/4592 4199/76/4592 4175/75/4592 4173/74/4592
f 4174/81/4593 4176/84/4593 4200/83/4593 4198/82/4593
f 4202/1/4594 4178/2/4594 4179/3/4594 4203/4/4594
f 4180/5/4595 4204/6/4595 4208/7/4595 4184/8/4595
f 4177/9/4596 4201/10/4596 4204/11/4596 4180/12/4596
f 4182/13/4597 4178/14/4597 4202/15/4597 4206/16/4597
f 4201/17/4598 4202/18/4598 4203/19/4598 4204/20/4598
f 4202/33/4599 4201/34/4599 4205/35/4599 4206/36/4599
f 4177/37/4600 4181/38/4600 4205/39/4600 4201/40/4600
f 4203/45/4601 4179/46/4601 4183/47/4601 4207/48/4601
f 4204/49/4602 4203/50/4602 4207/51/4602 4208/52/4602
f 4210/53/4603 4209/54/4603 4211/55/4603 4212/56/4603
f 4184/57/4604 4208/58/4604 4210/59/4604 4186/60/4604
f 4208/61/4603 4207/62/4603 4209/63/4603 4210/64/4603
f 4207/65/4605 4183/66/4605 4185/67/4605 4209/68/4605
f 4187/69/4606 4188/70/4606 4212/71/4606 4211/72/4606
f 4209/73/4605 4185/74/4605 4187/75/4605 4211/76/4605
f 4186/81/4607 4210/82/4607 4212/83/4607 4188/84/4607
f 4214/1/4608 4215/4/4608 4191/3/4608 4190/2/4608
f 4192/5/4609 4196/8/4609 4220/7/4609 4216/6/4609
f 4189/9/4610 4192/12/4610 4216/11/4610 4213/10/4610
f 4194/13/4597 4218/16/4597 4214/15/4597 4190/14/4597
f 4213/17/4611 4216/20/4611 4215/19/4611 4214/18/4611
f 4214/33/4612 4218/36/4612 4217/35/4612 4213/34/4612
f 4189/37/4600 4213/40/4600 4217/39/4600 4193/38/4600
f 4215/45/4613 4219/48/4613 4195/47/4613 4191/46/4613
f 4216/49/4614 4220/52/4614 4219/51/4614 4215/50/4614
f 4222/53/4615 4224/56/4615 4223/55/4615 4221/54/4615
f 4196/57/4616 4198/60/4616 4222/59/4616 4220/58/4616
f 4220/61/4612 4222/64/4612 4221/63/4612 4219/62/4612
f 4219/65/4613 4221/68/4613 4197/67/4613 4195/66/4613
f 4199/69/4617 4223/72/4617 4224/71/4617 4200/70/4617
f 4221/73/4613 4223/76/4613 4199/75/4613 4197/74/4613
f 4198/81/4618 4200/84/4618 4224/83/4618 4222/82/4618
f 4226/1/4608 4202/2/4608 4203/3/4608 4227/4/4608
f 4204/5/4619 4228/6/4619 4232/7/4619 4208/8/4619
f 4201/9/4610 4225/10/4610 4228/11/4610 4204/12/4610
f 4206/13/4597 4202/14/4597 4226/15/4597 4230/16/4597
f 4225/17/4620 4226/18/4620 4227/19/4620 4228/20/4620
f 4226/33/4620 4225/34/4620 4229/35/4620 4230/36/4620
f 4201/37/4600 4205/38/4600 4229/39/4600 4225/40/4600
f 4227/45/4621 4203/46/4621 4207/47/4621 4231/48/4621
f 4228/49/4622 4227/50/4622 4231/51/4622 4232/52/4622
f 4234/53/4623 4233/54/4623 4235/55/4623 4236/56/4623
f 4208/57/4624 4232/58/4624 4234/59/4624 4210/60/4624
f 4232/61/4623 4231/62/4623 4233/63/4623 4234/64/4623
f 4231/65/4621 4207/66/4621 4209/67/4621 4233/68/4621
f 4211/69/4625 4212/70/4625 4236/71/4625 4235/72/4625
f 4233/73/4621 4209/74/4621 4211/75/4621 4235/76/4621
f 4210/81/4626 4234/82/4626 4236/83/4626 4212/84/4626
f 4238/1/4627 4239/4/4627 4215/3/4627 4214/2/4627
f 4216/5/4628 4220/8/4628 4244/7/4628 4240/6/4628
f 4213/9/4629 4216/12/4629 4240/11/4629 4237/10/4629
f 4218/13/4597 4242/16/4597 4238/15/4597 4214/14/4597
f 4237/17/4630 4240/20/4630 4239/19/4630 4238/18/4630
f 4238/33/4631 4242/36/4631 4241/35/4631 4237/34/4631
f 4213/37/4600 4237/40/4600 4241/39/4600 4217/38/4600
f 4239/45/4632 4243/48/4632 4219/47/4632 4215/46/4632
f 4240/49/4633 4244/52/4633 4243/51/4633 4239/50/4633
f 4246/53/4631 4248/56/4631 4247/55/4631 4245/54/4631
f 4220/57/4634 4222/60/4634 4246/59/4634 4244/58/4634
f 4244/61/4635 4246/64/4635 4245/63/4635 4243/62/4635
f 4243/65/4632 4245/68/4632 4221/67/4632 4219/66/4632
f 4223/69/4636 4247/72/4636 4248/71/4636 4224/70/4636
f 4245/73/4632 4247/76/4632 4223/75/4632 4221/74/4632
f 4222/81/4637 4224/84/4637 4248/83/4637 4246/82/4637
f 4250/1/4638 4226/2/4638 4227/3/4638 4251/4/4638
f 4228/5/4639 4252/6/4639 4256/7/4639 4232/8/4639
f 4225/9/4640 4249/10/4640 4252/11/4640 4228/12/4640
f 4230/13/4641 4226/14/4641 4250/15/4641 4254/16/4641
f 4249/17/4642 4250/18/4642 4251/19/4642 4252/20/4642
f 4250/33/4643 4249/34/4643 4253/35/4643 4254/36/4643
f 4225/37/4644 4229/38/4644 4253/39/4644 4249/40/4644
f 4251/45/4645 4227/46/4645 4231/47/4645 4255/48/4645
f 4252/49/4646 4251/50/4646 4255/51/4646 4256/52/4646
f 4258/53/4647 4257/54/4647 4259/55/4647 4260/56/4647
f 4232/57/4648 4256/58/4648 4258/59/4648 4234/60/4648
f 4256/61/4649 4255/62/4649 4257/63/4649 4258/64/4649
f 4255/65/4650 4231/66/4650 4233/67/4650 4257/68/4650
f 4235/69/4651 4236/70/4651 4260/71/4651 4259/72/4651
f 4257/73/4650 4233/74/4650 4235/75/4650 4259/76/4650
f 4234/81/4652 4258/82/4652 4260/83/4652 4236/84/4652
f 4262/1/4653 4263/4/4653 4239/3/4653 4238/2/4653
f 4240/5/4654 4244/8/4654 4268/7/4654 4264/6/4654
f 4237/9/4655 4240/12/4655 4264/11/4655 4261/10/4655
f 4242/13/4641 4266/16/4641 4262/15/4641 4238/14/4641
f 4261/17/4656 4264/20/4656 4263/19/4656 4262/18/4656
f 4262/33/4657 4266/36/4657 4265/35/4657 4261/34/4657
f 4237/37/4644 4261/40/4644 4265/39/4644 4241/38/4644
f 4263/45/4658 4267/48/4658 4243/47/4658 4239/46/4658
f 4264/49/4659 4268/52/4659 4267/51/4659 4263/50/4659
f 4270/53/4660 4272/56/4660 4271/55/4660 4269/54/4660
f 4244/57/4661 4246/60/4661 4270/59/4661 4268/58/4661
f 4268/61/4660 4270/64/4660 4269/63/4660 4267/62/4660
f 4267/65/4658 4269/68/4658 4245/67/4658 4243/66/4658
f 4247/69/4662 4271/72/4662 4272/71/4662 4248/70/4662
f 4269/73/4663 4271/76/4663 4247/75/4663 4245/74/4663
f 4246/81/4664 4248/84/4664 4272/83/4664 4270/82/4664
f 4274/1/4665 4250/2/4665 4251/3/4665 4275/4/4665
f 4252/5/4666 4276/6/4666 4280/7/4666 4256/8/4666
f 4249/9/4667 4273/10/4667 4276/11/4667 4252/12/4667
f 4254/13/4668 4250/14/4668 4274/15/4668 4278/16/4668
f 4273/17/4669 4274/18/4669 4275/19/4669 4276/20/4669
f 4274/33/4670 4273/34/4670 4277/35/4670 4278/36/4670
f 4249/37/4671 4253/38/4671 4277/39/4671 4273/40/4671
f 4275/45/4672 4251/46/4672 4255/47/4672 4279/48/4672
f 4276/49/4673 4275/50/4673 4279/51/4673 4280/52/4673
f 4282/53/4674 4281/54/4674 4283/55/4674 4284/56/4674
f 4256/57/4675 4280/58/4675 4282/59/4675 4258/60/4675
f 4280/61/4676 4279/62/4676 4281/63/4676 4282/64/4676
f 4279/65/4677 4255/66/4677 4257/67/4677 4281/68/4677
f 4259/69/4678 4260/70/4678 4284/71/4678 4283/72/4678
f 4281/73/4679 4257/74/4679 4259/75/4679 4283/76/4679
f 4258/81/4680 4282/82/4680 4284/83/4680 4260/84/4680
f 4286/1/4681 4287/4/4681 4263/3/4681 4262/2/4681
f 4264/5/4682 4268/8/4682 4292/7/4682 4288/6/4682
f 4261/9/4683 4264/12/4683 4288/11/4683 4285/10/4683
f 4266/13/4684 4290/16/4684 4286/15/4684 4262/14/4684
f 4285/17/4685 4288/20/4685 4287/19/4685 4286/18/4685
f 4286/33/4685 4290/36/4685 4289/35/4685 4285/34/4685
f 4261/37/4686 4285/40/4686 4289/39/4686 4265/38/4686
f 4287/45/4687 4291/48/4687 4267/47/4687 4263/46/4687
f 4288/49/4688 4292/52/4688 4291/51/4688 4287/50/4688
f 4294/53/4689 4296/56/4689 4295/55/4689 4293/54/4689
f 4268/57/4690 4270/60/4690 4294/59/4690 4292/58/4690
f 4292/61/4691 4294/64/4691 4293/63/4691 4291/62/4691
f 4291/65/4692 4293/68/4692 4269/67/4692 4267/66/4692
f 4271/69/4693 4295/72/4693 4296/71/4693 4272/70/4693
f 4293/73/4694 4295/76/4694 4271/75/4694 4269/74/4694
f 4270/81/4695 4272/84/4695 4296/83/4695 4294/82/4695
f 4298/1/4696 4274/2/4696 4275/3/4696 4299/4/4696
f 4276/5/4697 4300/6/4697 4304/7/4697 4280/8/4697
f 4273/9/4698 4297/10/4698 4300/11/4698 4276/12/4698
f 4278/13/4699 4274/14/4699 4298/15/4699 4302/16/4699
f 4297/17/4700 4298/18/4700 4299/19/4700 4300/20/4700
f 4298/33/4701 4297/34/4701 4301/35/4701 4302/36/4701
f 4273/37/4702 4277/38/4702 4301/39/4702 4297/40/4702
f 4299/45/4703 4275/46/4703 4279/47/4703 4303/48/4703
f 4300/49/4704 4299/50/4704 4303/51/4704 4304/52/4704
f 4306/53/4705 4305/54/4705 4307/55/4705 4308/56/4705
f 4280/57/4706 4304/58/4706 4306/59/4706 4282/60/4706
f 4304/61/4707 4303/62/4707 4305/63/4707 4306/64/4707
f 4303/65/4708 4279/66/4708 4281/67/4708 4305/68/4708
f 4283/69/4709 4284/70/4709 4308/71/4709 4307/72/4709
f 4305/73/4710 4281/74/4710 4283/75/4710 4307/76/4710
f 4282/81/4711 4306/82/4711 4308/83/4711 4284/84/4711
f 4310/1/4712 4311/4/4712 4287/3/4712 4286/2/4712
f 4288/5/4713 4292/8/4713 4316/7/4713 4312/6/4713
f 4285/9/4714 4288/12/4714 4312/11/4714 4309/10/4714
f 4290/13/4699 4314/16/4699 4310/15/4699 4286/14/4699
f 4309/17/4715 4312/20/4715 4311/19/4715 4310/18/4715
f 4310/33/4716 4314/36/4716 4313/35/4716 4309/34/4716
f 4285/37/4702 4309/40/4702 4313/39/4702 4289/38/4702
f 4311/45/4717 4315/48/4717 4291/47/4717 4287/46/4717
f 4312/49/4718 4316/52/4718 4315/51/4718 4311/50/4718
f 4318/53/4719 4320/56/4719 4319/55/4719 4317/54/4719
f 4292/57/4720 4294/60/4720 4318/59/4720 4316/58/4720
f 4316/61/4719 4318/64/4719 4317/63/4719 4315/62/4719
f 4315/65/4717 4317/68/4717 4293/67/4717 4291/66/4717
f 4295/69/4721 4319/72/4721 4320/71/4721 4296/70/4721
f 4317/73/4717 4319/76/4717 4295/75/4717 4293/74/4717
f 4294/81/4722 4296/84/4722 4320/83/4722 4318/82/4722
f 4322/1/4723 4298/2/4723 4299/3/4723 4323/4/4723
f 4300/5/4724 4324/6/4724 4328/7/4724 4304/8/4724
f 4297/9/4725 4321/10/4725 4324/11/4725 4300/12/4725
f 4302/13/4726 4298/14/4726 4322/15/4726 4326/16/4726
f 4321/17/4727 4322/18/4727 4323/19/4727 4324/20/4727
f 4322/33/4728 4321/34/4728 4325/35/4728 4326/36/4728
f 4297/37/4729 4301/38/4729 4325/39/4729 4321/40/4729
f 4323/45/4730 4299/46/4730 4303/47/4730 4327/48/4730
f 4324/49/4731 4323/50/4731 4327/51/4731 4328/52/4731
f 4330/53/4732 4329/54/4732 4331/55/4732 4332/56/4732
f 4304/57/4733 4328/58/4733 4330/59/4733 4306/60/4733
f 4328/61/4734 4327/62/4734 4329/63/4734 4330/64/4734
f 4327/65/4692 4303/66/4692 4305/67/4692 4329/68/4692
f 4307/69/4735 4308/70/4735 4332/71/4735 4331/72/4735
f 4329/73/4736 4305/74/4736 4307/75/4736 4331/76/4736
f 4306/81/4737 4330/82/4737 4332/83/4737 4308/84/4737
f 4334/1/4738 4335/4/4738 4311/3/4738 4310/2/4738
f 4312/5/4739 4316/8/4739 4340/7/4739 4336/6/4739
f 4309/9/4740 4312/12/4740 4336/11/4740 4333/10/4740
f 4314/13/4726 4338/16/4726 4334/15/4726 4310/14/4726
f 4333/17/4741 4336/20/4741 4335/19/4741 4334/18/4741
f 4334/33/4742 4338/36/4742 4337/35/4742 4333/34/4742
f 4309/37/4729 4333/40/4729 4337/39/4729 4313/38/4729
f 4335/45/4708 4339/48/4708 4315/47/4708 4311/46/4708
f 4336/49/4743 4340/52/4743 4339/51/4743 4335/50/4743
f 4342/53/4744 4344/56/4744 4343/55/4744 4341/54/4744
f 4316/57/4745 4318/60/4745 4342/59/4745 4340/58/4745
f 4340/61/4741 4342/64/4741 4341/63/4741 4339/62/4741
f 4339/65/4746 4341/68/4746 4317/67/4746 4315/66/4746
f 4319/69/4747 4343/72/4747 4344/71/4747 4320/70/4747
f 4341/73/4710 4343/76/4710 4319/75/4710 4317/74/4710
f 4318/81/4748 4320/84/4748 4344/83/4748 4342/82/4748
f 4346/1/4749 4322/2/4749 4323/3/4749 4347/4/4749
f 4324/5/4750 4348/6/4750 4352/7/4750 4328/8/4750
f 4321/9/4751 4345/10/4751 4348/11/4751 4324/12/4751
f 4326/13/4752 4322/14/4752 4346/15/4752 4350/16/4752
f 4345/17/4753 4346/18/4753 4347/19/4753 4348/20/4753
f 4346/33/4754 4345/34/4754 4349/35/4754 4350/36/4754
f 4321/37/4755 4325/38/4755 4349/39/4755 4345/40/4755
f 4347/45/4756 4323/46/4756 4327/47/4756 4351/48/4756
f 4348/49/4757 4347/50/4757 4351/51/4757 4352/52/4757
f 4354/53/4758 4353/54/4758 4355/55/4758 4356/56/4758
f 4328/57/4759 4352/58/4759 4354/59/4759 4330/60/4759
f 4352/61/4758 4351/62/4758 4353/63/4758 4354/64/4758
f 4351/65/4760 4327/66/4760 4329/67/4760 4353/68/4760
f 4331/69/4761 4332/70/4761 4356/71/4761 4355/72/4761
f 4353/73/4762 4329/74/4762 4331/75/4762 4355/76/4762
f 4330/81/4763 4354/82/4763 4356/83/4763 4332/84/4763
f 4358/1/4764 4359/4/4764 4335/3/4764 4334/2/4764
f 4336/5/4765 4340/8/4765 4364/7/4765 4360/6/4765
f 4333/9/4766 4336/12/4766 4360/11/4766 4357/10/4766
f 4338/13/4752 4362/16/4752 4358/15/4752 4334/14/4752
f 4357/17/4767 4360/20/4767 4359/19/4767 4358/18/4767
f 4358/33/4768 4362/36/4768 4361/35/4768 4357/34/4768
f 4333/37/4769 4357/40/4769 4361/39/4769 4337/38/4769
f 4359/45/4770 4363/48/4770 4339/47/4770 4335/46/4770
f 4360/49/4771 4364/52/4771 4363/51/4771 4359/50/4771
f 4366/53/4772 4368/56/4772 4367/55/4772 4365/54/4772
f 4340/57/4773 4342/60/4773 4366/59/4773 4364/58/4773
f 4364/61/4774 4366/64/4774 4365/63/4774 4363/62/4774
f 4363/65/4770 4365/68/4770 4341/67/4770 4339/66/4770
f 4343/69/4775 4367/72/4775 4368/71/4775 4344/70/4775
f 4365/73/4776 4367/76/4776 4343/75/4776 4341/74/4776
f 4342/81/4777 4344/84/4777 4368/83/4777 4366/82/4777
f 4370/1/4778 4346/2/4778 4347/3/4778 4371/4/4778
f 4348/5/4779 4372/6/4779 4376/7/4779 4352/8/4779
f 4345/9/4780 4369/10/4780 4372/11/4780 4348/12/4780
f 4350/13/4781 4346/14/4781 4370/15/4781 4374/16/4781
f 4369/17/4782 4370/18/4782 4371/19/4782 4372/20/4782
f 4370/33/4783 4369/34/4783 4373/35/4783 4374/36/4783
f 4345/37/4784 4349/38/4784 4373/39/4784 4369/40/4784
f 4371/45/4785 4347/46/4785 4351/47/4785 4375/48/4785
f 4372/49/4786 4371/50/4786 4375/51/4786 4376/52/4786
f 4378/53/4787 4377/54/4787 4379/55/4787 4380/56/4787
f 4352/57/4788 4376/58/4788 4378/59/4788 4354/60/4788
f 4376/61/4789 4375/62/4789 4377/63/4789 4378/64/4789
f 4375/65/4790 4351/66/4790 4353/67/4790 4377/68/4790
f 4355/69/4791 4356/70/4791 4380/71/4791 4379/72/4791
f 4377/73/4792 4353/74/4792 4355/75/4792 4379/76/4792
f 4354/81/4793 4378/82/4793 4380/83/4793 4356/84/4793
f 4382/1/4794 4383/4/4794 4359/3/4794 4358/2/4794
f 4360/5/4795 4364/8/4795 4388/7/4795 4384/6/4795
f 4357/9/4796 4360/12/4796 4384/11/4796 4381/10/4796
f 4362/13/4797 4386/16/4797 4382/15/4797 4358/14/4797
f 4381/17/4798 4384/20/4798 4383/19/4798 4382/18/4798
f 4382/33/4799 4386/36/4799 4385/35/4799 4381/34/4799
f 4357/37/4800 4381/40/4800 4385/39/4800 4361/38/4800
f 4383/45/4801 4387/48/4801 4363/47/4801 4359/46/4801
f 4384/49/4802 4388/52/4802 4387/51/4802 4383/50/4802
f 4390/53/4803 4392/56/4803 4391/55/4803 4389/54/4803
f 4364/57/4804 4366/60/4804 4390/59/4804 4388/58/4804
f 4388/61/4805 4390/64/4805 4389/63/4805 4387/62/4805
f 4387/65/4806 4389/68/4806 4365/67/4806 4363/66/4806
f 4367/69/4807 4391/72/4807 4392/71/4807 4368/70/4807
f 4389/73/4808 4391/76/4808 4367/75/4808 4365/74/4808
f 4366/81/4809 4368/84/4809 4392/83/4809 4390/82/4809
f 4394/1/4810 4370/2/4810 4371/3/4810 4395/4/4810
f 4372/5/4811 4396/6/4811 4400/7/4811 4376/8/4811
f 4369/9/4812 4393/10/4812 4396/11/4812 4372/12/4812
f 4374/13/4813 4370/14/4813 4394/15/4813 4398/16/4813
f 4393/17/4814 4394/18/4814 4395/19/4814 4396/20/4814
f 4394/33/4815 4393/34/4815 4397/35/4815 4398/36/4815
f 4369/37/4816 4373/38/4816 4397/39/4816 4393/40/4816
f 4395/45/4817 4371/46/4817 4375/47/4817 4399/48/4817
f 4396/49/4818 4395/50/4818 4399/51/4818 4400/52/4818
f 4402/53/4819 4401/54/4819 4403/55/4819 4404/56/4819
f 4376/57/4820 4400/58/4820 4402/59/4820 4378/60/4820
f 4400/61/4821 4399/62/4821 4401/63/4821 4402/64/4821
f 4399/65/4822 4375/66/4822 4377/67/4822 4401/68/4822
f 4379/69/4823 4380/70/4823 4404/71/4823 4403/72/4823
f 4401/73/4824 4377/74/4824 4379/75/4824 4403/76/4824
f 4378/81/4825 4402/82/4825 4404/83/4825 4380/84/4825
f 4406/1/4826 4407/4/4826 4383/3/4826 4382/2/4826
f 4384/5/4827 4388/8/4827 4412/7/4827 4408/6/4827
f 4381/9/4828 4384/12/4828 4408/11/4828 4405/10/4828
f 4386/13/4813 4410/16/4813 4406/15/4813 4382/14/4813
f 4405/17/4829 4408/20/4829 4407/19/4829 4406/18/4829
f 4406/33/4830 4410/36/4830 4409/35/4830 4405/34/4830
f 4381/37/4816 4405/40/4816 4409/39/4816 4385/38/4816
f 4407/45/4831 4411/48/4831 4387/47/4831 4383/46/4831
f 4408/49/4832 4412/52/4832 4411/51/4832 4407/50/4832
f 4414/53/4833 4416/56/4833 4415/55/4833 4413/54/4833
f 4388/57/4834 4390/60/4834 4414/59/4834 4412/58/4834
f 4412/61/4835 4414/64/4835 4413/63/4835 4411/62/4835
f 4411/65/4836 4413/68/4836 4389/67/4836 4387/66/4836
f 4391/69/4837 4415/72/4837 4416/71/4837 4392/70/4837
f 4413/73/4836 4415/76/4836 4391/75/4836 4389/74/4836
f 4390/81/4838 4392/84/4838 4416/83/4838 4414/82/4838
f 4418/1/4839 4394/2/4839 4395/3/4839 4419/4/4839
f 4396/5/4840 4420/6/4840 4424/7/4840 4400/8/4840
f 4393/9/4841 4417/10/4841 4420/11/4841 4396/12/4841
f 4398/13/4842 4394/14/4842 4418/15/4842 4422/16/4842
f 4417/17/4843 4418/18/4843 4419/19/4843 4420/20/4843
f 4418/33/4844 4417/34/4844 4421/35/4844 4422/36/4844
f 4393/37/4845 4397/38/4845 4421/39/4845 4417/40/4845
f 4419/45/4846 4395/46/4846 4399/47/4846 4423/48/4846
f 4420/49/4847 4419/50/4847 4423/51/4847 4424/52/4847
f 4426/53/4848 4425/54/4848 4427/55/4848 4428/56/4848
f 4400/57/4849 4424/58/4849 4426/59/4849 4402/60/4849
f 4424/61/4850 4423/62/4850 4425/63/4850 4426/64/4850
f 4423/65/4851 4399/66/4851 4401/67/4851 4425/68/4851
f 4403/69/4852 4404/70/4852 4428/71/4852 4427/72/4852
f 4425/73/4853 4401/74/4853 4403/75/4853 4427/76/4853
f 4402/81/4854 4426/82/4854 4428/83/4854 4404/84/4854
f 4430/1/4855 4431/4/4855 4407/3/4855 4406/2/4855
f 4408/5/4856 4412/8/4856 4436/7/4856 4432/6/4856
f 4405/9/4857 4408/12/4857 4432/11/4857 4429/10/4857
f 4410/13/4842 4434/16/4842 4430/15/4842 4406/14/4842
f 4429/17/4858 4432/20/4858 4431/19/4858 4430/18/4858
f 4430/33/4859 4434/36/4859 4433/35/4859 4429/34/4859
f 4405/37/4845 4429/40/4845 4433/39/4845 4409/38/4845
f 4431/45/4860 4435/48/4860 4411/47/4860 4407/46/4860
f 4432/49/4861 4436/52/4861 4435/51/4861 4431/50/4861
f 4438/53/4862 4440/56/4862 4439/55/4862 4437/54/4862
f 4412/57/4863 4414/60/4863 4438/59/4863 4436/58/4863
f 4436/61/4864 4438/64/4864 4437/63/4864 4435/62/4864
f 4435/65/4865 4437/68/4865 4413/67/4865 4411/66/4865
f 4415/69/4866 4439/72/4866 4440/71/4866 4416/70/4866
f 4437/73/4865 4439/76/4865 4415/75/4865 4413/74/4865
f 4414/81/4867 4416/84/4867 4440/83/4867 4438/82/4867
f 4442/1/4868 4418/2/4868 4419/3/4868 4443/4/4868
f 4420/5/4869 4444/6/4869 4448/7/4869 4424/8/4869
f 4417/9/4870 4441/10/4870 4444/11/4870 4420/12/4870
f 4422/13/4871 4418/14/4871 4442/15/4871 4446/16/4871
f 4441/17/4872 4442/18/4872 4443/19/4872 4444/20/4872
f 4442/33/4873 4441/34/4873 4445/35/4873 4446/36/4873
f 4417/37/4874 4421/38/4874 4445/39/4874 4441/40/4874
f 4443/45/4875 4419/46/4875 4423/47/4875 4447/48/4875
f 4444/49/4876 4443/50/4876 4447/51/4876 4448/52/4876
f 4450/53/4877 4449/54/4877 4451/55/4877 4452/56/4877
f 4424/57/4878 4448/58/4878 4450/59/4878 4426/60/4878
f 4448/61/4879 4447/62/4879 4449/63/4879 4450/64/4879
f 4447/65/4880 4423/66/4880 4425/67/4880 4449/68/4880
f 4427/69/4881 4428/70/4881 4452/71/4881 4451/72/4881
f 4449/73/4882 4425/74/4882 4427/75/4882 4451/76/4882
f 4426/81/4883 4450/82/4883 4452/83/4883 4428/84/4883
f 4454/1/4884 4455/4/4884 4431/3/4884 4430/2/4884
f 4432/5/4885 4436/8/4885 4460/7/4885 4456/6/4885
f 4429/9/4886 4432/12/4886 4456/11/4886 4453/10/4886
f 4434/13/4887 4458/16/4887 4454/15/4887 4430/14/4887
f 4453/17/4888 4456/20/4888 4455/19/4888 4454/18/4888
f 4454/33/4888 4458/36/4888 4457/35/4888 4453/34/4888
f 4429/37/4889 4453/40/4889 4457/39/4889 4433/38/4889
f 4455/45/4890 4459/48/4890 4435/47/4890 4431/46/4890
f 4456/49/4891 4460/52/4891 4459/51/4891 4455/50/4891
f 4462/53/4888 4464/56/4888 4463/55/4888 4461/54/4888
f 4436/57/4892 4438/60/4892 4462/59/4892 4460/58/4892
f 4460/61/4893 4462/64/4893 4461/63/4893 4459/62/4893
f 4459/65/4894 4461/68/4894 4437/67/4894 4435/66/4894
f 4439/69/4895 4463/72/4895 4464/71/4895 4440/70/4895
f 4461/73/4896 4463/76/4896 4439/75/4896 4437/74/4896
f 4438/81/4897 4440/84/4897 4464/83/4897 4462/82/4897
f 4466/1/4898 4442/2/4898 4443/3/4898 4467/4/4898
f 4444/5/4899 4468/6/4899 4472/7/4899 4448/8/4899
f 4441/9/4900 4465/10/4900 4468/11/4900 4444/12/4900
f 4446/13/4901 4442/14/4901 4466/15/4901 4470/16/4901
f 4465/17/4902 4466/18/4902 4467/19/4902 4468/20/4902
f 4466/33/4903 4465/34/4903 4469/35/4903 4470/36/4903
f 4441/37/4904 4445/38/4904 4469/39/4904 4465/40/4904
f 4467/45/4905 4443/46/4905 4447/47/4905 4471/48/4905
f 4468/49/4906 4467/50/4906 4471/51/4906 4472/52/4906
f 4474/53/4907 4473/54/4907 4475/55/4907 4476/56/4907
f 4448/57/4908 4472/58/4908 4474/59/4908 4450/60/4908
f 4472/61/4907 4471/62/4907 4473/63/4907 4474/64/4907
f 4471/65/4909 4447/66/4909 4449/67/4909 4473/68/4909
f 4451/69/4910 4452/70/4910 4476/71/4910 4475/72/4910
f 4473/73/4911 4449/74/4911 4451/75/4911 4475/76/4911
f 4450/81/4912 4474/82/4912 4476/83/4912 4452/84/4912
f 4478/1/4913 4479/4/4913 4455/3/4913 4454/2/4913
f 4456/5/4914 4460/8/4914 4484/7/4914 4480/6/4914
f 4453/9/4915 4456/12/4915 4480/11/4915 4477/10/4915
f 4458/13/4916 4482/16/4916 4478/15/4916 4454/14/4916
f 4477/17/4917 4480/20/4917 4479/19/4917 4478/18/4917
f 4478/33/4917 4482/36/4917 4481/35/4917 4477/34/4917
f 4453/37/4918 4477/40/4918 4481/39/4918 4457/38/4918
f 4479/45/4919 4483/48/4919 4459/47/4919 4455/46/4919
f 4480/49/4920 4484/52/4920 4483/51/4920 4479/50/4920
f 4486/53/4921 4488/56/4921 4487/55/4921 4485/54/4921
f 4460/57/4922 4462/60/4922 4486/59/4922 4484/58/4922
f 4484/61/4921 4486/64/4921 4485/63/4921 4483/62/4921
f 4483/65/4923 4485/68/4923 4461/67/4923 4459/66/4923
f 4463/69/4924 4487/72/4924 4488/71/4924 4464/70/4924
f 4485/73/4925 4487/76/4925 4463/75/4925 4461/74/4925
f 4462/81/4926 4464/84/4926 4488/83/4926 4486/82/4926
f 4490/1/4927 4466/2/4927 4467/3/4927 4491/4/4927
f 4468/5/4928 4492/6/4928 4496/7/4928 4472/8/4928
f 4465/9/4929 4489/10/4929 4492/11/4929 4468/12/4929
f 4470/13/4930 4466/14/4930 4490/15/4930 4494/16/4930
f 4489/17/4931 4490/18/4931 4491/19/4931 4492/20/4931
f 4490/33/4932 4489/34/4932 4493/35/4932 4494/36/4932
f 4465/37/4933 4469/38/4933 4493/39/4933 4489/40/4933
f 4491/45/4934 4467/46/4934 4471/47/4934 4495/48/4934
f 4492/49/4935 4491/50/4935 4495/51/4935 4496/52/4935
f 4498/53/4936 4497/54/4936 4499/55/4936 4500/56/4936
f 4472/57/4937 4496/58/4937 4498/59/4937 4474/60/4937
f 4496/61/4936 4495/62/4936 4497/63/4936 4498/64/4936
f 4495/65/4938 4471/66/4938 4473/67/4938 4497/68/4938
f 4475/69/4939 4476/70/4939 4500/71/4939 4499/72/4939
f 4497/73/4940 4473/74/4940 4475/75/4940 4499/76/4940
f 4474/81/4941 4498/82/4941 4500/83/4941 4476/84/4941
f 4502/1/4942 4503/4/4942 4479/3/4942 4478/2/4942
f 4480/5/4943 4484/8/4943 4508/7/4943 4504/6/4943
f 4477/9/4944 4480/12/4944 4504/11/4944 4501/10/4944
f 4482/13/4930 4506/16/4930 4502/15/4930 4478/14/4930
f 4501/17/4945 4504/20/4945 4503/19/4945 4502/18/4945
f 4502/33/4946 4506/36/4946 4505/35/4946 4501/34/4946
f 4477/37/4933 4501/40/4933 4505/39/4933 4481/38/4933
f 4503/45/4947 4507/48/4947 4483/47/4947 4479/46/4947
f 4504/49/4948 4508/52/4948 4507/51/4948 4503/50/4948
f 4510/53/4949 4512/56/4949 4511/55/4949 4509/54/4949
f 4484/57/4950 4486/60/4950 4510/59/4950 4508/58/4950
f 4508/61/4949 4510/64/4949 4509/63/4949 4507/62/4949
f 4507/65/4951 4509/68/4951 4485/67/4951 4483/66/4951
f 4487/69/4952 4511/72/4952 4512/71/4952 4488/70/4952
f 4509/73/4953 4511/76/4953 4487/75/4953 4485/74/4953
f 4486/81/4954 4488/84/4954 4512/83/4954 4510/82/4954
f 4514/1/4955 4490/2/4955 4491/3/4955 4515/4/4955
f 4492/5/4956 4516/6/4956 4520/7/4956 4496/8/4956
f 4489/9/4957 4513/10/4957 4516/11/4957 4492/12/4957
f 4494/13/4958 4490/14/4958 4514/15/4958 4518/16/4958
f 4513/17/4959 4514/18/4959 4515/19/4959 4516/20/4959
f 4514/33/4960 4513/34/4960 4517/35/4960 4518/36/4960
f 4489/37/4961 4493/38/4961 4517/39/4961 4513/40/4961
f 4515/45/4962 4491/46/4962 4495/47/4962 4519/48/4962
f 4516/49/4963 4515/50/4963 4519/51/4963 4520/52/4963
f 4522/53/4964 4521/54/4964 4523/55/4964 4524/56/4964
f 4496/57/4965 4520/58/4965 4522/59/4965 4498/60/4965
f 4520/61/4966 4519/62/4966 4521/63/4966 4522/64/4966
f 4519/65/4967 4495/66/4967 4497/67/4967 4521/68/4967
f 4499/69/4968 4500/70/4968 4524/71/4968 4523/72/4968
f 4521/73/4969 4497/74/4969 4499/75/4969 4523/76/4969
f 4498/81/4970 4522/82/4970 4524/83/4970 4500/84/4970
f 4526/1/4971 4527/4/4971 4503/3/4971 4502/2/4971
f 4504/5/4972 4508/8/4972 4532/7/4972 4528/6/4972
f 4501/9/4973 4504/12/4973 4528/11/4973 4525/10/4973
f 4506/13/4958 4530/16/4958 4526/15/4958 4502/14/4958
f 4525/17/4974 4528/20/4974 4527/19/4974 4526/18/4974
f 4526/33/4975 4530/36/4975 4529/35/4975 4525/34/4975
f 4501/37/4961 4525/40/4961 4529/39/4961 4505/38/4961
f 4527/45/4976 4531/48/4976 4507/47/4976 4503/46/4976
f 4528/49/4977 4532/52/4977 4531/51/4977 4527/50/4977
f 4534/53/4978 4536/56/4978 4535/55/4978 4533/54/4978
f 4508/57/4979 4510/60/4979 4534/59/4979 4532/58/4979
f 4532/61/4980 4534/64/4980 4533/63/4980 4531/62/4980
f 4531/65/4981 4533/68/4981 4509/67/4981 4507/66/4981
f 4511/69/4982 4535/72/4982 4536/71/4982 4512/70/4982
f 4533/73/4983 4535/76/4983 4511/75/4983 4509/74/4983
f 4510/81/4984 4512/84/4984 4536/83/4984 4534/82/4984
f 4538/1/4985 4514/2/4985 4515/3/4985 4539/4/4985
f 4516/5/4986 4540/6/4986 4544/7/4986 4520/8/4986
f 4513/9/4987 4537/10/4987 4540/11/4987 4516/12/4987
f 4518/13/4988 4514/14/4988 4538/15/4988 4542/16/4988
f 4537/17/4989 4538/18/4989 4539/19/4989 4540/20/4989
f 4538/33/4990 4537/34/4990 4541/35/4990 4542/36/4990
f 4513/37/4991 4517/38/4991 4541/39/4991 4537/40/4991
f 4539/45/4992 4515/46/4992 4519/47/4992 4543/48/4992
f 4540/49/4993 4539/50/4993 4543/51/4993 4544/52/4993
f 4546/53/4994 4545/54/4994 4547/55/4994 4548/56/4994
f 4520/57/4995 4544/58/4995 4546/59/4995 4522/60/4995
f 4544/61/4996 4543/62/4996 4545/63/4996 4546/64/4996
f 4543/65/4997 4519/66/4997 4521/67/4997 4545/68/4997
f 4523/69/4998 4524/70/4998 4548/71/4998 4547/72/4998
f 4545/73/4999 4521/74/4999 4523/75/4999 4547/76/4999
f 4522/81/5000 4546/82/5000 4548/83/5000 4524/84/5000
f 4550/1/5001 4551/4/5001 4527/3/5001 4526/2/5001
f 4528/5/5002 4532/8/5002 4556/7/5002 4552/6/5002
f 4525/9/5003 4528/12/5003 4552/11/5003 4549/10/5003
f 4530/13/4988 4554/16/4988 4550/15/4988 4526/14/4988
f 4549/17/5004 4552/20/5004 4551/19/5004 4550/18/5004
f 4550/33/5005 4554/36/5005 4553/35/5005 4549/34/5005
f 4525/37/4991 4549/40/4991 4553/39/4991 4529/38/4991
f 4551/45/5006 4555/48/5006 4531/47/5006 4527/46/5006
f 4552/49/5007 4556/52/5007 4555/51/5007 4551/50/5007
f 4558/53/5004 4560/56/5004 4559/55/5004 4557/54/5004
f 4532/57/5008 4534/60/5008 4558/59/5008 4556/58/5008
f 4556/61/5009 4558/64/5009 4557/63/5009 4555/62/5009
f 4555/65/5010 4557/68/5010 4533/67/5010 4531/66/5010
f 4535/69/5011 4559/72/5011 4560/71/5011 4536/70/5011
f 4557/73/5012 4559/76/5012 4535/75/5012 4533/74/5012
f 4534/81/5013 4536/84/5013 4560/83/5013 4558/82/5013
f 4562/1/5014 4538/2/5014 4539/3/5014 4563/4/5014
f 4540/5/5015 4564/6/5015 4568/7/5015 4544/8/5015
f 4537/9/5016 4561/10/5016 4564/11/5016 4540/12/5016
f 4542/13/5017 4538/14/5017 4562/15/5017 4566/16/5017
f 4561/17/5018 4562/18/5018 4563/19/5018 4564/20/5018
f 4562/33/5019 4561/34/5019 4565/35/5019 4566/36/5019
f 4537/37/5020 4541/38/5020 4565/39/5020 4561/40/5020
f 4563/45/5021 4539/46/5021 4543/47/5021 4567/48/5021
f 4564/49/5022 4563/50/5022 4567/51/5022 4568/52/5022
f 4570/53/5023 4569/54/5023 4571/55/5023 4572/56/5023
f 4544/57/5024 4568/58/5024 4570/59/5024 4546/60/5024
f 4568/61/5025 4567/62/5025 4569/63/5025 4570/64/5025
f 4567/65/5026 4543/66/5026 4545/67/5026 4569/68/5026
f 4547/69/5027 4548/70/5027 4572/71/5027 4571/72/5027
f 4569/73/5028 4545/74/5028 4547/75/5028 4571/76/5028
f 4546/81/5029 4570/82/5029 4572/83/5029 4548/84/5029
f 4574/1/5030 4575/4/5030 4551/3/5030 4550/2/5030
f 4552/5/5031 4556/8/5031 4580/7/5031 4576/6/5031
f 4549/9/5032 4552/12/5032 4576/11/5032 4573/10/5032
f 4554/13/5017 4578/16/5017 4574/15/5017 4550/14/5017
f 4573/17/5033 4576/20/5033 4575/19/5033 4574/18/5033
f 4574/33/5034 4578/36/5034 4577/35/5034 4573/34/5034
f 4549/37/5020 4573/40/5020 4577/39/5020 4553/38/5020
f 4575/45/5035 4579/48/5035 4555/47/5035 4551/46/5035
f 4576/49/5036 4580/52/5036 4579/51/5036 4575/50/5036
f 4582/53/5033 4584/56/5033 4583/55/5033 4581/54/5033
f 4556/57/5037 4558/60/5037 4582/59/5037 4580/58/5037
f 4580/61/5034 4582/64/5034 4581/63/5034 4579/62/5034
f 4579/65/5038 4581/68/5038 4557/67/5038 4555/66/5038
f 4559/69/5039 4583/72/5039 4584/71/5039 4560/70/5039
f 4581/73/5040 4583/76/5040 4559/75/5040 4557/74/5040
f 4558/81/5041 4560/84/5041 4584/83/5041 4582/82/5041
f 4586/1/5042 4562/2/5042 4563/3/5042 4587/4/5042
f 4564/5/5043 4588/6/5043 4592/7/5043 4568/8/5043
f 4561/9/5044 4585/10/5044 4588/11/5044 4564/12/5044
f 4566/13/5045 4562/14/5045 4586/15/5045 4590/16/5045
f 4585/17/5046 4586/18/5046 4587/19/5046 4588/20/5046
f 4586/33/5047 4585/34/5047 4589/35/5047 4590/36/5047
f 4561/37/5048 4565/38/5048 4589/39/5048 4585/40/5048
f 4587/45/5049 4563/46/5049 4567/47/5049 4591/48/5049
f 4588/49/5050 4587/50/5050 4591/51/5050 4592/52/5050
f 4594/53/5047 4593/54/5047 4595/55/5047 4596/56/5047
f 4568/57/5051 4592/58/5051 4594/59/5051 4570/60/5051
f 4592/61/5052 4591/62/5052 4593/63/5052 4594/64/5052
f 4591/65/5053 4567/66/5053 4569/67/5053 4593/68/5053
f 4571/69/5054 4572/70/5054 4596/71/5054 4595/72/5054
f 4593/73/5055 4569/74/5055 4571/75/5055 4595/76/5055
f 4570/81/5056 4594/82/5056 4596/83/5056 4572/84/5056
f 4598/1/5057 4599/4/5057 4575/3/5057 4574/2/5057
f 4576/5/5058 4580/8/5058 4604/7/5058 4600/6/5058
f 4573/9/5059 4576/12/5059 4600/11/5059 4597/10/5059
f 4578/13/5045 4602/16/5045 4598/15/5045 4574/14/5045
f 4597/17/5060 4600/20/5060 4599/19/5060 4598/18/5060
f 4598/33/5061 4602/36/5061 4601/35/5061 4597/34/5061
f 4573/37/5062 4597/40/5062 4601/39/5062 4577/38/5062
f 4599/45/5063 4603/48/5063 4579/47/5063 4575/46/5063
f 4600/49/5064 4604/52/5064 4603/51/5064 4599/50/5064
f 4606/53/5065 4608/56/5065 4607/55/5065 4605/54/5065
f 4580/57/5066 4582/60/5066 4606/59/5066 4604/58/5066
f 4604/61/5061 4606/64/5061 4605/63/5061 4603/62/5061
f 4603/65/5067 4605/68/5067 4581/67/5067 4579/66/5067
f 4583/69/5068 4607/72/5068 4608/71/5068 4584/70/5068
f 4605/73/5069 4607/76/5069 4583/75/5069 4581/74/5069
f 4582/81/5070 4584/84/5070 4608/83/5070 4606/82/5070
f 4610/1/5071 4586/2/5071 4587/3/5071 4611/4/5071
f 4588/5/5072 4612/6/5072 4616/7/5072 4592/8/5072
f 4585/9/5073 4609/10/5073 4612/11/5073 4588/12/5073
f 4590/13/5074 4586/14/5074 4610/15/5074 4614/16/5074
f 4609/17/5075 4610/18/5075 4611/19/5075 4612/20/5075
f 4610/33/5076 4609/34/5076 4613/35/5076 4614/36/5076
f 4585/37/5077 4589/38/5077 4613/39/5077 4609/40/5077
f 4611/45/5078 4587/46/5078 4591/47/5078 4615/48/5078
f 4612/49/5079 4611/50/5079 4615/51/5079 4616/52/5079
f 4618/53/5076 4617/54/5076 4619/55/5076 4620/56/5076
f 4592/57/5080 4616/58/5080 4618/59/5080 4594/60/5080
f 4616/61/5076 4615/62/5076 4617/63/5076 4618/64/5076
f 4615/65/5081 4591/66/5081 4593/67/5081 4617/68/5081
f 4595/69/5082 4596/70/5082 4620/71/5082 4619/72/5082
f 4617/73/5083 4593/74/5083 4595/75/5083 4619/76/5083
f 4594/81/5084 4618/82/5084 4620/83/5084 4596/84/5084
f 4622/1/5085 4623/4/5085 4599/3/5085 4598/2/5085
f 4600/5/5086 4604/8/5086 4628/7/5086 4624/6/5086
f 4597/9/5087 4600/12/5087 4624/11/5087 4621/10/5087
f 4602/13/5074 4626/16/5074 4622/15/5074 4598/14/5074
f 4621/17/5088 4624/20/5088 4623/19/5088 4622/18/5088
f 4622/33/5089 4626/36/5089 4625/35/5089 4621/34/5089
f 4597/37/5077 4621/40/5077 4625/39/5077 4601/38/5077
f 4623/45/5090 4627/48/5090 4603/47/5090 4599/46/5090
f 4624/49/5091 4628/52/5091 4627/51/5091 4623/50/5091
f 4630/53/5092 4632/56/5092 4631/55/5092 4629/54/5092
f 4604/57/5093 4606/60/5093 4630/59/5093 4628/58/5093
f 4628/61/5089 4630/64/5089 4629/63/5089 4627/62/5089
f 4627/65/5094 4629/68/5094 4605/67/5094 4603/66/5094
f 4607/69/5095 4631/72/5095 4632/71/5095 4608/70/5095
f 4629/73/5096 4631/76/5096 4607/75/5096 4605/74/5096
f 4606/81/5097 4608/84/5097 4632/83/5097 4630/82/5097
f 4634/1/5098 4610/2/5098 4611/3/5098 4635/4/5098
f 4612/5/5099 4636/6/5099 4640/7/5099 4616/8/5099
f 4609/9/5100 4633/10/5100 4636/11/5100 4612/12/5100
f 4614/13/5101 4610/14/5101 4634/15/5101 4638/16/5101
f 4633/17/5102 4634/18/5102 4635/19/5102 4636/20/5102
f 4634/33/5102 4633/34/5102 4637/35/5102 4638/36/5102
f 4609/37/5103 4613/38/5103 4637/39/5103 4633/40/5103
f 4635/45/5104 4611/46/5104 4615/47/5104 4639/48/5104
f 4636/49/5105 4635/50/5105 4639/51/5105 4640/52/5105
f 4642/53/5102 4641/54/5102 4643/55/5102 4644/56/5102
f 4616/57/5106 4640/58/5106 4642/59/5106 4618/60/5106
f 4640/61/5102 4639/62/5102 4641/63/5102 4642/64/5102
f 4639/65/5107 4615/66/5107 4617/67/5107 4641/68/5107
f 4619/69/5108 4620/70/5108 4644/71/5108 4643/72/5108
f 4641/73/5109 4617/74/5109 4619/75/5109 4643/76/5109
f 4618/81/5110 4642/82/5110 4644/83/5110 4620/84/5110
f 4646/1/5111 4647/4/5111 4623/3/5111 4622/2/5111
f 4624/5/5112 4628/8/5112 4652/7/5112 4648/6/5112
f 4621/9/5113 4624/12/5113 4648/11/5113 4645/10/5113
f 4626/13/5101 4650/16/5101 4646/15/5101 4622/14/5101
f 4645/17/5114 4648/20/5114 4647/19/5114 4646/18/5114
f 4646/33/5115 4650/36/5115 4649/35/5115 4645/34/5115
f 4621/37/5103 4645/40/5103 4649/39/5103 4625/38/5103
f 4647/45/5116 4651/48/5116 4627/47/5116 4623/46/5116
f 4648/49/5117 4652/52/5117 4651/51/5117 4647/50/5117
f 4654/53/5118 4656/56/5118 4655/55/5118 4653/54/5118
f 4628/57/5119 4630/60/5119 4654/59/5119 4652/58/5119
f 4652/61/5120 4654/64/5120 4653/63/5120 4651/62/5120
f 4651/65/5121 4653/68/5121 4629/67/5121 4627/66/5121
f 4631/69/5122 4655/72/5122 4656/71/5122 4632/70/5122
f 4653/73/5123 4655/76/5123 4631/75/5123 4629/74/5123
f 4630/81/5124 4632/84/5124 4656/83/5124 4654/82/5124
f 4658/1/5125 4634/2/5125 4635/3/5125 4659/4/5125
f 4636/5/5126 4660/6/5126 4664/7/5126 4640/8/5126
f 4633/9/5127 4657/10/5127 4660/11/5127 4636/12/5127
f 4638/13/5128 4634/14/5128 4658/15/5128 4662/16/5128
f 4657/17/5129 4658/18/5129 4659/19/5129 4660/20/5129
f 4658/33/5129 4657/34/5129 4661/35/5129 4662/36/5129
f 4633/37/5130 4637/38/5130 4661/39/5130 4657/40/5130
f 4659/45/5131 4635/46/5131 4639/47/5131 4663/48/5131
f 4660/49/5132 4659/50/5132 4663/51/5132 4664/52/5132
f 4666/53/5133 4665/54/5133 4667/55/5133 4668/56/5133
f 4640/57/5134 4664/58/5134 4666/59/5134 4642/60/5134
f 4664/61/5129 4663/62/5129 4665/63/5129 4666/64/5129
f 4663/65/5135 4639/66/5135 4641/67/5135 4665/68/5135
f 4643/69/5136 4644/70/5136 4668/71/5136 4667/72/5136
f 4665/73/5137 4641/74/5137 4643/75/5137 4667/76/5137
f 4642/81/5138 4666/82/5138 4668/83/5138 4644/84/5138
f 4670/1/5139 4671/4/5139 4647/3/5139 4646/2/5139
f 4648/5/5140 4652/8/5140 4676/7/5140 4672/6/5140
f 4645/9/5141 4648/12/5141 4672/11/5141 4669/10/5141
f 4650/13/5128 4674/16/5128 4670/15/5128 4646/14/5128
f 4669/17/5142 4672/20/5142 4671/19/5142 4670/18/5142
f 4670/33/5143 4674/36/5143 4673/35/5143 4669/34/5143
f 4645/37/5130 4669/40/5130 4673/39/5130 4649/38/5130
f 4671/45/5144 4675/48/5144 4651/47/5144 4647/46/5144
f 4672/49/5145 4676/52/5145 4675/51/5145 4671/50/5145
f 4678/53/5146 4680/56/5146 4679/55/5146 4677/54/5146
f 4652/57/5147 4654/60/5147 4678/59/5147 4676/58/5147
f 4676/61/5146 4678/64/5146 4677/63/5146 4675/62/5146
f 4675/65/5148 4677/68/5148 4653/67/5148 4651/66/5148
f 4655/69/5149 4679/72/5149 4680/71/5149 4656/70/5149
f 4677/73/5150 4679/76/5150 4655/75/5150 4653/74/5150
f 4654/81/5151 4656/84/5151 4680/83/5151 4678/82/5151
f 4682/1/5152 4658/2/5152 4659/3/5152 4683/4/5152
f 4660/5/5153 4684/6/5153 4688/7/5153 4664/8/5153
f 4657/9/5154 4681/10/5154 4684/11/5154 4660/12/5154
f 4662/13/5155 4658/14/5155 4682/15/5155 4686/16/5155
f 4681/17/5156 4682/18/5156 4683/19/5156 4684/20/5156
f 4682/33/5157 4681/34/5157 4685/35/5157 4686/36/5157
f 4657/37/5158 4661/38/5158 4685/39/5158 4681/40/5158
f 4683/45/5159 4659/46/5159 4663/47/5159 4687/48/5159
f 4684/49/5160 4683/50/5160 4687/51/5160 4688/52/5160
f 4690/53/5161 4689/54/5161 4691/55/5161 4692/56/5161
f 4664/57/5162 4688/58/5162 4690/59/5162 4666/60/5162
f 4688/61/5163 4687/62/5163 4689/63/5163 4690/64/5163
f 4687/65/5164 4663/66/5164 4665/67/5164 4689/68/5164
f 4667/69/5165 4668/70/5165 4692/71/5165 4691/72/5165
f 4689/73/5166 4665/74/5166 4667/75/5166 4691/76/5166
f 4666/81/5167 4690/82/5167 4692/83/5167 4668/84/5167
f 4694/1/5168 4695/4/5168 4671/3/5168 4670/2/5168
f 4672/5/5169 4676/8/5169 4700/7/5169 4696/6/5169
f 4669/9/5170 4672/12/5170 4696/11/5170 4693/10/5170
f 4674/13/5155 4698/16/5155 4694/15/5155 4670/14/5155
f 4693/17/5171 4696/20/5171 4695/19/5171 4694/18/5171
f 4694/33/5172 4698/36/5172 4697/35/5172 4693/34/5172
f 4669/37/5173 4693/40/5173 4697/39/5173 4673/38/5173
f 4695/45/5174 4699/48/5174 4675/47/5174 4671/46/5174
f 4696/49/5175 4700/52/5175 4699/51/5175 4695/50/5175
f 4702/53/5176 4704/56/5176 4703/55/5176 4701/54/5176
f 4676/57/5177 4678/60/5177 4702/59/5177 4700/58/5177
f 4700/61/5178 4702/64/5178 4701/63/5178 4699/62/5178
f 4699/65/5179 4701/68/5179 4677/67/5179 4675/66/5179
f 4679/69/5180 4703/72/5180 4704/71/5180 4680/70/5180
f 4701/73/5181 4703/76/5181 4679/75/5181 4677/74/5181
f 4678/81/5182 4680/84/5182 4704/83/5182 4702/82/5182
f 4706/1/5183 4682/2/5183 4683/3/5183 4707/4/5183
f 4684/5/5184 4708/6/5184 4712/7/5184 4688/8/5184
f 4681/9/5185 4705/10/5185 4708/11/5185 4684/12/5185
f 4686/13/5186 4682/14/5186 4706/15/5186 4710/16/5186
f 4705/17/5187 4706/18/5187 4707/19/5187 4708/20/5187
f 4706/33/5188 4705/34/5188 4709/35/5188 4710/36/5188
f 4681/37/5189 4685/38/5189 4709/39/5189 4705/40/5189
f 4707/45/5190 4683/46/5190 4687/47/5190 4711/48/5190
f 4708/49/5191 4707/50/5191 4711/51/5191 4712/52/5191
f 4714/53/5188 4713/54/5188 4715/55/5188 4716/56/5188
f 4688/57/5192 4712/58/5192 4714/59/5192 4690/60/5192
f 4712/61/5188 4711/62/5188 4713/63/5188 4714/64/5188
f 4711/65/5193 4687/66/5193 4689/67/5193 4713/68/5193
f 4691/69/5194 4692/70/5194 4716/71/5194 4715/72/5194
f 4713/73/5195 4689/74/5195 4691/75/5195 4715/76/5195
f 4690/81/5196 4714/82/5196 4716/83/5196 4692/84/5196
f 4718/1/5197 4719/4/5197 4695/3/5197 4694/2/5197
f 4696/5/5198 4700/8/5198 4724/7/5198 4720/6/5198
f 4693/9/5199 4696/12/5199 4720/11/5199 4717/10/5199
f 4698/13/5200 4722/16/5200 4718/15/5200 4694/14/5200
f 4717/17/5201 4720/20/5201 4719/19/5201 4718/18/5201
f 4718/33/5202 4722/36/5202 4721/35/5202 4717/34/5202
f 4693/37/5203 4717/40/5203 4721/39/5203 4697/38/5203
f 4719/45/5204 4723/48/5204 4699/47/5204 4695/46/5204
f 4720/49/5205 4724/52/5205 4723/51/5205 4719/50/5205
f 4726/53/5206 4728/56/5206 4727/55/5206 4725/54/5206
f 4700/57/5207 4702/60/5207 4726/59/5207 4724/58/5207
f 4724/61/5206 4726/64/5206 4725/63/5206 4723/62/5206
f 4723/65/5208 4725/68/5208 4701/67/5208 4699/66/5208
f 4703/69/5209 4727/72/5209 4728/71/5209 4704/70/5209
f 4725/73/5210 4727/76/5210 4703/75/5210 4701/74/5210
f 4702/81/5211 4704/84/5211 4728/83/5211 4726/82/5211
f 4730/1/5212 4706/2/5212 4707/3/5212 4731/4/5212
f 4708/5/5213 4732/6/5213 4736/7/5213 4712/8/5213
f 4705/9/5214 4729/10/5214 4732/11/5214 4708/12/5214
f 4710/13/5215 4706/14/5215 4730/15/5215 4734/16/5215
f 4729/17/5216 4730/18/5216 4731/19/5216 4732/20/5216
f 4730/33/5217 4729/34/5217 4733/35/5217 4734/36/5217
f 4705/37/5218 4709/38/5218 4733/39/5218 4729/40/5218
f 4731/45/5219 4707/46/5219 4711/47/5219 4735/48/5219
f 4732/49/5220 4731/50/5220 4735/51/5220 4736/52/5220
f 4738/53/5216 4737/54/5216 4739/55/5216 4740/56/5216
f 4712/57/5221 4736/58/5221 4738/59/5221 4714/60/5221
f 4736/61/5217 4735/62/5217 4737/63/5217 4738/64/5217
f 4735/65/5222 4711/66/5222 4713/67/5222 4737/68/5222
f 4715/69/5223 4716/70/5223 4740/71/5223 4739/72/5223
f 4737/73/5224 4713/74/5224 4715/75/5224 4739/76/5224
f 4714/81/5225 4738/82/5225 4740/83/5225 4716/84/5225
f 4742/1/5226 4743/4/5226 4719/3/5226 4718/2/5226
f 4720/5/5227 4724/8/5227 4748/7/5227 4744/6/5227
f 4717/9/5228 4720/12/5228 4744/11/5228 4741/10/5228
f 4722/13/5229 4746/16/5229 4742/15/5229 4718/14/5229
f 4741/17/5230 4744/20/5230 4743/19/5230 4742/18/5230
f 4742/33/5230 4746/36/5230 4745/35/5230 4741/34/5230
f 4717/37/5218 4741/40/5218 4745/39/5218 4721/38/5218
f 4743/45/5231 4747/48/5231 4723/47/5231 4719/46/5231
f 4744/49/5232 4748/52/5232 4747/51/5232 4743/50/5232
f 4750/53/5233 4752/56/5233 4751/55/5233 4749/54/5233
f 4724/57/5234 4726/60/5234 4750/59/5234 4748/58/5234
f 4748/61/5235 4750/64/5235 4749/63/5235 4747/62/5235
f 4747/65/5236 4749/68/5236 4725/67/5236 4723/66/5236
f 4727/69/5237 4751/72/5237 4752/71/5237 4728/70/5237
f 4749/73/5238 4751/76/5238 4727/75/5238 4725/74/5238
f 4726/81/5239 4728/84/5239 4752/83/5239 4750/82/5239
f 4754/1/5240 4730/2/5240 4731/3/5240 4755/4/5240
f 4732/5/5241 4756/6/5241 4760/7/5241 4736/8/5241
f 4729/9/5242 4753/10/5242 4756/11/5242 4732/12/5242
f 4734/13/5243 4730/14/5243 4754/15/5243 4758/16/5243
f 4753/17/5244 4754/18/5244 4755/19/5244 4756/20/5244
f 4754/33/5245 4753/34/5245 4757/35/5245 4758/36/5245
f 4729/37/5246 4733/38/5246 4757/39/5246 4753/40/5246
f 4755/45/5247 4731/46/5247 4735/47/5247 4759/48/5247
f 4756/49/5248 4755/50/5248 4759/51/5248 4760/52/5248
f 4762/53/5249 4761/54/5249 4763/55/5249 4764/56/5249
f 4736/57/5250 4760/58/5250 4762/59/5250 4738/60/5250
f 4760/61/5245 4759/62/5245 4761/63/5245 4762/64/5245
f 4759/65/5251 4735/66/5251 4737/67/5251 4761/68/5251
f 4739/69/5252 4740/70/5252 4764/71/5252 4763/72/5252
f 4761/73/5253 4737/74/5253 4739/75/5253 4763/76/5253
f 4738/81/5254 4762/82/5254 4764/83/5254 4740/84/5254
f 4766/1/5255 4767/4/5255 4743/3/5255 4742/2/5255
f 4744/5/5256 4748/8/5256 4772/7/5256 4768/6/5256
f 4741/9/5257 4744/12/5257 4768/11/5257 4765/10/5257
f 4746/13/5243 4770/16/5243 4766/15/5243 4742/14/5243
f 4765/17/5258 4768/20/5258 4767/19/5258 4766/18/5258
f 4766/33/5259 4770/36/5259 4769/35/5259 4765/34/5259
f 4741/37/5246 4765/40/5246 4769/39/5246 4745/38/5246
f 4767/45/5260 4771/48/5260 4747/47/5260 4743/46/5260
f 4768/49/5261 4772/52/5261 4771/51/5261 4767/50/5261
f 4774/53/5262 4776/56/5262 4775/55/5262 4773/54/5262
f 4748/57/5263 4750/60/5263 4774/59/5263 4772/58/5263
f 4772/61/5262 4774/64/5262 4773/63/5262 4771/62/5262
f 4771/65/5264 4773/68/5264 4749/67/5264 4747/66/5264
f 4751/69/5265 4775/72/5265 4776/71/5265 4752/70/5265
f 4773/73/5266 4775/76/5266 4751/75/5266 4749/74/5266
f 4750/81/5267 4752/84/5267 4776/83/5267 4774/82/5267
f 4778/1/5268 4754/2/5268 4755/3/5268 4779/4/5268
f 4756/5/5269 4780/6/5269 4784/7/5269 4760/8/5269
f 4753/9/5270 4777/10/5270 4780/11/5270 4756/12/5270
f 4758/13/5271 4754/14/5271 4778/15/5271 4782/16/5271
f 4777/17/5272 4778/18/5272 4779/19/5272 4780/20/5272
f 4778/33/5272 4777/34/5272 4781/35/5272 4782/36/5272
f 4753/37/5273 4757/38/5273 4781/39/5273 4777/40/5273
f 4779/45/5274 4755/46/5274 4759/47/5274 4783/48/5274
f 4780/49/5275 4779/50/5275 4783/51/5275 4784/52/5275
f 4786/53/5272 4785/54/5272 4787/55/5272 4788/56/5272
f 4760/57/5276 4784/58/5276 4786/59/5276 4762/60/5276
f 4784/61/5277 4783/62/5277 4785/63/5277 4786/64/5277
f 4783/65/5278 4759/66/5278 4761/67/5278 4785/68/5278
f 4763/69/5279 4764/70/5279 4788/71/5279 4787/72/5279
f 4785/73/5280 4761/74/5280 4763/75/5280 4787/76/5280
f 4762/81/5281 4786/82/5281 4788/83/5281 4764/84/5281
f 4790/1/5282 4791/4/5282 4767/3/5282 4766/2/5282
f 4768/5/5283 4772/8/5283 4796/7/5283 4792/6/5283
f 4765/9/5284 4768/12/5284 4792/11/5284 4789/10/5284
f 4770/13/5271 4794/16/5271 4790/15/5271 4766/14/5271
f 4789/17/5285 4792/20/5285 4791/19/5285 4790/18/5285
f 4790/33/5285 4794/36/5285 4793/35/5285 4789/34/5285
f 4765/37/5273 4789/40/5273 4793/39/5273 4769/38/5273
f 4791/45/5286 4795/48/5286 4771/47/5286 4767/46/5286
f 4792/49/5287 4796/52/5287 4795/51/5287 4791/50/5287
f 4798/53/5288 4800/56/5288 4799/55/5288 4797/54/5288
f 4772/57/5289 4774/60/5289 4798/59/5289 4796/58/5289
f 4796/61/5288 4798/64/5288 4797/63/5288 4795/62/5288
f 4795/65/5290 4797/68/5290 4773/67/5290 4771/66/5290
f 4775/69/5291 4799/72/5291 4800/71/5291 4776/70/5291
f 4797/73/5292 4799/76/5292 4775/75/5292 4773/74/5292
f 4774/81/5293 4776/84/5293 4800/83/5293 4798/82/5293
f 4802/1/5294 4778/2/5294 4779/3/5294 4803/4/5294
f 4780/5/5295 4804/6/5295 4808/7/5295 4784/8/5295
f 4777/9/5296 4801/10/5296 4804/11/5296 4780/12/5296
f 4782/13/5297 4778/14/5297 4802/15/5297 4806/16/5297
f 4801/17/5298 4802/18/5298 4803/19/5298 4804/20/5298
f 4802/33/5298 4801/34/5298 4805/35/5298 4806/36/5298
f 4777/37/5299 4781/38/5299 4805/39/5299 4801/40/5299
f 4803/45/5300 4779/46/5300 4783/47/5300 4807/48/5300
f 4804/49/5301 4803/50/5301 4807/51/5301 4808/52/5301
f 4810/53/5302 4809/54/5302 4811/55/5302 4812/56/5302
f 4784/57/5303 4808/58/5303 4810/59/5303 4786/60/5303
f 4808/61/5298 4807/62/5298 4809/63/5298 4810/64/5298
f 4807/65/5304 4783/66/5304 4785/67/5304 4809/68/5304
f 4787/69/5305 4788/70/5305 4812/71/5305 4811/72/5305
f 4809/73/5306 4785/74/5306 4787/75/5306 4811/76/5306
f 4786/81/5307 4810/82/5307 4812/83/5307 4788/84/5307
f 4814/1/5308 4815/4/5308 4791/3/5308 4790/2/5308
f 4792/5/5309 4796/8/5309 4820/7/5309 4816/6/5309
f 4789/9/5310 4792/12/5310 4816/11/5310 4813/10/5310
f 4794/13/5297 4818/16/5297 4814/15/5297 4790/14/5297
f 4813/17/5311 4816/20/5311 4815/19/5311 4814/18/5311
f 4814/33/5311 4818/36/5311 4817/35/5311 4813/34/5311
f 4789/37/5299 4813/40/5299 4817/39/5299 4793/38/5299
f 4815/45/5312 4819/48/5312 4795/47/5312 4791/46/5312
f 4816/49/5313 4820/52/5313 4819/51/5313 4815/50/5313
f 4822/53/5314 4824/56/5314 4823/55/5314 4821/54/5314
f 4796/57/5315 4798/60/5315 4822/59/5315 4820/58/5315
f 4820/61/5316 4822/64/5316 4821/63/5316 4819/62/5316
f 4819/65/5317 4821/68/5317 4797/67/5317 4795/66/5317
f 4799/69/5318 4823/72/5318 4824/71/5318 4800/70/5318
f 4821/73/5319 4823/76/5319 4799/75/5319 4797/74/5319
f 4798/81/5320 4800/84/5320 4824/83/5320 4822/82/5320
f 4826/1/5321 4802/2/5321 4803/3/5321 4827/4/5321
f 4804/5/5322 4828/6/5322 4832/7/5322 4808/8/5322
f 4801/9/5323 4825/10/5323 4828/11/5323 4804/12/5323
f 4806/13/5324 4802/14/5324 4826/15/5324 4830/16/5324
f 4825/17/5325 4826/18/5325 4827/19/5325 4828/20/5325
f 4826/33/5326 4825/34/5326 4829/35/5326 4830/36/5326
f 4801/37/5327 4805/38/5327 4829/39/5327 4825/40/5327
f 4827/45/5328 4803/46/5328 4807/47/5328 4831/48/5328
f 4828/49/5329 4827/50/5329 4831/51/5329 4832/52/5329
f 4834/53/5326 4833/54/5326 4835/55/5326 4836/56/5326
f 4808/57/5330 4832/58/5330 4834/59/5330 4810/60/5330
f 4832/61/5326 4831/62/5326 4833/63/5326 4834/64/5326
f 4831/65/5331 4807/66/5331 4809/67/5331 4833/68/5331
f 4811/69/5332 4812/70/5332 4836/71/5332 4835/72/5332
f 4833/73/5333 4809/74/5333 4811/75/5333 4835/76/5333
f 4810/81/5334 4834/82/5334 4836/83/5334 4812/84/5334
f 4838/1/5335 4839/4/5335 4815/3/5335 4814/2/5335
f 4816/5/5336 4820/8/5336 4844/7/5336 4840/6/5336
f 4813/9/5337 4816/12/5337 4840/11/5337 4837/10/5337
f 4818/13/5324 4842/16/5324 4838/15/5324 4814/14/5324
f 4837/17/5338 4840/20/5338 4839/19/5338 4838/18/5338
f 4838/33/5339 4842/36/5339 4841/35/5339 4837/34/5339
f 4813/37/5327 4837/40/5327 4841/39/5327 4817/38/5327
f 4839/45/5340 4843/48/5340 4819/47/5340 4815/46/5340
f 4840/49/5341 4844/52/5341 4843/51/5341 4839/50/5341
f 4846/53/5342 4848/56/5342 4847/55/5342 4845/54/5342
f 4820/57/5343 4822/60/5343 4846/59/5343 4844/58/5343
f 4844/61/5342 4846/64/5342 4845/63/5342 4843/62/5342
f 4843/65/5344 4845/68/5344 4821/67/5344 4819/66/5344
f 4823/69/5345 4847/72/5345 4848/71/5345 4824/70/5345
f 4845/73/5346 4847/76/5346 4823/75/5346 4821/74/5346
f 4822/81/5347 4824/84/5347 4848/83/5347 4846/82/5347
f 4850/1/5348 4826/2/5348 4827/3/5348 4851/4/5348
f 4828/5/5349 4852/6/5349 4856/7/5349 4832/8/5349
f 4825/9/5350 4849/10/5350 4852/11/5350 4828/12/5350
f 4830/13/5351 4826/14/5351 4850/15/5351 4854/16/5351
f 4849/17/5352 4850/18/5352 4851/19/5352 4852/20/5352
f 4850/33/5353 4849/34/5353 4853/35/5353 4854/36/5353
f 4825/37/5354 4829/38/5354 4853/39/5354 4849/40/5354
f 4851/45/5355 4827/46/5355 4831/47/5355 4855/48/5355
f 4852/49/5356 4851/50/5356 4855/51/5356 4856/52/5356
f 4858/53/5357 4857/54/5357 4859/55/5357 4860/56/5357
f 4832/57/5358 4856/58/5358 4858/59/5358 4834/60/5358
f 4856/61/5359 4855/62/5359 4857/63/5359 4858/64/5359
f 4855/65/5360 4831/66/5360 4833/67/5360 4857/68/5360
f 4835/69/5361 4836/70/5361 4860/71/5361 4859/72/5361
f 4857/73/5362 4833/74/5362 4835/75/5362 4859/76/5362
f 4834/81/5363 4858/82/5363 4860/83/5363 4836/84/5363
f 4862/1/5364 4863/4/5364 4839/3/5364 4838/2/5364
f 4840/5/5365 4844/8/5365 4868/7/5365 4864/6/5365
f 4837/9/5366 4840/12/5366 4864/11/5366 4861/10/5366
f 4842/13/5351 4866/16/5351 4862/15/5351 4838/14/5351
f 4861/17/5367 4864/20/5367 4863/19/5367 4862/18/5367
f 4862/33/5368 4866/36/5368 4865/35/5368 4861/34/5368
f 4837/37/5354 4861/40/5354 4865/39/5354 4841/38/5354
f 4863/45/5369 4867/48/5369 4843/47/5369 4839/46/5369
f 4864/49/5370 4868/52/5370 4867/51/5370 4863/50/5370
f 4870/53/5371 4872/56/5371 4871/55/5371 4869/54/5371
f 4844/57/5372 4846/60/5372 4870/59/5372 4868/58/5372
f 4868/61/5373 4870/64/5373 4869/63/5373 4867/62/5373
f 4867/65/5374 4869/68/5374 4845/67/5374 4843/66/5374
f 4847/69/5375 4871/72/5375 4872/71/5375 4848/70/5375
f 4869/73/5376 4871/76/5376 4847/75/5376 4845/74/5376
f 4846/81/5377 4848/84/5377 4872/83/5377 4870/82/5377
f 4874/1/5378 4850/2/5378 4851/3/5378 4875/4/5378
f 4852/5/5379 4876/6/5379 4880/7/5379 4856/8/5379
f 4849/9/5380 4873/10/5380 4876/11/5380 4852/12/5380
f 4854/13/5381 4850/14/5381 4874/15/5381 4878/16/5381
f 4873/17/5382 4874/18/5382 4875/19/5382 4876/20/5382
f 4874/33/5382 4873/34/5382 4877/35/5382 4878/36/5382
f 4849/37/5383 4853/38/5383 4877/39/5383 4873/40/5383
f 4875/45/5384 4851/46/5384 4855/47/5384 4879/48/5384
f 4876/49/5385 4875/50/5385 4879/51/5385 4880/52/5385
f 4882/53/5386 4881/54/5386 4883/55/5386 4884/56/5386
f 4856/57/5387 4880/58/5387 4882/59/5387 4858/60/5387
f 4880/61/5388 4879/62/5388 4881/63/5388 4882/64/5388
f 4879/65/5389 4855/66/5389 4857/67/5389 4881/68/5389
f 4859/69/5390 4860/70/5390 4884/71/5390 4883/72/5390
f 4881/73/5391 4857/74/5391 4859/75/5391 4883/76/5391
f 4858/81/5392 4882/82/5392 4884/83/5392 4860/84/5392
f 4886/1/5393 4887/4/5393 4863/3/5393 4862/2/5393
f 4864/5/5394 4868/8/5394 4892/7/5394 4888/6/5394
f 4861/9/5395 4864/12/5395 4888/11/5395 4885/10/5395
f 4866/13/5381 4890/16/5381 4886/15/5381 4862/14/5381
f 4885/17/5396 4888/20/5396 4887/19/5396 4886/18/5396
f 4886/33/5396 4890/36/5396 4889/35/5396 4885/34/5396
f 4861/37/5397 4885/40/5397 4889/39/5397 4865/38/5397
f 4887/45/5398 4891/48/5398 4867/47/5398 4863/46/5398
f 4888/49/5399 4892/52/5399 4891/51/5399 4887/50/5399
f 4894/53/5400 4896/56/5400 4895/55/5400 4893/54/5400
f 4868/57/5401 4870/60/5401 4894/59/5401 4892/58/5401
f 4892/61/5402 4894/64/5402 4893/63/5402 4891/62/5402
f 4891/65/5403 4893/68/5403 4869/67/5403 4867/66/5403
f 4871/69/5404 4895/72/5404 4896/71/5404 4872/70/5404
f 4893/73/5405 4895/76/5405 4871/75/5405 4869/74/5405
f 4870/81/5406 4872/84/5406 4896/83/5406 4894/82/5406
f 4898/1/5407 4874/2/5407 4875/3/5407 4899/4/5407
f 4876/5/5408 4900/6/5408 4904/7/5408 4880/8/5408
f 4873/9/5409 4897/10/5409 4900/11/5409 4876/12/5409
f 4878/13/5410 4874/14/5410 4898/15/5410 4902/16/5410
f 4897/17/5411 4898/18/5411 4899/19/5411 4900/20/5411
f 4898/33/5411 4897/34/5411 4901/35/5411 4902/36/5411
f 4873/37/5412 4877/38/5412 4901/39/5412 4897/40/5412
f 4899/45/5413 4875/46/5413 4879/47/5413 4903/48/5413
f 4900/49/5414 4899/50/5414 4903/51/5414 4904/52/5414
f 4906/53/5411 4905/54/5411 4907/55/5411 4908/56/5411
f 4880/57/5415 4904/58/5415 4906/59/5415 4882/60/5415
f 4904/61/5416 4903/62/5416 4905/63/5416 4906/64/5416
f 4903/65/5417 4879/66/5417 4881/67/5417 4905/68/5417
f 4883/69/5418 4884/70/5418 4908/71/5418 4907/72/5418
f 4905/73/5419 4881/74/5419 4883/75/5419 4907/76/5419
f 4882/81/5420 4906/82/5420 4908/83/5420 4884/84/5420
f 4910/1/5421 4911/4/5421 4887/3/5421 4886/2/5421
f 4888/5/5422 4892/8/5422 4916/7/5422 4912/6/5422
f 4885/9/5423 4888/12/5423 4912/11/5423 4909/10/5423
f 4890/13/5410 4914/16/5410 4910/15/5410 4886/14/5410
f 4909/17/5424 4912/20/5424 4911/19/5424 4910/18/5424
f 4910/33/5425 4914/36/5425 4913/35/5425 4909/34/5425
f 4885/37/5412 4909/40/5412 4913/39/5412 4889/38/5412
f 4911/45/5426 4915/48/5426 4891/47/5426 4887/46/5426
f 4912/49/5427 4916/52/5427 4915/51/5427 4911/50/5427
f 4918/53/5424 4920/56/5424 4919/55/5424 4917/54/5424
f 4892/57/5428 4894/60/5428 4918/59/5428 4916/58/5428
f 4916/61/5429 4918/64/5429 4917/63/5429 4915/62/5429
f 4915/65/5430 4917/68/5430 4893/67/5430 4891/66/5430
f 4895/69/5431 4919/72/5431 4920/71/5431 4896/70/5431
f 4917/73/5432 4919/76/5432 4895/75/5432 4893/74/5432
f 4894/81/5433 4896/84/5433 4920/83/5433 4918/82/5433
f 4922/1/5434 4898/2/5434 4899/3/5434 4923/4/5434
f 4900/5/5435 4924/6/5435 4928/7/5435 4904/8/5435
f 4897/9/5436 4921/10/5436 4924/11/5436 4900/12/5436
f 4902/13/5437 4898/14/5437 4922/15/5437 4926/16/5437
f 4921/17/5438 4922/18/5438 4923/19/5438 4924/20/5438
f 4922/33/5438 4921/34/5438 4925/35/5438 4926/36/5438
f 4897/37/5439 4901/38/5439 4925/39/5439 4921/40/5439
f 4923/45/5440 4899/46/5440 4903/47/5440 4927/48/5440
f 4924/49/5441 4923/50/5441 4927/51/5441 4928/52/5441
f 4930/53/5442 4929/54/5442 4931/55/5442 4932/56/5442
f 4904/57/5443 4928/58/5443 4930/59/5443 4906/60/5443
f 4928/61/5442 4927/62/5442 4929/63/5442 4930/64/5442
f 4927/65/5444 4903/66/5444 4905/67/5444 4929/68/5444
f 4907/69/5445 4908/70/5445 4932/71/5445 4931/72/5445
f 4929/73/5446 4905/74/5446 4907/75/5446 4931/76/5446
f 4906/81/5447 4930/82/5447 4932/83/5447 4908/84/5447
f 4934/1/5448 4935/4/5448 4911/3/5448 4910/2/5448
f 4912/5/5449 4916/8/5449 4940/7/5449 4936/6/5449
f 4909/9/5450 4912/12/5450 4936/11/5450 4933/10/5450
f 4914/13/5437 4938/16/5437 4934/15/5437 4910/14/5437
f 4933/17/5451 4936/20/5451 4935/19/5451 4934/18/5451
f 4934/33/5451 4938/36/5451 4937/35/5451 4933/34/5451
f 4909/37/5439 4933/40/5439 4937/39/5439 4913/38/5439
f 4935/45/5452 4939/48/5452 4915/47/5452 4911/46/5452
f 4936/49/5453 4940/52/5453 4939/51/5453 4935/50/5453
f 4942/53/5454 4944/56/5454 4943/55/5454 4941/54/5454
f 4916/57/5455 4918/60/5455 4942/59/5455 4940/58/5455
f 4940/61/5456 4942/64/5456 4941/63/5456 4939/62/5456
f 4939/65/5457 4941/68/5457 4917/67/5457 4915/66/5457
f 4919/69/5458 4943/72/5458 4944/71/5458 4920/70/5458
f 4941/73/5459 4943/76/5459 4919/75/5459 4917/74/5459
f 4918/81/5460 4920/84/5460 4944/83/5460 4942/82/5460
f 4946/1/5461 4922/2/5461 4923/3/5461 4947/4/5461
f 4924/5/5462 4948/6/5462 4952/7/5462 4928/8/5462
f 4921/9/5463 4945/10/5463 4948/11/5463 4924/12/5463
f 4926/13/5464 4922/14/5464 4946/15/5464 4950/16/5464
f 4945/17/5465 4946/18/5465 4947/19/5465 4948/20/5465
f 4946/33/5465 4945/34/5465 4949/35/5465 4950/36/5465
f 4921/37/5466 4925/38/5466 4949/39/5466 4945/40/5466
f 4947/45/5467 4923/46/5467 4927/47/5467 4951/48/5467
f 4948/49/5468 4947/50/5468 4951/51/5468 4952/52/5468
f 4954/53/5469 4953/54/5469 4955/55/5469 4956/56/5469
f 4928/57/5470 4952/58/5470 4954/59/5470 4930/60/5470
f 4952/61/5469 4951/62/5469 4953/63/5469 4954/64/5469
f 4951/65/5471 4927/66/5471 4929/67/5471 4953/68/5471
f 4931/69/5472 4932/70/5472 4956/71/5472 4955/72/5472
f 4953/73/5473 4929/74/5473 4931/75/5473 4955/76/5473
f 4930/81/5474 4954/82/5474 4956/83/5474 4932/84/5474
f 4958/1/5475 4959/4/5475 4935/3/5475 4934/2/5475
f 4936/5/5476 4940/8/5476 4964/7/5476 4960/6/5476
f 4933/9/5477 4936/12/5477 4960/11/5477 4957/10/5477
f 4938/13/5464 4962/16/5464 4958/15/5464 4934/14/5464
f 4957/17/5478 4960/20/5478 4959/19/5478 4958/18/5478
f 4958/33/5479 4962/36/5479 4961/35/5479 4957/34/5479
f 4933/37/5480 4957/40/5480 4961/39/5480 4937/38/5480
f 4959/45/5481 4963/48/5481 4939/47/5481 4935/46/5481
f 4960/49/5482 4964/52/5482 4963/51/5482 4959/50/5482
f 4966/53/5479 4968/56/5479 4967/55/5479 4965/54/5479
f 4940/57/5483 4942/60/5483 4966/59/5483 4964/58/5483
f 4964/61/5479 4966/64/5479 4965/63/5479 4963/62/5479
f 4963/65/5484 4965/68/5484 4941/67/5484 4939/66/5484
f 4943/69/5485 4967/72/5485 4968/71/5485 4944/70/5485
f 4965/73/5486 4967/76/5486 4943/75/5486 4941/74/5486
f 4942/81/5487 4944/84/5487 4968/83/5487 4966/82/5487
f 4970/1/5488 4946/2/5488 4947/3/5488 4971/4/5488
f 4948/5/5489 4972/6/5489 4976/7/5489 4952/8/5489
f 4945/9/5490 4969/10/5490 4972/11/5490 4948/12/5490
f 4950/13/5491 4946/14/5491 4970/15/5491 4974/16/5491
f 4969/17/5492 4970/18/5492 4971/19/5492 4972/20/5492
f 4970/33/5493 4969/34/5493 4973/35/5493 4974/36/5493
f 4945/37/5494 4949/38/5494 4973/39/5494 4969/40/5494
f 4971/45/5495 4947/46/5495 4951/47/5495 4975/48/5495
f 4972/49/5496 4971/50/5496 4975/51/5496 4976/52/5496
f 4978/53/5497 4977/54/5497 4979/55/5497 4980/56/5497
f 4952/57/5498 4976/58/5498 4978/59/5498 4954/60/5498
f 4976/61/5499 4975/62/5499 4977/63/5499 4978/64/5499
f 4975/65/5500 4951/66/5500 4953/67/5500 4977/68/5500
f 4955/69/5501 4956/70/5501 4980/71/5501 4979/72/5501
f 4977/73/5502 4953/74/5502 4955/75/5502 4979/76/5502
f 4954/81/5503 4978/82/5503 4980/83/5503 4956/84/5503
f 4982/1/5504 4983/4/5504 4959/3/5504 4958/2/5504
f 4960/5/5505 4964/8/5505 4988/7/5505 4984/6/5505
f 4957/9/5506 4960/12/5506 4984/11/5506 4981/10/5506
f 4962/13/5491 4986/16/5491 4982/15/5491 4958/14/5491
f 4981/17/5507 4984/20/5507 4983/19/5507 4982/18/5507
f 4982/33/5507 4986/36/5507 4985/35/5507 4981/34/5507
f 4957/37/5494 4981/40/5494 4985/39/5494 4961/38/5494
f 4983/45/5508 4987/48/5508 4963/47/5508 4959/46/5508
f 4984/49/5509 4988/52/5509 4987/51/5509 4983/50/5509
f 4990/53/5510 4992/56/5510 4991/55/5510 4989/54/5510
f 4964/57/5511 4966/60/5511 4990/59/5511 4988/58/5511
f 4988/61/5512 4990/64/5512 4989/63/5512 4987/62/5512
f 4987/65/5513 4989/68/5513 4965/67/5513 4963/66/5513
f 4967/69/5514 4991/72/5514 4992/71/5514 4968/70/5514
f 4989/73/5515 4991/76/5515 4967/75/5515 4965/74/5515
f 4966/81/5516 4968/84/5516 4992/83/5516 4990/82/5516
f 4994/1/5517 4970/2/5517 4971/3/5517 4995/4/5517
f 4972/5/5518 4996/6/5518 5000/7/5518 4976/8/5518
f 4969/9/5519 4993/10/5519 4996/11/5519 4972/12/5519
f 4974/13/5520 4970/14/5520 4994/15/5520 4998/16/5520
f 4993/17/5521 4994/18/5521 4995/19/5521 4996/20/5521
f 4994/33/5522 4993/34/5522 4997/35/5522 4998/36/5522
f 4969/37/5523 4973/38/5523 4997/39/5523 4993/40/5523
f 4995/45/5524 4971/46/5524 4975/47/5524 4999/48/5524
f 4996/49/5525 4995/50/5525 4999/51/5525 5000/52/5525
f 5002/53/5526 5001/54/5526 5003/55/5526 5004/56/5526
f 4976/57/5527 5000/58/5527 5002/59/5527 4978/60/5527
f 5000/61/5528 4999/62/5528 5001/63/5528 5002/64/5528
f 4999/65/5529 4975/66/5529 4977/67/5529 5001/68/5529
f 4979/69/5530 4980/70/5530 5004/71/5530 5003/72/5530
f 5001/73/5531 4977/74/5531 4979/75/5531 5003/76/5531
f 4978/81/5532 5002/82/5532 5004/83/5532 4980/84/5532
f 5006/1/5533 5007/4/5533 4983/3/5533 4982/2/5533
f 4984/5/5534 4988/8/5534 5012/7/5534 5008/6/5534
f 4981/9/5535 4984/12/5535 5008/11/5535 5005/10/5535
f 4986/13/5520 5010/16/5520 5006/15/5520 4982/14/5520
f 5005/17/5536 5008/20/5536 5007/19/5536 5006/18/5536
f 5006/33/5537 5010/36/5537 5009/35/5537 5005/34/5537
f 4981/37/5523 5005/40/5523 5009/39/5523 4985/38/5523
f 5007/45/5538 5011/48/5538 4987/47/5538 4983/46/5538
f 5008/49/5539 5012/52/5539 5011/51/5539 5007/50/5539
f 5014/53/5540 5016/56/5540 5015/55/5540 5013/54/5540
f 4988/57/5541 4990/60/5541 5014/59/5541 5012/58/5541
f 5012/61/5542 5014/64/5542 5013/63/5542 5011/62/5542
f 5011/65/5543 5013/68/5543 4989/67/5543 4987/66/5543
f 4991/69/5544 5015/72/5544 5016/71/5544 4992/70/5544
f 5013/73/5545 5015/76/5545 4991/75/5545 4989/74/5545
f 4990/81/5546 4992/84/5546 5016/83/5546 5014/82/5546
f 5018/1/5547 4994/2/5547 4995/3/5547 5019/4/5547
f 4996/5/5548 5020/6/5548 5024/7/5548 5000/8/5548
f 4993/9/5549 5017/10/5549 5020/11/5549 4996/12/5549
f 4998/13/5550 4994/14/5550 5018/15/5550 5022/16/5550
f 5017/17/5551 5018/18/5551 5019/19/5551 5020/20/5551
f 5018/33/5552 5017/34/5552 5021/35/5552 5022/36/5552
f 4993/37/5553 4997/38/5553 5021/39/5553 5017/40/5553
f 5019/45/5554 4995/46/5554 4999/47/5554 5023/48/5554
f 5020/49/5555 5019/50/5555 5023/51/5555 5024/52/5555
f 5026/53/5556 5025/54/5556 5027/55/5556 5028/56/5556
f 5000/57/5557 5024/58/5557 5026/59/5557 5002/60/5557
f 5024/61/5558 5023/62/5558 5025/63/5558 5026/64/5558
f 5023/65/5559 4999/66/5559 5001/67/5559 5025/68/5559
f 5003/69/5560 5004/70/5560 5028/71/5560 5027/72/5560
f 5025/73/5561 5001/74/5561 5003/75/5561 5027/76/5561
f 5002/81/5562 5026/82/5562 5028/83/5562 5004/84/5562
f 5030/1/5563 5031/4/5563 5007/3/5563 5006/2/5563
f 5008/5/5564 5012/8/5564 5036/7/5564 5032/6/5564
f 5005/9/5565 5008/12/5565 5032/11/5565 5029/10/5565
f 5010/13/5550 5034/16/5550 5030/15/5550 5006/14/5550
f 5029/17/5566 5032/20/5566 5031/19/5566 5030/18/5566
f 5030/33/5566 5034/36/5566 5033/35/5566 5029/34/5566
f 5005/37/5553 5029/40/5553 5033/39/5553 5009/38/5553
f 5031/45/5567 5035/48/5567 5011/47/5567 5007/46/5567
f 5032/49/5568 5036/52/5568 5035/51/5568 5031/50/5568
f 5038/53/5569 5040/56/5569 5039/55/5569 5037/54/5569
f 5012/57/5570 5014/60/5570 5038/59/5570 5036/58/5570
f 5036/61/5571 5038/64/5571 5037/63/5571 5035/62/5571
f 5035/65/5572 5037/68/5572 5013/67/5572 5011/66/5572
f 5015/69/5573 5039/72/5573 5040/71/5573 5016/70/5573
f 5037/73/5574 5039/76/5574 5015/75/5574 5013/74/5574
f 5014/81/5575 5016/84/5575 5040/83/5575 5038/82/5575
f 5042/1/5576 5018/2/5576 5019/3/5576 5043/4/5576
f 5020/5/5577 5044/6/5577 5048/7/5577 5024/8/5577
f 5017/9/5578 5041/10/5578 5044/11/5578 5020/12/5578
f 5022/13/5579 5018/14/5579 5042/15/5579 5046/16/5579
f 5041/17/5580 5042/18/5580 5043/19/5580 5044/20/5580
f 5042/33/5581 5041/34/5581 5045/35/5581 5046/36/5581
f 5017/37/5582 5021/38/5582 5045/39/5582 5041/40/5582
f 5043/45/5583 5019/46/5583 5023/47/5583 5047/48/5583
f 5044/49/5584 5043/50/5584 5047/51/5584 5048/52/5584
f 5050/53/5581 5049/54/5581 5051/55/5581 5052/56/5581
f 5024/57/5585 5048/58/5585 5050/59/5585 5026/60/5585
f 5048/61/5586 5047/62/5586 5049/63/5586 5050/64/5586
f 5047/65/5587 5023/66/5587 5025/67/5587 5049/68/5587
f 5027/69/5588 5028/70/5588 5052/71/5588 5051/72/5588
f 5049/73/5589 5025/74/5589 5027/75/5589 5051/76/5589
f 5026/81/5590 5050/82/5590 5052/83/5590 5028/84/5590
f 5054/1/5591 5055/4/5591 5031/3/5591 5030/2/5591
f 5032/5/5592 5036/8/5592 5060/7/5592 5056/6/5592
f 5029/9/5593 5032/12/5593 5056/11/5593 5053/10/5593
f 5034/13/5579 5058/16/5579 5054/15/5579 5030/14/5579
f 5053/17/5594 5056/20/5594 5055/19/5594 5054/18/5594
f 5054/33/5595 5058/36/5595 5057/35/5595 5053/34/5595
f 5029/37/5582 5053/40/5582 5057/39/5582 5033/38/5582
f 5055/45/5596 5059/48/5596 5035/47/5596 5031/46/5596
f 5056/49/5597 5060/52/5597 5059/51/5597 5055/50/5597
f 5062/53/5595 5064/56/5595 5063/55/5595 5061/54/5595
f 5036/57/5598 5038/60/5598 5062/59/5598 5060/58/5598
f 5060/61/5599 5062/64/5599 5061/63/5599 5059/62/5599
f 5059/65/5600 5061/68/5600 5037/67/5600 5035/66/5600
f 5039/69/5601 5063/72/5601 5064/71/5601 5040/70/5601
f 5061/73/5602 5063/76/5602 5039/75/5602 5037/74/5602
f 5038/81/5603 5040/84/5603 5064/83/5603 5062/82/5603
o BezierCurve
v 0.918971 1.800959 7.418734
v -2.850803 1.685256 -33.937523
v -14.384495 1.611469 -64.349693
v -32.140480 1.573236 -85.024986
v -54.577133 1.564197 -97.170593
v -80.152832 1.577990 -101.993721
v -107.325951 1.608255 -100.701569
v -134.554855 1.648631 -94.501343
v -160.297943 1.692756 -84.600235
v -183.013565 1.734270 -72.205460
v -201.160110 1.766811 -58.524204
v -213.195938 1.784020 -44.763676
v -217.579376 1.779533 -32.131165
v -217.613190 1.727126 8.324046
v -217.401550 1.711012 37.141964
v -216.999985 1.731904 56.501904
v -216.464081 1.790513 68.583176
v -215.849380 1.887552 75.565071
v -215.211441 2.023732 79.626907
v -214.605804 2.199767 82.947983
v -214.088043 2.416367 87.707626
v -213.713715 2.674246 96.085136
v -213.538361 2.974115 110.259804
v -213.617538 3.316687 132.410950
v -214.006821 3.702674 164.717850
v -209.952881 4.224705 169.697144
v -198.657562 5.542743 176.442795
v -181.589996 7.407506 184.139420
v -160.219376 9.569713 191.971603
v -136.014847 11.780084 199.123932
v -110.445580 13.789337 204.781006
v -84.980736 15.348193 208.127426
v -61.089466 16.207371 208.347794
v -40.240940 16.117586 204.626678
v -23.904320 14.829562 196.148697
v -13.548757 12.094017 182.098419
v -10.643538 7.661674 161.660507
v -10.900222 5.885385 152.536026
v -10.704659 4.663910 143.751923
v -10.134439 3.907741 135.336868
v -9.267141 3.527367 127.319565
v -8.180356 3.433280 119.728683
v -6.951667 3.535969 112.592934
v -5.658659 3.745924 105.940971
v -4.378918 3.973637 99.801506
v -3.190029 4.129598 94.203201
v -2.169578 4.124297 89.174751
v -1.395148 3.868224 84.744843
v -0.944326 3.271864 80.942169
v -0.617310 2.306065 76.948143
v -0.367560 1.623512 74.392067
v -0.181263 1.185224 72.726204
v -0.044608 0.952223 71.402840
v 0.056217 0.885529 69.874245
v 0.135025 0.946161 67.592690
v 0.205627 1.095140 64.010460
v 0.281835 1.293488 58.579815
v 0.377462 1.502223 50.753044
v 0.506319 1.682366 39.982418
v 0.682218 1.794938 25.720215
l 5065 5066
l 5066 5067
l 5067 5068
l 5068 5069
l 5069 5070
l 5070 5071
l 5071 5072
l 5072 5073
l 5073 5074
l 5074 5075
l 5075 5076
l 5076 5077
l 5077 5078
l 5078 5079
l 5079 5080
l 5080 5081
l 5081 5082
l 5082 5083
l 5083 5084
l 5084 5085
l 5085 5086
l 5086 5087
l 5087 5088
l 5088 5089
l 5089 5090
l 5090 5091
l 5091 5092
l 5092 5093
l 5093 5094
l 5094 5095
l 5095 5096
l 5096 5097
l 5097 5098
l 5098 5099
l 5099 5100
l 5100 5101
l 5101 5102
l 5102 5103
l 5103 5104
l 5104 5105
l 5105 5106
l 5106 5107
l 5107 5108
l 5108 5109
l 5109 5110
l 5110 5111
l 5111 5112
l 5112 5113
l 5113 5114
l 5114 5115
l 5115 5116
l 5116 5117
l 5117 5118
l 5118 5119
l 5119 5120
l 5120 5121
l 5121 5122
l 5122 5123
l 5123 5124
l 5124 5065
