# Blender 4.0.2
# www.blender.org
mtllib Track2.mtl
o Cube
v 0.506315 4.204227 7.427193
v 0.506272 3.102425 7.430429
v -0.344846 4.178245 -1.860408
v -0.344890 3.076443 -1.857247
v -14.028374 3.078597 -1.297044
v -14.028330 4.180398 -1.300206
v -13.187304 3.102438 7.253014
v -13.187260 4.204239 7.249778
v 1.488616 3.102424 7.443157
v 0.636773 4.178090 -1.900620
v 0.636729 3.076289 -1.897459
v 1.488658 4.204226 7.439920
v -15.269638 3.078792 -1.246260
v -14.429482 3.102439 7.236920
v -13.489531 6.218458 7.239943
v -14.330376 6.194664 -1.293625
v -16.667824 3.079011 -1.189062
v -15.828699 3.102440 7.218792
v -15.828576 6.218460 7.209638
v -16.667698 6.195032 -1.198002
v -17.182802 3.079093 -1.167996
v -16.344053 3.102441 7.212116
v -16.344007 4.204242 7.208879
v -17.182756 4.180894 -1.171158
v 1.397003 4.204227 7.438999
v 1.396960 3.102425 7.442236
v 0.550801 4.178104 -1.896828
v 0.550757 3.076303 -1.893667
v 14.234989 3.074172 -2.445661
v 14.235033 4.175973 -2.448823
v 15.091284 3.102436 7.627857
v 15.091329 4.204237 7.624620
v 0.414563 3.102424 7.428920
v -0.430870 4.178257 -1.857204
v -0.430914 3.076456 -1.854043
v 0.414606 4.204226 7.425683
v 15.476325 3.073979 -2.495700
v 16.333530 3.102436 7.644694
v 15.393771 6.218456 7.622800
v 14.537257 6.190147 -2.466784
v 16.874582 3.073761 -2.552062
v 17.732821 3.102437 7.663661
v 17.732941 6.218459 7.654507
v 16.874706 6.189783 -2.561002
v 17.389587 3.073683 -2.572818
v 18.248205 3.102438 7.670647
v 18.248247 4.204240 7.667410
v 17.389631 4.175483 -2.575980
v -1.192457 4.152247 -11.153298
v -1.192506 3.050445 -11.150214
v -14.825968 3.054689 -9.851589
v -14.825918 4.156490 -9.854675
v -0.214429 4.151943 -11.246484
v -0.214478 3.050141 -11.243398
v -16.062695 3.055073 -9.733820
v -15.126849 6.170806 -9.831648
v -17.455772 3.055508 -9.601172
v -17.455631 6.171531 -9.609898
v -17.968870 3.055667 -9.552314
v -17.968821 4.157470 -9.555398
v -0.300085 4.151970 -11.238051
v -0.300134 3.050168 -11.234966
v 13.334075 3.045947 -12.525383
v 13.334124 4.147748 -12.528468
v -1.278167 4.152273 -11.145453
v -1.278216 3.050471 -11.142369
v 14.570871 3.045563 -12.642408
v 13.635253 6.161875 -12.562593
v 15.964025 3.045131 -12.774223
v 15.964162 6.161154 -12.782950
v 16.477148 3.044974 -12.822768
v 16.477196 4.146776 -12.825853
v -2.038845 4.126247 -20.446304
v -2.038903 3.024445 -20.443293
v -15.582522 3.030717 -18.410032
v -15.582463 4.132520 -18.413042
v -1.067263 4.125797 -20.592192
v -1.067322 3.023995 -20.589182
v -16.811102 3.031287 -18.225620
v -15.881397 6.146879 -18.373657
v -18.194998 3.031926 -18.017900
v -18.194834 6.147949 -18.026415
v -18.704718 3.032164 -17.941397
v -18.704659 4.133965 -17.944408
v -1.152355 4.125837 -20.579140
v -1.152413 3.024035 -20.576130
v 12.391953 3.017785 -22.601194
v 12.392013 4.119587 -22.604206
v -2.123991 4.126286 -20.433844
v -2.124049 3.024483 -20.430836
v 13.620600 3.017218 -22.784859
v 12.691176 6.133672 -22.654409
v 15.004574 3.016580 -22.991737
v 15.004738 6.132602 -23.000250
v 15.514320 3.016345 -23.067936
v 15.514380 4.118146 -23.070946
v -2.884019 4.100245 -29.739496
v -2.884090 2.998443 -29.736559
v -16.298307 3.006673 -26.974575
v -16.298235 4.108475 -26.977510
v -1.921721 4.099654 -29.937658
v -1.921793 2.997852 -29.934723
v -17.515150 3.007419 -26.724058
v -16.594290 6.122879 -26.921900
v -18.885828 3.008260 -26.441885
v -18.885626 6.124283 -26.450184
v -19.390675 3.008570 -26.337948
v -19.390602 4.110373 -26.340885
v -2.006000 4.099707 -29.920029
v -2.006071 2.997905 -29.917093
v 11.408894 2.989697 -32.670868
v 11.408966 4.091498 -32.673805
v -2.968351 4.100295 -29.722456
v -2.968422 2.998493 -29.719521
v 12.625807 2.988952 -32.920631
v 11.705297 6.105540 -32.739960
v 13.996560 2.988113 -33.201973
v 13.996761 6.104136 -33.210274
v 14.501438 2.987804 -33.305595
v 14.501510 4.089607 -33.308529
v -5.102144 4.076961 -38.707588
v -5.102239 2.975158 -38.704750
v -18.276611 2.985930 -34.965317
v -18.276516 4.087732 -34.968155
v -4.157058 4.076188 -38.975883
v -4.157154 2.974385 -38.973045
v -19.471704 2.986907 -34.626152
v -18.567232 6.102191 -34.890785
v -20.817888 2.988008 -34.244122
v -20.817617 6.104031 -34.252151
v -21.313709 2.988413 -34.103416
v -21.313616 4.090215 -34.106255
v -4.239758 4.076256 -38.952129
v -4.239853 2.974453 -38.949291
v 8.937442 2.963701 -42.681015
v 8.937538 4.065503 -42.683853
v -5.185053 4.077028 -38.684380
v -5.185148 2.975225 -38.681541
v 10.132801 2.962725 -43.019474
v 9.228664 6.079488 -42.771423
v 11.479280 2.961626 -43.400715
v 11.479550 6.077651 -43.408749
v 11.975216 2.961222 -43.541130
v 11.975311 4.063025 -43.543972
v -8.407369 4.055828 -47.418453
v -8.407501 2.954026 -47.415726
v -21.197870 2.967679 -42.520439
v -21.197741 4.069481 -42.523167
v -7.489836 4.054849 -47.769669
v -7.489967 2.953046 -47.766941
v -22.358135 2.968915 -42.076427
v -21.479908 6.084003 -42.420078
v -23.665083 2.970312 -41.576286
v -23.664711 6.086335 -41.584003
v -24.146461 2.970824 -41.392078
v -24.146328 4.072626 -41.394806
v -7.570119 4.054935 -47.738647
v -7.570251 2.953132 -47.735916
v 5.223042 2.939499 -52.623497
v 5.223174 4.041301 -52.626225
v -8.487864 4.055913 -47.387985
v -8.487996 2.954111 -47.385254
v 6.383572 2.938262 -53.066811
v 5.505890 6.055223 -52.739113
v 7.690818 2.936868 -53.566154
v 7.691190 6.052892 -53.573868
v 8.172304 2.936357 -53.750069
v 8.172437 4.038160 -53.752796
v -11.709488 4.034689 -56.130497
v -11.709666 2.932886 -56.127876
v -24.014862 2.949181 -50.115433
v -24.014683 4.050983 -50.118053
v -10.826764 4.033520 -56.561855
v -10.826943 2.931716 -56.559235
v -25.131123 2.950658 -49.570072
v -24.286057 6.065565 -49.990097
v -26.388498 2.952322 -48.955784
v -26.387993 6.068347 -48.963192
v -26.851618 2.952937 -48.729538
v -26.851440 4.054739 -48.732155
v -10.903997 4.033622 -56.523811
v -10.904177 2.931820 -56.521191
v 1.403939 2.915544 -62.525936
v 1.404118 4.017347 -62.528557
v -11.786935 4.034790 -56.093014
v -11.787114 2.932987 -56.090389
v 2.520464 2.914068 -63.070599
v 1.676209 6.031210 -62.665916
v 3.778141 2.912406 -63.684093
v 3.778646 6.028430 -63.691505
v 4.241366 2.911792 -63.910069
v 4.241547 4.013596 -63.912682
v -15.231790 4.014196 -64.710121
v -15.232025 2.912392 -64.707603
v -26.934589 2.931135 -57.595043
v -26.934351 4.032938 -57.597561
v -14.392305 4.012851 -65.220413
v -14.392541 2.911048 -65.217888
v -27.996193 2.932835 -56.949905
v -27.192312 6.047574 -57.445133
v -29.192015 2.934751 -56.223228
v -29.191345 6.050776 -56.230343
v -29.632456 2.935455 -55.955578
v -29.632221 4.037259 -55.958092
v -14.465673 4.012969 -65.175499
v -14.465909 2.911166 -65.172981
v -2.757983 2.892435 -72.279305
v -2.757747 3.994238 -72.281815
v -15.305540 4.014313 -64.665657
v -15.305776 2.912510 -64.663147
v -1.695887 2.890735 -72.923866
v -2.498796 6.008048 -72.443306
v -0.499524 2.888822 -73.649918
v -0.498855 6.004848 -73.657028
v -0.058866 2.888118 -73.917320
v -0.058631 3.989920 -73.919838
v -21.296946 4.001160 -71.764404
v -21.297266 2.899356 -71.762009
v -32.045784 2.920919 -63.275471
v -32.045464 4.022722 -63.277866
v -20.525909 3.999612 -72.373253
v -20.526230 2.897809 -72.370857
v -33.020859 2.922874 -62.505695
v -32.282211 6.037421 -63.094872
v -34.119194 2.925076 -61.638603
v -34.118290 6.041103 -61.645367
v -34.523746 2.925890 -61.319248
v -34.523426 4.027692 -61.321644
v -20.593279 3.999748 -72.319702
v -20.593599 2.897945 -72.317314
v -9.839713 2.876395 -80.797615
v -9.839393 3.978198 -80.800011
v -21.364702 4.001294 -71.711311
v -21.365023 2.899491 -71.708916
v -8.864153 2.874439 -81.566818
v -9.601356 5.991947 -80.991608
v -7.765256 2.872238 -82.433250
v -7.764352 5.988265 -82.440025
v -7.360506 2.871427 -82.752388
v -7.360187 3.973230 -82.754784
v -27.357185 3.988106 -78.822571
v -27.357603 2.886303 -78.820282
v -36.991692 2.910138 -69.086311
v -36.991272 4.011941 -69.088593
v -26.666094 3.986396 -79.520905
v -26.666512 2.884593 -79.518616
v -37.865673 2.912301 -68.203377
v -37.203236 6.026693 -68.877861
v -38.850159 2.914736 -67.208824
v -38.848969 6.030764 -67.215286
v -39.212761 2.915633 -66.842514
v -39.212341 4.017437 -66.844795
v -26.726465 3.986547 -79.459511
v -26.726883 2.884743 -79.457237
v -17.087421 2.860919 -89.184944
v -17.087004 3.962722 -89.187225
v -27.417931 3.988256 -78.761635
v -27.418350 2.886452 -78.759354
v -16.212955 2.858757 -90.067329
v -16.873390 5.976420 -89.406181
v -15.227922 2.856322 -91.061234
v -15.226736 5.972351 -91.067696
v -14.865112 2.855427 -91.427307
v -14.864693 3.957230 -91.429581
v -33.769115 3.976675 -85.443474
v -33.769642 2.874871 -85.441284
v -42.141918 2.900399 -74.604149
v -42.141388 4.002203 -74.606339
v -33.168564 3.974843 -86.220932
v -33.169090 2.873039 -86.218742
v -42.901436 2.902714 -73.621124
v -42.325287 6.016990 -74.371056
v -43.756985 2.905324 -72.513832
v -43.755493 6.021351 -72.520020
v -44.072117 2.906285 -72.106010
v -44.071587 4.008089 -72.108192
v -33.220928 3.975004 -86.152695
v -33.221458 2.873200 -86.150505
v -24.841961 2.847674 -96.983734
v -24.841434 3.949476 -96.985916
v -33.822018 3.976835 -85.375511
v -33.822544 2.875031 -85.373322
v -24.081772 2.845360 -97.966385
v -24.655434 5.963138 -97.229095
v -23.225468 2.842751 -99.073257
v -23.223974 5.958778 -99.079445
v -22.910078 2.841789 -99.480957
v -22.909552 3.943592 -99.483147
v -41.952423 3.973395 -89.867439
v -41.953060 2.871591 -89.865326
v -48.924309 2.898233 -78.077461
v -48.923672 4.000037 -78.079575
v -41.452374 3.971483 -90.713104
v -41.453007 2.869679 -90.710999
v -49.556751 2.900650 -77.008179
v -49.076443 6.014849 -77.823174
v -50.269157 2.903373 -75.803749
v -50.267353 6.019402 -75.809723
v -50.531555 2.904377 -75.360123
v -50.530910 4.006181 -75.362244
v -41.495941 3.971650 -90.638885
v -41.496578 2.869847 -90.636765
v -34.518093 2.843205 -102.420731
v -34.517452 3.945009 -102.422844
v -41.996510 3.973562 -89.793518
v -41.997150 2.871758 -89.791397
v -33.884987 2.840791 -103.489639
v -34.362190 5.958645 -102.686890
v -33.171844 2.838067 -104.693680
v -33.170040 5.954095 -104.699654
v -32.909164 2.837064 -105.137146
v -32.908524 3.938868 -105.139259
v -50.132454 3.970096 -94.296921
v -50.133205 2.868292 -94.294868
v -55.596832 2.895440 -81.736420
v -55.596085 3.997243 -81.738472
v -49.740562 3.968148 -95.197861
v -49.741318 2.866344 -95.195808
v -56.092518 2.897903 -80.597229
v -55.715347 6.012066 -81.464935
v -56.650879 2.900675 -79.314041
v -56.648743 6.016704 -79.319847
v -56.856544 2.901700 -78.841423
v -56.855789 4.003504 -78.843475
v -49.774651 3.968319 -95.118805
v -49.775406 2.866515 -95.116753
v -44.304543 2.839369 -107.671295
v -44.303787 3.941173 -107.673355
v -50.167072 3.970266 -94.218147
v -50.167824 2.868462 -94.216103
v -43.808189 2.836906 -108.810112
v -44.181595 5.954799 -107.954300
v -43.249084 2.834134 -110.092896
v -43.246952 5.950162 -110.098701
v -43.043159 2.833110 -110.565376
v -43.042404 3.934914 -110.567436
v -58.739208 3.970416 -97.538048
v -58.740067 2.868612 -97.536034
v -62.761848 2.895681 -84.445221
v -62.760994 3.997487 -84.447243
v -58.450737 3.968474 -98.477173
v -58.451599 2.866670 -98.475159
v -63.126732 2.898137 -83.257744
v -62.848236 6.012309 -84.161896
v -63.537762 2.900903 -81.920143
v -63.535339 6.016930 -81.925835
v -63.689148 2.901920 -81.427475
v -63.688286 4.003726 -81.429482
v -58.475746 3.968644 -98.394836
v -58.476597 2.866840 -98.392822
v -54.446728 2.839766 -111.482101
v -54.445869 3.941569 -111.484116
v -58.764793 3.970586 -97.455841
v -58.765656 2.868782 -97.453827
v -54.081100 2.837311 -112.669441
v -54.355305 5.955195 -111.776802
v -53.669273 2.834544 -114.006882
v -53.666843 5.950572 -114.012589
v -53.517567 2.833525 -114.499489
v -53.516705 3.935329 -114.501495
v -67.891708 3.975359 -99.261421
v -67.892654 2.873555 -99.259422
v -70.618340 2.900167 -85.838341
v -70.617393 4.001971 -85.840340
v -67.696220 3.973451 -100.224228
v -67.697159 2.871646 -100.222229
v -70.865639 2.902581 -84.620888
v -70.675880 6.016783 -85.547653
v -71.144234 2.905302 -83.249535
v -71.141579 6.021331 -83.255173
v -71.246857 2.906306 -82.744438
v -71.245918 4.008110 -82.746429
v -67.713081 3.973617 -100.139832
v -67.714020 2.871813 -100.137840
v -64.980232 2.845197 -113.557388
v -64.979301 3.947000 -113.559387
v -67.909149 3.975527 -99.177132
v -67.910088 2.873723 -99.175140
v -64.732185 2.842783 -114.774712
v -64.917213 5.960636 -113.859337
v -64.452782 2.840062 -116.145912
v -64.450127 5.956089 -116.151535
v -64.349869 2.839057 -116.650932
v -64.348938 3.940862 -116.652924
v -77.043427 3.980292 -100.988716
v -77.044456 2.878488 -100.986732
v -78.447990 2.904288 -87.363373
v -78.446968 4.006091 -87.365356
v -76.942772 3.978441 -101.966026
v -76.943802 2.876637 -101.964050
v -78.575371 2.906630 -86.127571
v -78.476105 6.020884 -87.068176
v -78.718864 2.909266 -84.735542
v -78.715973 6.025293 -84.741142
v -78.771729 2.910237 -84.222832
v -78.770706 4.012042 -84.224808
v -76.951340 3.978603 -101.880356
v -76.952370 2.876799 -101.878380
v -75.540703 2.850996 -115.500214
v -75.539680 3.952799 -115.502190
v -77.052544 3.980454 -100.903160
v -77.053566 2.878650 -100.901176
v -75.412582 2.848653 -116.735886
v -75.506622 5.966453 -115.806587
v -75.268272 2.846016 -118.127762
v -75.265373 5.962045 -118.133369
v -75.215126 2.845045 -118.640411
v -75.214096 3.946848 -118.642380
v -86.301781 3.988803 -101.288605
v -86.302864 2.886999 -101.286629
v -86.615112 2.911880 -87.595352
v -86.614029 4.013683 -87.597328
v -86.279419 3.987019 -102.270782
v -86.280495 2.885215 -102.268806
v -86.643486 2.914137 -86.353378
v -86.618988 6.028455 -87.298645
v -86.675438 2.916679 -84.954407
v -86.672401 6.032707 -84.959999
v -86.687225 2.917614 -84.439133
v -86.686150 4.019417 -84.441101
v -86.281105 3.987174 -102.184753
v -86.282181 2.885370 -102.182770
v -85.961700 2.860481 -115.874443
v -85.960625 3.962285 -115.876427
v -86.304062 3.988960 -101.202545
v -86.305138 2.887156 -101.200569
v -85.932594 2.858222 -117.116455
v -85.951584 5.975960 -116.182350
v -85.899788 2.855680 -118.515480
v -85.896744 5.971709 -118.521065
v -85.887718 2.854745 -119.030746
v -85.886635 3.956549 -119.032722
v -95.615936 3.999181 -100.844650
v -95.617050 2.897376 -100.842667
v -94.963509 2.921278 -87.163147
v -94.962402 4.023081 -87.165123
v -95.662842 3.997466 -101.825989
v -95.663956 2.895662 -101.824005
v -94.904259 2.923443 -85.922241
v -94.945938 6.037832 -86.866699
v -94.837547 2.925886 -84.524452
v -94.834404 6.041915 -84.530052
v -94.812981 2.926788 -84.009628
v -94.811867 4.028592 -84.011604
v -95.658463 3.997616 -101.740028
v -95.659576 2.895812 -101.738045
v -96.304863 2.871901 -115.417976
v -96.303757 3.973704 -115.419952
v -95.612129 3.999331 -100.758675
v -95.613243 2.897527 -100.756691
v -96.363350 2.869734 -116.658920
v -96.315964 5.987402 -115.725624
v -96.429245 2.867290 -118.056732
v -96.426094 5.983317 -118.062332
v -96.453514 2.866389 -118.571571
v -96.452400 3.968194 -118.573563
v -104.930145 4.009552 -100.402779
v -104.931290 2.907748 -100.400803
v -103.315224 2.930518 -86.801048
v -103.314079 4.032320 -86.803040
v -105.046120 4.007919 -101.378395
v -105.047264 2.906115 -101.376404
v -103.168671 2.932586 -85.567390
v -103.276306 6.047050 -86.506378
v -103.003593 2.934912 -84.177757
v -103.000343 6.050938 -84.183357
v -102.942795 2.935768 -83.665932
v -102.941650 4.037572 -83.667915
v -105.035683 4.008061 -101.292931
v -105.036827 2.906258 -101.290955
v -106.644684 2.883480 -114.891075
v -106.643539 3.985282 -114.893059
v -104.920319 4.009696 -100.317291
v -104.921463 2.907892 -100.315315
v -106.790482 2.881410 -116.124802
v -106.676918 5.999004 -115.196976
v -106.954720 2.879085 -117.514458
v -106.951477 5.995111 -117.520073
v -107.015205 2.878227 -118.026314
v -107.014053 3.980031 -118.028290
v -114.082939 4.022263 -98.739029
v -114.084091 2.920459 -98.737045
v -111.685028 2.942198 -85.253883
v -111.683861 4.044003 -85.255859
v -114.255051 4.020703 -99.706268
v -114.256203 2.918900 -99.704285
v -111.467422 2.944171 -84.030785
v -111.628777 6.058706 -84.961777
v -111.222343 2.946391 -82.653061
v -111.219063 6.062419 -82.658661
v -111.132072 2.947211 -82.145615
v -111.130913 4.049014 -82.147598
v -114.239716 4.020840 -99.621597
v -114.240875 2.919036 -99.619614
v -116.631882 2.897285 -113.104622
v -116.630730 3.999088 -113.106606
v -114.068153 4.022400 -98.654221
v -114.069313 2.920596 -98.652229
v -116.848740 2.895312 -114.327881
v -116.681389 6.012832 -113.407967
v -117.093018 2.893089 -115.705795
v -117.089760 6.009117 -115.711395
v -117.183014 2.892271 -116.213303
v -117.181854 3.994075 -116.215286
v -123.181755 4.035756 -96.666664
v -123.182915 2.933953 -96.664680
v -120.065758 2.954673 -83.328987
v -120.064598 4.056478 -83.330978
v -123.405418 4.034270 -97.623329
v -123.406578 2.932466 -97.621353
v -119.783005 2.956553 -82.119263
v -119.993668 6.071157 -83.040146
v -119.464546 2.958669 -80.756615
v -119.461281 6.074697 -80.762222
v -119.347244 2.959448 -80.254723
v -119.346100 4.061253 -80.256706
v -123.385551 4.034400 -97.539574
v -123.386711 2.932596 -97.537598
v -126.495865 2.911864 -110.875122
v -126.494705 4.013667 -110.877098
v -123.162491 4.035887 -96.582787
v -123.163651 2.934083 -96.580811
v -126.777840 2.909984 -112.085007
v -126.561226 6.027434 -111.175217
v -127.095505 2.907868 -113.447845
v -127.092247 6.023894 -113.453453
v -127.212509 2.907085 -113.949806
v -127.211349 4.008891 -113.951790
v -132.280884 4.049248 -94.595467
v -132.282043 2.947444 -94.593483
v -128.455658 2.967087 -81.443489
v -128.454514 4.068890 -81.445473
v -132.555389 4.047839 -95.538811
v -132.556534 2.946035 -95.536835
v -128.108597 2.968870 -80.250610
v -128.367935 6.083545 -81.158745
v -127.717667 2.970876 -78.906929
v -127.714401 6.086905 -78.912537
v -127.573677 2.971612 -78.412025
v -127.572525 4.073415 -78.414001
v -132.531097 4.047962 -95.456230
v -132.532257 2.946158 -95.454247
v -136.350571 2.926505 -108.606071
v -136.349411 4.028307 -108.608055
v -132.257141 4.049372 -94.512756
v -132.258286 2.947568 -94.510773
v -136.696915 2.924721 -109.799118
v -136.431625 6.042099 -108.902061
v -137.087036 2.922712 -111.142982
v -137.083771 6.038740 -111.148590
v -137.230728 2.921975 -111.637962
v -137.229568 4.023779 -111.639938
v -141.084579 4.063842 -91.546272
v -141.085693 2.962038 -91.544304
v -136.628418 2.980663 -78.594963
v -136.627304 4.082469 -78.596939
v -141.404343 4.062506 -92.475227
v -141.405472 2.960702 -92.473251
v -136.224121 2.982353 -77.420288
v -136.526840 6.097102 -78.314621
v -135.768707 2.984259 -76.097115
v -135.765533 6.100285 -76.102692
v -135.600983 2.984958 -75.609741
v -135.599854 4.086761 -75.611725
v -141.376083 4.062623 -92.393936
v -141.377197 2.960819 -92.391968
v -145.826782 2.942179 -105.344284
v -145.825653 4.043983 -105.346252
v -141.056854 4.063959 -91.464783
v -141.057983 2.962155 -91.462807
v -146.230392 2.940490 -106.519226
v -145.921844 6.057796 -105.635841
v -146.685013 2.938582 -107.842705
v -146.681839 6.054609 -107.848282
v -146.852478 2.937882 -108.330154
v -146.851349 4.039686 -108.332130
v -149.797058 4.078776 -88.195091
v -149.798157 2.976972 -88.193130
v -144.740707 2.994598 -75.465981
v -144.739609 4.096402 -75.467949
v -150.159882 4.077512 -89.108101
v -150.160980 2.975708 -89.106140
v -144.281967 2.996198 -74.311462
v -144.625961 6.111013 -75.190514
v -143.765213 2.997998 -73.010986
v -143.762131 6.114025 -73.016518
v -143.574905 2.998660 -72.531990
v -143.573807 4.100463 -72.533958
v -150.127853 4.077622 -89.028214
v -150.128952 2.975818 -89.026253
v -155.178711 2.958181 -101.756363
v -155.177628 4.059985 -101.758324
v -149.765564 4.078887 -88.114998
v -149.766663 2.977084 -88.113037
v -155.636765 2.956578 -102.911148
v -155.287125 6.073819 -102.042976
v -156.152710 2.954777 -104.211929
v -156.149628 6.070805 -104.217461
v -156.342758 2.954115 -104.691032
v -156.341675 4.055919 -104.692993
v -158.509903 4.093710 -84.844734
v -158.510971 2.991906 -84.842789
v -152.864349 3.008513 -72.365639
v -152.863312 4.110317 -72.367584
v -158.915009 4.092519 -85.739807
v -158.916077 2.990715 -85.737862
v -152.352158 3.010019 -71.233795
v -152.736710 6.124907 -72.095650
v -151.775223 3.011716 -69.958855
v -151.772232 6.127745 -69.964355
v -151.562729 3.012338 -69.489273
v -151.561676 4.114143 -69.491219
v -158.879272 4.092623 -85.661491
v -158.880310 2.990819 -85.659546
v -164.519226 2.974200 -98.139656
v -164.518158 4.076004 -98.141602
v -158.474731 4.093815 -84.766205
v -158.475784 2.992011 -84.764259
v -165.030716 2.972692 -99.271774
v -164.640747 6.089860 -98.420715
v -165.606888 2.970994 -100.547005
v -165.603897 6.087021 -100.552498
v -165.819077 2.970371 -101.016708
v -165.818024 4.072175 -101.018654
v -166.798706 4.108676 -80.580650
v -166.799683 3.006873 -80.578735
v -160.540100 3.022392 -68.397942
v -160.539124 4.124196 -68.399849
v -167.247772 4.107563 -81.454445
v -167.248749 3.005759 -81.452538
v -159.972305 3.023800 -67.292984
v -160.399124 6.138763 -68.134384
v -159.332733 3.025385 -66.048325
v -159.329956 6.141413 -66.053726
v -159.097183 3.025970 -65.589882
v -159.096207 4.127774 -65.591789
v -167.208191 4.107660 -81.378036
v -167.209167 3.005856 -81.376129
v -173.461517 2.990323 -93.560875
v -173.460541 4.092127 -93.562775
v -166.759644 4.108774 -80.503937
v -166.760620 3.006970 -80.502022
v -174.028641 2.988915 -94.666199
v -173.596802 6.106009 -93.835304
v -174.667496 2.987328 -95.911247
v -174.664719 6.103354 -95.916649
v -174.902786 2.986743 -96.369820
v -174.901825 4.088546 -96.371727
v -174.991745 4.123650 -76.110115
v -174.992645 3.021846 -76.108253
v -168.127289 3.036281 -64.258080
v -168.126389 4.138086 -64.259933
v -175.484283 4.122615 -76.960205
v -175.485184 3.020811 -76.958336
v -167.504547 3.037592 -63.183102
v -167.973160 6.152630 -64.001701
v -166.803070 3.039067 -61.972225
v -166.800537 6.155094 -61.977493
v -166.544724 3.039609 -61.526234
v -166.543808 4.141413 -61.528103
v -175.440887 4.122705 -76.885864
v -175.441788 3.020901 -76.884003
v -182.299942 3.006451 -88.738113
v -182.299042 4.108256 -88.739975
v -174.948883 4.123742 -76.035484
v -174.949783 3.021937 -76.033623
v -182.922043 3.005140 -89.813446
v -182.448807 6.122160 -89.005119
v -183.622772 3.003665 -91.024719
v -183.620224 6.119694 -91.029991
v -183.880859 3.003121 -91.470856
v -183.879959 4.104926 -91.472717
v -183.148758 4.138546 -71.584564
v -183.149567 3.036741 -71.582748
v -175.683838 3.050095 -60.101810
v -175.683014 4.151898 -60.103619
v -183.684372 4.137588 -72.408150
v -183.685181 3.035784 -72.406342
v -175.006638 3.051307 -59.060326
v -175.516724 6.166418 -59.853420
v -174.243851 3.052671 -57.887157
v -174.241547 6.168700 -57.892284
v -173.962891 3.053169 -57.455067
v -173.962067 4.154974 -57.456882
v -183.637222 4.137671 -72.336166
v -183.638046 3.035867 -72.334358
v -191.097183 3.022500 -83.820267
v -191.096359 4.124305 -83.822083
v -183.102112 4.138630 -71.512207
v -183.102905 3.036826 -71.510399
v -191.773773 3.021289 -84.862213
v -191.259583 6.138235 -84.078987
v -192.535919 3.019923 -86.035866
v -192.533615 6.135951 -86.040993
v -192.816605 3.019424 -86.468163
v -192.815796 4.121228 -86.469971
v -190.593613 4.151896 -65.970406
v -190.594238 3.050092 -65.968719
v -182.315430 3.062003 -55.059151
v -182.314789 4.163808 -55.060841
v -191.187531 4.151042 -66.753014
v -191.188171 3.049238 -66.751328
v -181.564499 3.063083 -54.069477
v -182.130859 6.178295 -54.823032
v -180.718597 3.064300 -52.954712
v -180.716782 6.180329 -52.959480
v -180.407059 3.064748 -52.544106
v -180.406418 4.166553 -52.545792
v -191.135284 4.151116 -66.684616
v -191.135925 3.049312 -66.682930
v -199.408127 3.037388 -77.597473
v -199.407486 4.139194 -77.599159
v -190.541824 4.151972 -65.901657
v -190.542465 3.050168 -65.899971
v -200.158508 3.036309 -78.587578
v -199.588989 6.153157 -77.843239
v -201.003693 3.035091 -79.702873
v -201.001892 6.151119 -79.707634
v -201.315018 3.034641 -80.113640
v -201.314392 4.136445 -80.115326
v -198.039749 4.165251 -60.357986
v -198.040222 3.063447 -60.356438
v -188.991898 3.074049 -50.075687
v -188.991425 4.175854 -50.077236
v -198.688889 4.164491 -61.095478
v -198.689362 3.062686 -61.093937
v -188.171173 3.075012 -49.143055
v -188.790833 6.190313 -49.853058
v -187.246628 3.076092 -48.092537
v -187.245316 6.192124 -48.096916
v -186.906143 3.076492 -47.705597
v -186.905655 4.178298 -47.707146
v -198.631790 4.164557 -61.031033
v -198.632248 3.062752 -61.029491
v -207.673965 3.052138 -71.315208
v -207.673492 4.153943 -71.316757
v -197.983139 4.165319 -60.293186
v -197.983612 3.063514 -60.291637
v -208.494156 3.051175 -72.248268
v -207.872299 6.167936 -71.546692
v -209.417969 3.050092 -73.299316
v -209.416656 6.166123 -73.303696
v -209.758255 3.049692 -73.686417
v -209.757782 4.151497 -73.687965
v -204.662033 4.175749 -53.888634
v -204.662186 3.073944 -53.887409
v -194.437531 3.082732 -44.776272
v -194.437393 4.184537 -44.777500
v -205.395599 4.175119 -54.542191
v -205.395721 3.073314 -54.540966
v -193.510101 3.083529 -43.949718
v -194.211395 6.198957 -44.578575
v -192.465424 3.084426 -43.018646
v -192.465012 6.200459 -43.022118
v -192.080643 3.084757 -42.675716
v -192.080490 4.186562 -42.676941
v -205.331131 4.175174 -54.485142
v -205.331284 3.073369 -54.483917
v -215.550491 3.064573 -63.601254
v -215.550354 4.166378 -63.602486
v -204.597992 4.175805 -53.831135
v -204.598145 3.073999 -53.829910
v -216.477448 3.063775 -64.428383
v -215.775696 6.180412 -63.806076
v -217.521576 3.062877 -65.360077
v -217.521149 6.178909 -65.363548
v -217.906128 3.062546 -65.703255
v -217.905975 4.164352 -65.704475
v -210.782990 4.184511 -46.896755
v -210.782776 3.082706 -46.896004
v -199.302322 3.090057 -39.427898
v -199.302536 4.191864 -39.428650
v -211.606613 4.183984 -47.432438
v -211.606400 3.082178 -47.431686
v -198.260986 3.090724 -38.750359
v -199.049484 6.206254 -39.265102
v -197.087967 3.091475 -37.987175
v -197.088577 6.207508 -37.989300
v -196.655930 3.091752 -37.706074
v -196.656143 4.193558 -37.706825
v -211.534271 4.184030 -47.385719
v -211.534058 3.082224 -47.384964
v -223.009064 3.074865 -54.859287
v -223.009293 4.176672 -54.860039
v -210.711060 4.184558 -46.849586
v -210.710846 3.082752 -46.848831
v -224.049973 3.074198 -55.537357
v -223.263046 6.190735 -55.026451
v -225.222412 3.073447 -56.301197
v -225.223022 6.189480 -56.303326
v -225.654236 3.073168 -56.582546
v -225.654465 4.174973 -56.583298
v -214.845444 4.185363 -38.740547
v -214.844833 3.083558 -38.740582
v -202.023758 3.090549 -33.926655
v -202.024368 4.192355 -33.926620
v -215.765244 4.184863 -39.085777
v -215.764648 3.083057 -39.085808
v -200.860764 3.091182 -33.489819
v -201.742386 6.206736 -33.820229
v -199.550781 3.091897 -32.997753
v -199.552521 6.207932 -32.997665
v -199.068253 3.092159 -32.816490
v -199.068878 4.193965 -32.816460
v -215.684570 4.184906 -39.055794
v -215.683945 3.083100 -39.055828
v -228.502350 3.076113 -43.877552
v -228.502960 4.177919 -43.877522
v -214.764984 4.185408 -38.709999
v -214.764374 3.083602 -38.710033
v -229.665085 3.075479 -44.315056
v -228.787094 6.191994 -43.983940
v -230.974808 3.074764 -44.807953
v -230.976547 6.190798 -44.807861
v -231.457184 3.074502 -44.989464
v -231.457794 4.176307 -44.989429
v -217.170715 4.180156 -29.860956
v -217.169891 3.078350 -29.861753
v -203.645645 3.086835 -27.709076
v -203.646454 4.188640 -27.708277
v -218.140900 4.179547 -30.015331
v -218.140091 3.077741 -30.016130
v -202.418808 3.087604 -27.513786
v -203.349335 6.203055 -27.659298
v -201.036926 3.088472 -27.293781
v -201.039230 6.204505 -27.291521
v -200.527924 3.088792 -27.212765
v -200.528748 4.190597 -27.211969
v -218.055908 4.179601 -30.002108
v -218.055099 3.077795 -30.002907
v -231.579330 3.069321 -32.163784
v -231.580154 4.171127 -32.162983
v -217.085709 4.180209 -29.847076
v -217.084900 3.078403 -29.847876
v -232.806183 3.068552 -32.359833
v -231.880264 6.185166 -32.209255
v -234.188065 3.067688 -32.580650
v -234.190384 6.183720 -32.578392
v -234.697052 3.067367 -32.661999
v -234.697876 4.169173 -32.661201
v -217.176254 4.168052 -20.522926
v -217.175446 3.066246 -20.523779
v -203.576614 3.075188 -18.906380
v -203.577438 4.176994 -18.905527
v -218.151810 4.167410 -20.638929
v -218.150986 3.065605 -20.639784
v -202.343048 3.075999 -18.759647
v -203.278702 6.191418 -18.868242
v -200.953506 3.076914 -18.594337
v -200.955841 6.192946 -18.591923
v -200.441727 3.077250 -18.533463
v -200.442566 4.179057 -18.532610
v -218.066345 4.167467 -20.629045
v -218.065521 3.065662 -20.629898
v -231.664337 3.056731 -22.255545
v -231.665161 4.158536 -22.254692
v -217.090805 4.168107 -20.512438
v -217.089966 3.066302 -20.513290
v -232.897934 3.055920 -22.403048
v -231.966934 6.172565 -22.289022
v -234.287445 3.055007 -22.569172
v -234.289795 6.171040 -22.566759
v -234.799255 3.054671 -22.630379
v -234.800079 4.156476 -22.629524
v -217.182449 4.155948 -11.185003
v -217.181625 3.054143 -11.185911
v -203.529419 3.063555 -10.106291
v -203.530243 4.165360 -10.105382
v -218.161850 4.155273 -11.262428
v -218.161011 3.053468 -11.263337
v -202.291000 3.064408 -10.008314
v -203.230331 6.179795 -10.079869
v -200.896011 3.065370 -9.897980
v -200.898361 6.181403 -9.895411
v -200.382217 3.065725 -9.857320
v -200.383057 4.167532 -9.856411
v -218.076035 4.155333 -11.255921
v -218.075211 3.053527 -11.256829
v -231.727402 3.044127 -12.344700
v -231.728241 4.145932 -12.343791
v -217.096664 4.156007 -11.177894
v -217.095840 3.054202 -11.178802
v -232.965836 3.043272 -12.443386
v -232.031189 6.159949 -12.366146
v -234.360809 3.042312 -12.554593
v -234.363159 6.158344 -12.552025
v -234.874634 3.041957 -12.595527
v -234.875458 4.143764 -12.594618
v -217.189316 4.143845 -1.847128
v -217.188477 3.042040 -1.848092
v -203.504135 3.051936 -1.307936
v -203.504959 4.153740 -1.306972
v -218.170990 4.143135 -1.885827
v -218.170151 3.041330 -1.886791
v -202.262802 3.052832 -1.258895
v -203.204361 6.168185 -1.293271
v -200.864548 3.053842 -1.203685
v -200.866898 6.169874 -1.200959
v -200.349518 3.054217 -1.183328
v -200.350357 4.156022 -1.182364
v -218.084991 4.143198 -1.882737
v -218.084152 3.041393 -1.883701
v -231.768463 3.031509 -2.432105
v -231.769318 4.133313 -2.431142
v -217.103302 4.143907 -1.843382
v -217.102478 3.042102 -1.844346
v -233.009811 3.030612 -2.481854
v -232.072998 6.147322 -2.441484
v -234.408081 3.029602 -2.537939
v -234.410461 6.145634 -2.535213
v -234.923096 3.029229 -2.558571
v -234.923920 4.131034 -2.557607
v -217.196808 4.131742 7.490746
v -217.195969 3.029937 7.489727
v -203.500809 3.040326 7.489570
v -203.501648 4.142131 7.490589
v -218.179260 4.130997 7.490780
v -218.178421 3.029192 7.489761
v -202.258484 3.041271 7.489569
v -203.200806 6.156586 7.492435
v -200.859116 3.042330 7.489597
v -200.861481 6.158362 7.492480
v -200.343689 3.042722 7.489595
v -200.344528 4.144528 7.490614
v -218.093185 4.131063 7.490503
v -218.092346 3.029257 7.489483
v -231.787506 3.018879 7.481395
v -231.788315 4.120685 7.482413
v -217.110733 4.131807 7.491069
v -217.109894 3.030002 7.490049
v -233.029831 3.017936 7.480630
v -232.092255 6.134680 7.484072
v -234.429199 3.016877 7.479782
v -234.431564 6.132909 7.482665
v -234.944595 3.016487 7.479456
v -234.945435 4.118291 7.480474
v -217.134949 4.125900 16.841097
v -217.134109 3.024094 16.840456
v -203.439285 3.034558 16.748123
v -203.440125 4.136364 16.748764
v -218.117401 4.125150 16.847727
v -218.116547 3.023344 16.847088
v -202.196991 3.035508 16.739769
v -203.139252 6.150824 16.747906
v -200.797653 3.036578 16.730320
v -200.800018 6.152611 16.732134
v -200.282242 3.036972 16.726839
v -200.283081 4.138776 16.727478
v -218.031326 4.125215 16.846872
v -218.030487 3.023409 16.846231
v -231.725403 3.012950 16.930319
v -231.726227 4.114756 16.930958
v -217.048889 4.125966 16.840841
v -217.048050 3.024160 16.840202
v -232.967697 3.012001 16.937963
v -232.030121 6.128752 16.933994
v -234.367035 3.010932 16.946537
v -234.369385 6.126964 16.948349
v -234.882446 3.010538 16.949692
v -234.883286 4.112344 16.950333
v -217.066284 4.120670 26.192677
v -217.065445 3.018865 26.192457
v -203.370987 3.029348 26.052168
v -203.371841 4.131154 26.052387
v -218.048691 4.119918 26.202745
v -218.047836 3.018113 26.202528
v -202.128738 3.030298 26.039465
v -203.071014 6.145613 26.049702
v -200.729431 3.031368 26.025118
v -200.731812 6.147402 26.025738
v -200.214035 3.031764 26.019857
v -200.214874 4.133571 26.020077
v -217.962631 4.119985 26.201590
v -217.961777 3.018179 26.201370
v -231.656296 3.007700 26.333410
v -231.657135 4.109505 26.333630
v -216.980225 4.120737 26.192120
v -216.979370 3.018930 26.191902
v -232.898529 3.006749 26.345407
v -231.961044 6.123501 26.336956
v -234.297852 3.005680 26.358879
v -234.300217 6.121714 26.359499
v -234.813248 3.005285 26.363869
v -234.814087 4.107091 26.364086
v -216.997604 4.115440 35.544258
v -216.996750 3.013634 35.544456
v -203.302872 3.024117 35.356243
v -203.303726 4.125922 35.356041
v -217.979965 4.114688 35.557793
v -217.979126 3.012882 35.557995
v -202.060669 3.025068 35.339165
v -203.002899 6.140382 35.351498
v -200.661423 3.026139 35.319942
v -200.663818 6.142172 35.319370
v -200.146057 3.026533 35.312851
v -200.146896 4.128339 35.312649
v -217.893906 4.114755 35.556309
v -217.893066 3.012949 35.556511
v -231.587006 3.002470 35.736526
v -231.587860 4.104276 35.736324
v -216.911545 4.115506 35.543427
v -216.910690 3.013700 35.543629
v -232.829224 3.001519 35.752850
v -231.891754 6.118272 35.739914
v -234.228485 3.000448 35.771248
v -234.230865 6.116482 35.770679
v -234.743851 3.000056 35.778015
v -234.744705 4.101862 35.777813
v -216.825043 4.122921 44.890678
v -216.824173 3.021116 44.892143
v -203.132263 3.031508 44.594254
v -203.133118 4.133313 44.592796
v -217.807281 4.122175 44.912056
v -217.806396 3.020370 44.913521
v -201.890244 3.032450 44.567234
v -202.832413 6.147768 44.583553
v -200.491180 3.033512 44.536812
v -200.493637 6.149543 44.532681
v -199.975906 3.033905 44.525597
v -199.976761 4.135709 44.524136
v -217.721222 4.122240 44.909908
v -217.720352 3.020435 44.911373
v -231.412430 3.010033 45.201012
v -231.413300 4.111838 45.199547
v -216.738998 4.122986 44.889130
v -216.738129 3.021181 44.890594
v -232.654510 3.009090 45.227276
v -231.717209 6.125834 45.203281
v -234.053558 3.008028 45.256874
v -234.055984 6.124057 45.252739
v -234.568848 3.007637 45.267761
v -234.569717 4.109440 45.266300
v -216.631241 4.132999 54.236015
v -216.630341 3.031197 54.238907
v -202.941605 3.041346 53.818714
v -202.942520 4.143148 53.815819
v -217.613251 4.132270 54.266171
v -217.612350 3.030468 54.269066
v -201.699844 3.042267 53.780621
v -202.641907 6.157593 53.801266
v -200.301147 3.043302 53.737675
v -200.303696 6.159325 53.729496
v -199.785965 3.043685 53.721882
v -199.786865 4.145488 53.718990
v -217.527206 4.132335 54.263252
v -217.526306 3.030532 54.266148
v -231.215240 3.020375 54.678104
v -231.216141 4.122178 54.675213
v -216.545212 4.133063 54.233704
v -216.544312 3.031261 54.236595
v -232.457001 3.019454 54.715485
v -231.520050 6.136173 54.679028
v -233.855743 3.018415 54.757557
v -233.858276 6.134438 54.749374
v -234.370926 3.018033 54.773079
v -234.371826 4.119836 54.770184
v -216.270477 4.169778 63.563835
v -216.269394 3.067997 63.571186
v -202.593109 3.076742 62.852016
v -202.594208 4.178524 62.844666
v -217.251587 4.169151 63.615471
v -217.250488 3.067370 63.622826
v -201.352493 3.077538 62.786816
v -202.294235 6.192899 62.815365
v -199.955048 3.078429 62.713329
v -199.958145 6.194393 62.692551
v -199.440338 3.078758 62.686302
v -199.441422 4.180540 62.678951
v -217.165649 4.169205 63.610645
v -217.164551 3.067423 63.617996
v -230.841217 3.058638 64.328926
v -230.842316 4.160420 64.321579
v -216.184525 4.169835 63.559662
v -216.183426 3.068054 63.567017
v -232.081879 3.057842 64.393425
v -231.146271 6.174408 64.323845
v -233.479355 3.056945 64.466026
v -233.482437 6.172908 64.445244
v -233.994080 3.056613 64.492798
v -233.995148 4.158394 64.485458
v -215.670151 4.253823 72.848282
v -215.668091 3.152199 72.868195
v -202.042755 3.152853 71.486549
v -202.044830 4.254477 71.466652
v -216.647614 4.253777 72.947433
v -216.645554 3.152153 72.967346
v -200.806778 3.152912 71.361252
v -201.747772 6.268387 71.399765
v -199.414520 3.152980 71.220139
v -199.420380 6.268500 71.163872
v -198.901733 3.153004 71.168167
v -198.903809 4.254630 71.148277
v -216.562012 4.253778 72.938477
v -216.559937 3.152153 72.958389
v -230.186005 3.151386 74.331841
v -230.188080 4.253011 74.311943
v -215.584518 4.253831 72.839920
v -215.582443 3.152208 72.859825
v -231.422043 3.151314 74.456375
v -230.492722 6.266889 74.305855
v -232.814362 3.151237 74.596672
v -232.820206 6.266757 74.540398
v -233.327209 3.151208 74.648331
v -233.329285 4.252833 74.628433
v -214.347412 4.559124 82.004799
v -214.340836 3.458550 82.056473
v -200.799850 3.443313 80.008247
v -200.806412 4.543887 79.956581
v -215.318802 4.560216 82.151718
v -215.312225 3.459642 82.203392
v -199.571487 3.441930 79.822418
v -200.519470 6.555527 79.816902
v -198.187897 3.440369 79.613068
v -198.206497 6.552921 79.466957
v -197.678284 3.439794 79.535950
v -197.684860 4.540369 79.484283
v -215.233765 4.560106 82.138573
v -215.227173 3.459532 82.190247
v -228.769638 3.474341 84.230408
v -228.776215 4.574915 84.178749
v -214.262253 4.559045 81.992256
v -214.255676 3.458472 82.043930
v -229.998093 3.475687 84.415527
v -229.087265 6.587220 84.129356
v -231.381882 3.477203 84.624031
v -231.400467 6.589755 84.477928
v -231.891541 3.477760 84.700829
v -231.898102 4.578335 84.649162
v -213.513702 4.935676 91.381058
v -213.508575 3.834459 91.416710
v -199.834381 3.873615 90.659874
v -199.839523 4.974831 90.624207
v -214.494675 4.932867 91.435333
v -214.489532 3.831650 91.470993
v -198.593948 3.877166 90.591202
v -199.546951 6.988847 90.542297
v -197.196716 3.881166 90.513809
v -197.211212 6.995534 90.412933
v -196.682083 3.882640 90.485329
v -196.687210 4.983858 90.449654
v -214.408737 4.933104 91.430298
v -214.403595 3.831887 91.465965
v -228.078201 3.792477 92.214577
v -228.083328 4.893693 92.178902
v -213.427750 4.935933 91.376633
v -213.422638 3.834715 91.412292
v -229.318634 3.788904 92.282532
v -228.394638 6.905976 92.130241
v -230.715927 3.784878 92.359047
v -230.730423 6.899245 92.258179
v -231.230560 3.783396 92.387260
v -231.235672 4.884612 92.351585
v -213.248001 5.178725 100.763206
v -213.243256 4.077229 100.788895
v -199.551132 4.129730 100.503540
v -199.555908 5.231226 100.477859
v -214.230255 5.174960 100.783714
v -214.225479 4.073463 100.809402
v -198.309082 4.134493 100.477638
v -199.262268 7.246047 100.424583
v -196.910019 4.139858 100.448479
v -196.923462 7.255017 100.375839
v -196.394714 4.141833 100.437721
v -196.399460 5.243328 100.412025
v -214.144196 5.175283 100.781616
v -214.139435 4.073787 100.807297
v -227.831665 4.021112 101.084457
v -227.836411 5.122608 101.058777
v -213.161957 5.179063 100.761772
v -213.157196 4.077567 100.787460
v -229.073715 4.016333 101.109596
v -228.147415 7.135108 101.017929
v -230.472778 4.010951 101.137939
v -230.486252 7.126110 101.065300
v -230.988083 4.008969 101.148361
v -230.992828 5.110465 101.122673
v -213.132080 5.376946 110.133232
v -213.127396 4.275335 110.153427
v -199.432571 4.332389 110.086082
v -199.437256 5.433999 110.065880
v -214.114502 5.372854 110.138100
v -214.109833 4.271243 110.158295
v -198.190277 4.337565 110.079956
v -199.143448 7.449131 110.027451
v -196.790924 4.343394 110.073036
v -196.804184 7.458876 110.015907
v -196.275513 4.345542 110.070549
v -196.280197 5.447152 110.050346
v -214.028442 5.373206 110.137367
v -214.023773 4.271595 110.157562
v -227.718704 4.214366 110.216721
v -227.723389 5.315978 110.196518
v -213.045990 5.377312 110.133171
v -213.041321 4.275701 110.153358
v -228.961014 4.209176 110.222092
v -228.034363 7.328585 110.160889
v -230.360367 4.203327 110.228127
v -230.373627 7.318809 110.170998
v -230.875763 4.201176 110.230400
v -230.880463 5.302787 110.210197
v -213.164230 5.522171 119.493172
v -213.159546 4.420523 119.511223
v -199.464493 4.478850 119.515854
v -199.469177 5.580498 119.497803
v -214.146667 5.517986 119.492821
v -214.141983 4.416337 119.510872
v -198.222183 4.484140 119.516266
v -199.175354 7.595726 119.464882
v -196.822815 4.490102 119.516769
v -196.836075 7.605689 119.465714
v -196.307404 4.492298 119.516945
v -196.312088 5.593945 119.498878
v -214.060608 5.518348 119.492599
v -214.055923 4.416701 119.510651
v -227.750916 4.358244 119.497719
v -227.755600 5.459892 119.479668
v -213.078140 5.522542 119.493500
v -213.073456 4.420893 119.511551
v -228.993225 4.352942 119.496544
v -228.066544 7.472540 119.446358
v -230.392578 4.346970 119.495262
v -230.405823 7.462557 119.444214
v -230.908005 4.344769 119.494774
v -230.912674 5.446415 119.476723
v -213.197678 5.666921 128.852966
v -213.192978 4.565241 128.868896
v -199.498169 4.624660 128.944229
v -199.502869 5.726340 128.928284
v -214.180099 5.662658 128.847534
v -214.175400 4.560978 128.863464
v -198.255875 4.630049 128.951096
v -199.209076 7.741651 128.900848
v -196.856552 4.636121 128.958771
v -196.869827 7.751801 128.913712
v -196.341141 4.638355 128.961609
v -196.345825 5.740036 128.945663
v -214.094040 5.663028 128.847763
v -214.089340 4.561347 128.863693
v -227.784119 4.501801 128.780060
v -227.788818 5.603482 128.764130
v -213.111603 5.667299 128.853745
v -213.106918 4.565619 128.869675
v -229.026413 4.496400 128.772507
v -228.099777 7.616168 128.733185
v -230.425766 4.490314 128.763977
v -230.439026 7.605995 128.718903
v -230.941132 4.488076 128.760818
v -230.945831 5.589756 128.744888
v -213.280807 5.790798 138.187149
v -213.276093 4.689123 138.203491
v -199.590317 4.740153 137.693466
v -199.595047 5.841828 137.677139
v -214.262604 5.787138 138.223755
v -214.257889 4.685463 138.240097
v -198.348877 4.744782 137.647308
v -199.301498 7.856941 137.636063
v -196.950439 4.749997 137.595245
v -196.963791 7.865661 137.549042
v -196.435394 4.751918 137.576050
v -196.440094 5.853593 137.559708
v -214.176575 5.787456 138.220291
v -214.171875 4.685781 138.236633
v -227.857529 4.634652 138.738327
v -227.862244 5.736327 138.722000
v -213.194809 5.791122 138.184250
v -213.190094 4.689447 138.200577
v -229.098999 4.630014 138.783859
v -228.173050 7.749188 138.703247
v -230.497391 4.624790 138.835052
v -230.510742 7.740453 138.788864
v -231.012466 4.622865 138.853897
v -231.017181 5.724539 138.837570
v -213.396011 5.901996 147.505951
v -213.391144 4.800352 147.524200
v -199.776871 4.835684 146.033875
v -199.781738 5.937329 146.015625
v -214.372665 5.899463 147.612946
v -214.367798 4.797818 147.631180
v -198.541885 4.838892 145.898712
v -199.490005 7.952041 145.949356
v -197.150757 4.842501 145.746475
v -197.164490 7.958077 145.694870
v -196.638397 4.843832 145.690399
v -196.643234 5.945476 145.672165
v -214.287094 5.899680 147.603256
v -214.282242 4.798037 147.621506
v -227.896408 4.762606 149.103653
v -227.901260 5.864250 149.085388
v -213.310440 5.902223 147.496933
v -213.305588 4.800578 147.515198
v -229.131393 4.759391 149.238037
v -228.210739 7.877398 149.084732
v -230.522491 4.755769 149.389404
v -230.536224 7.871346 149.337799
v -231.034851 4.754436 149.445160
v -231.039719 5.856080 149.426895
v -213.513626 6.013129 156.825027
v -213.508484 4.911519 156.845184
v -200.035843 4.929257 154.382172
v -200.040970 6.030868 154.362015
v -214.480118 6.011856 157.001785
v -214.474976 4.910246 157.021927
v -198.813705 4.930870 154.158768
v -199.752899 8.045129 154.270798
v -197.437057 4.932683 153.907150
v -197.451569 8.048162 153.850174
v -196.930008 4.933350 153.814468
v -196.935135 6.034960 153.794312
v -214.395447 6.011964 156.986008
v -214.390320 4.910355 157.006149
v -227.862854 4.892516 159.460953
v -227.867981 5.994126 159.440811
v -213.428955 6.013243 156.809891
v -213.423828 4.911634 156.830048
v -229.084961 4.890896 159.683594
v -228.174820 8.007600 159.458160
v -230.461609 4.889072 159.934341
v -230.476120 8.004551 159.877365
v -230.968658 4.888400 160.026703
v -230.973801 5.990011 160.006561
v -212.882584 6.147524 165.910004
v -212.876022 5.046027 165.935303
v -200.016937 5.014398 161.225327
v -200.023483 6.115894 161.200043
v -213.804962 6.149800 166.248138
v -213.798416 5.048304 166.273438
v -198.850311 5.011539 160.798431
v -199.751511 8.128860 161.049896
v -197.536179 5.008317 160.317673
v -197.554733 8.123475 160.246140
v -197.052139 5.007132 160.140610
v -197.058701 6.108627 160.115311
v -213.724289 6.149593 166.218292
v -213.717728 5.048097 166.243607
v -226.580719 5.079504 170.946365
v -226.587265 6.181000 170.921066
v -212.801636 6.147333 165.880615
v -212.795090 5.045837 165.905914
v -227.747681 5.082342 171.372543
v -226.883301 8.195354 170.978546
v -229.062225 5.085538 171.852570
v -229.080765 8.200695 171.781036
v -229.546387 5.086717 172.029327
v -229.552933 6.188212 172.004044
v -207.268448 6.430703 172.972961
v -207.254669 5.329602 173.009903
v -197.375702 5.135143 163.527374
v -197.389465 6.236244 163.490433
v -207.977051 6.444657 173.653305
v -207.963272 5.343557 173.690231
v -196.479416 5.117508 162.667297
v -197.196487 8.244889 163.213577
v -195.469894 5.097642 161.698471
v -195.508850 8.211681 161.594040
v -195.098022 5.090328 161.341660
v -195.111801 6.191429 161.304733
v -207.915192 6.443425 173.593506
v -207.901413 5.342324 173.630432
v -217.786499 5.536501 183.107330
v -217.800278 6.637603 183.070404
v -207.206100 6.429493 172.913605
v -207.192322 5.328392 172.950531
v -218.683212 5.554114 183.966980
v -218.043686 8.654831 183.212158
v -219.693405 5.573950 184.935181
v -219.732361 8.687989 184.830750
v -220.065430 5.581257 185.291855
v -220.079193 6.682359 185.254913
v -200.169922 6.748392 178.909012
v -200.152679 5.647449 178.949051
v -191.851822 5.381398 168.059723
v -191.869049 6.482343 168.019684
v -200.765366 6.767480 179.690216
v -200.748123 5.666537 179.730255
v -191.098801 5.357267 167.071976
v -191.717255 8.489120 167.706085
v -190.250534 5.330085 165.959351
v -190.299286 8.443680 165.846100
v -189.938126 5.320072 165.549545
v -189.955353 6.421017 165.509491
v -200.713440 6.765797 179.621613
v -200.696198 5.664855 179.661652
v -209.003891 5.930616 190.546219
v -209.021133 7.031559 190.506165
v -200.117477 6.746732 178.840775
v -200.100235 5.645789 178.880814
v -209.757538 5.954720 191.533569
v -209.236038 9.050079 190.673340
v -210.606430 5.981877 192.645737
v -210.655182 9.095472 192.532486
v -210.919113 5.991878 193.055359
v -210.936356 7.092822 193.015320
v -192.526886 7.071922 184.232254
v -192.508255 5.971037 184.273285
v -185.032227 5.670141 172.802505
v -185.050858 6.771027 172.761475
v -193.063202 7.093508 185.055130
v -193.044556 5.992623 185.096161
v -184.354019 5.642848 171.761963
v -184.919815 8.776928 172.433228
v -183.590042 5.612103 170.589920
v -183.642746 8.725531 170.473907
v -183.308655 5.600783 170.158249
v -183.327301 6.701669 170.117218
v -193.016418 7.091608 184.982910
v -192.997772 5.990724 185.023941
v -200.480637 6.291331 196.489990
v -200.499283 7.392215 196.448975
v -192.479660 7.070041 184.160324
v -192.461029 5.969157 184.201355
v -201.159470 6.318598 197.530075
v -200.698532 9.411396 196.627136
v -201.924103 6.349313 198.701645
v -201.976807 9.462740 198.585632
v -202.205734 6.360624 199.133179
v -202.224350 7.461509 199.092163
v -184.507965 7.391814 188.970261
v -184.488449 6.290965 189.011826
v -177.666855 5.963692 177.141083
v -177.686356 7.064540 177.099548
v -184.997269 7.415293 189.821869
v -184.977768 6.314445 189.863419
v -177.047974 5.934006 176.064285
v -177.571350 9.069793 176.761459
v -176.350922 5.900565 174.851364
v -176.406097 9.013892 174.733810
v -176.094147 5.888251 174.404633
v -176.113663 6.989100 174.363068
v -184.954666 7.413226 189.747101
v -184.935150 6.312378 189.788666
v -191.764023 6.639368 201.655396
v -191.783524 7.740217 201.613831
v -184.464767 7.389769 188.895828
v -184.445267 6.288920 188.937393
v -192.383438 6.669033 202.731842
v -191.969910 9.759917 201.799866
v -193.081253 6.702442 203.944351
v -193.136429 9.815768 203.826828
v -193.338242 6.714747 204.390976
v -193.357758 7.815596 204.349426
v -176.358841 7.710457 193.505844
v -176.338638 6.609635 193.547791
v -170.117554 6.259203 181.352020
v -170.137756 7.360026 181.310089
v -176.805099 7.735599 194.380783
v -176.784882 6.634776 194.422714
v -169.553207 6.227414 180.245728
v -170.037277 9.364717 180.964157
v -168.917465 6.191610 178.999588
v -168.974594 9.304862 178.880997
v -168.683304 6.178422 178.540604
v -168.703522 7.279244 178.498672
v -176.766251 7.733385 194.303970
v -176.746048 6.632564 194.345901
v -182.974396 6.982712 206.537628
v -182.994598 8.083533 206.495697
v -176.319443 7.708267 193.429382
v -176.299255 6.607445 193.471313
v -183.539398 7.014473 207.643555
v -183.169022 10.103696 206.688248
v -184.175827 7.050252 208.889328
v -184.232956 10.163504 208.770721
v -184.410248 7.063429 209.348145
v -184.430450 8.164252 209.306213
v -167.899704 8.019200 197.420578
v -167.879013 6.918396 197.462753
v -162.233109 6.546721 184.991104
v -162.253799 7.647526 184.948929
v -168.304749 8.045864 198.315247
v -168.284042 6.945060 198.357437
v -161.720932 6.513004 183.859802
v -162.166962 9.651716 184.596497
v -161.144012 6.475029 182.585464
v -161.202576 9.588229 182.466171
v -160.931458 6.461042 182.116119
v -160.952164 7.561845 182.073944
v -168.269501 8.043520 198.236786
v -168.248779 6.942716 198.278961
v -173.902283 7.314117 210.747253
v -173.922989 8.414921 210.705078
v -167.863968 8.016873 197.342316
v -167.843262 6.916071 197.384491
v -174.415161 7.347810 211.878281
v -174.085648 10.435521 210.903290
v -174.992889 7.385757 213.152283
v -175.051453 10.498957 213.032990
v -175.205612 7.399738 213.621536
v -175.226318 8.500541 213.579361
v -159.351562 8.325106 201.157120
v -159.330399 7.224317 201.199478
v -154.259720 6.832320 188.483536
v -154.280884 7.933108 188.441162
v -159.715317 8.353226 202.069321
v -159.694168 7.252439 202.111694
v -153.799728 6.796764 187.330032
v -154.207611 9.936819 188.082932
v -153.281586 6.756711 186.030731
v -153.341415 9.869864 185.910904
v -153.090698 6.741955 185.552185
v -153.111862 7.842745 185.509811
v -159.683685 8.350754 201.989304
v -159.662521 7.249966 202.031677
v -164.740814 7.641692 214.744324
v -164.761978 8.742479 214.701950
v -159.319427 8.322652 201.077316
v -159.298264 7.221864 201.119675
v -165.201508 7.677223 215.897476
v -164.912796 10.763496 214.905151
v -165.720459 7.717248 217.196457
v -165.780304 10.830404 217.076630
v -165.911560 7.731995 217.674911
v -165.932709 8.832782 217.632523
v -150.605911 8.619069 204.366409
v -150.584366 7.518295 204.408920
v -146.127747 7.105613 191.465866
v -146.149292 8.206388 191.423340
v -150.925583 8.648676 205.294907
v -150.904022 7.547901 205.337448
v -145.723419 7.068179 190.291779
v -146.090271 10.209619 191.059845
v -145.268021 7.026015 188.969269
v -145.328964 10.139130 188.849014
v -145.100250 7.010485 188.482162
v -145.121796 8.111259 188.439636
v -150.897858 8.646072 205.213486
v -150.876297 7.545299 205.256012
v -155.340820 7.957727 218.196564
v -155.362381 9.058501 218.154037
v -150.577576 8.616487 204.285172
v -150.556030 7.515712 204.327682
v -155.745789 7.995141 219.370438
v -155.500336 11.079951 218.362045
v -156.202042 8.037279 220.692673
v -156.263000 11.150394 220.572449
v -156.370026 8.052802 221.179703
v -156.391586 9.153576 221.137192
v -141.711761 8.904065 207.179535
v -141.689850 7.803302 207.222168
v -137.878891 7.369976 194.074966
v -137.900803 8.470739 194.032318
v -141.985107 8.935153 208.122711
v -141.963196 7.834390 208.165329
v -137.533157 7.330671 192.882355
v -137.856659 10.473495 193.664139
v -137.143707 7.286393 191.538986
v -137.205688 10.399477 191.418411
v -137.000229 7.270086 191.044205
v -137.022156 8.370851 191.001572
v -141.961441 8.932420 208.039978
v -141.939529 7.831657 208.082611
v -145.758423 8.264731 221.227295
v -145.780334 9.365493 221.184677
v -141.687485 8.901353 207.097031
v -141.665573 7.800591 207.139648
v -146.104858 8.304012 222.419693
v -145.904663 11.387377 221.396988
v -146.495117 8.348262 223.762802
v -146.557098 11.461346 223.642227
v -146.638809 8.364561 224.257507
v -146.660721 9.465325 224.214890
v -132.755280 9.182002 209.738373
v -132.733017 8.081250 209.781097
v -129.605667 7.627289 196.455750
v -129.627945 8.728041 196.413025
v -132.979645 9.214568 210.694305
v -132.957367 8.113816 210.737030
v -129.321945 7.586108 195.246979
v -129.599564 10.730318 196.040695
v -129.002350 7.539724 193.885391
v -129.065323 10.652777 193.764557
v -128.884613 7.522643 193.383926
v -128.906876 8.623395 193.341187
v -132.960220 9.211708 210.610519
v -132.937958 8.110956 210.653244
v -136.073486 8.564693 223.977112
v -136.095764 9.665444 223.934402
v -132.735352 9.179157 209.654694
v -132.713074 8.078404 209.697418
v -136.357971 8.605852 225.185760
v -136.205673 11.687767 224.150467
v -136.678406 8.652211 226.547165
v -136.741394 11.765265 226.426331
v -136.796387 8.669288 227.048630
v -136.818649 9.770039 227.005905
v -123.579880 9.435147 211.403992
v -123.557289 8.334404 211.446777
v -121.223045 7.858023 197.960403
v -121.245644 8.958766 197.917603
v -123.747276 9.469323 212.371475
v -123.724678 8.368581 212.414276
v -121.011238 7.814813 196.737030
v -121.235390 10.960533 197.541595
v -120.772667 7.766135 195.358994
v -120.836578 10.879163 195.237961
v -120.684776 7.748208 194.851440
v -120.707375 8.848950 194.808640
v -123.732910 9.466321 212.286667
v -123.710320 8.365579 212.329468
v -126.052704 8.841732 225.814377
v -126.075317 9.942477 225.771591
v -123.564865 9.432162 211.319290
v -123.542267 8.331420 211.362091
v -126.265182 8.884926 227.037628
v -126.168312 11.965274 225.991089
v -126.504578 8.933578 228.415497
v -126.568489 12.046606 228.294479
v -126.592712 8.951502 228.923004
v -126.615311 10.052244 228.880203
v -114.404663 9.688337 213.071075
v -114.381737 8.587604 213.113922
v -112.848793 8.090219 199.513626
v -112.871719 9.190953 199.470779
v -114.514572 9.724021 214.046738
v -114.491638 8.623287 214.089584
v -112.709709 8.045100 198.279922
v -112.879768 11.192240 199.092194
v -112.552986 7.994279 196.890259
v -112.617836 11.107282 196.769104
v -112.495277 7.975561 196.378433
v -112.518211 9.076294 196.335587
v -114.505249 9.720885 213.961212
v -114.482315 8.620152 214.004059
v -116.023415 9.117311 227.602844
v -116.046341 10.218046 227.559998
v -114.394684 9.685222 212.985657
v -114.371750 8.584488 213.028503
v -116.163254 9.162410 228.836411
v -116.122269 12.241294 227.781952
v -116.320724 9.213211 230.225967
v -116.385582 12.326215 230.104813
v -116.378754 9.231920 230.737762
v -116.401680 10.332654 230.694916
v -105.113464 9.903060 213.546066
v -105.090195 8.802334 213.588928
v -104.528244 8.281706 199.915283
v -104.551506 9.382432 199.872421
v -105.153770 9.940408 214.526962
v -105.130501 8.839682 214.569839
v -104.477226 8.234476 198.674927
v -104.581604 11.383190 199.492157
v -104.419754 8.181281 197.277740
v -104.485565 11.294260 197.156509
v -104.398529 8.161689 196.763153
v -104.421806 9.262415 196.720291
v -105.150490 9.937131 214.441040
v -105.127220 8.836405 214.483902
v -105.697479 9.356851 228.157349
v -105.720749 10.457574 228.114471
v -105.109634 9.899794 213.460129
v -105.086372 8.799067 213.502991
v -105.749260 9.404059 229.397705
v -105.775848 12.481319 228.338028
v -105.807602 9.457236 230.794830
v -105.873413 12.570216 230.673615
v -105.829025 9.476826 231.309479
v -105.852295 10.577552 231.266602
v -95.795151 10.108839 213.743835
v -95.771545 9.008120 213.786697
v -96.221962 8.465796 200.109482
v -96.245567 9.566513 200.066620
v -95.762840 10.147745 214.724991
v -95.739235 9.047026 214.767868
v -96.262787 8.416601 198.868774
v -96.298676 11.566778 199.686249
v -96.308762 8.361183 197.471237
v -96.375526 11.474142 197.350006
v -96.325638 8.340775 196.956497
v -96.349251 9.441495 196.913620
v -95.765915 10.144330 214.639053
v -95.742310 9.043612 214.681900
v -95.300201 9.585753 228.358963
v -95.323807 10.686471 228.316101
v -95.797699 10.105437 213.657883
v -95.774094 9.004719 213.700745
v -95.260155 9.634933 229.599640
v -95.357239 12.710681 228.539703
v -95.215057 9.690329 230.997192
v -95.281822 12.803288 230.875946
v -95.198387 9.710732 231.511902
v -95.221992 10.811450 231.469025
v -86.536003 10.288092 213.223129
v -86.512062 9.187380 213.265976
v -88.063492 8.624458 199.670883
v -88.087440 9.725170 199.628036
v -86.424637 10.328476 214.198380
v -86.400688 9.227764 214.241211
v -88.204124 8.573396 198.437637
v -88.165436 11.724968 199.249542
v -88.362587 8.515875 197.048477
v -88.430313 11.628815 196.927322
v -88.420959 8.494692 196.536804
v -88.444908 9.595404 196.493973
v -86.434692 10.324933 214.113007
v -86.410744 9.224221 214.155853
v -84.867485 9.787020 227.752396
v -84.891434 10.887732 227.709549
v -86.545410 10.284559 213.137604
v -86.521461 9.183846 213.180450
v -84.727486 9.838074 228.985779
v -84.901115 12.912389 227.931442
v -84.569878 9.895580 230.375092
v -84.637611 13.008521 230.253937
v -84.511841 9.916759 230.886780
v -84.535789 11.017470 230.843933
v -77.369774 10.425485 211.568283
v -77.345474 9.324778 211.611084
v -80.130066 8.742555 198.214523
v -80.154350 9.843262 198.171738
v -77.169937 10.467252 212.529297
v -77.145645 9.366546 212.572098
v -80.382607 8.689737 196.999283
v -80.260208 11.842624 197.797729
v -80.667084 8.630250 195.630417
v -80.735794 11.743175 195.509415
v -80.771805 8.608337 195.126205
v -80.796104 9.709044 195.083420
v -77.187744 10.463590 212.445175
v -77.163445 9.362882 212.487961
v -74.387024 9.944983 225.885971
v -74.411324 11.045690 225.843185
v -77.386932 10.421830 211.484024
v -77.362633 9.321123 211.526825
v -74.135231 9.997787 227.101364
v -74.394409 13.070764 226.060791
v -73.851631 10.057264 228.470398
v -73.920341 13.170190 228.349396
v -73.747108 10.079173 228.974609
v -73.771408 11.179880 228.931824
v -68.202820 10.563015 209.916931
v -68.178185 9.462312 209.959625
v -72.172775 8.865232 196.873093
v -72.197418 9.965934 196.830399
v -67.916237 10.605849 210.855698
v -67.891602 9.505146 210.898407
v -72.535095 8.811069 195.685959
v -72.330612 11.964963 196.463379
v -72.943207 8.750062 194.348755
v -73.012886 11.862975 194.227997
v -73.093483 8.727592 193.856232
v -73.118111 9.828295 193.813522
v -67.941597 10.602092 210.773499
v -67.916954 9.501389 210.816208
v -63.930519 10.098347 223.904221
v -63.955154 11.199048 223.861511
v -68.227631 10.559268 209.834625
v -68.202995 9.458565 209.877319
v -63.568962 10.152500 225.091476
v -63.912148 13.224442 224.072433
v -63.161720 10.213493 226.428848
v -63.231388 13.326408 226.308075
v -63.011665 10.235962 226.921402
v -63.036297 11.336664 226.878708
v -59.682140 10.612582 206.188049
v -59.657173 9.511882 206.230621
v -64.972519 8.903625 193.623795
v -64.997482 10.004327 193.581223
v -59.300758 10.656217 207.092377
v -59.275791 9.555517 207.134964
v -65.454590 8.848451 192.480164
v -65.160446 12.003101 193.225006
v -65.997650 8.786299 191.191956
v -66.068253 11.899205 191.071533
v -66.197624 8.763408 190.717484
v -66.222595 9.864106 190.674896
v -59.334442 10.652392 207.013290
v -59.309483 9.551693 207.055878
v -54.001713 10.159907 219.666077
v -54.026672 11.260610 219.623489
v -59.715221 10.608761 206.108658
v -59.690262 9.508061 206.151245
v -53.520237 10.215080 220.809998
v -53.955093 13.286242 219.824066
v -52.977974 10.277228 222.098511
v -53.048573 13.390134 221.978088
v -52.778198 10.300119 222.573105
v -52.803162 11.400821 222.530518
v -51.184269 10.658987 202.384186
v -51.158993 9.558289 202.426620
v -57.744724 8.944766 190.434189
v -57.770004 10.045465 190.391769
v -50.711750 10.703000 203.244461
v -50.686474 9.602302 203.286896
v -58.342091 8.889113 189.346313
v -57.961582 12.044122 190.049408
v -59.014950 8.826423 188.120880
v -59.086433 11.939324 188.000900
v -59.262745 8.803334 187.669510
v -59.288025 9.904032 187.627075
v -50.753422 10.699143 203.169220
v -50.728146 9.598444 203.211639
v -44.149990 10.211925 215.207458
v -44.175266 11.312623 215.165024
v -51.225338 10.655134 202.308670
v -51.200062 9.554435 202.351105
v -43.553329 10.267575 216.295670
v -44.076202 13.338372 215.352310
v -42.881256 10.330259 217.521439
v -42.952740 13.443161 217.401443
v -42.633667 10.353350 217.972885
v -42.658943 11.454048 217.930450
v -43.319626 10.654972 197.559143
v -43.294071 9.554274 197.601410
v -51.060177 8.941541 186.338196
v -51.085735 10.042239 186.295944
v -42.762489 10.698928 198.367126
v -42.736931 9.598229 198.409393
v -51.764610 8.885959 185.316467
v -51.303890 12.040916 185.969971
v -52.558098 8.823348 184.165543
v -52.630371 11.936251 184.046036
v -52.850319 8.800289 183.741608
v -52.875874 9.900989 183.699341
v -42.811489 10.695080 198.296494
v -42.785931 9.594380 198.338760
v -35.026237 10.207166 209.607239
v -35.051792 11.307863 209.564972
v -43.368210 10.651119 197.488174
v -43.342655 9.550421 197.530426
v -34.322388 10.262752 210.629486
v -34.927158 13.333597 209.736511
v -33.529575 10.325366 211.780945
v -33.601849 13.438268 211.661438
v -33.237526 10.348428 212.205017
v -33.263081 11.449126 212.162750
v -36.138561 10.596501 191.630936
v -36.112766 9.495802 191.673019
v -44.960548 8.889530 181.237122
v -44.986347 9.990231 181.195038
v -35.503788 10.639994 192.379547
v -35.477989 9.539294 192.421616
v -45.763077 8.834534 180.290405
v -45.228821 11.989050 180.887665
v -46.667095 8.772583 179.223999
v -46.740047 11.885489 179.105011
v -47.000031 8.749765 178.831207
v -47.025826 9.850466 178.789124
v -35.559628 10.636186 192.314148
v -35.533833 9.535485 192.356216
v -26.692455 10.141809 202.797394
v -26.718252 11.242508 202.755325
v -36.193901 10.592690 191.565140
v -36.168102 9.491990 191.607208
v -25.890434 10.196810 203.744553
v -26.570175 13.268102 202.908920
v -24.987093 10.258765 204.811493
v -25.060047 13.371672 204.692505
v -24.654329 10.281586 205.204422
v -24.680126 11.382286 205.162354
v -28.954750 10.538205 185.705902
v -28.928730 9.437502 185.747772
v -38.770733 8.843310 176.242401
v -38.796753 9.944015 176.200546
v -28.248653 10.580830 186.387756
v -28.222635 9.480126 186.429611
v -39.663490 8.789412 175.380112
v -39.061592 11.943107 175.914093
v -40.669067 8.728694 174.408783
v -40.742649 11.841609 174.290375
v -41.039455 8.706331 174.051025
v -41.065472 9.807035 174.009155
v -28.310743 10.577098 186.328186
v -28.284723 9.476395 186.370071
v -18.449125 10.070637 195.880692
v -18.475142 11.171340 195.838837
v -29.016336 10.534469 185.645950
v -28.990314 9.433765 185.687820
v -17.556955 10.124545 196.743484
v -18.305515 13.196672 195.972290
v -16.551971 10.185264 197.715317
v -16.625553 13.298178 197.596909
v -16.181837 10.207626 198.073273
v -16.207855 11.308331 198.031418
v -23.212797 10.399745 178.432068
v -23.186693 9.299041 178.473846
v -33.815857 8.719985 169.857819
v -33.841961 9.820690 169.816055
v -22.450275 10.441286 179.050140
v -22.424173 9.340581 179.091904
v -34.780029 8.667456 169.076218
v -34.124344 11.820116 169.549423
v -35.866081 8.608288 168.195801
v -35.939903 11.721207 168.077652
v -36.266071 8.586496 167.871475
v -36.292171 9.687201 167.829697
v -22.517223 10.437651 178.996201
v -22.491121 9.336946 179.037979
v -11.866770 9.916143 187.660736
v -11.892872 11.016848 187.618958
v -23.279427 10.396102 178.377670
v -23.253325 9.295397 178.419449
v -10.903040 9.968685 188.442978
v -11.705991 13.041850 187.732971
v -9.817493 10.027869 189.324127
v -9.891316 13.140786 189.205994
v -9.417630 10.049664 189.648621
v -9.443733 11.150369 189.606842
v -17.810503 10.242395 170.840179
v -17.784349 9.141690 170.881882
v -29.098286 8.581236 163.185120
v -29.124439 9.681943 163.143402
v -16.998861 10.282600 171.392303
v -16.972706 9.181894 171.434021
v -30.124580 8.530396 162.486862
v -29.422058 11.681785 162.897217
v -31.280605 8.473127 161.700363
v -31.354574 11.586050 161.582413
v -31.706369 8.452033 161.410645
v -31.732519 9.552739 161.368942
v -17.070112 10.279083 171.344131
v -17.043959 9.178378 171.385849
v -5.734833 9.738970 179.089386
v -5.760988 10.839677 179.047684
v -17.881435 10.238868 170.791565
v -17.855280 9.138163 170.833267
v -4.708988 9.789824 179.788223
v -5.559116 12.864269 179.141556
v -3.553465 9.847107 180.575455
v -3.627429 12.960030 180.457489
v -3.127828 9.868206 180.865356
v -3.153981 10.968912 180.823639
v -12.405810 10.085164 163.249985
v -12.379611 8.984457 163.291611
v -24.299051 8.446446 156.568024
v -24.325249 9.547154 156.526398
v -11.550702 10.123758 163.732254
v -11.524504 9.023051 163.773895
v -25.380243 8.397640 155.958038
v -24.636295 11.547494 156.301804
v -26.598152 8.342665 155.270981
v -26.672243 11.455593 155.153229
v -27.046726 8.322418 155.017914
v -27.072926 9.423125 154.976288
v -11.625789 10.120382 163.690262
v -11.599591 9.019674 163.731888
v 0.315035 9.557826 170.462234
v 0.288837 10.658533 170.420593
v -12.480516 10.081778 163.207443
v -12.454318 8.981070 163.249069
v 1.395847 9.606644 171.072754
v 0.504034 12.682636 170.493073
v 2.613247 9.661633 171.760529
v 2.539155 12.774561 171.642792
v 3.061632 9.681886 172.013855
v 3.035436 10.782593 171.972229
v -8.548999 9.859143 154.856720
v -8.522923 8.758444 154.898621
v -21.298325 8.268877 149.988754
v -21.324400 9.369577 149.946854
v -7.632485 9.894260 155.208847
v -7.606409 8.793560 155.250748
v -22.457176 8.224464 149.543274
v -21.654127 11.370971 149.761795
v -23.762526 8.174438 149.041473
v -23.836269 11.287344 148.922958
v -24.243296 8.156011 148.856613
v -24.269369 9.256711 148.814713
v -7.712886 9.891192 155.178284
v -7.686810 8.790492 155.220169
v 5.085594 9.280279 160.137817
v 5.059519 10.380980 160.095901
v -8.629164 9.856056 154.825546
v -8.603088 8.755357 154.867447
v 6.244169 9.324713 160.584000
v 5.293865 12.403999 160.127853
v 7.549200 9.374764 161.086624
v 7.475456 12.487670 160.968109
v 8.029895 9.393197 161.271698
v 8.003819 10.493896 161.229797
v -5.941123 9.580153 145.956039
v -5.915173 8.479465 145.998352
v -19.178854 8.036781 142.617203
v -19.204805 9.137469 142.574890
v -4.989615 9.611909 146.198578
v -4.963665 8.511222 146.240891
v -20.382029 7.996625 142.310471
v -19.545094 11.139878 142.422852
v -21.737297 7.951392 141.964935
v -21.810690 11.064262 141.845276
v -22.236464 7.934727 141.837616
v -22.262415 9.035415 141.795303
v -5.073027 9.609135 146.177582
v -5.047077 8.508448 146.219894
v 8.214828 8.951400 149.609131
v 8.188878 10.052087 149.566818
v -6.024416 9.577361 145.934494
v -5.998466 8.476673 145.976807
v 9.417839 8.991585 149.916626
v 8.434259 12.074050 149.564270
v 10.772920 9.036845 150.263016
v 10.699528 12.149716 150.143356
v 11.272038 9.053516 150.390518
v 11.246089 10.154203 150.348206
v -3.943604 9.276126 136.854279
v -3.917745 8.175453 136.897003
v -17.401333 7.766971 134.535110
v -17.427193 8.867645 134.492386
v -2.976318 9.305428 137.023651
v -2.950459 8.204754 137.066391
v -18.624453 7.729915 134.320786
v -17.772175 10.870782 134.362076
v -20.002207 7.688175 134.079422
v -20.075340 10.801006 133.958572
v -20.509651 7.672801 133.990479
v -20.535515 8.773474 133.947754
v -3.061098 9.302872 137.009125
v -3.035238 8.202198 137.051849
v 10.447247 8.610975 139.421982
v 10.421388 9.711649 139.379257
v -4.028296 9.273546 136.839081
v -4.002437 8.172873 136.881805
v 11.670280 8.648055 139.636948
v 10.671805 11.732829 139.353439
v 13.047917 8.689824 139.879166
v 12.974783 11.802654 139.758316
v 13.555334 8.705207 139.968338
v 13.529473 9.805881 139.925613
v -2.702639 8.943743 127.603508
v -2.676826 7.843080 127.646530
v -16.238827 7.452137 125.782097
v -16.264639 8.552800 125.739075
v -1.729729 8.971786 127.737198
v -1.703915 7.871124 127.780235
v -17.469070 7.416674 125.612968
v -16.611269 10.556307 125.619225
v -18.854824 7.376724 125.422394
v -18.927828 10.489526 125.300713
v -19.365231 7.362011 125.352226
v -19.391043 8.462675 125.309204
v -1.815001 8.969340 127.725800
v -1.789188 7.868677 127.768822
v 11.771708 8.259916 129.641464
v 11.745896 9.360579 129.598434
v -2.787825 8.941275 127.591438
v -2.762012 7.840611 127.634460
v 13.001849 8.295407 129.811356
v 11.998130 11.381354 129.561096
v 14.387506 8.335384 130.002701
v 14.314502 11.448186 129.881012
v 14.897867 8.350108 130.073196
v 14.872055 9.450771 130.030167
v -1.547132 8.608162 118.342468
v -1.521354 7.507509 118.385780
v -15.139325 7.133390 116.983749
v -15.165105 8.234043 116.940437
v -0.570214 8.635000 118.443054
v -0.544436 7.534348 118.486374
v -16.374647 7.099451 116.856560
v -15.512908 10.237901 116.830261
v -17.766132 7.061225 116.713318
v -17.839037 10.173998 116.590820
v -18.278643 7.047143 116.660477
v -18.304420 8.147797 116.617172
v -0.655818 8.632659 118.434494
v -0.630040 7.532006 118.477814
v 12.987252 7.906436 119.888092
v 12.961476 9.007088 119.844788
v -1.632692 8.605799 118.333359
v -1.606914 7.505147 118.376671
v 14.222509 7.940404 120.016045
v 13.215015 11.027472 119.796707
v 15.613922 7.978662 120.160202
v 15.541018 11.091434 120.037697
v 16.126413 7.992751 120.213219
v 16.100636 9.093405 120.169907
v -0.780770 8.258015 109.034698
v -0.755017 7.157372 109.078285
v -14.400337 6.794168 107.968956
v -14.426089 7.894811 107.925369
v 0.198115 8.284068 109.114235
v 0.223868 7.183426 109.157814
v -15.638133 6.761218 107.868263
v -14.774448 9.898890 107.821167
v -17.032412 6.724106 107.754913
v -17.105244 9.836848 107.631660
v -17.545952 6.710435 107.713112
v -17.571705 7.811077 107.669525
v 0.112334 8.281796 109.107567
v 0.138087 7.181154 109.151154
v 13.782727 7.544669 110.268745
v 13.756973 8.645311 110.225159
v -0.866497 8.255718 109.027367
v -0.840743 7.155077 109.070953
v 15.020471 7.577645 110.370087
v 14.011165 10.665440 110.170128
v 16.414675 7.614789 110.484314
v 16.341843 10.727532 110.361053
v 16.928194 7.628469 110.526337
v 16.902443 8.729110 110.482750
v -0.072077 7.905512 99.722694
v -0.046343 6.804880 99.766548
v -13.711508 6.452174 98.933197
v -13.737241 7.552806 98.889343
v 0.908230 7.930814 99.782433
v 0.933964 6.830182 99.826294
v -14.951105 6.420178 98.857597
v -14.086001 9.557099 98.790726
v -16.347414 6.384138 98.772392
v -16.420195 9.496852 98.648369
v -16.861704 6.370864 98.741020
v -16.887438 7.471497 98.697174
v 0.822335 7.928608 99.777504
v 0.848069 6.827976 99.821365
v 14.512843 7.181006 100.663002
v 14.487109 8.281638 100.619148
v -0.157940 7.903282 99.717102
v -0.132207 6.802650 99.760948
v 15.752405 7.213031 100.739357
v 14.741776 10.301515 100.557526
v 17.148674 7.249102 100.825325
v 17.075897 10.361815 100.701302
v 17.662949 7.262389 100.857010
v 17.637217 8.363021 100.813156
v 0.370049 7.542136 90.391335
v 0.395766 6.441515 90.435478
v -13.280217 6.096409 89.798592
v -13.305934 7.197030 89.754448
v 1.351129 7.566894 90.437042
v 1.376847 6.466273 90.481178
v -14.520801 6.065104 89.740814
v -13.654908 9.201469 89.659645
v -15.918211 6.029840 89.675735
v -15.990945 9.142523 89.550896
v -16.432907 6.016850 89.651711
v -16.458626 7.117472 89.607567
v 1.265169 7.564734 90.433281
v 1.290886 6.464114 90.477425
v 14.966478 6.809543 91.122604
v 14.940761 7.910163 91.078461
v 0.284114 7.539956 90.387032
v 0.309832 6.439334 90.431175
v 16.207024 6.840878 91.181145
v 15.195699 9.929851 91.011971
v 17.604395 6.876174 91.247093
v 17.531662 9.988856 91.122253
v 18.119078 6.889175 91.271324
v 18.093361 7.989795 91.227180
v 0.791554 7.177752 81.059158
v 0.817260 6.077144 81.103600
v -12.866465 5.739596 80.658974
v -12.892170 6.840206 80.614540
v 1.773190 7.201969 81.091064
v 1.798896 6.101359 81.135506
v -14.107751 5.708977 80.618660
v -13.241294 8.844793 80.523499
v -15.505957 5.674486 80.573227
v -15.578655 8.787135 80.447540
v -16.020945 5.661780 80.556442
v -16.046650 6.762389 80.512001
v 1.687188 7.199858 81.088524
v 1.712894 6.099248 81.132965
v 15.396438 6.437128 81.585861
v 15.370730 7.537737 81.541420
v 0.705564 7.175619 81.056061
v 0.731270 6.075010 81.100494
v 16.637705 6.467780 81.626968
v 15.625864 9.557240 81.470207
v 18.035892 6.502306 81.673264
v 17.963194 9.614955 81.547577
v 18.550871 6.515019 81.690262
v 18.525167 7.615629 81.645828
v 0.997445 6.802852 71.718422
v 1.023141 5.702257 71.763222
v -12.664760 5.370574 71.465645
v -12.690454 6.471168 71.420845
v 1.979382 6.826645 71.739723
v 2.005077 5.726050 71.784538
v -13.906423 5.340483 71.438599
v -13.039651 8.475855 71.332321
v -15.305052 5.306592 71.408203
v -15.377724 8.419199 71.281479
v -15.820200 5.294109 71.397003
v -15.845896 6.394704 71.352196
v 1.893352 6.824572 71.738159
v 1.919047 5.723978 71.782967
v 15.606764 6.055994 72.088829
v 15.581070 7.156590 72.044029
v 0.911430 6.800754 71.716194
v 0.937125 5.700159 71.761002
v 16.848412 6.086110 72.116531
v 15.836317 9.175932 71.968826
v 18.247026 6.120037 72.147820
v 18.174356 9.232644 72.021095
v 18.762167 6.132534 72.159340
v 18.736471 7.233129 72.114525
v 1.202362 6.427885 62.377605
v 1.228051 5.327305 62.422787
v -12.462359 5.001574 62.272152
v -12.488049 6.102154 62.226971
v 2.184478 6.451251 62.388378
v 2.210167 5.350671 62.433552
v -13.704252 4.972025 62.258484
v -12.837292 8.106947 62.141022
v -15.103145 4.938742 62.243095
v -15.175796 8.051309 62.115334
v -15.618384 4.926482 62.237381
v -15.644072 6.027062 62.192204
v 2.098438 6.449216 62.387730
v 2.124127 5.348636 62.432911
v 15.814517 5.674712 62.591831
v 15.788828 6.775291 62.546654
v 1.116323 6.425823 62.376308
v 1.142012 5.325243 62.421482
v 17.056406 5.704291 62.606266
v 16.044147 8.794475 62.467537
v 18.455296 5.737612 62.622520
v 18.382645 8.850179 62.494755
v 18.970533 5.749880 62.628460
v 18.944843 6.850460 62.583279
v 1.226651 6.041226 53.033905
v 1.252336 4.940669 53.079620
v -12.439032 4.619953 53.051003
v -12.464716 5.720510 53.005287
v 2.208836 6.064234 53.035976
v 2.234520 4.963677 53.081696
v -13.681007 4.590861 53.048409
v -12.813969 7.725374 52.921040
v -15.079998 4.558091 53.045490
v -15.152636 7.670594 52.916199
v -15.595267 4.546016 53.044365
v -15.620953 5.646574 52.998650
v 2.122790 6.062229 53.036045
v 2.148474 4.961671 53.081760
v 15.839821 5.282730 53.118679
v 15.814135 6.383288 53.072960
v 1.140607 6.039198 53.033428
v 1.166291 4.938640 53.079144
v 17.081795 5.311854 53.122032
v 16.069479 8.402320 52.990158
v 18.480782 5.344661 53.125828
v 18.408144 8.457165 52.996536
v 18.996052 5.356743 53.127174
v 18.970366 6.457300 53.081459
v 1.246483 5.654140 43.690269
v 1.272168 4.553606 43.736538
v -12.419003 4.237989 43.829700
v -12.444688 5.338523 43.783432
v 2.228653 5.676781 43.683552
v 2.254338 4.576246 43.729820
v -13.660959 4.209354 43.838097
v -12.793938 7.343457 43.700863
v -15.059931 4.177107 43.847622
v -15.132571 7.289545 43.716774
v -15.575194 4.165226 43.851082
v -15.600881 5.265760 43.804813
v 2.142613 5.674810 43.684441
v 2.168298 4.574275 43.730709
v 15.859578 4.890248 43.645844
v 15.833894 5.990783 43.599575
v 1.160434 5.652142 43.690502
v 1.186120 4.551607 43.736771
v 17.101545 4.918909 43.638100
v 16.089231 8.009663 43.513081
v 18.500525 4.951196 43.629452
v 18.427883 8.063634 43.498600
v 19.015793 4.963086 43.626209
v 18.990107 6.063621 43.579945
v 1.123520 5.253330 34.346836
v 1.149214 4.152836 34.394047
v -12.540848 3.842094 34.601395
v -12.566542 4.942587 34.554184
v 2.105610 5.275620 34.331928
v 2.131305 4.175126 34.379139
v -13.782707 3.813906 34.620209
v -12.915785 6.947555 34.472424
v -15.181564 3.782152 34.641350
v -15.254230 6.894477 34.507835
v -15.696787 3.770458 34.649158
v -15.722482 4.870953 34.601948
v 2.019577 5.273681 34.333530
v 2.045271 4.173187 34.380741
v 15.735442 4.484285 34.181683
v 15.709747 5.584778 34.134472
v 1.037478 5.251362 34.347786
v 1.063172 4.150867 34.394997
v 16.977310 4.512505 34.163635
v 15.965050 7.603476 34.043736
v 18.376177 4.544291 34.143261
v 18.303509 7.656616 34.009743
v 18.891407 4.555999 34.135780
v 18.865713 5.656494 34.088570
v 0.967104 4.847155 25.003752
v 0.992822 3.746716 25.052216
v -12.695038 3.441154 25.377619
v -12.720756 4.541593 25.329157
v 1.949037 4.869077 24.980429
v 1.974755 3.768637 25.028891
v -13.936701 3.413436 25.407137
v -13.069996 6.546575 25.247711
v -15.335329 3.382215 25.440390
v -15.408063 6.494384 25.303335
v -15.850471 3.370711 25.452589
v -15.876190 4.471151 25.404127
v 1.863021 4.867167 24.982721
v 1.888739 3.766728 25.031185
v 15.576823 4.072664 24.714075
v 15.551104 5.173102 24.665613
v 0.881072 4.845222 25.005499
v 0.906790 3.744782 25.053961
v 16.818504 4.100416 24.685320
v 15.806316 7.191586 24.569983
v 18.217155 4.131678 24.652937
v 18.144423 7.243847 24.515882
v 18.732306 4.143191 24.640961
v 18.706589 5.243631 24.592499
v 0.715849 4.425773 15.661723
v 0.741625 3.325431 15.712316
v -12.942728 3.025759 16.166748
v -12.968505 4.126101 16.116158
v 1.697530 4.447269 15.629089
v 1.723305 3.346927 15.679680
v -14.184072 2.998573 16.207918
v -13.317772 6.131035 16.033667
v -15.582340 2.967953 16.254354
v -15.655237 6.079847 16.111279
v -16.097353 2.956671 16.271408
v -16.123129 4.057013 16.220818
v 1.611536 4.445399 15.632247
v 1.637312 3.345057 15.682838
v 15.321890 3.645103 15.236699
v 15.296113 4.745445 15.186109
v 0.629838 4.423873 15.664226
v 0.655614 3.323531 15.714817
v 16.563250 3.672318 15.196181
v 15.551143 6.763620 15.083735
v 17.961542 3.702978 15.150616
v 17.888645 6.814871 15.007540
v 18.476559 3.714270 15.133780
v 18.450785 4.814610 15.083190
v 0.361667 3.973579 6.316563
v 0.387718 2.873582 6.374044
v -13.288341 2.584330 7.037190
v -13.314392 3.684328 6.979712
v 1.342752 3.994328 6.268952
v 1.368803 2.894331 6.326434
v -14.528930 2.558091 7.097340
v -13.663977 5.688861 6.889237
v -15.926353 2.528533 7.165047
v -16.000031 5.639452 7.002494
v -16.441051 2.517647 7.190007
v -16.467104 3.617645 7.132529
v 1.256815 3.992525 6.273422
v 1.282866 2.892528 6.330904
v 14.959265 3.182189 5.676052
v 14.933213 4.282185 5.618574
v 0.275704 3.971744 6.320377
v 0.301755 2.871747 6.377859
v 16.199886 3.208464 5.616665
v 15.187556 6.299501 5.499004
v 17.597340 3.238061 5.549723
v 17.523664 6.348980 5.387172
v 18.112051 3.248962 5.525090
v 18.086002 4.348959 5.467613
vn -0.0000 -1.0000 0.0028
vn 0.9843 0.1476 -0.0973
vn -0.0000 1.0000 -0.0028
vn -0.0409 -0.0029 -0.9992
vn -0.0130 0.0029 0.9999
vn -0.9950 0.0003 0.0996
vn -0.9642 0.2473 0.0957
vn -0.9854 0.1483 0.0833
vn -0.0403 -0.0029 -0.9992
vn -0.0136 0.0029 0.9999
vn 0.9965 -0.0003 -0.0835
vn 0.9656 0.2470 -0.0817
vn 0.9847 0.1481 -0.0922
vn -0.0948 -0.0028 -0.9955
vn -0.9956 0.0003 0.0933
vn -0.9646 0.2480 0.0897
vn -0.9850 0.1487 0.0876
vn -0.0942 -0.0028 -0.9955
vn -0.0943 -0.0028 -0.9955
vn -0.0942 -0.0028 -0.9956
vn 0.9961 -0.0003 -0.0887
vn 0.9650 0.2475 -0.0866
vn 0.9851 0.1480 -0.0875
vn -0.1485 -0.0027 -0.9889
vn -0.1484 -0.0027 -0.9889
vn -0.9962 0.0003 0.0874
vn -0.9651 0.2480 0.0840
vn -0.9846 0.1487 0.0917
vn -0.1479 -0.0027 -0.9890
vn -0.1478 -0.0027 -0.9890
vn 0.9956 -0.0003 -0.0936
vn 0.9646 0.2474 -0.0913
vn 0.9856 0.1475 -0.0827
vn -0.2017 -0.0026 -0.9795
vn -0.2017 -0.0026 -0.9794
vn -0.2016 -0.0026 -0.9795
vn -0.9967 0.0003 0.0814
vn -0.9658 0.2471 0.0784
vn -0.9843 0.1483 0.0957
vn -0.2011 -0.0026 -0.9796
vn -0.2010 -0.0026 -0.9796
vn 0.9951 -0.0003 -0.0985
vn 0.9643 0.2468 -0.0960
vn -0.0001 -1.0000 0.0026
vn 0.9600 0.1477 -0.2380
vn 0.0001 1.0000 -0.0026
vn -0.2731 -0.0025 -0.9620
vn -0.2730 -0.0025 -0.9620
vn -0.9707 0.0007 0.2404
vn -0.9404 0.2484 0.2322
vn -0.9601 0.1491 0.2367
vn -0.2725 -0.0025 -0.9622
vn -0.2725 -0.0025 -0.9621
vn -0.2724 -0.0025 -0.9622
vn 0.9709 -0.0007 -0.2396
vn 0.9406 0.2471 -0.2328
vn -0.0001 -1.0000 0.0025
vn 0.9224 0.1472 -0.3571
vn 0.0001 1.0000 -0.0025
vn -0.3574 -0.0023 -0.9339
vn -0.3575 -0.0023 -0.9339
vn -0.9321 0.0010 0.3623
vn -0.9031 0.2484 0.3503
vn -0.9264 0.1492 0.3457
vn -0.3569 -0.0023 -0.9341
vn -0.3568 -0.0023 -0.9342
vn 0.9371 -0.0010 -0.3491
vn 0.9079 0.2466 -0.3389
vn 0.9273 0.1471 -0.3442
vn -0.4390 -0.0021 -0.8985
vn -0.4391 -0.0021 -0.8985
vn -0.4389 -0.0021 -0.8985
vn -0.9383 0.0010 0.3459
vn -0.9090 0.2482 0.3347
vn -0.9227 0.1492 0.3555
vn -0.4385 -0.0021 -0.8987
vn -0.4384 -0.0021 -0.8988
vn 0.9326 -0.0010 -0.3608
vn 0.9037 0.2465 -0.3501
vn -0.0001 -1.0000 0.0024
vn 0.9215 0.1461 -0.3598
vn 0.0001 1.0000 -0.0024
vn -0.5194 -0.0018 -0.8545
vn -0.5193 -0.0018 -0.8546
vn -0.9333 0.0010 0.3592
vn -0.9045 0.2466 0.3479
vn -0.9096 0.1487 0.3879
vn -0.5189 -0.0018 -0.8549
vn -0.5189 -0.0018 -0.8548
vn -0.5188 -0.0018 -0.8549
vn 0.9188 -0.0011 -0.3948
vn 0.8905 0.2456 -0.3830
vn -0.0003 -1.0000 0.0021
vn 0.7351 0.1454 -0.6621
vn 0.0003 1.0000 -0.0021
vn -0.6197 -0.0015 -0.7848
vn -0.6196 -0.0015 -0.7849
vn -0.7389 0.0017 0.6738
vn -0.7166 0.2471 0.6523
vn -0.7606 0.1492 0.6319
vn -0.6192 -0.0015 -0.7852
vn -0.6193 -0.0015 -0.7852
vn -0.6192 -0.0015 -0.7853
vn 0.7708 -0.0016 -0.6370
vn 0.7469 0.2451 -0.6181
vn 0.7532 0.1465 -0.6413
vn -0.7107 -0.0012 -0.7034
vn -0.7108 -0.0012 -0.7034
vn -0.7107 -0.0012 -0.7035
vn -0.7623 0.0016 0.6472
vn -0.7385 0.2490 0.6266
vn -0.7482 0.1498 0.6463
vn -0.7103 -0.0012 -0.7039
vn -0.7104 -0.0012 -0.7038
vn 0.7563 -0.0016 -0.6542
vn 0.7329 0.2458 -0.6344
vn -0.0004 -1.0000 0.0021
vn 0.7233 0.1458 -0.6750
vn 0.0004 1.0000 -0.0021
vn -0.7914 -0.0008 -0.6114
vn -0.7914 -0.0008 -0.6113
vn -0.7913 -0.0008 -0.6114
vn -0.7348 0.0017 0.6783
vn -0.7117 0.2478 0.6573
vn -0.7012 0.1496 0.6971
vn -0.7910 -0.0008 -0.6118
vn -0.7909 -0.0008 -0.6119
vn -0.7910 -0.0008 -0.6119
vn 0.7075 -0.0017 -0.7067
vn 0.6858 0.2453 -0.6852
vn -0.0006 -1.0000 0.0019
vn 0.4507 0.1451 -0.8808
vn 0.0006 1.0000 -0.0019
vn -0.8607 -0.0005 -0.5090
vn -0.8608 -0.0005 -0.5090
vn -0.8607 -0.0005 -0.5091
vn -0.4499 0.0020 0.8931
vn -0.4365 0.2474 0.8650
vn -0.4845 0.1496 0.8619
vn -0.8604 -0.0005 -0.5096
vn -0.8605 -0.0005 -0.5095
vn 0.4924 -0.0020 -0.8704
vn 0.4771 0.2448 -0.8441
vn 0.4757 0.1462 -0.8674
vn -0.9170 -0.0001 -0.3989
vn -0.9170 -0.0001 -0.3990
vn -0.9169 -0.0001 -0.3990
vn -0.4822 0.0020 0.8761
vn -0.4669 0.2492 0.8484
vn -0.4674 0.1501 0.8712
vn -0.9167 -0.0001 -0.3995
vn -0.9168 -0.0001 -0.3994
vn -0.9167 -0.0001 -0.3996
vn 0.4722 -0.0020 -0.8815
vn 0.4577 0.2455 -0.8545
vn -0.0007 -1.0000 0.0018
vn 0.3499 0.1463 -0.9253
vn 0.0007 1.0000 -0.0018
vn -0.9559 0.0002 -0.2937
vn -0.9559 0.0002 -0.2936
vn -0.3540 0.0020 0.9353
vn -0.3428 0.2495 0.9057
vn -0.3477 0.1502 0.9255
vn -0.9557 0.0002 -0.2942
vn -0.9557 0.0002 -0.2943
vn 0.3516 -0.0020 -0.9361
vn 0.3409 0.2456 -0.9075
vn -0.0009 -1.0000 0.0018
vn 0.1727 0.1460 -0.9741
vn 0.0009 1.0000 -0.0018
vn -0.9800 0.0005 -0.1990
vn -0.9800 0.0005 -0.1991
vn -0.1717 0.0019 0.9852
vn -0.1664 0.2488 0.9542
vn -0.1911 0.1500 0.9700
vn -0.9799 0.0005 -0.1996
vn -0.9799 0.0005 -0.1997
vn 0.1948 -0.0019 -0.9808
vn 0.1889 0.2454 -0.9508
vn 0.1893 0.1462 -0.9710
vn -0.9947 0.0007 -0.1025
vn -0.9947 0.0007 -0.1026
vn -0.1928 0.0019 0.9812
vn -0.1864 0.2493 0.9503
vn -0.1788 0.1501 0.9724
vn -0.9947 0.0007 -0.1031
vn -0.9947 0.0007 -0.1030
vn 0.1801 -0.0019 -0.9836
vn 0.1748 0.2456 -0.9535
vn -0.0010 -1.0000 0.0018
vn 0.0282 0.1465 -0.9888
vn 0.0010 1.0000 -0.0018
vn -0.9997 0.0009 -0.0228
vn -0.9997 0.0009 -0.0229
vn -0.0273 0.0018 0.9996
vn -0.0263 0.2493 0.9681
vn -0.0354 0.1501 0.9880
vn -0.9997 0.0009 -0.0234
vn 0.0365 -0.0018 -0.9993
vn 0.0356 0.2459 -0.9687
vn -0.0510 0.1465 -0.9879
vn -0.9989 0.0011 0.0477
vn 0.0528 0.0017 0.9986
vn 0.0513 0.2493 0.9671
vn 0.0437 0.1500 0.9877
vn -0.9989 0.0011 0.0471
vn -0.9989 0.0011 0.0472
vn -0.0434 -0.0018 -0.9991
vn -0.0419 0.2459 -0.9684
vn -0.0426 0.1465 -0.9883
vn -0.9930 0.0012 0.1180
vn 0.0422 0.0018 0.9991
vn 0.0413 0.2493 0.9676
vn 0.0505 0.1500 0.9874
vn -0.9931 0.0012 0.1174
vn -0.9931 0.0012 0.1173
vn -0.0516 -0.0017 -0.9987
vn -0.0496 0.2460 -0.9680
vn -0.0011 -1.0000 0.0018
vn -0.1796 0.1467 -0.9727
vn 0.0011 1.0000 -0.0018
vn -0.9845 0.0014 0.1752
vn -0.9845 0.0013 0.1752
vn -0.9845 0.0014 0.1751
vn -0.9845 0.0013 0.1751
vn 0.1825 0.0016 0.9832
vn 0.1770 0.2492 0.9521
vn 0.1743 0.1499 0.9732
vn -0.9846 0.0013 0.1746
vn -0.9846 0.0014 0.1746
vn -0.1755 -0.0016 -0.9845
vn -0.1699 0.2462 -0.9542
vn -0.2212 0.1469 -0.9641
vn -0.9738 0.0014 0.2276
vn -0.9737 0.0014 0.2277
vn 0.2243 0.0015 0.9745
vn 0.2175 0.2492 0.9437
vn 0.2182 0.1499 0.9643
vn -0.9739 0.0014 0.2270
vn -0.9739 0.0014 0.2271
vn -0.2201 -0.0015 -0.9755
vn -0.2130 0.2463 -0.9455
vn -0.2167 0.1468 -0.9651
vn -0.9602 0.0015 0.2794
vn -0.9602 0.0015 0.2793
vn 0.2186 0.0015 0.9758
vn 0.2121 0.2491 0.9450
vn 0.2221 0.1498 0.9634
vn -0.9603 0.0015 0.2788
vn -0.9604 0.0015 0.2788
vn -0.2249 -0.0015 -0.9744
vn -0.2175 0.2462 -0.9445
vn -0.3253 0.1470 -0.9341
vn -0.9456 0.0015 0.3255
vn -0.9456 0.0015 0.3254
vn 0.3296 0.0014 0.9441
vn 0.3195 0.2491 0.9143
vn 0.3220 0.1497 0.9348
vn -0.9457 0.0015 0.3249
vn -0.9458 0.0015 0.3249
vn -0.3251 -0.0014 -0.9457
vn -0.3147 0.2464 -0.9166
vn -0.3557 0.1471 -0.9229
vn -0.9293 0.0016 0.3693
vn 0.3601 0.0013 0.9329
vn 0.3491 0.2491 0.9034
vn 0.3544 0.1497 0.9230
vn -0.9295 0.0016 0.3687
vn -0.9295 0.0016 0.3688
vn -0.3580 -0.0013 -0.9337
vn -0.3466 0.2466 -0.9050
vn -0.3524 0.1470 -0.9242
vn -0.9110 0.0016 0.4123
vn -0.9111 0.0016 0.4123
vn 0.3560 0.0013 0.9345
vn 0.3452 0.2489 0.9049
vn 0.3573 0.1496 0.9219
vn -0.9113 0.0016 0.4117
vn -0.9113 0.0016 0.4118
vn -0.3615 -0.0013 -0.9324
vn -0.3500 0.2465 -0.9038
vn -0.0009 -1.0000 0.0017
vn -0.4540 0.1472 -0.8788
vn 0.0009 1.0000 -0.0017
vn -0.8894 0.0016 0.4571
vn -0.8894 0.0016 0.4570
vn -0.8895 0.0016 0.4570
vn 0.4596 0.0011 0.8881
vn 0.4455 0.2488 0.8600
vn 0.4508 0.1495 0.8800
vn -0.8897 0.0016 0.4565
vn -0.8897 0.0016 0.4566
vn -0.4554 -0.0011 -0.8903
vn -0.4410 0.2467 -0.8629
vn -0.4735 0.1473 -0.8684
vn -0.8653 0.0016 0.5013
vn -0.8653 0.0016 0.5012
vn 0.4790 0.0011 0.8778
vn 0.4643 0.2489 0.8500
vn 0.4738 0.1495 0.8678
vn -0.8656 0.0016 0.5008
vn -0.8656 0.0016 0.5007
vn -0.4790 -0.0011 -0.8778
vn -0.4638 0.2468 -0.8509
vn -0.4764 0.1472 -0.8668
vn -0.8383 0.0015 0.5451
vn -0.8383 0.0015 0.5452
vn -0.8384 0.0015 0.5451
vn 0.4811 0.0011 0.8767
vn 0.4664 0.2486 0.8489
vn 0.4827 0.1494 0.8629
vn -0.8387 0.0015 0.5446
vn -0.8387 0.0015 0.5447
vn -0.4885 -0.0011 -0.8726
vn -0.4730 0.2466 -0.8458
vn -0.0006 -1.0000 0.0016
vn -0.5985 0.1474 -0.7874
vn 0.0006 1.0000 -0.0016
vn -0.7966 0.0014 0.6045
vn -0.7967 0.0014 0.6044
vn 0.6061 0.0009 0.7954
vn 0.5873 0.2484 0.7703
vn 0.5928 0.1492 0.7914
vn -0.7970 0.0014 0.6040
vn -0.7969 0.0014 0.6041
vn -0.5988 -0.0009 -0.8009
vn -0.5801 0.2468 -0.7763
vn -0.5914 0.1474 -0.7928
vn -0.7507 0.0013 0.6607
vn -0.7506 0.0012 0.6607
vn -0.7507 0.0012 0.6606
vn -0.7507 0.0012 0.6607
vn 0.5972 0.0009 0.8021
vn 0.5788 0.2484 0.7767
vn 0.5985 0.1491 0.7871
vn -0.7511 0.0012 0.6602
vn -0.7510 0.0012 0.6603
vn -0.7511 0.0013 0.6602
vn -0.6057 -0.0009 -0.7957
vn -0.5866 0.2468 -0.7713
vn -0.0003 -1.0000 0.0013
vn -0.6897 0.1475 -0.7090
vn 0.0003 1.0000 -0.0013
vn -0.6653 0.0009 0.7466
vn -0.6652 0.0009 0.7466
vn -0.6653 0.0009 0.7465
vn -0.6654 0.0009 0.7465
vn 0.6970 0.0007 0.7171
vn 0.6755 0.2482 0.6944
vn 0.6920 0.1489 0.7064
vn -0.6657 0.0009 0.7462
vn -0.6658 0.0009 0.7461
vn -0.6999 -0.0007 -0.7143
vn -0.6780 0.2468 -0.6924
vn -0.0002 -1.0000 0.0012
vn -0.7315 0.1469 -0.6659
vn 0.0002 1.0000 -0.0012
vn -0.0001 -1.0000 0.0011
vn -0.5453 0.0005 0.8382
vn -0.5452 0.0005 0.8383
vn 0.0001 1.0000 -0.0011
vn -0.5454 0.0005 0.8382
vn 0.7357 0.0006 0.6773
vn 0.7134 0.2469 0.6558
vn 0.7525 0.1484 0.6417
vn -0.5458 0.0005 0.8379
vn -0.5457 0.0005 0.8380
vn -0.5459 0.0005 0.8379
vn -0.7621 -0.0006 -0.6474
vn -0.7384 0.2463 -0.6278
vn 0.0004 -1.0000 0.0003
vn -0.8866 0.1471 -0.4385
vn -0.0004 1.0000 -0.0003
vn -0.3515 -0.0002 0.9362
vn -0.3514 -0.0002 0.9362
vn -0.3516 -0.0002 0.9361
vn -0.3517 -0.0002 0.9361
vn 0.8968 0.0005 0.4424
vn 0.8690 0.2470 0.4288
vn 0.8845 0.1481 0.4424
vn -0.3521 -0.0002 0.9360
vn -0.3520 -0.0002 0.9360
vn -0.3522 -0.0002 0.9359
vn -0.8942 -0.0005 -0.4476
vn -0.8667 0.2460 -0.4339
vn 0.0007 -1.0000 -0.0004
vn -0.9571 0.1472 -0.2496
vn -0.0007 1.0000 0.0004
vn -0.1572 -0.0008 0.9876
vn -0.1571 -0.0008 0.9876
vn 0.9677 0.0005 0.2521
vn 0.9376 0.2472 0.2444
vn 0.9565 0.1483 0.2513
vn -0.1578 -0.0008 0.9875
vn -0.9672 -0.0005 -0.2542
vn -0.9374 0.2462 -0.2462
vn 0.0008 -1.0000 -0.0013
vn -0.9892 0.1461 0.0080
vn -0.0008 1.0000 0.0013
vn -0.1181 -0.0009 0.9930
vn 1.0000 0.0008 -0.0099
vn 0.9692 0.2460 -0.0091
vn 0.9890 0.1479 0.0088
vn -0.1187 -0.0009 0.9929
vn -0.9999 -0.0007 -0.0102
vn -0.9694 0.2452 -0.0094
vn -0.9891 0.1469 0.0056
vn -0.0788 -0.0009 0.9969
vn -0.0789 -0.0009 0.9969
vn 1.0000 0.0008 -0.0069
vn 0.9689 0.2473 -0.0062
vn 0.9889 0.1486 0.0065
vn -0.0794 -0.0009 0.9968
vn -0.0795 -0.0009 0.9968
vn -1.0000 -0.0007 -0.0075
vn -0.9692 0.2462 -0.0069
vn -0.9891 0.1474 0.0031
vn -0.0394 -0.0009 0.9992
vn -0.0395 -0.0009 0.9992
vn 1.0000 0.0008 -0.0038
vn 0.9687 0.2481 -0.0032
vn 0.9888 0.1490 0.0043
vn -0.0400 -0.0009 0.9992
vn -0.0401 -0.0009 0.9992
vn -1.0000 -0.0007 -0.0048
vn -0.9691 0.2468 -0.0043
vn -0.9890 0.1476 0.0006
vn -0.0000 -0.0009 1.0000
vn 1.0000 0.0008 -0.0007
vn 0.9686 0.2485 -0.0003
vn 0.9888 0.1492 0.0021
vn -0.0006 -0.0009 1.0000
vn -1.0000 -0.0008 -0.0021
vn -0.9690 0.2471 -0.0017
vn 0.0008 -1.0000 -0.0006
vn -0.9890 0.1477 0.0067
vn -0.0008 1.0000 0.0006
vn 0.0067 -0.0006 1.0000
vn 0.0068 -0.0006 1.0000
vn 1.0000 0.0008 -0.0067
vn 0.9686 0.2486 -0.0063
vn 0.9888 0.1492 -0.0064
vn 0.0061 -0.0006 1.0000
vn 0.0062 -0.0006 1.0000
vn -1.0000 -0.0008 0.0066
vn -0.9690 0.2472 0.0065
vn -0.9890 0.1477 0.0073
vn 0.0102 -0.0002 0.9999
vn 1.0000 0.0008 -0.0073
vn 0.9686 0.2486 -0.0070
vn 0.9888 0.1492 -0.0072
vn 0.0096 -0.0002 1.0000
vn 0.0097 -0.0002 1.0000
vn -1.0000 -0.0008 0.0073
vn -0.9689 0.2472 0.0073
vn 0.0137 0.0002 0.9999
vn 0.0138 0.0002 0.9999
vn 0.9686 0.2486 -0.0069
vn 0.0131 0.0002 0.9999
vn -1.0000 -0.0008 0.0074
vn 0.0008 -1.0000 0.0008
vn -0.9889 0.1477 0.0181
vn -0.0008 1.0000 -0.0008
vn 0.0218 0.0013 0.9998
vn 0.0217 0.0013 0.9998
vn 0.9998 0.0008 -0.0185
vn 0.9684 0.2486 -0.0181
vn 0.9886 0.1492 -0.0184
vn 0.0211 0.0013 0.9998
vn -0.9998 -0.0008 0.0184
vn -0.9688 0.2472 0.0177
vn 0.0008 -1.0000 0.0011
vn -0.9888 0.1477 0.0203
vn -0.0008 1.0000 -0.0011
vn 0.0307 0.0026 0.9995
vn 0.0307 0.0027 0.9995
vn 0.0008 -1.0000 0.0010
vn 0.0306 0.0026 0.9995
vn -0.0008 1.0000 -0.0010
vn 0.9998 0.0008 -0.0207
vn 0.9684 0.2486 -0.0203
vn 0.9886 0.1492 -0.0207
vn 0.0301 0.0026 0.9995
vn 0.0301 0.0027 0.9995
vn -0.9998 -0.0008 0.0208
vn -0.9688 0.2472 0.0199
vn 0.0009 -1.0000 0.0039
vn -0.9883 0.1477 0.0375
vn -0.0009 1.0000 -0.0039
vn 0.0525 0.0067 0.9986
vn 0.0526 0.0067 0.9986
vn 0.0524 0.0067 0.9986
vn 0.9993 0.0007 -0.0385
vn 0.9679 0.2486 -0.0383
vn 0.9880 0.1492 -0.0389
vn 0.0519 0.0067 0.9986
vn 0.0520 0.0067 0.9986
vn -0.9992 -0.0007 0.0387
vn -0.9683 0.2472 0.0366
vn 0.0010 -1.0000 0.0089
vn -0.9871 0.1478 0.0616
vn -0.0010 1.0000 -0.0089
vn 0.0010 -1.0000 0.0090
vn 0.1009 0.0182 0.9947
vn -0.0010 1.0000 -0.0090
vn 0.0010 -1.0000 0.0087
vn 0.1008 0.0182 0.9947
vn -0.0010 1.0000 -0.0087
vn 0.9980 0.0006 -0.0634
vn 0.9666 0.2484 -0.0635
vn 0.0010 -1.0000 0.0091
vn 0.9866 0.1490 -0.0660
vn -0.0010 1.0000 -0.0091
vn 0.1003 0.0182 0.9948
vn 0.0011 -1.0000 0.0092
vn 0.1002 0.0182 0.9948
vn -0.0011 1.0000 -0.0092
vn -0.9979 -0.0006 0.0655
vn -0.9670 0.2472 0.0612
vn 0.0036 -0.9994 0.0332
vn -0.9792 0.1491 0.1378
vn -0.0036 0.9994 -0.0332
vn 0.0036 -0.9995 0.0328
vn 0.1494 0.0473 0.9876
vn -0.0036 0.9995 -0.0328
vn 0.0037 -0.9994 0.0336
vn 0.1495 0.0473 0.9876
vn -0.0037 0.9994 -0.0336
vn 0.9895 -0.0008 -0.1447
vn 0.0037 -0.9994 0.0337
vn 0.9576 0.2469 -0.1485
vn 0.0036 -0.9995 0.0324
vn 0.9784 0.1476 -0.1448
vn -0.0036 0.9995 -0.0324
vn 0.1489 0.0473 0.9877
vn 0.1488 0.0473 0.9877
vn 0.0035 -0.9995 0.0321
vn -0.0035 0.9995 -0.0320
vn 0.0035 -0.9995 0.0320
vn -0.9900 0.0007 0.1414
vn -0.9600 0.2484 0.1291
vn 0.0050 -0.9992 0.0398
vn -0.9857 0.1465 0.0834
vn -0.0050 0.9992 -0.0398
vn 0.0050 -0.9992 0.0397
vn 0.0551 0.0326 0.9979
vn -0.0050 0.9992 -0.0397
vn 0.0050 -0.9992 0.0399
vn 0.0552 0.0326 0.9979
vn -0.0050 0.9992 -0.0399
vn 0.9959 0.0017 -0.0907
vn 0.0050 -0.9992 0.0400
vn 0.9635 0.2491 -0.0977
vn 0.0050 -0.9992 0.0395
vn 0.9845 0.1500 -0.0912
vn -0.0050 0.9992 -0.0395
vn 0.0545 0.0326 0.9980
vn 0.0049 -0.9992 0.0394
vn 0.0546 0.0326 0.9980
vn -0.0049 0.9992 -0.0394
vn 0.0049 -0.9992 0.0393
vn -0.9963 -0.0019 0.0858
vn -0.9666 0.2456 0.0734
vn 0.0043 -0.9997 0.0258
vn -0.9892 0.1448 0.0247
vn -0.0043 0.9997 -0.0258
vn 0.0207 0.0234 0.9995
vn 0.0208 0.0234 0.9995
vn 0.0043 -0.9997 0.0259
vn -0.0043 0.9997 -0.0259
vn 0.9996 0.0037 -0.0290
vn 0.9673 0.2513 -0.0345
vn 0.0043 -0.9997 0.0257
vn 0.9879 0.1520 -0.0314
vn -0.0043 0.9997 -0.0257
vn 0.0201 0.0234 0.9995
vn 0.0043 -0.9997 0.0256
vn -0.0043 0.9997 -0.0256
vn 0.0202 0.0234 0.9995
vn -0.9996 -0.0037 0.0278
vn -0.9695 0.2442 0.0206
vn 0.0043 -0.9998 0.0211
vn -0.9895 0.1444 0.0092
vn -0.0043 0.9998 -0.0211
vn 0.0048 0.0184 0.9998
vn 0.0049 0.0184 0.9998
vn 0.9999 0.0040 -0.0125
vn 0.9676 0.2517 -0.0173
vn 0.9882 0.1524 -0.0154
vn 0.0042 0.0183 0.9998
vn 0.0042 0.0184 0.9998
vn 0.0043 0.0183 0.9998
vn -0.9999 -0.0040 0.0124
vn -0.9698 0.2439 0.0068
vn 0.0042 -0.9999 0.0155
vn -0.9895 0.1442 -0.0056
vn -0.0042 0.9999 -0.0155
vn -0.0004 0.0164 0.9999
vn 1.0000 0.0043 0.0033
vn 0.9677 0.2520 -0.0007
vn 0.9883 0.1527 0.0011
vn -0.0010 0.0164 0.9999
vn -1.0000 -0.0043 -0.0034
vn -0.9698 0.2437 -0.0071
vn 0.0043 -0.9999 0.0155
vn -0.9895 0.1442 -0.0058
vn -0.0043 0.9999 -0.0155
vn -0.0056 0.0144 0.9999
vn -0.0055 0.0144 0.9999
vn 1.0000 0.0043 0.0035
vn 0.9677 0.2520 -0.0004
vn 0.9883 0.1527 0.0012
vn -0.0062 0.0144 0.9999
vn -0.0061 0.0144 0.9999
vn -1.0000 -0.0043 -0.0035
vn -0.9698 0.2437 -0.0072
vn 0.0042 -0.9999 0.0133
vn -0.9895 0.1440 -0.0123
vn -0.0042 0.9999 -0.0133
vn 0.0372 0.0150 0.9992
vn 0.0042 -0.9999 0.0132
vn 0.0371 0.0150 0.9992
vn -0.0042 0.9999 -0.0132
vn 0.9999 0.0044 0.0109
vn 0.9677 0.2520 0.0072
vn 0.9883 0.1527 0.0052
vn 0.0366 0.0150 0.9992
vn 0.0042 -0.9999 0.0134
vn 0.0365 0.0150 0.9992
vn -0.0042 0.9999 -0.0134
vn -1.0000 -0.0044 -0.0070
vn -0.9698 0.2435 -0.0101
vn 0.0040 -0.9999 0.0118
vn -0.9894 0.1431 -0.0239
vn -0.0040 0.9999 -0.0118
vn 0.0040 -0.9999 0.0120
vn 0.1088 0.0169 0.9939
vn -0.0040 0.9999 -0.0120
vn 0.0040 -0.9999 0.0115
vn 0.1087 0.0169 0.9939
vn -0.0040 0.9999 -0.0115
vn 0.9997 0.0047 0.0250
vn 0.0040 -0.9999 0.0114
vn 0.9677 0.2512 0.0212
vn 0.0041 -0.9999 0.0122
vn 0.9883 0.1523 0.0018
vn -0.0041 0.9999 -0.0122
vn 0.1082 0.0169 0.9940
vn 0.1082 0.0170 0.9940
vn 0.0041 -0.9999 0.0124
vn 0.1081 0.0169 0.9940
vn -0.0041 0.9999 -0.0124
vn -1.0000 -0.0044 -0.0021
vn -0.9701 0.2428 -0.0052
vn 0.0037 -0.9999 0.0117
vn -0.9895 0.1411 -0.0326
vn -0.0037 0.9999 -0.0117
vn 0.0037 -0.9999 0.0120
vn 0.1798 0.0188 0.9835
vn -0.0037 0.9999 -0.0120
vn 0.0036 -0.9999 0.0113
vn -0.0036 0.9999 -0.0112
vn 0.1797 0.0188 0.9835
vn 0.0036 -0.9999 0.0112
vn 0.9993 0.0051 0.0358
vn 0.9680 0.2489 0.0317
vn 0.0038 -0.9999 0.0123
vn 0.9885 0.1513 -0.0052
vn -0.0038 0.9999 -0.0123
vn 0.1792 0.0188 0.9836
vn 0.0038 -0.9999 0.0126
vn -0.0038 0.9999 -0.0126
vn 0.1791 0.0188 0.9836
vn -1.0000 -0.0044 0.0063
vn -0.9705 0.2413 0.0027
vn 0.0032 -0.9999 0.0137
vn -0.9905 0.1377 -0.0003
vn -0.0032 0.9999 -0.0136
vn 0.0035 -0.9999 0.0146
vn 0.3439 0.0236 0.9387
vn 0.3441 0.0236 0.9386
vn -0.0035 0.9999 -0.0146
vn 0.0028 -0.9999 0.0123
vn 0.3436 0.0236 0.9388
vn 0.3435 0.0236 0.9389
vn -0.0028 0.9999 -0.0121
vn 0.3435 0.0236 0.9388
vn 0.0027 -0.9999 0.0120
vn 0.9998 0.0057 0.0194
vn 0.0027 -0.9999 0.0118
vn 0.9699 0.2431 0.0144
vn 0.0036 -0.9999 0.0153
vn 0.9824 0.1491 -0.1123
vn -0.0036 0.9999 -0.0153
vn 0.3433 0.0236 0.9389
vn 0.3437 0.0236 0.9388
vn 0.0038 -0.9999 0.0159
vn 0.3430 0.0236 0.9390
vn 0.3429 0.0236 0.9391
vn -0.0038 0.9999 -0.0159
vn 0.0038 -0.9999 0.0160
vn -0.9930 -0.0028 0.1177
vn -0.9641 0.2418 0.1096
vn 0.0109 -0.9994 0.0335
vn -0.6476 0.1541 0.7463
vn -0.0109 0.9994 -0.0335
vn 0.0100 -0.9994 0.0320
vn 0.6924 0.0328 0.7207
vn 0.6925 0.0328 0.7206
vn -0.0100 0.9994 -0.0320
vn 0.0137 -0.9992 0.0379
vn 0.6923 0.0328 0.7208
vn 0.6923 0.0328 0.7209
vn -0.0145 0.9991 -0.0391
vn 0.6924 0.0328 0.7208
vn 0.0149 -0.9991 0.0397
vn 0.5230 -0.0192 -0.8521
vn 0.0161 -0.9990 0.0417
vn 0.5192 0.2014 -0.8306
vn 0.0096 -0.9995 0.0313
vn 0.8005 0.1360 -0.5838
vn -0.0096 0.9995 -0.0313
vn 0.6920 0.0328 0.7211
vn 0.6921 0.0328 0.7211
vn 0.0093 -0.9995 0.0308
vn -0.0093 0.9995 -0.0308
vn 0.6919 0.0329 0.7212
vn 0.0092 -0.9995 0.0307
vn -0.8136 0.0089 0.5813
vn -0.7916 0.2511 0.5571
vn 0.0149 -0.9992 0.0359
vn -0.6298 0.1657 0.7589
vn -0.0149 0.9992 -0.0359
vn 0.0148 -0.9993 0.0358
vn 0.7952 0.0345 0.6053
vn -0.0148 0.9993 -0.0358
vn 0.0150 -0.9992 0.0360
vn 0.7952 0.0345 0.6054
vn -0.0151 0.9992 -0.0360
vn 0.0151 -0.9992 0.0360
vn 0.6324 -0.0182 -0.7745
vn 0.6092 0.2292 -0.7592
vn 0.0147 -0.9993 0.0357
vn 0.6374 0.1305 -0.7594
vn -0.0147 0.9993 -0.0357
vn 0.7948 0.0345 0.6058
vn 0.7949 0.0345 0.6058
vn 0.0146 -0.9993 0.0356
vn 0.7948 0.0345 0.6059
vn -0.0146 0.9993 -0.0356
vn -0.6475 0.0175 0.7619
vn -0.6310 0.2639 0.7295
vn 0.0165 -0.9992 0.0370
vn -0.5676 0.1689 0.8058
vn -0.0165 0.9992 -0.0370
vn 0.8377 0.0345 0.5451
vn 0.8377 0.0345 0.5450
vn 0.0166 -0.9992 0.0370
vn -0.0166 0.9992 -0.0370
vn 0.5713 -0.0209 -0.8205
vn 0.5494 0.2273 -0.8041
vn 0.5637 0.1276 -0.8161
vn 0.8374 0.0345 0.5456
vn 0.8374 0.0345 0.5455
vn 0.8373 0.0345 0.5456
vn -0.5726 0.0208 0.8196
vn -0.5588 0.2677 0.7849
vn 0.0176 -0.9991 0.0377
vn -0.5051 0.1715 0.8459
vn -0.0176 0.9991 -0.0377
vn 0.8669 0.0341 0.4972
vn 0.8670 0.0341 0.4972
vn 0.8669 0.0341 0.4973
vn 0.5078 -0.0235 -0.8612
vn 0.4876 0.2248 -0.8436
vn 0.5021 0.1251 -0.8557
vn 0.8666 0.0341 0.4978
vn 0.8666 0.0342 0.4978
vn 0.8667 0.0341 0.4977
vn -0.5106 0.0234 0.8595
vn 0.0176 -0.9991 0.0376
vn -0.4990 0.2702 0.8234
vn 0.0180 -0.9991 0.0379
vn -0.4850 0.1723 0.8574
vn -0.0180 0.9991 -0.0379
vn 0.8907 0.0336 0.4534
vn 0.8907 0.0336 0.4533
vn 0.4879 -0.0243 -0.8726
vn 0.4682 0.2240 -0.8547
vn 0.4781 0.1242 -0.8695
vn 0.8904 0.0336 0.4539
vn -0.4860 0.0244 0.8736
vn -0.4753 0.2712 0.8370
vn 0.0188 -0.9991 0.0383
vn -0.4179 0.1748 0.8915
vn -0.0188 0.9991 -0.0383
vn 0.9109 0.0329 0.4114
vn 0.9108 0.0329 0.4114
vn 0.9108 0.0329 0.4115
vn 0.4195 -0.0269 -0.9074
vn 0.4018 0.2215 -0.8885
vn 0.0187 -0.9991 0.0383
vn 0.4141 0.1218 -0.9020
vn -0.0187 0.9991 -0.0383
vn 0.9106 0.0329 0.4119
vn 0.9107 0.0329 0.4118
vn 0.9106 0.0329 0.4120
vn -0.4217 0.0268 0.9063
vn -0.4132 0.2735 0.8686
vn 0.0190 -0.9991 0.0384
vn -0.4003 0.1755 0.8994
vn -0.0190 0.9991 -0.0384
vn 0.9287 0.0321 0.3694
vn 0.4021 -0.0275 -0.9152
vn 0.3848 0.2210 -0.8962
vn 0.3933 0.1210 -0.9114
vn 0.9285 0.0321 0.3699
vn 0.9285 0.0321 0.3700
vn -0.4004 0.0276 0.9159
vn -0.3927 0.2743 0.8778
vn 0.0194 -0.9991 0.0385
vn -0.3441 0.1774 0.9220
vn -0.0194 0.9991 -0.0385
vn 0.9454 0.0310 0.3245
vn 0.9453 0.0310 0.3246
vn 0.3450 -0.0295 -0.9381
vn 0.0194 -0.9991 0.0386
vn 0.3294 0.2190 -0.9184
vn 0.3388 0.1191 -0.9333
vn 0.9452 0.0311 0.3251
vn -0.3455 0.0295 0.9379
vn -0.3396 0.2761 0.8991
vn 0.0198 -0.9991 0.0387
vn -0.3019 0.1788 0.9364
vn -0.0198 0.9991 -0.0387
vn 0.9603 0.0299 0.2774
vn 0.9603 0.0299 0.2773
vn 0.9603 0.0298 0.2774
vn 0.9603 0.0299 0.2775
vn 0.3023 -0.0309 -0.9527
vn 0.2880 0.2177 -0.9326
vn 0.2960 0.1177 -0.9479
vn 0.9601 0.0299 0.2780
vn 0.9601 0.0299 0.2779
vn 0.9602 0.0299 0.2779
vn -0.3023 0.0309 0.9527
vn -0.2978 0.2775 0.9134
vn 0.0199 -0.9991 0.0387
vn -0.2772 0.1795 0.9439
vn -0.0199 0.9991 -0.0387
vn 0.9734 0.0285 0.2275
vn 0.9733 0.0285 0.2276
vn 0.2778 -0.0316 -0.9601
vn 0.2642 0.2168 -0.9398
vn 0.2679 0.1168 -0.9563
vn 0.9732 0.0285 0.2281
vn 0.9732 0.0285 0.2280
vn 0.0200 -0.9991 0.0387
vn -0.0200 0.9991 -0.0387
vn -0.2736 0.0318 0.9613
vn -0.2700 0.2783 0.9217
vn 0.0205 -0.9990 0.0388
vn -0.1785 0.1824 0.9669
vn -0.0205 0.9990 -0.0388
vn 0.9852 0.0268 0.1696
vn 0.9852 0.0268 0.1695
vn 0.9851 0.0268 0.1696
vn 0.9851 0.0268 0.1697
vn 0.1770 -0.0346 -0.9836
vn 0.1664 0.2140 -0.9626
vn 0.1761 0.1141 -0.9777
vn 0.9851 0.0268 0.1702
vn 0.9850 0.0268 0.1702
vn 0.9851 0.0268 0.1701
vn -0.1815 0.0345 0.9828
vn -0.1809 0.2809 0.9425
vn -0.1842 0.1822 0.9659
vn 0.9935 0.0250 0.1111
vn 0.9935 0.0250 0.1110
vn 0.1841 -0.0344 -0.9823
vn 0.1732 0.2140 -0.9613
vn 0.1713 0.1139 -0.9786
vn 0.9934 0.0250 0.1117
vn -0.1758 0.0346 0.9838
vn -0.1754 0.2810 0.9435
vn 0.0211 -0.9990 0.0389
vn -0.0516 0.1856 0.9813
vn -0.0211 0.9990 -0.0389
vn 0.9989 0.0227 0.0402
vn 0.9989 0.0227 0.0403
vn 0.0483 -0.0379 -0.9981
vn 0.0416 0.2107 -0.9767
vn 0.0507 0.1109 -0.9925
vn 0.9989 0.0227 0.0408
vn 0.9989 0.0227 0.0407
vn 0.9989 0.0227 0.0409
vn -0.0549 0.0377 0.9978
vn -0.0584 0.2840 0.9571
vn 0.0212 -0.9990 0.0389
vn -0.0271 0.1861 0.9821
vn -0.0212 0.9990 -0.0389
vn 0.9992 0.0201 -0.0337
vn 0.9992 0.0201 -0.0336
vn 0.0248 -0.0384 -0.9990
vn 0.0187 0.2103 -0.9775
vn 0.0168 0.1101 -0.9938
vn 0.9992 0.0201 -0.0331
vn 0.9992 0.0201 -0.0332
vn 0.9993 0.0201 -0.0330
vn 0.9993 0.0201 -0.0331
vn -0.0199 0.0385 0.9991
vn -0.0245 0.2848 0.9583
vn 0.0215 -0.9990 0.0389
vn 0.0491 0.1877 0.9810
vn -0.0215 0.9990 -0.0389
vn 0.9933 0.0172 -0.1141
vn 0.9933 0.0172 -0.1140
vn -0.0522 -0.0400 -0.9978
vn -0.0560 0.2087 -0.9764
vn -0.0598 0.1085 -0.9923
vn 0.9934 0.0172 -0.1135
vn 0.9934 0.0172 -0.1134
vn 0.0576 0.0401 0.9975
vn 0.0504 0.2863 0.9568
vn 0.0220 -0.9990 0.0389
vn 0.1746 0.1898 0.9662
vn -0.0220 0.9990 -0.0389
vn 0.9789 0.0137 -0.2041
vn 0.9788 0.0137 -0.2041
vn 0.9789 0.0137 -0.2040
vn 0.9789 0.0137 -0.2039
vn -0.0220 0.9990 -0.0388
vn 0.0220 -0.9990 0.0388
vn -0.1806 -0.0422 -0.9827
vn -0.1803 0.2065 -0.9617
vn -0.1759 0.1065 -0.9786
vn 0.9790 0.0137 -0.2035
vn 0.9790 0.0137 -0.2034
vn 0.1741 0.0421 0.9838
vn 0.1633 0.2881 0.9436
vn 0.1603 0.1891 0.9688
vn 0.9563 0.0101 -0.2924
vn 0.9562 0.0101 -0.2924
vn 0.9563 0.0101 -0.2923
vn 0.9563 0.0101 -0.2922
vn -0.0219 0.9990 -0.0389
vn 0.0219 -0.9990 0.0389
vn -0.1624 -0.0419 -0.9858
vn -0.1630 0.2059 -0.9649
vn -0.1867 0.1061 -0.9767
vn 0.9564 0.0101 -0.2918
vn 0.9564 0.0101 -0.2917
vn 0.9565 0.0101 -0.2917
vn 0.1871 0.0423 0.9814
vn 0.1757 0.2879 0.9414
vn 0.0227 -0.9990 0.0386
vn 0.4030 0.1917 0.8949
vn -0.0227 0.9990 -0.0386
vn 0.9213 0.0059 -0.3887
vn 0.9213 0.0059 -0.3888
vn 0.0228 -0.9990 0.0386
vn 0.9214 0.0059 -0.3887
vn 0.9214 0.0059 -0.3886
vn -0.0228 0.9990 -0.0386
vn -0.4137 -0.0446 -0.9093
vn -0.4062 0.2035 -0.8908
vn -0.3909 0.1040 -0.9145
vn 0.9216 0.0059 -0.3882
vn 0.9216 0.0059 -0.3881
vn 0.3904 0.0444 0.9196
vn 0.3728 0.2900 0.8814
vn 0.3952 0.1920 0.8983
vn 0.8765 0.0016 -0.4814
vn 0.8765 0.0016 -0.4815
vn 0.8766 0.0016 -0.4813
vn -0.4018 -0.0445 -0.9147
vn -0.3950 0.2041 -0.8957
vn -0.4106 0.1040 -0.9059
vn 0.8768 0.0016 -0.4809
vn 0.8768 0.0016 -0.4808
vn 0.4124 0.0445 0.9099
vn 0.3939 0.2904 0.8721
vn 0.0231 -0.9990 0.0384
vn 0.5128 0.1924 0.8367
vn -0.0231 0.9990 -0.0384
vn 0.8233 -0.0027 -0.5676
vn 0.8234 -0.0027 -0.5675
vn 0.8234 -0.0027 -0.5674
vn -0.5218 -0.0448 -0.8519
vn -0.5113 0.2039 -0.8349
vn -0.5203 0.1038 -0.8477
vn 0.8237 -0.0026 -0.5671
vn 0.8236 -0.0027 -0.5671
vn 0.8237 -0.0027 -0.5670
vn 0.8236 -0.0026 -0.5671
vn 0.5226 0.0448 0.8514
vn 0.5007 0.2908 0.8153
vn 0.0234 -0.9990 0.0382
vn 0.6306 0.1918 0.7520
vn -0.0234 0.9990 -0.0382
vn 0.7629 -0.0068 -0.6464
vn 0.7629 -0.0068 -0.6465
vn 0.7630 -0.0068 -0.6464
vn 0.7630 -0.0068 -0.6463
vn -0.6425 -0.0443 -0.7650
vn -0.6282 0.2042 -0.7508
vn -0.6288 0.1042 -0.7706
vn 0.7633 -0.0068 -0.6460
vn 0.7634 -0.0068 -0.6459
vn 0.6316 0.0444 0.7740
vn 0.6062 0.2903 0.7404
vn 0.6171 0.1917 0.7632
vn 0.6950 -0.0109 -0.7189
vn 0.6949 -0.0109 -0.7190
vn -0.6252 -0.0444 -0.7792
vn -0.6118 0.2036 -0.7643
vn -0.6388 0.1041 -0.7623
vn 0.6954 -0.0109 -0.7185
vn 0.6955 -0.0109 -0.7185
vn 0.6435 0.0443 0.7641
vn 0.6177 0.2900 0.7310
vn 0.0238 -0.9990 0.0378
vn 0.7775 0.1894 0.5996
vn -0.0238 0.9990 -0.0378
vn 0.6301 -0.0145 -0.7764
vn 0.6301 -0.0145 -0.7763
vn 0.6302 -0.0145 -0.7763
vn -0.7911 -0.0419 -0.6103
vn -0.7723 0.2063 -0.6008
vn -0.7751 0.1063 -0.6228
vn 0.6306 -0.0145 -0.7760
vn 0.6305 -0.0145 -0.7760
vn 0.6306 -0.0145 -0.7759
vn 0.7795 0.0422 0.6250
vn 0.7494 0.2880 0.5962
vn 0.0239 -0.9990 0.0377
vn 0.8037 0.1889 0.5642
vn -0.0239 0.9990 -0.0377
vn 0.5630 -0.0179 -0.8263
vn 0.5630 -0.0180 -0.8263
vn 0.5630 -0.0179 -0.8262
vn 0.5631 -0.0179 -0.8262
vn -0.8167 -0.0412 -0.5755
vn 0.0239 -0.9990 0.0376
vn -0.7972 0.2074 -0.5670
vn -0.8075 0.1073 -0.5800
vn 0.5635 -0.0179 -0.8259
vn 0.5634 -0.0179 -0.8260
vn 0.0238 -0.9990 0.0377
vn -0.0238 0.9990 -0.0377
vn 0.8127 0.0413 0.5812
vn 0.7815 0.2875 0.5537
vn 0.7967 0.1888 0.5741
vn 0.4919 -0.0212 -0.8704
vn 0.4920 -0.0212 -0.8703
vn 0.4920 -0.0212 -0.8704
vn -0.8078 -0.0415 -0.5880
vn -0.7888 0.2066 -0.5789
vn -0.8130 0.1073 -0.5723
vn 0.4924 -0.0212 -0.8701
vn 0.4925 -0.0212 -0.8700
vn 0.4925 -0.0212 -0.8701
vn 0.8192 0.0411 0.5720
vn 0.7878 0.2870 0.5450
vn 0.8961 0.1848 0.4036
vn 0.3595 -0.0270 -0.9328
vn 0.3594 -0.0270 -0.9328
vn 0.3596 -0.0270 -0.9327
vn 0.3597 -0.0270 -0.9327
vn -0.9100 -0.0373 -0.4130
vn -0.8875 0.2109 -0.4096
vn -0.9010 0.1109 -0.4193
vn 0.3601 -0.0270 -0.9325
vn 0.3600 -0.0270 -0.9326
vn 0.0237 -0.9990 0.0378
vn -0.0237 0.9990 -0.0378
vn 0.3602 -0.0270 -0.9325
vn 0.9074 0.0374 0.4187
vn 0.8733 0.2833 0.3963
vn 0.0236 -0.9990 0.0382
vn 0.9467 0.1809 0.2664
vn -0.0236 0.9990 -0.0382
vn 0.2479 -0.0314 -0.9683
vn 0.2480 -0.0314 -0.9682
vn -0.9612 -0.0332 -0.2738
vn -0.9371 0.2150 -0.2749
vn -0.9512 0.1149 -0.2863
vn 0.2485 -0.0314 -0.9681
vn 0.2484 -0.0314 -0.9681
vn 0.2484 -0.0314 -0.9682
vn 0.9581 0.0335 0.2844
vn 0.9225 0.2797 0.2661
vn 0.0235 -0.9990 0.0385
vn 0.9621 0.1791 0.2056
vn -0.0235 0.9990 -0.0385
vn 0.1734 -0.0341 -0.9843
vn 0.1735 -0.0341 -0.9842
vn -0.9764 -0.0312 -0.2138
vn -0.9518 0.2172 -0.2167
vn -0.9692 0.1173 -0.2163
vn 0.1740 -0.0341 -0.9841
vn 0.1741 -0.0341 -0.9841
vn 0.1740 -0.0341 -0.9842
vn 0.9766 0.0312 0.2129
vn 0.9403 0.2777 0.1967
vn 0.0234 -0.9990 0.0390
vn 0.9766 0.1763 0.1233
vn -0.0234 0.9990 -0.0390
vn 0.1371 -0.0355 -0.9899
vn -0.9911 -0.0283 -0.1303
vn -0.9660 0.2201 -0.1359
vn -0.9832 0.1201 -0.1375
vn 0.1377 -0.0355 -0.9898
vn 0.9907 0.0284 0.1334
vn 0.9540 0.2751 0.1195
vn 0.0234 -0.9990 0.0391
vn 0.9775 0.1760 0.1158
vn -0.0234 0.9990 -0.0391
vn 0.1033 -0.0367 -0.9940
vn 0.1034 -0.0367 -0.9940
vn 0.1035 -0.0367 -0.9940
vn -0.9920 -0.0281 -0.1230
vn -0.9669 0.2204 -0.1289
vn -0.9845 0.1205 -0.1271
vn 0.1039 -0.0367 -0.9939
vn 0.1038 -0.0367 -0.9939
vn 0.1040 -0.0367 -0.9939
vn 0.9921 0.0281 0.1226
vn 0.9553 0.2748 0.1091
vn 0.0234 -0.9989 0.0395
vn 0.9819 0.1745 0.0739
vn -0.0234 0.9989 -0.0395
vn 0.0820 -0.0375 -0.9959
vn 0.0819 -0.0375 -0.9959
vn 0.0821 -0.0375 -0.9959
vn -0.9964 -0.0265 -0.0806
vn -0.9711 0.2219 -0.0879
vn -0.9888 0.1220 -0.0864
vn 0.0826 -0.0375 -0.9959
vn 0.0825 -0.0375 -0.9959
vn 0.9963 0.0265 0.0815
vn 0.9594 0.2733 0.0691
vn 0.0234 -0.9989 0.0396
vn 0.9823 0.1743 0.0683
vn -0.0234 0.9989 -0.0396
vn 0.0618 -0.0383 -0.9974
vn -0.9968 -0.0263 -0.0750
vn -0.9715 0.2221 -0.0825
vn -0.9893 0.1223 -0.0798
vn 0.0624 -0.0383 -0.9973
vn 0.9969 0.0263 0.0748
vn 0.9599 0.2731 0.0626
vn 0.0233 -0.9989 0.0400
vn 0.9841 0.1732 0.0397
vn -0.0233 0.9989 -0.0400
vn 0.0475 -0.0389 -0.9981
vn 0.0476 -0.0389 -0.9981
vn -0.9986 -0.0252 -0.0461
vn -0.9732 0.2232 -0.0546
vn -0.9910 0.1234 -0.0519
vn 0.0481 -0.0389 -0.9981
vn 0.0480 -0.0389 -0.9981
vn 0.9986 0.0252 0.0465
vn 0.9616 0.2720 0.0352
vn 0.0233 -0.9989 0.0401
vn 0.9842 0.1731 0.0378
vn -0.0233 0.9989 -0.0401
vn 0.0334 -0.0395 -0.9987
vn 0.0335 -0.0395 -0.9987
vn -0.9987 -0.0251 -0.0443
vn -0.9733 0.2233 -0.0528
vn -0.9911 0.1235 -0.0495
vn 0.0340 -0.0395 -0.9986
vn 0.0341 -0.0395 -0.9986
vn 0.9987 0.0251 0.0440
vn 0.9618 0.2719 0.0327
vn 0.0233 -0.9989 0.0406
vn 0.9850 0.1722 0.0147
vn -0.0233 0.9989 -0.0406
vn 0.0227 -0.0401 -0.9989
vn -0.9995 -0.0242 -0.0209
vn -0.9741 0.2242 -0.0304
vn -0.9919 0.1244 -0.0270
vn 0.0233 -0.0401 -0.9989
vn 0.0232 -0.0401 -0.9989
vn 0.9995 0.0242 0.0212
vn 0.9625 0.2711 0.0105
vn 0.9849 0.1722 0.0148
vn 0.0120 -0.0407 -0.9991
vn 0.0119 -0.0407 -0.9991
vn 0.0121 -0.0407 -0.9991
vn -0.9995 -0.0242 -0.0211
vn -0.9741 0.2242 -0.0305
vn -0.9919 0.1244 -0.0267
vn 0.0126 -0.0407 -0.9991
vn 0.0125 -0.0407 -0.9991
vn 0.9995 0.0242 0.0209
vn 0.9625 0.2711 0.0102
vn 0.0233 -0.9989 0.0414
vn 0.9852 0.1714 -0.0046
vn -0.0233 0.9989 -0.0414
vn 0.0031 -0.0414 -0.9991
vn 0.0032 -0.0414 -0.9991
vn 0.0030 -0.0414 -0.9991
vn -0.9997 -0.0234 -0.0015
vn -0.9743 0.2249 -0.0118
vn -0.9921 0.1251 -0.0078
vn 0.0037 -0.0414 -0.9991
vn 0.0036 -0.0414 -0.9991
vn 0.9997 0.0234 0.0017
vn 0.9627 0.2703 -0.0086
vn 0.9852 0.1714 -0.0050
vn -0.0058 -0.0421 -0.9991
vn -0.0059 -0.0421 -0.9991
vn -0.0057 -0.0421 -0.9991
vn -0.9997 -0.0234 -0.0012
vn -0.9743 0.2250 -0.0114
vn -0.9921 0.1252 -0.0073
vn -0.0052 -0.0421 -0.9991
vn -0.0053 -0.0421 -0.9991
vn 0.9997 0.0234 0.0011
vn 0.9627 0.2703 -0.0092
vn 0.0233 -0.9988 0.0425
vn 0.9851 0.1708 -0.0203
vn -0.0233 0.9988 -0.0425
vn -0.0141 -0.0432 -0.9990
vn -0.0142 -0.0432 -0.9990
vn -0.9996 -0.0227 0.0142
vn -0.9742 0.2256 0.0032
vn -0.9920 0.1258 0.0076
vn -0.0135 -0.0432 -0.9990
vn -0.0136 -0.0432 -0.9990
vn 0.9996 0.0227 -0.0141
vn 0.9627 0.2696 -0.0242
vn 0.0233 -0.9988 0.0430
vn 0.9850 0.1706 -0.0239
vn -0.0233 0.9988 -0.0430
vn -0.0227 -0.0445 -0.9987
vn -0.0227 -0.0445 -0.9988
vn -0.0228 -0.0445 -0.9987
vn -0.9996 -0.0226 0.0177
vn -0.9742 0.2257 0.0065
vn -0.9920 0.1260 0.0111
vn -0.0221 -0.0445 -0.9988
vn -0.0222 -0.0445 -0.9988
vn 0.9996 0.0226 -0.0177
vn 0.9626 0.2695 -0.0278
vn 0.0233 -0.9987 0.0444
vn 0.9848 0.1702 -0.0342
vn -0.0233 0.9987 -0.0444
vn -0.0321 -0.0467 -0.9984
vn -0.0322 -0.0467 -0.9984
vn -0.0320 -0.0467 -0.9984
vn -0.9994 -0.0221 0.0279
vn 0.0234 -0.9987 0.0444
vn -0.9740 0.2261 0.0160
vn -0.9918 0.1264 0.0210
vn -0.0315 -0.0466 -0.9984
vn -0.0316 -0.0467 -0.9984
vn -0.0316 -0.0466 -0.9984
vn 0.9994 0.0221 -0.0279
vn 0.9624 0.2690 -0.0380
vn 0.0234 -0.9986 0.0474
vn 0.9845 0.1696 -0.0455
vn -0.0234 0.9986 -0.0474
vn -0.0472 -0.0532 -0.9975
vn -0.0473 -0.0532 -0.9975
vn -0.0472 -0.0533 -0.9975
vn -0.9990 -0.0216 0.0389
vn -0.9736 0.2266 0.0259
vn -0.9914 0.1269 0.0315
vn -0.0466 -0.0532 -0.9975
vn 0.0234 -0.9986 0.0475
vn -0.0234 0.9986 -0.0475
vn 0.9990 0.0216 -0.0389
vn 0.9620 0.2685 -0.0495
vt 0.067395 0.731056
vt 0.050714 0.614684
vt 0.054325 0.340079
vt 0.067989 0.442874
vt 0.060254 0.335584
vt 0.012659 0.444200
vt 0.014967 0.419957
vt 0.029087 0.281021
vt 0.145952 0.626062
vt 0.097270 0.802765
vt 0.060736 0.583418
vt 0.000040 0.798156
vt 0.156849 0.599902
vt 0.066410 0.234692
vt 0.006683 0.214998
vt 0.053432 0.116426
vt 0.099637 0.999960
vt 0.034817 0.437001
vt 0.006337 0.413281
vt 0.022321 0.427165
vt 0.003571 0.421041
vt 0.000040 0.412156
vt 0.017262 0.000040
vt 0.002688 0.122032
s 0
usemtl Material
f 4/1/1 2/2/1 7/3/1 5/4/1
f 8/5/2 6/6/2 16/7/2 15/8/2
f 1/9/3 3/10/3 6/6/3 8/5/3
f 9/11/1 2/2/1 4/1/1 11/12/1
f 3/10/4 4/1/4 5/4/4 6/6/4
f 9/11/5 12/13/5 1/9/5 2/2/5
f 14/14/5 15/8/5 19/15/5 18/16/5
f 2/2/5 1/9/5 8/5/5 7/3/5
f 4/1/4 3/10/4 10/17/4 11/12/4
f 1/9/3 12/13/3 10/17/3 3/10/3
f 7/3/5 8/5/5 15/8/5 14/14/5
f 5/4/1 7/3/1 14/14/1 13/18/1
f 6/6/4 5/4/4 13/18/4 16/7/4
f 20/19/4 17/20/4 21/21/4 24/22/4
f 15/8/3 16/7/3 20/19/3 19/15/3
f 16/7/4 13/18/4 17/20/4 20/19/4
f 13/18/1 14/14/1 18/16/1 17/20/1
f 22/23/6 23/24/6 24/22/6 21/21/6
f 17/20/1 18/16/1 22/23/1 21/21/1
f 18/16/5 19/15/5 23/24/5 22/23/5
f 19/15/7 20/19/7 24/22/7 23/24/7
f 28/1/1 29/4/1 31/3/1 26/2/1
f 32/5/8 39/8/8 40/7/8 30/6/8
f 25/9/3 32/5/3 30/6/3 27/10/3
f 33/11/1 35/12/1 28/1/1 26/2/1
f 27/10/9 30/6/9 29/4/9 28/1/9
f 33/11/10 26/2/10 25/9/10 36/13/10
f 38/14/10 42/16/10 43/15/10 39/8/10
f 26/2/10 31/3/10 32/5/10 25/9/10
f 28/1/9 35/12/9 34/17/9 27/10/9
f 25/9/3 27/10/3 34/17/3 36/13/3
f 31/3/10 38/14/10 39/8/10 32/5/10
f 29/4/1 37/18/1 38/14/1 31/3/1
f 30/6/9 40/7/9 37/18/9 29/4/9
f 44/19/9 48/22/9 45/21/9 41/20/9
f 39/8/3 43/15/3 44/19/3 40/7/3
f 40/7/9 44/19/9 41/20/9 37/18/9
f 37/18/1 41/20/1 42/16/1 38/14/1
f 46/23/11 45/21/11 48/22/11 47/24/11
f 41/20/1 45/21/1 46/23/1 42/16/1
f 42/16/10 46/23/10 47/24/10 43/15/10
f 43/15/12 47/24/12 48/22/12 44/19/12
f 50/1/1 4/2/1 5/3/1 51/4/1
f 6/5/13 52/6/13 56/7/13 16/8/13
f 3/9/3 49/10/3 52/6/3 6/5/3
f 11/11/1 4/2/1 50/1/1 54/12/1
f 49/10/14 50/1/14 51/4/14 52/6/14
f 50/1/14 49/10/14 53/17/14 54/12/14
f 3/9/3 10/13/3 53/17/3 49/10/3
f 51/4/1 5/3/1 13/14/1 55/18/1
f 52/6/14 51/4/14 55/18/14 56/7/14
f 58/19/14 57/20/14 59/21/14 60/22/14
f 16/8/3 56/7/3 58/19/3 20/15/3
f 56/7/14 55/18/14 57/20/14 58/19/14
f 55/18/1 13/14/1 17/16/1 57/20/1
f 21/23/15 24/24/15 60/22/15 59/21/15
f 57/20/1 17/16/1 21/23/1 59/21/1
f 20/15/16 58/19/16 60/22/16 24/24/16
f 62/1/1 63/4/1 29/3/1 28/2/1
f 30/5/17 40/8/17 68/7/17 64/6/17
f 27/9/3 30/5/3 64/6/3 61/10/3
f 35/11/1 66/12/1 62/1/1 28/2/1
f 61/10/18 64/6/18 63/4/18 62/1/18
f 62/1/19 66/12/19 65/17/19 61/10/19
f 27/9/3 61/10/3 65/17/3 34/13/3
f 63/4/1 67/18/1 37/14/1 29/3/1
f 64/6/18 68/7/18 67/18/18 63/4/18
f 70/19/20 72/22/20 71/21/20 69/20/20
f 40/8/3 44/15/3 70/19/3 68/7/3
f 68/7/18 70/19/18 69/20/18 67/18/18
f 67/18/1 69/20/1 41/16/1 37/14/1
f 45/23/21 71/21/21 72/22/21 48/24/21
f 69/20/1 71/21/1 45/23/1 41/16/1
f 44/15/22 48/24/22 72/22/22 70/19/22
f 74/1/1 50/2/1 51/3/1 75/4/1
f 52/5/23 76/6/23 80/7/23 56/8/23
f 49/9/3 73/10/3 76/6/3 52/5/3
f 54/11/1 50/2/1 74/1/1 78/12/1
f 73/10/24 74/1/24 75/4/24 76/6/24
f 74/1/24 73/10/24 77/17/24 78/12/24
f 49/9/3 53/13/3 77/17/3 73/10/3
f 75/4/1 51/3/1 55/14/1 79/18/1
f 76/6/25 75/4/25 79/18/25 80/7/25
f 82/19/25 81/20/25 83/21/25 84/22/25
f 56/8/3 80/7/3 82/19/3 58/15/3
f 80/7/25 79/18/25 81/20/25 82/19/25
f 79/18/1 55/14/1 57/16/1 81/20/1
f 59/23/26 60/24/26 84/22/26 83/21/26
f 81/20/1 57/16/1 59/23/1 83/21/1
f 58/15/27 82/19/27 84/22/27 60/24/27
f 86/1/1 87/4/1 63/3/1 62/2/1
f 64/5/28 68/8/28 92/7/28 88/6/28
f 61/9/3 64/5/3 88/6/3 85/10/3
f 66/11/1 90/12/1 86/1/1 62/2/1
f 85/10/29 88/6/29 87/4/29 86/1/29
f 86/1/29 90/12/29 89/17/29 85/10/29
f 61/9/3 85/10/3 89/17/3 65/13/3
f 87/4/1 91/18/1 67/14/1 63/3/1
f 88/6/30 92/7/30 91/18/30 87/4/30
f 94/19/30 96/22/30 95/21/30 93/20/30
f 68/8/3 70/15/3 94/19/3 92/7/3
f 92/7/30 94/19/30 93/20/30 91/18/30
f 91/18/1 93/20/1 69/16/1 67/14/1
f 71/23/31 95/21/31 96/22/31 72/24/31
f 93/20/1 95/21/1 71/23/1 69/16/1
f 70/15/32 72/24/32 96/22/32 94/19/32
f 98/1/1 74/2/1 75/3/1 99/4/1
f 76/5/33 100/6/33 104/7/33 80/8/33
f 73/9/3 97/10/3 100/6/3 76/5/3
f 78/11/1 74/2/1 98/1/1 102/12/1
f 97/10/34 98/1/34 99/4/34 100/6/34
f 98/1/35 97/10/35 101/17/35 102/12/35
f 73/9/3 77/13/3 101/17/3 97/10/3
f 99/4/1 75/3/1 79/14/1 103/18/1
f 100/6/36 99/4/36 103/18/36 104/7/36
f 106/19/36 105/20/36 107/21/36 108/22/36
f 80/8/3 104/7/3 106/19/3 82/15/3
f 104/7/36 103/18/36 105/20/36 106/19/36
f 103/18/1 79/14/1 81/16/1 105/20/1
f 83/23/37 84/24/37 108/22/37 107/21/37
f 105/20/1 81/16/1 83/23/1 107/21/1
f 82/15/38 106/19/38 108/22/38 84/24/38
f 110/1/1 111/4/1 87/3/1 86/2/1
f 88/5/39 92/8/39 116/7/39 112/6/39
f 85/9/3 88/5/3 112/6/3 109/10/3
f 90/11/1 114/12/1 110/1/1 86/2/1
f 109/10/40 112/6/40 111/4/40 110/1/40
f 110/1/40 114/12/40 113/17/40 109/10/40
f 85/9/3 109/10/3 113/17/3 89/13/3
f 111/4/1 115/18/1 91/14/1 87/3/1
f 112/6/40 116/7/40 115/18/40 111/4/40
f 118/19/41 120/22/41 119/21/41 117/20/41
f 92/8/3 94/15/3 118/19/3 116/7/3
f 116/7/40 118/19/40 117/20/40 115/18/40
f 115/18/1 117/20/1 93/16/1 91/14/1
f 95/23/42 119/21/42 120/22/42 96/24/42
f 117/20/1 119/21/1 95/23/1 93/16/1
f 94/15/43 96/24/43 120/22/43 118/19/43
f 122/1/44 98/2/44 99/3/44 123/4/44
f 100/5/45 124/6/45 128/7/45 104/8/45
f 97/9/46 121/10/46 124/6/46 100/5/46
f 102/11/44 98/2/44 122/1/44 126/12/44
f 121/10/47 122/1/47 123/4/47 124/6/47
f 122/1/47 121/10/47 125/17/47 126/12/47
f 97/9/46 101/13/46 125/17/46 121/10/46
f 123/4/44 99/3/44 103/14/44 127/18/44
f 124/6/48 123/4/48 127/18/48 128/7/48
f 130/19/48 129/20/48 131/21/48 132/22/48
f 104/8/46 128/7/46 130/19/46 106/15/46
f 128/7/48 127/18/48 129/20/48 130/19/48
f 127/18/44 103/14/44 105/16/44 129/20/44
f 107/23/49 108/24/49 132/22/49 131/21/49
f 129/20/44 105/16/44 107/23/44 131/21/44
f 106/15/50 130/19/50 132/22/50 108/24/50
f 134/1/44 135/4/44 111/3/44 110/2/44
f 112/5/51 116/8/51 140/7/51 136/6/51
f 109/9/46 112/5/46 136/6/46 133/10/46
f 114/11/44 138/12/44 134/1/44 110/2/44
f 133/10/52 136/6/52 135/4/52 134/1/52
f 134/1/53 138/12/53 137/17/53 133/10/53
f 109/9/46 133/10/46 137/17/46 113/13/46
f 135/4/44 139/18/44 115/14/44 111/3/44
f 136/6/54 140/7/54 139/18/54 135/4/54
f 142/19/54 144/22/54 143/21/54 141/20/54
f 116/8/46 118/15/46 142/19/46 140/7/46
f 140/7/54 142/19/54 141/20/54 139/18/54
f 139/18/44 141/20/44 117/16/44 115/14/44
f 119/23/55 143/21/55 144/22/55 120/24/55
f 141/20/44 143/21/44 119/23/44 117/16/44
f 118/15/56 120/24/56 144/22/56 142/19/56
f 146/1/57 122/2/57 123/3/57 147/4/57
f 124/5/58 148/6/58 152/7/58 128/8/58
f 121/9/59 145/10/59 148/6/59 124/5/59
f 126/11/57 122/2/57 146/1/57 150/12/57
f 145/10/60 146/1/60 147/4/60 148/6/60
f 146/1/61 145/10/61 149/17/61 150/12/61
f 121/9/59 125/13/59 149/17/59 145/10/59
f 147/4/57 123/3/57 127/14/57 151/18/57
f 148/6/60 147/4/60 151/18/60 152/7/60
f 154/19/60 153/20/60 155/21/60 156/22/60
f 128/8/59 152/7/59 154/19/59 130/15/59
f 152/7/60 151/18/60 153/20/60 154/19/60
f 151/18/57 127/14/57 129/16/57 153/20/57
f 131/23/62 132/24/62 156/22/62 155/21/62
f 153/20/57 129/16/57 131/23/57 155/21/57
f 130/15/63 154/19/63 156/22/63 132/24/63
f 158/1/57 159/4/57 135/3/57 134/2/57
f 136/5/64 140/8/64 164/7/64 160/6/64
f 133/9/59 136/5/59 160/6/59 157/10/59
f 138/11/57 162/12/57 158/1/57 134/2/57
f 157/10/65 160/6/65 159/4/65 158/1/65
f 158/1/65 162/12/65 161/17/65 157/10/65
f 133/9/59 157/10/59 161/17/59 137/13/59
f 159/4/57 163/18/57 139/14/57 135/3/57
f 160/6/66 164/7/66 163/18/66 159/4/66
f 166/19/66 168/22/66 167/21/66 165/20/66
f 140/8/59 142/15/59 166/19/59 164/7/59
f 164/7/66 166/19/66 165/20/66 163/18/66
f 163/18/57 165/20/57 141/16/57 139/14/57
f 143/23/67 167/21/67 168/22/67 144/24/67
f 165/20/57 167/21/57 143/23/57 141/16/57
f 142/15/68 144/24/68 168/22/68 166/19/68
f 170/1/57 146/2/57 147/3/57 171/4/57
f 148/5/69 172/6/69 176/7/69 152/8/69
f 145/9/59 169/10/59 172/6/59 148/5/59
f 150/11/57 146/2/57 170/1/57 174/12/57
f 169/10/70 170/1/70 171/4/70 172/6/70
f 170/1/71 169/10/71 173/17/71 174/12/71
f 145/9/59 149/13/59 173/17/59 169/10/59
f 171/4/57 147/3/57 151/14/57 175/18/57
f 172/6/70 171/4/70 175/18/70 176/7/70
f 178/19/72 177/20/72 179/21/72 180/22/72
f 152/8/59 176/7/59 178/19/59 154/15/59
f 176/7/70 175/18/70 177/20/70 178/19/70
f 175/18/57 151/14/57 153/16/57 177/20/57
f 155/23/73 156/24/73 180/22/73 179/21/73
f 177/20/57 153/16/57 155/23/57 179/21/57
f 154/15/74 178/19/74 180/22/74 156/24/74
f 182/1/57 183/4/57 159/3/57 158/2/57
f 160/5/75 164/8/75 188/7/75 184/6/75
f 157/9/59 160/5/59 184/6/59 181/10/59
f 162/11/57 186/12/57 182/1/57 158/2/57
f 181/10/76 184/6/76 183/4/76 182/1/76
f 182/1/76 186/12/76 185/17/76 181/10/76
f 157/9/59 181/10/59 185/17/59 161/13/59
f 183/4/57 187/18/57 163/14/57 159/3/57
f 184/6/77 188/7/77 187/18/77 183/4/77
f 190/19/77 192/22/77 191/21/77 189/20/77
f 164/8/59 166/15/59 190/19/59 188/7/59
f 188/7/77 190/19/77 189/20/77 187/18/77
f 187/18/57 189/20/57 165/16/57 163/14/57
f 167/23/78 191/21/78 192/22/78 168/24/78
f 189/20/57 191/21/57 167/23/57 165/16/57
f 166/15/79 168/24/79 192/22/79 190/19/79
f 194/1/80 170/2/80 171/3/80 195/4/80
f 172/5/81 196/6/81 200/7/81 176/8/81
f 169/9/82 193/10/82 196/6/82 172/5/82
f 174/11/80 170/2/80 194/1/80 198/12/80
f 193/10/83 194/1/83 195/4/83 196/6/83
f 194/1/83 193/10/83 197/17/83 198/12/83
f 169/9/82 173/13/82 197/17/82 193/10/82
f 195/4/57 171/3/57 175/14/57 199/18/57
f 196/6/84 195/4/84 199/18/84 200/7/84
f 202/19/84 201/20/84 203/21/84 204/22/84
f 176/8/59 200/7/59 202/19/59 178/15/59
f 200/7/84 199/18/84 201/20/84 202/19/84
f 199/18/57 175/14/57 177/16/57 201/20/57
f 179/23/85 180/24/85 204/22/85 203/21/85
f 201/20/57 177/16/57 179/23/57 203/21/57
f 178/15/86 202/19/86 204/22/86 180/24/86
f 206/1/80 207/4/80 183/3/80 182/2/80
f 184/5/87 188/8/87 212/7/87 208/6/87
f 181/9/82 184/5/82 208/6/82 205/10/82
f 186/11/80 210/12/80 206/1/80 182/2/80
f 205/10/88 208/6/88 207/4/88 206/1/88
f 206/1/89 210/12/89 209/17/89 205/10/89
f 181/9/82 205/10/82 209/17/82 185/13/82
f 207/4/80 211/18/80 187/14/80 183/3/80
f 208/6/90 212/7/90 211/18/90 207/4/90
f 214/19/90 216/22/90 215/21/90 213/20/90
f 188/8/82 190/15/82 214/19/82 212/7/82
f 212/7/90 214/19/90 213/20/90 211/18/90
f 211/18/80 213/20/80 189/16/80 187/14/80
f 191/23/91 215/21/91 216/22/91 192/24/91
f 213/20/80 215/21/80 191/23/80 189/16/80
f 190/15/92 192/24/92 216/22/92 214/19/92
f 218/1/93 194/2/93 195/3/93 219/4/93
f 196/5/94 220/6/94 224/7/94 200/8/94
f 193/9/95 217/10/95 220/6/95 196/5/95
f 198/11/93 194/2/93 218/1/93 222/12/93
f 217/10/96 218/1/96 219/4/96 220/6/96
f 218/1/96 217/10/96 221/17/96 222/12/96
f 193/9/95 197/13/95 221/17/95 217/10/95
f 219/4/93 195/3/93 199/14/93 223/18/93
f 220/6/97 219/4/97 223/18/97 224/7/97
f 226/19/97 225/20/97 227/21/97 228/22/97
f 200/8/95 224/7/95 226/19/95 202/15/95
f 224/7/97 223/18/97 225/20/97 226/19/97
f 223/18/93 199/14/93 201/16/93 225/20/93
f 203/23/98 204/24/98 228/22/98 227/21/98
f 225/20/93 201/16/93 203/23/93 227/21/93
f 202/15/99 226/19/99 228/22/99 204/24/99
f 230/1/93 231/4/93 207/3/93 206/2/93
f 208/5/100 212/8/100 236/7/100 232/6/100
f 205/9/95 208/5/95 232/6/95 229/10/95
f 210/11/93 234/12/93 230/1/93 206/2/93
f 229/10/101 232/6/101 231/4/101 230/1/101
f 230/1/102 234/12/102 233/17/102 229/10/102
f 205/9/95 229/10/95 233/17/95 209/13/95
f 231/4/93 235/18/93 211/14/93 207/3/93
f 232/6/103 236/7/103 235/18/103 231/4/103
f 238/19/103 240/22/103 239/21/103 237/20/103
f 212/8/95 214/15/95 238/19/95 236/7/95
f 236/7/103 238/19/103 237/20/103 235/18/103
f 235/18/93 237/20/93 213/16/93 211/14/93
f 215/23/104 239/21/104 240/22/104 216/24/104
f 237/20/93 239/21/93 215/23/93 213/16/93
f 214/15/105 216/24/105 240/22/105 238/19/105
f 242/1/93 218/2/93 219/3/93 243/4/93
f 220/5/106 244/6/106 248/7/106 224/8/106
f 217/9/95 241/10/95 244/6/95 220/5/95
f 222/11/93 218/2/93 242/1/93 246/12/93
f 241/10/107 242/1/107 243/4/107 244/6/107
f 242/1/108 241/10/108 245/17/108 246/12/108
f 217/9/95 221/13/95 245/17/95 241/10/95
f 243/4/93 219/3/93 223/14/93 247/18/93
f 244/6/109 243/4/109 247/18/109 248/7/109
f 250/19/109 249/20/109 251/21/109 252/22/109
f 224/8/95 248/7/95 250/19/95 226/15/95
f 248/7/109 247/18/109 249/20/109 250/19/109
f 247/18/93 223/14/93 225/16/93 249/20/93
f 227/23/110 228/24/110 252/22/110 251/21/110
f 249/20/93 225/16/93 227/23/93 251/21/93
f 226/15/111 250/19/111 252/22/111 228/24/111
f 254/1/93 255/4/93 231/3/93 230/2/93
f 232/5/112 236/8/112 260/7/112 256/6/112
f 229/9/95 232/5/95 256/6/95 253/10/95
f 234/11/93 258/12/93 254/1/93 230/2/93
f 253/10/113 256/6/113 255/4/113 254/1/113
f 254/1/114 258/12/114 257/17/114 253/10/114
f 229/9/95 253/10/95 257/17/95 233/13/95
f 255/4/93 259/18/93 235/14/93 231/3/93
f 256/6/113 260/7/113 259/18/113 255/4/113
f 262/19/113 264/22/113 263/21/113 261/20/113
f 236/8/95 238/15/95 262/19/95 260/7/95
f 260/7/113 262/19/113 261/20/113 259/18/113
f 259/18/93 261/20/93 237/16/93 235/14/93
f 239/23/115 263/21/115 264/22/115 240/24/115
f 261/20/93 263/21/93 239/23/93 237/16/93
f 238/15/116 240/24/116 264/22/116 262/19/116
f 266/1/117 242/2/117 243/3/117 267/4/117
f 244/5/118 268/6/118 272/7/118 248/8/118
f 241/9/119 265/10/119 268/6/119 244/5/119
f 246/11/117 242/2/117 266/1/117 270/12/117
f 265/10/120 266/1/120 267/4/120 268/6/120
f 266/1/121 265/10/121 269/17/121 270/12/121
f 241/9/119 245/13/119 269/17/119 265/10/119
f 267/4/117 243/3/117 247/14/117 271/18/117
f 268/6/122 267/4/122 271/18/122 272/7/122
f 274/19/122 273/20/122 275/21/122 276/22/122
f 248/8/95 272/7/95 274/19/95 250/15/95
f 272/7/122 271/18/122 273/20/122 274/19/122
f 271/18/93 247/14/93 249/16/93 273/20/93
f 251/23/123 252/24/123 276/22/123 275/21/123
f 273/20/93 249/16/93 251/23/93 275/21/93
f 250/15/124 274/19/124 276/22/124 252/24/124
f 278/1/117 279/4/117 255/3/117 254/2/117
f 256/5/125 260/8/125 284/7/125 280/6/125
f 253/9/119 256/5/119 280/6/119 277/10/119
f 258/11/117 282/12/117 278/1/117 254/2/117
f 277/10/126 280/6/126 279/4/126 278/1/126
f 278/1/126 282/12/126 281/17/126 277/10/126
f 253/9/119 277/10/119 281/17/119 257/13/119
f 279/4/117 283/18/117 259/14/117 255/3/117
f 280/6/127 284/7/127 283/18/127 279/4/127
f 286/19/128 288/22/128 287/21/128 285/20/128
f 260/8/119 262/15/119 286/19/119 284/7/119
f 284/7/127 286/19/127 285/20/127 283/18/127
f 283/18/117 285/20/117 261/16/117 259/14/117
f 263/23/129 287/21/129 288/22/129 264/24/129
f 285/20/117 287/21/117 263/23/117 261/16/117
f 262/15/130 264/24/130 288/22/130 286/19/130
f 290/1/131 266/2/131 267/3/131 291/4/131
f 268/5/132 292/6/132 296/7/132 272/8/132
f 265/9/133 289/10/133 292/6/133 268/5/133
f 270/11/131 266/2/131 290/1/131 294/12/131
f 289/10/134 290/1/134 291/4/134 292/6/134
f 290/1/135 289/10/135 293/17/135 294/12/135
f 265/9/133 269/13/133 293/17/133 289/10/133
f 291/4/131 267/3/131 271/14/131 295/18/131
f 292/6/136 291/4/136 295/18/136 296/7/136
f 298/19/136 297/20/136 299/21/136 300/22/136
f 272/8/133 296/7/133 298/19/133 274/15/133
f 296/7/136 295/18/136 297/20/136 298/19/136
f 295/18/131 271/14/131 273/16/131 297/20/131
f 275/23/137 276/24/137 300/22/137 299/21/137
f 297/20/131 273/16/131 275/23/131 299/21/131
f 274/15/138 298/19/138 300/22/138 276/24/138
f 302/1/131 303/4/131 279/3/131 278/2/131
f 280/5/139 284/8/139 308/7/139 304/6/139
f 277/9/133 280/5/133 304/6/133 301/10/133
f 282/11/131 306/12/131 302/1/131 278/2/131
f 301/10/140 304/6/140 303/4/140 302/1/140
f 302/1/141 306/12/141 305/17/141 301/10/141
f 277/9/133 301/10/133 305/17/133 281/13/133
f 303/4/131 307/18/131 283/14/131 279/3/131
f 304/6/140 308/7/140 307/18/140 303/4/140
f 310/19/140 312/22/140 311/21/140 309/20/140
f 284/8/133 286/15/133 310/19/133 308/7/133
f 308/7/140 310/19/140 309/20/140 307/18/140
f 307/18/131 309/20/131 285/16/131 283/14/131
f 287/23/142 311/21/142 312/22/142 288/24/142
f 309/20/131 311/21/131 287/23/131 285/16/131
f 286/15/143 288/24/143 312/22/143 310/19/143
f 314/1/131 290/2/131 291/3/131 315/4/131
f 292/5/144 316/6/144 320/7/144 296/8/144
f 289/9/133 313/10/133 316/6/133 292/5/133
f 294/11/131 290/2/131 314/1/131 318/12/131
f 313/10/145 314/1/145 315/4/145 316/6/145
f 314/1/145 313/10/145 317/17/145 318/12/145
f 289/9/133 293/13/133 317/17/133 313/10/133
f 315/4/131 291/3/131 295/14/131 319/18/131
f 316/6/146 315/4/146 319/18/146 320/7/146
f 322/19/147 321/20/147 323/21/147 324/22/147
f 296/8/133 320/7/133 322/19/133 298/15/133
f 320/7/146 319/18/146 321/20/146 322/19/146
f 319/18/131 295/14/131 297/16/131 321/20/131
f 299/23/148 300/24/148 324/22/148 323/21/148
f 321/20/131 297/16/131 299/23/131 323/21/131
f 298/15/149 322/19/149 324/22/149 300/24/149
f 326/1/131 327/4/131 303/3/131 302/2/131
f 304/5/150 308/8/150 332/7/150 328/6/150
f 301/9/133 304/5/133 328/6/133 325/10/133
f 306/11/131 330/12/131 326/1/131 302/2/131
f 325/10/151 328/6/151 327/4/151 326/1/151
f 326/1/152 330/12/152 329/17/152 325/10/152
f 301/9/133 325/10/133 329/17/133 305/13/133
f 327/4/131 331/18/131 307/14/131 303/3/131
f 328/6/151 332/7/151 331/18/151 327/4/151
f 334/19/151 336/22/151 335/21/151 333/20/151
f 308/8/133 310/15/133 334/19/133 332/7/133
f 332/7/153 334/19/153 333/20/153 331/18/153
f 331/18/131 333/20/131 309/16/131 307/14/131
f 311/23/154 335/21/154 336/22/154 312/24/154
f 333/20/131 335/21/131 311/23/131 309/16/131
f 310/15/155 312/24/155 336/22/155 334/19/155
f 338/1/156 314/2/156 315/3/156 339/4/156
f 316/5/157 340/6/157 344/7/157 320/8/157
f 313/9/158 337/10/158 340/6/158 316/5/158
f 318/11/156 314/2/156 338/1/156 342/12/156
f 337/10/159 338/1/159 339/4/159 340/6/159
f 338/1/160 337/10/160 341/17/160 342/12/160
f 313/9/158 317/13/158 341/17/158 337/10/158
f 339/4/156 315/3/156 319/14/156 343/18/156
f 340/6/159 339/4/159 343/18/159 344/7/159
f 346/19/159 345/20/159 347/21/159 348/22/159
f 320/8/158 344/7/158 346/19/158 322/15/158
f 344/7/159 343/18/159 345/20/159 346/19/159
f 343/18/156 319/14/156 321/16/156 345/20/156
f 323/23/161 324/24/161 348/22/161 347/21/161
f 345/20/156 321/16/156 323/23/156 347/21/156
f 322/15/162 346/19/162 348/22/162 324/24/162
f 350/1/156 351/4/156 327/3/156 326/2/156
f 328/5/163 332/8/163 356/7/163 352/6/163
f 325/9/158 328/5/158 352/6/158 349/10/158
f 330/11/156 354/12/156 350/1/156 326/2/156
f 349/10/164 352/6/164 351/4/164 350/1/164
f 350/1/164 354/12/164 353/17/164 349/10/164
f 325/9/158 349/10/158 353/17/158 329/13/158
f 351/4/156 355/18/156 331/14/156 327/3/156
f 352/6/165 356/7/165 355/18/165 351/4/165
f 358/19/165 360/22/165 359/21/165 357/20/165
f 332/8/158 334/15/158 358/19/158 356/7/158
f 356/7/165 358/19/165 357/20/165 355/18/165
f 355/18/156 357/20/156 333/16/156 331/14/156
f 335/23/166 359/21/166 360/22/166 336/24/166
f 357/20/156 359/21/156 335/23/156 333/16/156
f 334/15/167 336/24/167 360/22/167 358/19/167
f 362/1/168 338/2/168 339/3/168 363/4/168
f 340/5/169 364/6/169 368/7/169 344/8/169
f 337/9/170 361/10/170 364/6/170 340/5/170
f 342/11/168 338/2/168 362/1/168 366/12/168
f 361/10/171 362/1/171 363/4/171 364/6/171
f 362/1/171 361/10/171 365/17/171 366/12/171
f 337/9/170 341/13/170 365/17/170 361/10/170
f 363/4/168 339/3/168 343/14/168 367/18/168
f 364/6/172 363/4/172 367/18/172 368/7/172
f 370/19/172 369/20/172 371/21/172 372/22/172
f 344/8/170 368/7/170 370/19/170 346/15/170
f 368/7/172 367/18/172 369/20/172 370/19/172
f 367/18/168 343/14/168 345/16/168 369/20/168
f 347/23/173 348/24/173 372/22/173 371/21/173
f 369/20/168 345/16/168 347/23/168 371/21/168
f 346/15/174 370/19/174 372/22/174 348/24/174
f 374/1/168 375/4/168 351/3/168 350/2/168
f 352/5/175 356/8/175 380/7/175 376/6/175
f 349/9/170 352/5/170 376/6/170 373/10/170
f 354/11/168 378/12/168 374/1/168 350/2/168
f 373/10/176 376/6/176 375/4/176 374/1/176
f 374/1/176 378/12/176 377/17/176 373/10/176
f 349/9/170 373/10/170 377/17/170 353/13/170
f 375/4/168 379/18/168 355/14/168 351/3/168
f 376/6/177 380/7/177 379/18/177 375/4/177
f 382/19/177 384/22/177 383/21/177 381/20/177
f 356/8/170 358/15/170 382/19/170 380/7/170
f 380/7/177 382/19/177 381/20/177 379/18/177
f 379/18/168 381/20/168 357/16/168 355/14/168
f 359/23/178 383/21/178 384/22/178 360/24/178
f 381/20/168 383/21/168 359/23/168 357/16/168
f 358/15/179 360/24/179 384/22/179 382/19/179
f 386/1/168 362/2/168 363/3/168 387/4/168
f 364/5/180 388/6/180 392/7/180 368/8/180
f 361/9/170 385/10/170 388/6/170 364/5/170
f 366/11/168 362/2/168 386/1/168 390/12/168
f 385/10/181 386/1/181 387/4/181 388/6/181
f 386/1/181 385/10/181 389/17/181 390/12/181
f 361/9/170 365/13/170 389/17/170 385/10/170
f 387/4/168 363/3/168 367/14/168 391/18/168
f 388/6/181 387/4/181 391/18/181 392/7/181
f 394/19/182 393/20/182 395/21/182 396/22/182
f 368/8/170 392/7/170 394/19/170 370/15/170
f 392/7/181 391/18/181 393/20/181 394/19/181
f 391/18/168 367/14/168 369/16/168 393/20/168
f 371/23/183 372/24/183 396/22/183 395/21/183
f 393/20/168 369/16/168 371/23/168 395/21/168
f 370/15/184 394/19/184 396/22/184 372/24/184
f 398/1/168 399/4/168 375/3/168 374/2/168
f 376/5/185 380/8/185 404/7/185 400/6/185
f 373/9/170 376/5/170 400/6/170 397/10/170
f 378/11/168 402/12/168 398/1/168 374/2/168
f 397/10/186 400/6/186 399/4/186 398/1/186
f 398/1/187 402/12/187 401/17/187 397/10/187
f 373/9/170 397/10/170 401/17/170 377/13/170
f 399/4/168 403/18/168 379/14/168 375/3/168
f 400/6/186 404/7/186 403/18/186 399/4/186
f 406/19/186 408/22/186 407/21/186 405/20/186
f 380/8/170 382/15/170 406/19/170 404/7/170
f 404/7/186 406/19/186 405/20/186 403/18/186
f 403/18/168 405/20/168 381/16/168 379/14/168
f 383/23/188 407/21/188 408/22/188 384/24/188
f 405/20/168 407/21/168 383/23/168 381/16/168
f 382/15/189 384/24/189 408/22/189 406/19/189
f 410/1/190 386/2/190 387/3/190 411/4/190
f 388/5/191 412/6/191 416/7/191 392/8/191
f 385/9/192 409/10/192 412/6/192 388/5/192
f 390/11/190 386/2/190 410/1/190 414/12/190
f 409/10/193 410/1/193 411/4/193 412/6/193
f 410/1/193 409/10/193 413/17/193 414/12/193
f 385/9/192 389/13/192 413/17/192 409/10/192
f 411/4/190 387/3/190 391/14/190 415/18/190
f 412/6/194 411/4/194 415/18/194 416/7/194
f 418/19/194 417/20/194 419/21/194 420/22/194
f 392/8/192 416/7/192 418/19/192 394/15/192
f 416/7/193 415/18/193 417/20/193 418/19/193
f 415/18/190 391/14/190 393/16/190 417/20/190
f 395/23/195 396/24/195 420/22/195 419/21/195
f 417/20/190 393/16/190 395/23/190 419/21/190
f 394/15/196 418/19/196 420/22/196 396/24/196
f 422/1/190 423/4/190 399/3/190 398/2/190
f 400/5/197 404/8/197 428/7/197 424/6/197
f 397/9/192 400/5/192 424/6/192 421/10/192
f 402/11/190 426/12/190 422/1/190 398/2/190
f 421/10/198 424/6/198 423/4/198 422/1/198
f 422/1/198 426/12/198 425/17/198 421/10/198
f 397/9/192 421/10/192 425/17/192 401/13/192
f 423/4/190 427/18/190 403/14/190 399/3/190
f 424/6/198 428/7/198 427/18/198 423/4/198
f 430/19/198 432/22/198 431/21/198 429/20/198
f 404/8/192 406/15/192 430/19/192 428/7/192
f 428/7/198 430/19/198 429/20/198 427/18/198
f 427/18/190 429/20/190 405/16/190 403/14/190
f 407/23/199 431/21/199 432/22/199 408/24/199
f 429/20/190 431/21/190 407/23/190 405/16/190
f 406/15/200 408/24/200 432/22/200 430/19/200
f 434/1/190 410/2/190 411/3/190 435/4/190
f 412/5/201 436/6/201 440/7/201 416/8/201
f 409/9/192 433/10/192 436/6/192 412/5/192
f 414/11/190 410/2/190 434/1/190 438/12/190
f 433/10/202 434/1/202 435/4/202 436/6/202
f 434/1/202 433/10/202 437/17/202 438/12/202
f 409/9/192 413/13/192 437/17/192 433/10/192
f 435/4/190 411/3/190 415/14/190 439/18/190
f 436/6/202 435/4/202 439/18/202 440/7/202
f 442/19/202 441/20/202 443/21/202 444/22/202
f 416/8/192 440/7/192 442/19/192 418/15/192
f 440/7/202 439/18/202 441/20/202 442/19/202
f 439/18/190 415/14/190 417/16/190 441/20/190
f 419/23/203 420/24/203 444/22/203 443/21/203
f 441/20/190 417/16/190 419/23/190 443/21/190
f 418/15/204 442/19/204 444/22/204 420/24/204
f 446/1/190 447/4/190 423/3/190 422/2/190
f 424/5/205 428/8/205 452/7/205 448/6/205
f 421/9/192 424/5/192 448/6/192 445/10/192
f 426/11/190 450/12/190 446/1/190 422/2/190
f 445/10/206 448/6/206 447/4/206 446/1/206
f 446/1/207 450/12/207 449/17/207 445/10/207
f 421/9/192 445/10/192 449/17/192 425/13/192
f 447/4/190 451/18/190 427/14/190 423/3/190
f 448/6/206 452/7/206 451/18/206 447/4/206
f 454/19/206 456/22/206 455/21/206 453/20/206
f 428/8/192 430/15/192 454/19/192 452/7/192
f 452/7/206 454/19/206 453/20/206 451/18/206
f 451/18/190 453/20/190 429/16/190 427/14/190
f 431/23/208 455/21/208 456/22/208 432/24/208
f 453/20/190 455/21/190 431/23/190 429/16/190
f 430/15/209 432/24/209 456/22/209 454/19/209
f 458/1/190 434/2/190 435/3/190 459/4/190
f 436/5/210 460/6/210 464/7/210 440/8/210
f 433/9/192 457/10/192 460/6/192 436/5/192
f 438/11/190 434/2/190 458/1/190 462/12/190
f 457/10/211 458/1/211 459/4/211 460/6/211
f 458/1/211 457/10/211 461/17/211 462/12/211
f 433/9/192 437/13/192 461/17/192 457/10/192
f 459/4/190 435/3/190 439/14/190 463/18/190
f 460/6/211 459/4/211 463/18/211 464/7/211
f 466/19/211 465/20/211 467/21/211 468/22/211
f 440/8/192 464/7/192 466/19/192 442/15/192
f 464/7/211 463/18/211 465/20/211 466/19/211
f 463/18/190 439/14/190 441/16/190 465/20/190
f 443/23/212 444/24/212 468/22/212 467/21/212
f 465/20/190 441/16/190 443/23/190 467/21/190
f 442/15/213 466/19/213 468/22/213 444/24/213
f 470/1/190 471/4/190 447/3/190 446/2/190
f 448/5/214 452/8/214 476/7/214 472/6/214
f 445/9/192 448/5/192 472/6/192 469/10/192
f 450/11/190 474/12/190 470/1/190 446/2/190
f 469/10/215 472/6/215 471/4/215 470/1/215
f 470/1/215 474/12/215 473/17/215 469/10/215
f 445/9/192 469/10/192 473/17/192 449/13/192
f 471/4/190 475/18/190 451/14/190 447/3/190
f 472/6/215 476/7/215 475/18/215 471/4/215
f 478/19/216 480/22/216 479/21/216 477/20/216
f 452/8/192 454/15/192 478/19/192 476/7/192
f 476/7/215 478/19/215 477/20/215 475/18/215
f 475/18/190 477/20/190 453/16/190 451/14/190
f 455/23/217 479/21/217 480/22/217 456/24/217
f 477/20/190 479/21/190 455/23/190 453/16/190
f 454/15/218 456/24/218 480/22/218 478/19/218
f 482/1/219 458/2/219 459/3/219 483/4/219
f 460/5/220 484/6/220 488/7/220 464/8/220
f 457/9/221 481/10/221 484/6/221 460/5/221
f 462/11/219 458/2/219 482/1/219 486/12/219
f 481/10/222 482/1/222 483/4/222 484/6/222
f 482/1/223 481/10/223 485/17/223 486/12/223
f 457/9/221 461/13/221 485/17/221 481/10/221
f 483/4/219 459/3/219 463/14/219 487/18/219
f 484/6/222 483/4/222 487/18/222 488/7/222
f 490/19/224 489/20/224 491/21/224 492/22/224
f 464/8/221 488/7/221 490/19/221 466/15/221
f 488/7/225 487/18/225 489/20/225 490/19/225
f 487/18/219 463/14/219 465/16/219 489/20/219
f 467/23/226 468/24/226 492/22/226 491/21/226
f 489/20/219 465/16/219 467/23/219 491/21/219
f 466/15/227 490/19/227 492/22/227 468/24/227
f 494/1/219 495/4/219 471/3/219 470/2/219
f 472/5/228 476/8/228 500/7/228 496/6/228
f 469/9/221 472/5/221 496/6/221 493/10/221
f 474/11/219 498/12/219 494/1/219 470/2/219
f 493/10/229 496/6/229 495/4/229 494/1/229
f 494/1/230 498/12/230 497/17/230 493/10/230
f 469/9/221 493/10/221 497/17/221 473/13/221
f 495/4/219 499/18/219 475/14/219 471/3/219
f 496/6/229 500/7/229 499/18/229 495/4/229
f 502/19/229 504/22/229 503/21/229 501/20/229
f 476/8/221 478/15/221 502/19/221 500/7/221
f 500/7/229 502/19/229 501/20/229 499/18/229
f 499/18/219 501/20/219 477/16/219 475/14/219
f 479/23/231 503/21/231 504/22/231 480/24/231
f 501/20/219 503/21/219 479/23/219 477/16/219
f 478/15/232 480/24/232 504/22/232 502/19/232
f 506/1/219 482/2/219 483/3/219 507/4/219
f 484/5/233 508/6/233 512/7/233 488/8/233
f 481/9/221 505/10/221 508/6/221 484/5/221
f 486/11/219 482/2/219 506/1/219 510/12/219
f 505/10/234 506/1/234 507/4/234 508/6/234
f 506/1/235 505/10/235 509/17/235 510/12/235
f 481/9/221 485/13/221 509/17/221 505/10/221
f 507/4/219 483/3/219 487/14/219 511/18/219
f 508/6/234 507/4/234 511/18/234 512/7/234
f 514/19/234 513/20/234 515/21/234 516/22/234
f 488/8/221 512/7/221 514/19/221 490/15/221
f 512/7/234 511/18/234 513/20/234 514/19/234
f 511/18/219 487/14/219 489/16/219 513/20/219
f 491/23/236 492/24/236 516/22/236 515/21/236
f 513/20/219 489/16/219 491/23/219 515/21/219
f 490/15/237 514/19/237 516/22/237 492/24/237
f 518/1/219 519/4/219 495/3/219 494/2/219
f 496/5/238 500/8/238 524/7/238 520/6/238
f 493/9/221 496/5/221 520/6/221 517/10/221
f 498/11/219 522/12/219 518/1/219 494/2/219
f 517/10/239 520/6/239 519/4/239 518/1/239
f 518/1/240 522/12/240 521/17/240 517/10/240
f 493/9/221 517/10/221 521/17/221 497/13/221
f 519/4/219 523/18/219 499/14/219 495/3/219
f 520/6/239 524/7/239 523/18/239 519/4/239
f 526/19/239 528/22/239 527/21/239 525/20/239
f 500/8/221 502/15/221 526/19/221 524/7/221
f 524/7/239 526/19/239 525/20/239 523/18/239
f 523/18/219 525/20/219 501/16/219 499/14/219
f 503/23/241 527/21/241 528/22/241 504/24/241
f 525/20/219 527/21/219 503/23/219 501/16/219
f 502/15/242 504/24/242 528/22/242 526/19/242
f 530/1/219 506/2/219 507/3/219 531/4/219
f 508/5/243 532/6/243 536/7/243 512/8/243
f 505/9/221 529/10/221 532/6/221 508/5/221
f 510/11/219 506/2/219 530/1/219 534/12/219
f 529/10/244 530/1/244 531/4/244 532/6/244
f 530/1/244 529/10/244 533/17/244 534/12/244
f 505/9/221 509/13/221 533/17/221 529/10/221
f 531/4/219 507/3/219 511/14/219 535/18/219
f 532/6/244 531/4/244 535/18/244 536/7/244
f 538/19/245 537/20/245 539/21/245 540/22/245
f 512/8/221 536/7/221 538/19/221 514/15/221
f 536/7/244 535/18/244 537/20/244 538/19/244
f 535/18/219 511/14/219 513/16/219 537/20/219
f 515/23/246 516/24/246 540/22/246 539/21/246
f 537/20/219 513/16/219 515/23/219 539/21/219
f 514/15/247 538/19/247 540/22/247 516/24/247
f 542/1/219 543/4/219 519/3/219 518/2/219
f 520/5/248 524/8/248 548/7/248 544/6/248
f 517/9/221 520/5/221 544/6/221 541/10/221
f 522/11/219 546/12/219 542/1/219 518/2/219
f 541/10/249 544/6/249 543/4/249 542/1/249
f 542/1/249 546/12/249 545/17/249 541/10/249
f 517/9/221 541/10/221 545/17/221 521/13/221
f 543/4/219 547/18/219 523/14/219 519/3/219
f 544/6/250 548/7/250 547/18/250 543/4/250
f 550/19/249 552/22/249 551/21/249 549/20/249
f 524/8/221 526/15/221 550/19/221 548/7/221
f 548/7/250 550/19/250 549/20/250 547/18/250
f 547/18/219 549/20/219 525/16/219 523/14/219
f 527/23/251 551/21/251 552/22/251 528/24/251
f 549/20/219 551/21/219 527/23/219 525/16/219
f 526/15/252 528/24/252 552/22/252 550/19/252
f 554/1/190 530/2/190 531/3/190 555/4/190
f 532/5/253 556/6/253 560/7/253 536/8/253
f 529/9/192 553/10/192 556/6/192 532/5/192
f 534/11/190 530/2/190 554/1/190 558/12/190
f 553/10/254 554/1/254 555/4/254 556/6/254
f 554/1/254 553/10/254 557/17/254 558/12/254
f 529/9/192 533/13/192 557/17/192 553/10/192
f 555/4/190 531/3/190 535/14/190 559/18/190
f 556/6/255 555/4/255 559/18/255 560/7/255
f 562/19/255 561/20/255 563/21/255 564/22/255
f 536/8/192 560/7/192 562/19/192 538/15/192
f 560/7/254 559/18/254 561/20/254 562/19/254
f 559/18/190 535/14/190 537/16/190 561/20/190
f 539/23/256 540/24/256 564/22/256 563/21/256
f 561/20/190 537/16/190 539/23/190 563/21/190
f 538/15/257 562/19/257 564/22/257 540/24/257
f 566/1/190 567/4/190 543/3/190 542/2/190
f 544/5/258 548/8/258 572/7/258 568/6/258
f 541/9/192 544/5/192 568/6/192 565/10/192
f 546/11/190 570/12/190 566/1/190 542/2/190
f 565/10/259 568/6/259 567/4/259 566/1/259
f 566/1/259 570/12/259 569/17/259 565/10/259
f 541/9/192 565/10/192 569/17/192 545/13/192
f 567/4/190 571/18/190 547/14/190 543/3/190
f 568/6/260 572/7/260 571/18/260 567/4/260
f 574/19/259 576/22/259 575/21/259 573/20/259
f 548/8/192 550/15/192 574/19/192 572/7/192
f 572/7/260 574/19/260 573/20/260 571/18/260
f 571/18/190 573/20/190 549/16/190 547/14/190
f 551/23/261 575/21/261 576/22/261 552/24/261
f 573/20/190 575/21/190 551/23/190 549/16/190
f 550/15/262 552/24/262 576/22/262 574/19/262
f 578/1/190 554/2/190 555/3/190 579/4/190
f 556/5/263 580/6/263 584/7/263 560/8/263
f 553/9/192 577/10/192 580/6/192 556/5/192
f 558/11/190 554/2/190 578/1/190 582/12/190
f 577/10/264 578/1/264 579/4/264 580/6/264
f 578/1/264 577/10/264 581/17/264 582/12/264
f 553/9/192 557/13/192 581/17/192 577/10/192
f 579/4/190 555/3/190 559/14/190 583/18/190
f 580/6/264 579/4/264 583/18/264 584/7/264
f 586/19/264 585/20/264 587/21/264 588/22/264
f 560/8/192 584/7/192 586/19/192 562/15/192
f 584/7/264 583/18/264 585/20/264 586/19/264
f 583/18/190 559/14/190 561/16/190 585/20/190
f 563/23/265 564/24/265 588/22/265 587/21/265
f 585/20/190 561/16/190 563/23/190 587/21/190
f 562/15/266 586/19/266 588/22/266 564/24/266
f 590/1/190 591/4/190 567/3/190 566/2/190
f 568/5/267 572/8/267 596/7/267 592/6/267
f 565/9/192 568/5/192 592/6/192 589/10/192
f 570/11/190 594/12/190 590/1/190 566/2/190
f 589/10/268 592/6/268 591/4/268 590/1/268
f 590/1/269 594/12/269 593/17/269 589/10/269
f 565/9/192 589/10/192 593/17/192 569/13/192
f 591/4/190 595/18/190 571/14/190 567/3/190
f 592/6/268 596/7/268 595/18/268 591/4/268
f 598/19/268 600/22/268 599/21/268 597/20/268
f 572/8/192 574/15/192 598/19/192 596/7/192
f 596/7/268 598/19/268 597/20/268 595/18/268
f 595/18/190 597/20/190 573/16/190 571/14/190
f 575/23/270 599/21/270 600/22/270 576/24/270
f 597/20/190 599/21/190 575/23/190 573/16/190
f 574/15/271 576/24/271 600/22/271 598/19/271
f 602/1/190 578/2/190 579/3/190 603/4/190
f 580/5/272 604/6/272 608/7/272 584/8/272
f 577/9/192 601/10/192 604/6/192 580/5/192
f 582/11/190 578/2/190 602/1/190 606/12/190
f 601/10/273 602/1/273 603/4/273 604/6/273
f 602/1/273 601/10/273 605/17/273 606/12/273
f 577/9/192 581/13/192 605/17/192 601/10/192
f 603/4/190 579/3/190 583/14/190 607/18/190
f 604/6/274 603/4/274 607/18/274 608/7/274
f 610/19/274 609/20/274 611/21/274 612/22/274
f 584/8/192 608/7/192 610/19/192 586/15/192
f 608/7/274 607/18/274 609/20/274 610/19/274
f 607/18/190 583/14/190 585/16/190 609/20/190
f 587/23/275 588/24/275 612/22/275 611/21/275
f 609/20/190 585/16/190 587/23/190 611/21/190
f 586/15/276 610/19/276 612/22/276 588/24/276
f 614/1/190 615/4/190 591/3/190 590/2/190
f 592/5/277 596/8/277 620/7/277 616/6/277
f 589/9/192 592/5/192 616/6/192 613/10/192
f 594/11/190 618/12/190 614/1/190 590/2/190
f 613/10/278 616/6/278 615/4/278 614/1/278
f 614/1/279 618/12/279 617/17/279 613/10/279
f 589/9/192 613/10/192 617/17/192 593/13/192
f 615/4/190 619/18/190 595/14/190 591/3/190
f 616/6/278 620/7/278 619/18/278 615/4/278
f 622/19/278 624/22/278 623/21/278 621/20/278
f 596/8/192 598/15/192 622/19/192 620/7/192
f 620/7/278 622/19/278 621/20/278 619/18/278
f 619/18/190 621/20/190 597/16/190 595/14/190
f 599/23/280 623/21/280 624/22/280 600/24/280
f 621/20/190 623/21/190 599/23/190 597/16/190
f 598/15/281 600/24/281 624/22/281 622/19/281
f 626/1/282 602/2/282 603/3/282 627/4/282
f 604/5/283 628/6/283 632/7/283 608/8/283
f 601/9/284 625/10/284 628/6/284 604/5/284
f 606/11/282 602/2/282 626/1/282 630/12/282
f 625/10/285 626/1/285 627/4/285 628/6/285
f 626/1/285 625/10/285 629/17/285 630/12/285
f 601/9/284 605/13/284 629/17/284 625/10/284
f 627/4/282 603/3/282 607/14/282 631/18/282
f 628/6/286 627/4/286 631/18/286 632/7/286
f 634/19/287 633/20/287 635/21/287 636/22/287
f 608/8/284 632/7/284 634/19/284 610/15/284
f 632/7/286 631/18/286 633/20/286 634/19/286
f 631/18/282 607/14/282 609/16/282 633/20/282
f 611/23/288 612/24/288 636/22/288 635/21/288
f 633/20/282 609/16/282 611/23/282 635/21/282
f 610/15/289 634/19/289 636/22/289 612/24/289
f 638/1/282 639/4/282 615/3/282 614/2/282
f 616/5/290 620/8/290 644/7/290 640/6/290
f 613/9/284 616/5/284 640/6/284 637/10/284
f 618/11/282 642/12/282 638/1/282 614/2/282
f 637/10/291 640/6/291 639/4/291 638/1/291
f 638/1/292 642/12/292 641/17/292 637/10/292
f 613/9/284 637/10/284 641/17/284 617/13/284
f 639/4/282 643/18/282 619/14/282 615/3/282
f 640/6/291 644/7/291 643/18/291 639/4/291
f 646/19/291 648/22/291 647/21/291 645/20/291
f 620/8/284 622/15/284 646/19/284 644/7/284
f 644/7/291 646/19/291 645/20/291 643/18/291
f 643/18/282 645/20/282 621/16/282 619/14/282
f 623/23/293 647/21/293 648/22/293 624/24/293
f 645/20/282 647/21/282 623/23/282 621/16/282
f 622/15/294 624/24/294 648/22/294 646/19/294
f 650/1/282 626/2/282 627/3/282 651/4/282
f 628/5/295 652/6/295 656/7/295 632/8/295
f 625/9/284 649/10/284 652/6/284 628/5/284
f 630/11/282 626/2/282 650/1/282 654/12/282
f 649/10/296 650/1/296 651/4/296 652/6/296
f 650/1/296 649/10/296 653/17/296 654/12/296
f 625/9/284 629/13/284 653/17/284 649/10/284
f 651/4/282 627/3/282 631/14/282 655/18/282
f 652/6/297 651/4/297 655/18/297 656/7/297
f 658/19/296 657/20/296 659/21/296 660/22/296
f 632/8/284 656/7/284 658/19/284 634/15/284
f 656/7/296 655/18/296 657/20/296 658/19/296
f 655/18/282 631/14/282 633/16/282 657/20/282
f 635/23/298 636/24/298 660/22/298 659/21/298
f 657/20/282 633/16/282 635/23/282 659/21/282
f 634/15/299 658/19/299 660/22/299 636/24/299
f 662/1/282 663/4/282 639/3/282 638/2/282
f 640/5/300 644/8/300 668/7/300 664/6/300
f 637/9/284 640/5/284 664/6/284 661/10/284
f 642/11/282 666/12/282 662/1/282 638/2/282
f 661/10/301 664/6/301 663/4/301 662/1/301
f 662/1/301 666/12/301 665/17/301 661/10/301
f 637/9/284 661/10/284 665/17/284 641/13/284
f 663/4/282 667/18/282 643/14/282 639/3/282
f 664/6/302 668/7/302 667/18/302 663/4/302
f 670/19/302 672/22/302 671/21/302 669/20/302
f 644/8/284 646/15/284 670/19/284 668/7/284
f 668/7/301 670/19/301 669/20/301 667/18/301
f 667/18/282 669/20/282 645/16/282 643/14/282
f 647/23/303 671/21/303 672/22/303 648/24/303
f 669/20/282 671/21/282 647/23/282 645/16/282
f 646/15/304 648/24/304 672/22/304 670/19/304
f 674/1/282 650/2/282 651/3/282 675/4/282
f 652/5/305 676/6/305 680/7/305 656/8/305
f 649/9/284 673/10/284 676/6/284 652/5/284
f 654/11/282 650/2/282 674/1/282 678/12/282
f 673/10/306 674/1/306 675/4/306 676/6/306
f 674/1/307 673/10/307 677/17/307 678/12/307
f 649/9/284 653/13/284 677/17/284 673/10/284
f 675/4/282 651/3/282 655/14/282 679/18/282
f 676/6/308 675/4/308 679/18/308 680/7/308
f 682/19/307 681/20/307 683/21/307 684/22/307
f 656/8/284 680/7/284 682/19/284 658/15/284
f 680/7/308 679/18/308 681/20/308 682/19/308
f 679/18/282 655/14/282 657/16/282 681/20/282
f 659/23/309 660/24/309 684/22/309 683/21/309
f 681/20/282 657/16/282 659/23/282 683/21/282
f 658/15/310 682/19/310 684/22/310 660/24/310
f 686/1/282 687/4/282 663/3/282 662/2/282
f 664/5/311 668/8/311 692/7/311 688/6/311
f 661/9/284 664/5/284 688/6/284 685/10/284
f 666/11/282 690/12/282 686/1/282 662/2/282
f 685/10/312 688/6/312 687/4/312 686/1/312
f 686/1/313 690/12/313 689/17/313 685/10/313
f 661/9/284 685/10/284 689/17/284 665/13/284
f 687/4/282 691/18/282 667/14/282 663/3/282
f 688/6/312 692/7/312 691/18/312 687/4/312
f 694/19/312 696/22/312 695/21/312 693/20/312
f 668/8/284 670/15/284 694/19/284 692/7/284
f 692/7/312 694/19/312 693/20/312 691/18/312
f 691/18/282 693/20/282 669/16/282 667/14/282
f 671/23/314 695/21/314 696/22/314 672/24/314
f 693/20/282 695/21/282 671/23/282 669/16/282
f 670/15/315 672/24/315 696/22/315 694/19/315
f 698/1/316 674/2/316 675/3/316 699/4/316
f 676/5/317 700/6/317 704/7/317 680/8/317
f 673/9/318 697/10/318 700/6/318 676/5/318
f 678/11/316 674/2/316 698/1/316 702/12/316
f 697/10/319 698/1/319 699/4/319 700/6/319
f 698/1/319 697/10/319 701/17/319 702/12/319
f 673/9/318 677/13/318 701/17/318 697/10/318
f 699/4/316 675/3/316 679/14/316 703/18/316
f 700/6/320 699/4/320 703/18/320 704/7/320
f 706/19/320 705/20/320 707/21/320 708/22/320
f 680/8/318 704/7/318 706/19/318 682/15/318
f 704/7/319 703/18/319 705/20/319 706/19/319
f 703/18/316 679/14/316 681/16/316 705/20/316
f 683/23/321 684/24/321 708/22/321 707/21/321
f 705/20/316 681/16/316 683/23/316 707/21/316
f 682/15/322 706/19/322 708/22/322 684/24/322
f 710/1/316 711/4/316 687/3/316 686/2/316
f 688/5/323 692/8/323 716/7/323 712/6/323
f 685/9/318 688/5/318 712/6/318 709/10/318
f 690/11/316 714/12/316 710/1/316 686/2/316
f 709/10/324 712/6/324 711/4/324 710/1/324
f 710/1/325 714/12/325 713/17/325 709/10/325
f 685/9/318 709/10/318 713/17/318 689/13/318
f 711/4/316 715/18/316 691/14/316 687/3/316
f 712/6/324 716/7/324 715/18/324 711/4/324
f 718/19/324 720/22/324 719/21/324 717/20/324
f 692/8/318 694/15/318 718/19/318 716/7/318
f 716/7/324 718/19/324 717/20/324 715/18/324
f 715/18/316 717/20/316 693/16/316 691/14/316
f 695/23/326 719/21/326 720/22/326 696/24/326
f 717/20/316 719/21/316 695/23/316 693/16/316
f 694/15/327 696/24/327 720/22/327 718/19/327
f 722/1/316 698/2/316 699/3/316 723/4/316
f 700/5/328 724/6/328 728/7/328 704/8/328
f 697/9/318 721/10/318 724/6/318 700/5/318
f 702/11/316 698/2/316 722/1/316 726/12/316
f 721/10/329 722/1/329 723/4/329 724/6/329
f 722/1/330 721/10/330 725/17/330 726/12/330
f 697/9/318 701/13/318 725/17/318 721/10/318
f 723/4/316 699/3/316 703/14/316 727/18/316
f 724/6/331 723/4/331 727/18/331 728/7/331
f 730/19/331 729/20/331 731/21/331 732/22/331
f 704/8/318 728/7/318 730/19/318 706/15/318
f 728/7/332 727/18/332 729/20/332 730/19/332
f 727/18/316 703/14/316 705/16/316 729/20/316
f 707/23/333 708/24/333 732/22/333 731/21/333
f 729/20/316 705/16/316 707/23/316 731/21/316
f 706/15/334 730/19/334 732/22/334 708/24/334
f 734/1/316 735/4/316 711/3/316 710/2/316
f 712/5/335 716/8/335 740/7/335 736/6/335
f 709/9/318 712/5/318 736/6/318 733/10/318
f 714/11/316 738/12/316 734/1/316 710/2/316
f 733/10/336 736/6/336 735/4/336 734/1/336
f 734/1/337 738/12/337 737/17/337 733/10/337
f 709/9/318 733/10/318 737/17/318 713/13/318
f 735/4/316 739/18/316 715/14/316 711/3/316
f 736/6/336 740/7/336 739/18/336 735/4/336
f 742/19/336 744/22/336 743/21/336 741/20/336
f 716/8/318 718/15/318 742/19/318 740/7/318
f 740/7/338 742/19/338 741/20/338 739/18/338
f 739/18/316 741/20/316 717/16/316 715/14/316
f 719/23/339 743/21/339 744/22/339 720/24/339
f 741/20/316 743/21/316 719/23/316 717/16/316
f 718/15/340 720/24/340 744/22/340 742/19/340
f 746/1/341 722/2/341 723/3/341 747/4/341
f 724/5/342 748/6/342 752/7/342 728/8/342
f 721/9/343 745/10/343 748/6/343 724/5/343
f 726/11/341 722/2/341 746/1/341 750/12/341
f 745/10/344 746/1/344 747/4/344 748/6/344
f 746/1/345 745/10/345 749/17/345 750/12/345
f 721/9/343 725/13/343 749/17/343 745/10/343
f 747/4/341 723/3/341 727/14/341 751/18/341
f 748/6/346 747/4/346 751/18/346 752/7/346
f 754/19/347 753/20/347 755/21/347 756/22/347
f 728/8/343 752/7/343 754/19/343 730/15/343
f 752/7/346 751/18/346 753/20/346 754/19/346
f 751/18/341 727/14/341 729/16/341 753/20/341
f 731/23/348 732/24/348 756/22/348 755/21/348
f 753/20/341 729/16/341 731/23/341 755/21/341
f 730/15/349 754/19/349 756/22/349 732/24/349
f 758/1/341 759/4/341 735/3/341 734/2/341
f 736/5/350 740/8/350 764/7/350 760/6/350
f 733/9/343 736/5/343 760/6/343 757/10/343
f 738/11/341 762/12/341 758/1/341 734/2/341
f 757/10/351 760/6/351 759/4/351 758/1/351
f 758/1/351 762/12/351 761/17/351 757/10/351
f 733/9/343 757/10/343 761/17/343 737/13/343
f 759/4/341 763/18/341 739/14/341 735/3/341
f 760/6/352 764/7/352 763/18/352 759/4/352
f 766/19/352 768/22/352 767/21/352 765/20/352
f 740/8/343 742/15/343 766/19/343 764/7/343
f 764/7/352 766/19/352 765/20/352 763/18/352
f 763/18/341 765/20/341 741/16/341 739/14/341
f 743/23/353 767/21/353 768/22/353 744/24/353
f 765/20/341 767/21/341 743/23/341 741/16/341
f 742/15/354 744/24/354 768/22/354 766/19/354
f 770/1/355 746/2/355 747/3/355 771/4/355
f 748/5/356 772/6/356 776/7/356 752/8/356
f 745/9/357 769/10/357 772/6/357 748/5/357
f 750/11/358 746/2/358 770/1/358 774/12/358
f 769/10/359 770/1/359 771/4/359 772/6/359
f 770/1/360 769/10/360 773/17/360 774/12/360
f 745/9/361 749/13/361 773/17/361 769/10/361
f 771/4/355 747/3/355 751/14/355 775/18/355
f 772/6/362 771/4/362 775/18/362 776/7/362
f 778/19/362 777/20/362 779/21/362 780/22/362
f 752/8/357 776/7/357 778/19/357 754/15/357
f 776/7/362 775/18/362 777/20/362 778/19/362
f 775/18/355 751/14/355 753/16/355 777/20/355
f 755/23/363 756/24/363 780/22/363 779/21/363
f 777/20/355 753/16/355 755/23/355 779/21/355
f 754/15/364 778/19/364 780/22/364 756/24/364
f 782/1/358 783/4/358 759/3/358 758/2/358
f 760/5/365 764/8/365 788/7/365 784/6/365
f 757/9/361 760/5/361 784/6/361 781/10/361
f 762/11/358 786/12/358 782/1/358 758/2/358
f 781/10/366 784/6/366 783/4/366 782/1/366
f 782/1/367 786/12/367 785/17/367 781/10/367
f 757/9/361 781/10/361 785/17/361 761/13/361
f 783/4/358 787/18/358 763/14/358 759/3/358
f 784/6/366 788/7/366 787/18/366 783/4/366
f 790/19/368 792/22/368 791/21/368 789/20/368
f 764/8/361 766/15/361 790/19/361 788/7/361
f 788/7/368 790/19/368 789/20/368 787/18/368
f 787/18/358 789/20/358 765/16/358 763/14/358
f 767/23/369 791/21/369 792/22/369 768/24/369
f 789/20/358 791/21/358 767/23/358 765/16/358
f 766/15/370 768/24/370 792/22/370 790/19/370
f 794/1/371 770/2/371 771/3/371 795/4/371
f 772/5/372 796/6/372 800/7/372 776/8/372
f 769/9/373 793/10/373 796/6/373 772/5/373
f 774/11/371 770/2/371 794/1/371 798/12/371
f 793/10/374 794/1/374 795/4/374 796/6/374
f 794/1/375 793/10/375 797/17/375 798/12/375
f 769/9/373 773/13/373 797/17/373 793/10/373
f 795/4/371 771/3/371 775/14/371 799/18/371
f 796/6/376 795/4/376 799/18/376 800/7/376
f 802/19/377 801/20/377 803/21/377 804/22/377
f 776/8/373 800/7/373 802/19/373 778/15/373
f 800/7/376 799/18/376 801/20/376 802/19/376
f 799/18/371 775/14/371 777/16/371 801/20/371
f 779/23/378 780/24/378 804/22/378 803/21/378
f 801/20/371 777/16/371 779/23/371 803/21/371
f 778/15/379 802/19/379 804/22/379 780/24/379
f 806/1/371 807/4/371 783/3/371 782/2/371
f 784/5/380 788/8/380 812/7/380 808/6/380
f 781/9/373 784/5/373 808/6/373 805/10/373
f 786/11/371 810/12/371 806/1/371 782/2/371
f 805/10/381 808/6/381 807/4/381 806/1/381
f 806/1/382 810/12/382 809/17/382 805/10/382
f 781/9/373 805/10/373 809/17/373 785/13/373
f 807/4/371 811/18/371 787/14/371 783/3/371
f 808/6/383 812/7/383 811/18/383 807/4/383
f 814/19/383 816/22/383 815/21/383 813/20/383
f 788/8/373 790/15/373 814/19/373 812/7/373
f 812/7/383 814/19/383 813/20/383 811/18/383
f 811/18/371 813/20/371 789/16/371 787/14/371
f 791/23/384 815/21/384 816/22/384 792/24/384
f 813/20/371 815/21/371 791/23/371 789/16/371
f 790/15/385 792/24/385 816/22/385 814/19/385
f 818/1/386 794/2/386 795/3/386 819/4/386
f 796/5/387 820/6/387 824/7/387 800/8/387
f 793/9/388 817/10/388 820/6/388 796/5/388
f 798/11/386 794/2/386 818/1/386 822/12/386
f 817/10/389 818/1/389 819/4/389 820/6/389
f 818/1/390 817/10/390 821/17/390 822/12/390
f 793/9/388 797/13/388 821/17/388 817/10/388
f 819/4/386 795/3/386 799/14/386 823/18/386
f 820/6/389 819/4/389 823/18/389 824/7/389
f 826/19/389 825/20/389 827/21/389 828/22/389
f 800/8/388 824/7/388 826/19/388 802/15/388
f 824/7/389 823/18/389 825/20/389 826/19/389
f 823/18/386 799/14/386 801/16/386 825/20/386
f 803/23/391 804/24/391 828/22/391 827/21/391
f 825/20/386 801/16/386 803/23/386 827/21/386
f 802/15/392 826/19/392 828/22/392 804/24/392
f 830/1/386 831/4/386 807/3/386 806/2/386
f 808/5/393 812/8/393 836/7/393 832/6/393
f 805/9/388 808/5/388 832/6/388 829/10/388
f 810/11/386 834/12/386 830/1/386 806/2/386
f 829/10/394 832/6/394 831/4/394 830/1/394
f 830/1/394 834/12/394 833/17/394 829/10/394
f 805/9/388 829/10/388 833/17/388 809/13/388
f 831/4/386 835/18/386 811/14/386 807/3/386
f 832/6/394 836/7/394 835/18/394 831/4/394
f 838/19/394 840/22/394 839/21/394 837/20/394
f 812/8/388 814/15/388 838/19/388 836/7/388
f 836/7/394 838/19/394 837/20/394 835/18/394
f 835/18/386 837/20/386 813/16/386 811/14/386
f 815/23/395 839/21/395 840/22/395 816/24/395
f 837/20/386 839/21/386 815/23/386 813/16/386
f 814/15/396 816/24/396 840/22/396 838/19/396
f 842/1/397 818/2/397 819/3/397 843/4/397
f 820/5/398 844/6/398 848/7/398 824/8/398
f 817/9/399 841/10/399 844/6/399 820/5/399
f 822/11/397 818/2/397 842/1/397 846/12/397
f 841/10/400 842/1/400 843/4/400 844/6/400
f 842/1/400 841/10/400 845/17/400 846/12/400
f 817/9/399 821/13/399 845/17/399 841/10/399
f 843/4/397 819/3/397 823/14/397 847/18/397
f 844/6/400 843/4/400 847/18/400 848/7/400
f 850/19/400 849/20/400 851/21/400 852/22/400
f 824/8/399 848/7/399 850/19/399 826/15/399
f 848/7/400 847/18/400 849/20/400 850/19/400
f 847/18/397 823/14/397 825/16/397 849/20/397
f 827/23/401 828/24/401 852/22/401 851/21/401
f 849/20/397 825/16/397 827/23/397 851/21/397
f 826/15/402 850/19/402 852/22/402 828/24/402
f 854/1/397 855/4/397 831/3/397 830/2/397
f 832/5/403 836/8/403 860/7/403 856/6/403
f 829/9/399 832/5/399 856/6/399 853/10/399
f 834/11/397 858/12/397 854/1/397 830/2/397
f 853/10/404 856/6/404 855/4/404 854/1/404
f 854/1/404 858/12/404 857/17/404 853/10/404
f 829/9/399 853/10/399 857/17/399 833/13/399
f 855/4/397 859/18/397 835/14/397 831/3/397
f 856/6/404 860/7/404 859/18/404 855/4/404
f 862/19/404 864/22/404 863/21/404 861/20/404
f 836/8/399 838/15/399 862/19/399 860/7/399
f 860/7/404 862/19/404 861/20/404 859/18/404
f 859/18/397 861/20/397 837/16/397 835/14/397
f 839/23/405 863/21/405 864/22/405 840/24/405
f 861/20/397 863/21/397 839/23/397 837/16/397
f 838/15/406 840/24/406 864/22/406 862/19/406
f 866/1/397 842/2/397 843/3/397 867/4/397
f 844/5/407 868/6/407 872/7/407 848/8/407
f 841/9/399 865/10/399 868/6/399 844/5/399
f 846/11/397 842/2/397 866/1/397 870/12/397
f 865/10/408 866/1/408 867/4/408 868/6/408
f 866/1/408 865/10/408 869/17/408 870/12/408
f 841/9/399 845/13/399 869/17/399 865/10/399
f 867/4/397 843/3/397 847/14/397 871/18/397
f 868/6/409 867/4/409 871/18/409 872/7/409
f 874/19/409 873/20/409 875/21/409 876/22/409
f 848/8/399 872/7/399 874/19/399 850/15/399
f 872/7/409 871/18/409 873/20/409 874/19/409
f 871/18/397 847/14/397 849/16/397 873/20/397
f 851/23/410 852/24/410 876/22/410 875/21/410
f 873/20/397 849/16/397 851/23/397 875/21/397
f 850/15/411 874/19/411 876/22/411 852/24/411
f 878/1/397 879/4/397 855/3/397 854/2/397
f 856/5/412 860/8/412 884/7/412 880/6/412
f 853/9/399 856/5/399 880/6/399 877/10/399
f 858/11/397 882/12/397 878/1/397 854/2/397
f 877/10/413 880/6/413 879/4/413 878/1/413
f 878/1/413 882/12/413 881/17/413 877/10/413
f 853/9/399 877/10/399 881/17/399 857/13/399
f 879/4/397 883/18/397 859/14/397 855/3/397
f 880/6/413 884/7/413 883/18/413 879/4/413
f 886/19/413 888/22/413 887/21/413 885/20/413
f 860/8/399 862/15/399 886/19/399 884/7/399
f 884/7/414 886/19/414 885/20/414 883/18/414
f 883/18/397 885/20/397 861/16/397 859/14/397
f 863/23/415 887/21/415 888/22/415 864/24/415
f 885/20/397 887/21/397 863/23/397 861/16/397
f 862/15/416 864/24/416 888/22/416 886/19/416
f 890/1/397 866/2/397 867/3/397 891/4/397
f 868/5/417 892/6/417 896/7/417 872/8/417
f 865/9/399 889/10/399 892/6/399 868/5/399
f 870/11/397 866/2/397 890/1/397 894/12/397
f 889/10/418 890/1/418 891/4/418 892/6/418
f 890/1/418 889/10/418 893/17/418 894/12/418
f 865/9/399 869/13/399 893/17/399 889/10/399
f 891/4/397 867/3/397 871/14/397 895/18/397
f 892/6/419 891/4/419 895/18/419 896/7/419
f 898/19/419 897/20/419 899/21/419 900/22/419
f 872/8/399 896/7/399 898/19/399 874/15/399
f 896/7/419 895/18/419 897/20/419 898/19/419
f 895/18/397 871/14/397 873/16/397 897/20/397
f 875/23/420 876/24/420 900/22/420 899/21/420
f 897/20/397 873/16/397 875/23/397 899/21/397
f 874/15/421 898/19/421 900/22/421 876/24/421
f 902/1/397 903/4/397 879/3/397 878/2/397
f 880/5/422 884/8/422 908/7/422 904/6/422
f 877/9/399 880/5/399 904/6/399 901/10/399
f 882/11/397 906/12/397 902/1/397 878/2/397
f 901/10/423 904/6/423 903/4/423 902/1/423
f 902/1/424 906/12/424 905/17/424 901/10/424
f 877/9/399 901/10/399 905/17/399 881/13/399
f 903/4/397 907/18/397 883/14/397 879/3/397
f 904/6/423 908/7/423 907/18/423 903/4/423
f 910/19/423 912/22/423 911/21/423 909/20/423
f 884/8/399 886/15/399 910/19/399 908/7/399
f 908/7/424 910/19/424 909/20/424 907/18/424
f 907/18/397 909/20/397 885/16/397 883/14/397
f 887/23/425 911/21/425 912/22/425 888/24/425
f 909/20/397 911/21/397 887/23/397 885/16/397
f 886/15/426 888/24/426 912/22/426 910/19/426
f 914/1/397 890/2/397 891/3/397 915/4/397
f 892/5/427 916/6/427 920/7/427 896/8/427
f 889/9/399 913/10/399 916/6/399 892/5/399
f 894/11/397 890/2/397 914/1/397 918/12/397
f 913/10/428 914/1/428 915/4/428 916/6/428
f 914/1/428 913/10/428 917/17/428 918/12/428
f 889/9/399 893/13/399 917/17/399 913/10/399
f 915/4/397 891/3/397 895/14/397 919/18/397
f 916/6/428 915/4/428 919/18/428 920/7/428
f 922/19/428 921/20/428 923/21/428 924/22/428
f 896/8/399 920/7/399 922/19/399 898/15/399
f 920/7/428 919/18/428 921/20/428 922/19/428
f 919/18/397 895/14/397 897/16/397 921/20/397
f 899/23/429 900/24/429 924/22/429 923/21/429
f 921/20/397 897/16/397 899/23/397 923/21/397
f 898/15/430 922/19/430 924/22/430 900/24/430
f 926/1/397 927/4/397 903/3/397 902/2/397
f 904/5/431 908/8/431 932/7/431 928/6/431
f 901/9/399 904/5/399 928/6/399 925/10/399
f 906/11/397 930/12/397 926/1/397 902/2/397
f 925/10/432 928/6/432 927/4/432 926/1/432
f 926/1/432 930/12/432 929/17/432 925/10/432
f 901/9/399 925/10/399 929/17/399 905/13/399
f 927/4/397 931/18/397 907/14/397 903/3/397
f 928/6/432 932/7/432 931/18/432 927/4/432
f 934/19/432 936/22/432 935/21/432 933/20/432
f 908/8/399 910/15/399 934/19/399 932/7/399
f 932/7/432 934/19/432 933/20/432 931/18/432
f 931/18/397 933/20/397 909/16/397 907/14/397
f 911/23/433 935/21/433 936/22/433 912/24/433
f 933/20/397 935/21/397 911/23/397 909/16/397
f 910/15/434 912/24/434 936/22/434 934/19/434
f 938/1/435 914/2/435 915/3/435 939/4/435
f 916/5/436 940/6/436 944/7/436 920/8/436
f 913/9/437 937/10/437 940/6/437 916/5/437
f 918/11/435 914/2/435 938/1/435 942/12/435
f 937/10/438 938/1/438 939/4/438 940/6/438
f 938/1/438 937/10/438 941/17/438 942/12/438
f 913/9/437 917/13/437 941/17/437 937/10/437
f 939/4/435 915/3/435 919/14/435 943/18/435
f 940/6/438 939/4/438 943/18/438 944/7/438
f 946/19/439 945/20/439 947/21/439 948/22/439
f 920/8/437 944/7/437 946/19/437 922/15/437
f 944/7/438 943/18/438 945/20/438 946/19/438
f 943/18/435 919/14/435 921/16/435 945/20/435
f 923/23/440 924/24/440 948/22/440 947/21/440
f 945/20/435 921/16/435 923/23/435 947/21/435
f 922/15/441 946/19/441 948/22/441 924/24/441
f 950/1/435 951/4/435 927/3/435 926/2/435
f 928/5/442 932/8/442 956/7/442 952/6/442
f 925/9/437 928/5/437 952/6/437 949/10/437
f 930/11/435 954/12/435 950/1/435 926/2/435
f 949/10/443 952/6/443 951/4/443 950/1/443
f 950/1/443 954/12/443 953/17/443 949/10/443
f 925/9/437 949/10/437 953/17/437 929/13/437
f 951/4/435 955/18/435 931/14/435 927/3/435
f 952/6/444 956/7/444 955/18/444 951/4/444
f 958/19/443 960/22/443 959/21/443 957/20/443
f 932/8/437 934/15/437 958/19/437 956/7/437
f 956/7/443 958/19/443 957/20/443 955/18/443
f 955/18/435 957/20/435 933/16/435 931/14/435
f 935/23/445 959/21/445 960/22/445 936/24/445
f 957/20/435 959/21/435 935/23/435 933/16/435
f 934/15/446 936/24/446 960/22/446 958/19/446
f 962/1/435 938/2/435 939/3/435 963/4/435
f 940/5/447 964/6/447 968/7/447 944/8/447
f 937/9/437 961/10/437 964/6/437 940/5/437
f 942/11/435 938/2/435 962/1/435 966/12/435
f 961/10/448 962/1/448 963/4/448 964/6/448
f 962/1/448 961/10/448 965/17/448 966/12/448
f 937/9/437 941/13/437 965/17/437 961/10/437
f 963/4/435 939/3/435 943/14/435 967/18/435
f 964/6/448 963/4/448 967/18/448 968/7/448
f 970/19/448 969/20/448 971/21/448 972/22/448
f 944/8/437 968/7/437 970/19/437 946/15/437
f 968/7/448 967/18/448 969/20/448 970/19/448
f 967/18/435 943/14/435 945/16/435 969/20/435
f 947/23/449 948/24/449 972/22/449 971/21/449
f 969/20/435 945/16/435 947/23/435 971/21/435
f 946/15/450 970/19/450 972/22/450 948/24/450
f 974/1/435 975/4/435 951/3/435 950/2/435
f 952/5/451 956/8/451 980/7/451 976/6/451
f 949/9/437 952/5/437 976/6/437 973/10/437
f 954/11/435 978/12/435 974/1/435 950/2/435
f 973/10/452 976/6/452 975/4/452 974/1/452
f 974/1/452 978/12/452 977/17/452 973/10/452
f 949/9/437 973/10/437 977/17/437 953/13/437
f 975/4/435 979/18/435 955/14/435 951/3/435
f 976/6/453 980/7/453 979/18/453 975/4/453
f 982/19/453 984/22/453 983/21/453 981/20/453
f 956/8/437 958/15/437 982/19/437 980/7/437
f 980/7/452 982/19/452 981/20/452 979/18/452
f 979/18/435 981/20/435 957/16/435 955/14/435
f 959/23/454 983/21/454 984/22/454 960/24/454
f 981/20/435 983/21/435 959/23/435 957/16/435
f 958/15/455 960/24/455 984/22/455 982/19/455
f 986/1/435 962/2/435 963/3/435 987/4/435
f 964/5/447 988/6/447 992/7/447 968/8/447
f 961/9/437 985/10/437 988/6/437 964/5/437
f 966/11/435 962/2/435 986/1/435 990/12/435
f 985/10/456 986/1/456 987/4/456 988/6/456
f 986/1/457 985/10/457 989/17/457 990/12/457
f 961/9/437 965/13/437 989/17/437 985/10/437
f 987/4/435 963/3/435 967/14/435 991/18/435
f 988/6/457 987/4/457 991/18/457 992/7/457
f 994/19/457 993/20/457 995/21/457 996/22/457
f 968/8/437 992/7/437 994/19/437 970/15/437
f 992/7/456 991/18/456 993/20/456 994/19/456
f 991/18/435 967/14/435 969/16/435 993/20/435
f 971/23/449 972/24/449 996/22/449 995/21/449
f 993/20/435 969/16/435 971/23/435 995/21/435
f 970/15/458 994/19/458 996/22/458 972/24/458
f 998/1/435 999/4/435 975/3/435 974/2/435
f 976/5/451 980/8/451 1004/7/451 1000/6/451
f 973/9/437 976/5/437 1000/6/437 997/10/437
f 978/11/435 1002/12/435 998/1/435 974/2/435
f 997/10/459 1000/6/459 999/4/459 998/1/459
f 998/1/459 1002/12/459 1001/17/459 997/10/459
f 973/9/437 997/10/437 1001/17/437 977/13/437
f 999/4/435 1003/18/435 979/14/435 975/3/435
f 1000/6/459 1004/7/459 1003/18/459 999/4/459
f 1006/19/459 1008/22/459 1007/21/459 1005/20/459
f 980/8/437 982/15/437 1006/19/437 1004/7/437
f 1004/7/459 1006/19/459 1005/20/459 1003/18/459
f 1003/18/435 1005/20/435 981/16/435 979/14/435
f 983/23/460 1007/21/460 1008/22/460 984/24/460
f 1005/20/435 1007/21/435 983/23/435 981/16/435
f 982/15/455 984/24/455 1008/22/455 1006/19/455
f 1010/1/461 986/2/461 987/3/461 1011/4/461
f 988/5/462 1012/6/462 1016/7/462 992/8/462
f 985/9/463 1009/10/463 1012/6/463 988/5/463
f 990/11/461 986/2/461 1010/1/461 1014/12/461
f 1009/10/464 1010/1/464 1011/4/464 1012/6/464
f 1010/1/464 1009/10/464 1013/17/464 1014/12/464
f 985/9/463 989/13/463 1013/17/463 1009/10/463
f 1011/4/461 987/3/461 991/14/461 1015/18/461
f 1012/6/465 1011/4/465 1015/18/465 1016/7/465
f 1018/19/464 1017/20/464 1019/21/464 1020/22/464
f 992/8/463 1016/7/463 1018/19/463 994/15/463
f 1016/7/465 1015/18/465 1017/20/465 1018/19/465
f 1015/18/461 991/14/461 993/16/461 1017/20/461
f 995/23/466 996/24/466 1020/22/466 1019/21/466
f 1017/20/461 993/16/461 995/23/461 1019/21/461
f 994/15/467 1018/19/467 1020/22/467 996/24/467
f 1022/1/461 1023/4/461 999/3/461 998/2/461
f 1000/5/468 1004/8/468 1028/7/468 1024/6/468
f 997/9/463 1000/5/463 1024/6/463 1021/10/463
f 1002/11/461 1026/12/461 1022/1/461 998/2/461
f 1021/10/469 1024/6/469 1023/4/469 1022/1/469
f 1022/1/469 1026/12/469 1025/17/469 1021/10/469
f 997/9/463 1021/10/463 1025/17/463 1001/13/463
f 1023/4/461 1027/18/461 1003/14/461 999/3/461
f 1024/6/469 1028/7/469 1027/18/469 1023/4/469
f 1030/19/469 1032/22/469 1031/21/469 1029/20/469
f 1004/8/463 1006/15/463 1030/19/463 1028/7/463
f 1028/7/469 1030/19/469 1029/20/469 1027/18/469
f 1027/18/461 1029/20/461 1005/16/461 1003/14/461
f 1007/23/470 1031/21/470 1032/22/470 1008/24/470
f 1029/20/461 1031/21/461 1007/23/461 1005/16/461
f 1006/15/471 1008/24/471 1032/22/471 1030/19/471
f 1034/1/472 1010/2/472 1011/3/472 1035/4/472
f 1012/5/473 1036/6/473 1040/7/473 1016/8/473
f 1009/9/474 1033/10/474 1036/6/474 1012/5/474
f 1014/11/472 1010/2/472 1034/1/472 1038/12/472
f 1033/10/475 1034/1/475 1035/4/475 1036/6/475
f 1034/1/476 1033/10/476 1037/17/476 1038/12/476
f 1009/9/474 1013/13/474 1037/17/474 1033/10/474
f 1035/4/477 1011/3/477 1015/14/477 1039/18/477
f 1036/6/475 1035/4/475 1039/18/475 1040/7/475
f 1042/19/478 1041/20/478 1043/21/478 1044/22/478
f 1016/8/479 1040/7/479 1042/19/479 1018/15/479
f 1040/7/476 1039/18/476 1041/20/476 1042/19/476
f 1039/18/477 1015/14/477 1017/16/477 1041/20/477
f 1019/23/480 1020/24/480 1044/22/480 1043/21/480
f 1041/20/477 1017/16/477 1019/23/477 1043/21/477
f 1018/15/481 1042/19/481 1044/22/481 1020/24/481
f 1046/1/472 1047/4/472 1023/3/472 1022/2/472
f 1024/5/482 1028/8/482 1052/7/482 1048/6/482
f 1021/9/474 1024/5/474 1048/6/474 1045/10/474
f 1026/11/472 1050/12/472 1046/1/472 1022/2/472
f 1045/10/483 1048/6/483 1047/4/483 1046/1/483
f 1046/1/484 1050/12/484 1049/17/484 1045/10/484
f 1021/9/474 1045/10/474 1049/17/474 1025/13/474
f 1047/4/472 1051/18/472 1027/14/472 1023/3/472
f 1048/6/483 1052/7/483 1051/18/483 1047/4/483
f 1054/19/483 1056/22/483 1055/21/483 1053/20/483
f 1028/8/474 1030/15/474 1054/19/474 1052/7/474
f 1052/7/483 1054/19/483 1053/20/483 1051/18/483
f 1051/18/472 1053/20/472 1029/16/472 1027/14/472
f 1031/23/485 1055/21/485 1056/22/485 1032/24/485
f 1053/20/472 1055/21/472 1031/23/472 1029/16/472
f 1030/15/486 1032/24/486 1056/22/486 1054/19/486
f 1058/1/487 1034/2/487 1035/3/487 1059/4/487
f 1036/5/488 1060/6/488 1064/7/488 1040/8/488
f 1033/9/489 1057/10/489 1060/6/489 1036/5/489
f 1038/11/487 1034/2/487 1058/1/487 1062/12/487
f 1057/10/490 1058/1/490 1059/4/490 1060/6/490
f 1058/1/491 1057/10/491 1061/17/491 1062/12/491
f 1033/9/489 1037/13/489 1061/17/489 1057/10/489
f 1059/4/487 1035/3/487 1039/14/487 1063/18/487
f 1060/6/490 1059/4/490 1063/18/490 1064/7/490
f 1066/19/492 1065/20/492 1067/21/492 1068/22/492
f 1040/8/489 1064/7/489 1066/19/489 1042/15/489
f 1064/7/490 1063/18/490 1065/20/490 1066/19/490
f 1063/18/487 1039/14/487 1041/16/487 1065/20/487
f 1043/23/493 1044/24/493 1068/22/493 1067/21/493
f 1065/20/487 1041/16/487 1043/23/487 1067/21/487
f 1042/15/494 1066/19/494 1068/22/494 1044/24/494
f 1070/1/487 1071/4/487 1047/3/487 1046/2/487
f 1048/5/495 1052/8/495 1076/7/495 1072/6/495
f 1045/9/489 1048/5/489 1072/6/489 1069/10/489
f 1050/11/487 1074/12/487 1070/1/487 1046/2/487
f 1069/10/496 1072/6/496 1071/4/496 1070/1/496
f 1070/1/496 1074/12/496 1073/17/496 1069/10/496
f 1045/9/489 1069/10/489 1073/17/489 1049/13/489
f 1071/4/487 1075/18/487 1051/14/487 1047/3/487
f 1072/6/496 1076/7/496 1075/18/496 1071/4/496
f 1078/19/497 1080/22/497 1079/21/497 1077/20/497
f 1052/8/489 1054/15/489 1078/19/489 1076/7/489
f 1076/7/496 1078/19/496 1077/20/496 1075/18/496
f 1075/18/487 1077/20/487 1053/16/487 1051/14/487
f 1055/23/498 1079/21/498 1080/22/498 1056/24/498
f 1077/20/487 1079/21/487 1055/23/487 1053/16/487
f 1054/15/499 1056/24/499 1080/22/499 1078/19/499
f 1082/1/500 1058/2/500 1059/3/500 1083/4/500
f 1060/5/501 1084/6/501 1088/7/501 1064/8/501
f 1057/9/502 1081/10/502 1084/6/502 1060/5/502
f 1062/11/503 1058/2/503 1082/1/503 1086/12/503
f 1081/10/504 1082/1/504 1083/4/504 1084/6/504
f 1082/1/504 1081/10/504 1085/17/504 1086/12/504
f 1057/9/505 1061/13/505 1085/17/505 1081/10/505
f 1083/4/506 1059/3/506 1063/14/506 1087/18/506
f 1084/6/507 1083/4/507 1087/18/507 1088/7/507
f 1090/19/507 1089/20/507 1091/21/507 1092/22/507
f 1064/8/508 1088/7/508 1090/19/508 1066/15/508
f 1088/7/507 1087/18/507 1089/20/507 1090/19/507
f 1087/18/506 1063/14/506 1065/16/506 1089/20/506
f 1067/23/509 1068/24/509 1092/22/509 1091/21/509
f 1089/20/506 1065/16/506 1067/23/506 1091/21/506
f 1066/15/510 1090/19/510 1092/22/510 1068/24/510
f 1094/1/511 1095/4/511 1071/3/511 1070/2/511
f 1072/5/512 1076/8/512 1100/7/512 1096/6/512
f 1069/9/513 1072/5/513 1096/6/513 1093/10/513
f 1074/11/503 1098/12/503 1094/1/503 1070/2/503
f 1093/10/514 1096/6/514 1095/4/514 1094/1/514
f 1094/1/514 1098/12/514 1097/17/514 1093/10/514
f 1069/9/505 1093/10/505 1097/17/505 1073/13/505
f 1095/4/515 1099/18/515 1075/14/515 1071/3/515
f 1096/6/516 1100/7/516 1099/18/516 1095/4/516
f 1102/19/516 1104/22/516 1103/21/516 1101/20/516
f 1076/8/517 1078/15/517 1102/19/517 1100/7/517
f 1100/7/516 1102/19/516 1101/20/516 1099/18/516
f 1099/18/515 1101/20/515 1077/16/515 1075/14/515
f 1079/23/518 1103/21/518 1104/22/518 1080/24/518
f 1101/20/515 1103/21/515 1079/23/515 1077/16/515
f 1078/15/519 1080/24/519 1104/22/519 1102/19/519
f 1106/1/520 1082/2/520 1083/3/520 1107/4/520
f 1084/5/521 1108/6/521 1112/7/521 1088/8/521
f 1081/9/522 1105/10/522 1108/6/522 1084/5/522
f 1086/11/523 1082/2/523 1106/1/523 1110/12/523
f 1105/10/524 1106/1/524 1107/4/524 1108/6/524
f 1106/1/524 1105/10/524 1109/17/524 1110/12/524
f 1081/9/525 1085/13/525 1109/17/525 1105/10/525
f 1107/4/526 1083/3/526 1087/14/526 1111/18/526
f 1108/6/527 1107/4/527 1111/18/527 1112/7/527
f 1114/19/527 1113/20/527 1115/21/527 1116/22/527
f 1088/8/528 1112/7/528 1114/19/528 1090/15/528
f 1112/7/527 1111/18/527 1113/20/527 1114/19/527
f 1111/18/526 1087/14/526 1089/16/526 1113/20/526
f 1091/23/529 1092/24/529 1116/22/529 1115/21/529
f 1113/20/530 1089/16/530 1091/23/530 1115/21/530
f 1090/15/531 1114/19/531 1116/22/531 1092/24/531
f 1118/1/532 1119/4/532 1095/3/532 1094/2/532
f 1096/5/533 1100/8/533 1124/7/533 1120/6/533
f 1093/9/534 1096/5/534 1120/6/534 1117/10/534
f 1098/11/523 1122/12/523 1118/1/523 1094/2/523
f 1117/10/535 1120/6/535 1119/4/535 1118/1/535
f 1118/1/536 1122/12/536 1121/17/536 1117/10/536
f 1093/9/525 1117/10/525 1121/17/525 1097/13/525
f 1119/4/537 1123/18/537 1099/14/537 1095/3/537
f 1120/6/535 1124/7/535 1123/18/535 1119/4/535
f 1126/19/535 1128/22/535 1127/21/535 1125/20/535
f 1100/8/538 1102/15/538 1126/19/538 1124/7/538
f 1124/7/535 1126/19/535 1125/20/535 1123/18/535
f 1123/18/539 1125/20/539 1101/16/539 1099/14/539
f 1103/23/540 1127/21/540 1128/22/540 1104/24/540
f 1125/20/539 1127/21/539 1103/23/539 1101/16/539
f 1102/15/541 1104/24/541 1128/22/541 1126/19/541
f 1130/1/542 1106/2/542 1107/3/542 1131/4/542
f 1108/5/543 1132/6/543 1136/7/543 1112/8/543
f 1105/9/544 1129/10/544 1132/6/544 1108/5/544
f 1110/11/545 1106/2/545 1130/1/545 1134/12/545
f 1129/10/546 1130/1/546 1131/4/546 1132/6/546
f 1130/1/546 1129/10/546 1133/17/546 1134/12/546
f 1105/9/547 1109/13/547 1133/17/547 1129/10/547
f 1131/4/548 1107/3/548 1111/14/548 1135/18/548
f 1132/6/549 1131/4/549 1135/18/549 1136/7/549
f 1138/19/546 1137/20/546 1139/21/546 1140/22/546
f 1112/8/550 1136/7/550 1138/19/550 1114/15/550
f 1136/7/549 1135/18/549 1137/20/549 1138/19/549
f 1135/18/548 1111/14/548 1113/16/548 1137/20/548
f 1115/23/551 1116/24/551 1140/22/551 1139/21/551
f 1137/20/552 1113/16/552 1115/23/552 1139/21/552
f 1114/15/553 1138/19/553 1140/22/553 1116/24/553
f 1142/1/554 1143/4/554 1119/3/554 1118/2/554
f 1120/5/555 1124/8/555 1148/7/555 1144/6/555
f 1117/9/556 1120/5/556 1144/6/556 1141/10/556
f 1122/11/545 1146/12/545 1142/1/545 1118/2/545
f 1141/10/557 1144/6/557 1143/4/557 1142/1/557
f 1142/1/557 1146/12/557 1145/17/557 1141/10/557
f 1117/9/547 1141/10/547 1145/17/547 1121/13/547
f 1143/4/558 1147/18/558 1123/14/558 1119/3/558
f 1144/6/559 1148/7/559 1147/18/559 1143/4/559
f 1150/19/559 1152/22/559 1151/21/559 1149/20/559
f 1124/8/560 1126/15/560 1150/19/560 1148/7/560
f 1148/7/559 1150/19/559 1149/20/559 1147/18/559
f 1147/18/561 1149/20/561 1125/16/561 1123/14/561
f 1127/23/562 1151/21/562 1152/22/562 1128/24/562
f 1149/20/561 1151/21/561 1127/23/561 1125/16/561
f 1126/15/563 1128/24/563 1152/22/563 1150/19/563
f 1154/1/564 1130/2/564 1131/3/564 1155/4/564
f 1132/5/565 1156/6/565 1160/7/565 1136/8/565
f 1129/9/566 1153/10/566 1156/6/566 1132/5/566
f 1134/11/564 1130/2/564 1154/1/564 1158/12/564
f 1153/10/567 1154/1/567 1155/4/567 1156/6/567
f 1154/1/568 1153/10/568 1157/17/568 1158/12/568
f 1129/9/566 1133/13/566 1157/17/566 1153/10/566
f 1155/4/569 1131/3/569 1135/14/569 1159/18/569
f 1156/6/568 1155/4/568 1159/18/568 1160/7/568
f 1162/19/568 1161/20/568 1163/21/568 1164/22/568
f 1136/8/570 1160/7/570 1162/19/570 1138/15/570
f 1160/7/567 1159/18/567 1161/20/567 1162/19/567
f 1159/18/569 1135/14/569 1137/16/569 1161/20/569
f 1139/23/571 1140/24/571 1164/22/571 1163/21/571
f 1161/20/569 1137/16/569 1139/23/569 1163/21/569
f 1138/15/572 1162/19/572 1164/22/572 1140/24/572
f 1166/1/573 1167/4/573 1143/3/573 1142/2/573
f 1144/5/574 1148/8/574 1172/7/574 1168/6/574
f 1141/9/575 1144/5/575 1168/6/575 1165/10/575
f 1146/11/564 1170/12/564 1166/1/564 1142/2/564
f 1165/10/576 1168/6/576 1167/4/576 1166/1/576
f 1166/1/576 1170/12/576 1169/17/576 1165/10/576
f 1141/9/566 1165/10/566 1169/17/566 1145/13/566
f 1167/4/577 1171/18/577 1147/14/577 1143/3/577
f 1168/6/576 1172/7/576 1171/18/576 1167/4/576
f 1174/19/576 1176/22/576 1175/21/576 1173/20/576
f 1148/8/578 1150/15/578 1174/19/578 1172/7/578
f 1172/7/579 1174/19/579 1173/20/579 1171/18/579
f 1171/18/577 1173/20/577 1149/16/577 1147/14/577
f 1151/23/580 1175/21/580 1176/22/580 1152/24/580
f 1173/20/577 1175/21/577 1151/23/577 1149/16/577
f 1150/15/581 1152/24/581 1176/22/581 1174/19/581
f 1178/1/582 1154/2/582 1155/3/582 1179/4/582
f 1156/5/583 1180/6/583 1184/7/583 1160/8/583
f 1153/9/584 1177/10/584 1180/6/584 1156/5/584
f 1158/11/582 1154/2/582 1178/1/582 1182/12/582
f 1177/10/585 1178/1/585 1179/4/585 1180/6/585
f 1178/1/586 1177/10/586 1181/17/586 1182/12/586
f 1153/9/584 1157/13/584 1181/17/584 1177/10/584
f 1179/4/582 1155/3/582 1159/14/582 1183/18/582
f 1180/6/586 1179/4/586 1183/18/586 1184/7/586
f 1186/19/585 1185/20/585 1187/21/585 1188/22/585
f 1160/8/584 1184/7/584 1186/19/584 1162/15/584
f 1184/7/586 1183/18/586 1185/20/586 1186/19/586
f 1183/18/582 1159/14/582 1161/16/582 1185/20/582
f 1163/23/587 1164/24/587 1188/22/587 1187/21/587
f 1185/20/582 1161/16/582 1163/23/582 1187/21/582
f 1162/15/588 1186/19/588 1188/22/588 1164/24/588
f 1190/1/582 1191/4/582 1167/3/582 1166/2/582
f 1168/5/589 1172/8/589 1196/7/589 1192/6/589
f 1165/9/584 1168/5/584 1192/6/584 1189/10/584
f 1170/11/582 1194/12/582 1190/1/582 1166/2/582
f 1189/10/590 1192/6/590 1191/4/590 1190/1/590
f 1190/1/590 1194/12/590 1193/17/590 1189/10/590
f 1165/9/584 1189/10/584 1193/17/584 1169/13/584
f 1191/4/582 1195/18/582 1171/14/582 1167/3/582
f 1192/6/591 1196/7/591 1195/18/591 1191/4/591
f 1198/19/592 1200/22/592 1199/21/592 1197/20/592
f 1172/8/584 1174/15/584 1198/19/584 1196/7/584
f 1196/7/591 1198/19/591 1197/20/591 1195/18/591
f 1195/18/582 1197/20/582 1173/16/582 1171/14/582
f 1175/23/593 1199/21/593 1200/22/593 1176/24/593
f 1197/20/582 1199/21/582 1175/23/582 1173/16/582
f 1174/15/594 1176/24/594 1200/22/594 1198/19/594
f 1202/1/595 1178/2/595 1179/3/595 1203/4/595
f 1180/5/596 1204/6/596 1208/7/596 1184/8/596
f 1177/9/597 1201/10/597 1204/6/597 1180/5/597
f 1182/11/595 1178/2/595 1202/1/595 1206/12/595
f 1201/10/598 1202/1/598 1203/4/598 1204/6/598
f 1202/1/598 1201/10/598 1205/17/598 1206/12/598
f 1177/9/597 1181/13/597 1205/17/597 1201/10/597
f 1203/4/595 1179/3/595 1183/14/595 1207/18/595
f 1204/6/598 1203/4/598 1207/18/598 1208/7/598
f 1210/19/598 1209/20/598 1211/21/598 1212/22/598
f 1184/8/597 1208/7/597 1210/19/597 1186/15/597
f 1208/7/598 1207/18/598 1209/20/598 1210/19/598
f 1207/18/595 1183/14/595 1185/16/595 1209/20/595
f 1187/23/599 1188/24/599 1212/22/599 1211/21/599
f 1209/20/595 1185/16/595 1187/23/595 1211/21/595
f 1186/15/600 1210/19/600 1212/22/600 1188/24/600
f 1214/1/595 1215/4/595 1191/3/595 1190/2/595
f 1192/5/601 1196/8/601 1220/7/601 1216/6/601
f 1189/9/597 1192/5/597 1216/6/597 1213/10/597
f 1194/11/595 1218/12/595 1214/1/595 1190/2/595
f 1213/10/602 1216/6/602 1215/4/602 1214/1/602
f 1214/1/602 1218/12/602 1217/17/602 1213/10/602
f 1189/9/597 1213/10/597 1217/17/597 1193/13/597
f 1215/4/595 1219/18/595 1195/14/595 1191/3/595
f 1216/6/602 1220/7/602 1219/18/602 1215/4/602
f 1222/19/602 1224/22/602 1223/21/602 1221/20/602
f 1196/8/597 1198/15/597 1222/19/597 1220/7/597
f 1220/7/602 1222/19/602 1221/20/602 1219/18/602
f 1219/18/595 1221/20/595 1197/16/595 1195/14/595
f 1199/23/603 1223/21/603 1224/22/603 1200/24/603
f 1221/20/595 1223/21/595 1199/23/595 1197/16/595
f 1198/15/604 1200/24/604 1224/22/604 1222/19/604
f 1226/1/605 1202/2/605 1203/3/605 1227/4/605
f 1204/5/606 1228/6/606 1232/7/606 1208/8/606
f 1201/9/607 1225/10/607 1228/6/607 1204/5/607
f 1206/11/605 1202/2/605 1226/1/605 1230/12/605
f 1225/10/608 1226/1/608 1227/4/608 1228/6/608
f 1226/1/608 1225/10/608 1229/17/608 1230/12/608
f 1201/9/607 1205/13/607 1229/17/607 1225/10/607
f 1227/4/605 1203/3/605 1207/14/605 1231/18/605
f 1228/6/608 1227/4/608 1231/18/608 1232/7/608
f 1234/19/609 1233/20/609 1235/21/609 1236/22/609
f 1208/8/607 1232/7/607 1234/19/607 1210/15/607
f 1232/7/608 1231/18/608 1233/20/608 1234/19/608
f 1231/18/605 1207/14/605 1209/16/605 1233/20/605
f 1211/23/610 1212/24/610 1236/22/610 1235/21/610
f 1233/20/605 1209/16/605 1211/23/605 1235/21/605
f 1210/15/611 1234/19/611 1236/22/611 1212/24/611
f 1238/1/605 1239/4/605 1215/3/605 1214/2/605
f 1216/5/612 1220/8/612 1244/7/612 1240/6/612
f 1213/9/607 1216/5/607 1240/6/607 1237/10/607
f 1218/11/605 1242/12/605 1238/1/605 1214/2/605
f 1237/10/613 1240/6/613 1239/4/613 1238/1/613
f 1238/1/613 1242/12/613 1241/17/613 1237/10/613
f 1213/9/607 1237/10/607 1241/17/607 1217/13/607
f 1239/4/605 1243/18/605 1219/14/605 1215/3/605
f 1240/6/614 1244/7/614 1243/18/614 1239/4/614
f 1246/19/613 1248/22/613 1247/21/613 1245/20/613
f 1220/8/607 1222/15/607 1246/19/607 1244/7/607
f 1244/7/613 1246/19/613 1245/20/613 1243/18/613
f 1243/18/605 1245/20/605 1221/16/605 1219/14/605
f 1223/23/615 1247/21/615 1248/22/615 1224/24/615
f 1245/20/605 1247/21/605 1223/23/605 1221/16/605
f 1222/15/616 1224/24/616 1248/22/616 1246/19/616
f 1250/1/617 1226/2/617 1227/3/617 1251/4/617
f 1228/5/618 1252/6/618 1256/7/618 1232/8/618
f 1225/9/619 1249/10/619 1252/6/619 1228/5/619
f 1230/11/617 1226/2/617 1250/1/617 1254/12/617
f 1249/10/620 1250/1/620 1251/4/620 1252/6/620
f 1250/1/620 1249/10/620 1253/17/620 1254/12/620
f 1225/9/619 1229/13/619 1253/17/619 1249/10/619
f 1251/4/621 1227/3/621 1231/14/621 1255/18/621
f 1252/6/622 1251/4/622 1255/18/622 1256/7/622
f 1258/19/620 1257/20/620 1259/21/620 1260/22/620
f 1232/8/623 1256/7/623 1258/19/623 1234/15/623
f 1256/7/622 1255/18/622 1257/20/622 1258/19/622
f 1255/18/621 1231/14/621 1233/16/621 1257/20/621
f 1235/23/624 1236/24/624 1260/22/624 1259/21/624
f 1257/20/621 1233/16/621 1235/23/621 1259/21/621
f 1234/15/625 1258/19/625 1260/22/625 1236/24/625
f 1262/1/617 1263/4/617 1239/3/617 1238/2/617
f 1240/5/626 1244/8/626 1268/7/626 1264/6/626
f 1237/9/619 1240/5/619 1264/6/619 1261/10/619
f 1242/11/617 1266/12/617 1262/1/617 1238/2/617
f 1261/10/627 1264/6/627 1263/4/627 1262/1/627
f 1262/1/627 1266/12/627 1265/17/627 1261/10/627
f 1237/9/619 1261/10/619 1265/17/619 1241/13/619
f 1263/4/628 1267/18/628 1243/14/628 1239/3/628
f 1264/6/627 1268/7/627 1267/18/627 1263/4/627
f 1270/19/629 1272/22/629 1271/21/629 1269/20/629
f 1244/8/630 1246/15/630 1270/19/630 1268/7/630
f 1268/7/629 1270/19/629 1269/20/629 1267/18/629
f 1267/18/628 1269/20/628 1245/16/628 1243/14/628
f 1247/23/631 1271/21/631 1272/22/631 1248/24/631
f 1269/20/628 1271/21/628 1247/23/628 1245/16/628
f 1246/15/632 1248/24/632 1272/22/632 1270/19/632
f 1274/1/633 1250/2/633 1251/3/633 1275/4/633
f 1252/5/634 1276/6/634 1280/7/634 1256/8/634
f 1249/9/635 1273/10/635 1276/6/635 1252/5/635
f 1254/11/636 1250/2/636 1274/1/636 1278/12/636
f 1273/10/637 1274/1/637 1275/4/637 1276/6/637
f 1274/1/637 1273/10/637 1277/17/637 1278/12/637
f 1249/9/638 1253/13/638 1277/17/638 1273/10/638
f 1275/4/639 1251/3/639 1255/14/639 1279/18/639
f 1276/6/640 1275/4/640 1279/18/640 1280/7/640
f 1282/19/640 1281/20/640 1283/21/640 1284/22/640
f 1256/8/641 1280/7/641 1282/19/641 1258/15/641
f 1280/7/640 1279/18/640 1281/20/640 1282/19/640
f 1279/18/639 1255/14/639 1257/16/639 1281/20/639
f 1259/23/642 1260/24/642 1284/22/642 1283/21/642
f 1281/20/643 1257/16/643 1259/23/643 1283/21/643
f 1258/15/644 1282/19/644 1284/22/644 1260/24/644
f 1286/1/645 1287/4/645 1263/3/645 1262/2/645
f 1264/5/646 1268/8/646 1292/7/646 1288/6/646
f 1261/9/647 1264/5/647 1288/6/647 1285/10/647
f 1266/11/636 1290/12/636 1286/1/636 1262/2/636
f 1285/10/648 1288/6/648 1287/4/648 1286/1/648
f 1286/1/649 1290/12/649 1289/17/649 1285/10/649
f 1261/9/638 1285/10/638 1289/17/638 1265/13/638
f 1287/4/650 1291/18/650 1267/14/650 1263/3/650
f 1288/6/651 1292/7/651 1291/18/651 1287/4/651
f 1294/19/651 1296/22/651 1295/21/651 1293/20/651
f 1268/8/652 1270/15/652 1294/19/652 1292/7/652
f 1292/7/651 1294/19/651 1293/20/651 1291/18/651
f 1291/18/650 1293/20/650 1269/16/650 1267/14/650
f 1271/23/653 1295/21/653 1296/22/653 1272/24/653
f 1293/20/650 1295/21/650 1271/23/650 1269/16/650
f 1270/15/654 1272/24/654 1296/22/654 1294/19/654
f 1298/1/655 1274/2/655 1275/3/655 1299/4/655
f 1276/5/656 1300/6/656 1304/7/656 1280/8/656
f 1273/9/657 1297/10/657 1300/6/657 1276/5/657
f 1278/11/658 1274/2/658 1298/1/658 1302/12/658
f 1297/10/659 1298/1/659 1299/4/659 1300/6/659
f 1298/1/659 1297/10/659 1301/17/659 1302/12/659
f 1273/9/660 1277/13/660 1301/17/660 1297/10/660
f 1299/4/661 1275/3/661 1279/14/661 1303/18/661
f 1300/6/659 1299/4/659 1303/18/659 1304/7/659
f 1306/19/659 1305/20/659 1307/21/659 1308/22/659
f 1280/8/662 1304/7/662 1306/19/662 1282/15/662
f 1304/7/663 1303/18/663 1305/20/663 1306/19/663
f 1303/18/664 1279/14/664 1281/16/664 1305/20/664
f 1283/23/665 1284/24/665 1308/22/665 1307/21/665
f 1305/20/664 1281/16/664 1283/23/664 1307/21/664
f 1282/15/666 1306/19/666 1308/22/666 1284/24/666
f 1310/1/667 1311/4/667 1287/3/667 1286/2/667
f 1288/5/668 1292/8/668 1316/7/668 1312/6/668
f 1285/9/669 1288/5/669 1312/6/669 1309/10/669
f 1290/11/658 1314/12/658 1310/1/658 1286/2/658
f 1309/10/670 1312/6/670 1311/4/670 1310/1/670
f 1310/1/670 1314/12/670 1313/17/670 1309/10/670
f 1285/9/660 1309/10/660 1313/17/660 1289/13/660
f 1311/4/671 1315/18/671 1291/14/671 1287/3/671
f 1312/6/670 1316/7/670 1315/18/670 1311/4/670
f 1318/19/670 1320/22/670 1319/21/670 1317/20/670
f 1292/8/672 1294/15/672 1318/19/672 1316/7/672
f 1316/7/673 1318/19/673 1317/20/673 1315/18/673
f 1315/18/671 1317/20/671 1293/16/671 1291/14/671
f 1295/23/674 1319/21/674 1320/22/674 1296/24/674
f 1317/20/671 1319/21/671 1295/23/671 1293/16/671
f 1294/15/675 1296/24/675 1320/22/675 1318/19/675
f 1322/1/676 1298/2/676 1299/3/676 1323/4/676
f 1300/5/677 1324/6/677 1328/7/677 1304/8/677
f 1297/9/678 1321/10/678 1324/6/678 1300/5/678
f 1302/11/679 1298/2/679 1322/1/679 1326/12/679
f 1321/10/680 1322/1/680 1323/4/680 1324/6/680
f 1322/1/681 1321/10/681 1325/17/681 1326/12/681
f 1297/9/682 1301/13/682 1325/17/682 1321/10/682
f 1323/4/683 1299/3/683 1303/14/683 1327/18/683
f 1324/6/684 1323/4/684 1327/18/684 1328/7/684
f 1330/19/685 1329/20/685 1331/21/685 1332/22/685
f 1304/8/686 1328/7/686 1330/19/686 1306/15/686
f 1328/7/687 1327/18/687 1329/20/687 1330/19/687
f 1327/18/688 1303/14/688 1305/16/688 1329/20/688
f 1307/23/689 1308/24/689 1332/22/689 1331/21/689
f 1329/20/690 1305/16/690 1307/23/690 1331/21/690
f 1306/15/691 1330/19/691 1332/22/691 1308/24/691
f 1334/1/692 1335/4/692 1311/3/692 1310/2/692
f 1312/5/693 1316/8/693 1340/7/693 1336/6/693
f 1309/9/694 1312/5/694 1336/6/694 1333/10/694
f 1314/11/679 1338/12/679 1334/1/679 1310/2/679
f 1333/10/695 1336/6/695 1335/4/695 1334/1/695
f 1334/1/696 1338/12/696 1337/17/696 1333/10/696
f 1309/9/682 1333/10/682 1337/17/682 1313/13/682
f 1335/4/697 1339/18/697 1315/14/697 1311/3/697
f 1336/6/698 1340/7/698 1339/18/698 1335/4/698
f 1342/19/699 1344/22/699 1343/21/699 1341/20/699
f 1316/8/700 1318/15/700 1342/19/700 1340/7/700
f 1340/7/698 1342/19/698 1341/20/698 1339/18/698
f 1339/18/701 1341/20/701 1317/16/701 1315/14/701
f 1319/23/702 1343/21/702 1344/22/702 1320/24/702
f 1341/20/701 1343/21/701 1319/23/701 1317/16/701
f 1318/15/703 1320/24/703 1344/22/703 1342/19/703
f 1346/1/704 1322/2/704 1323/3/704 1347/4/704
f 1324/5/705 1348/6/705 1352/7/705 1328/8/705
f 1321/9/706 1345/10/706 1348/6/706 1324/5/706
f 1326/11/707 1322/2/707 1346/1/707 1350/12/707
f 1345/10/708 1346/1/708 1347/4/708 1348/6/708
f 1346/1/709 1345/10/709 1349/17/709 1350/12/709
f 1321/9/710 1325/13/710 1349/17/710 1345/10/710
f 1347/4/711 1323/3/711 1327/14/711 1351/18/711
f 1348/6/712 1347/4/712 1351/18/712 1352/7/712
f 1354/19/713 1353/20/713 1355/21/713 1356/22/713
f 1328/8/714 1352/7/714 1354/19/714 1330/15/714
f 1352/7/715 1351/18/715 1353/20/715 1354/19/715
f 1351/18/716 1327/14/716 1329/16/716 1353/20/716
f 1331/23/717 1332/24/717 1356/22/717 1355/21/717
f 1353/20/718 1329/16/718 1331/23/718 1355/21/718
f 1330/15/719 1354/19/719 1356/22/719 1332/24/719
f 1358/1/720 1359/4/720 1335/3/720 1334/2/720
f 1336/5/721 1340/8/721 1364/7/721 1360/6/721
f 1333/9/722 1336/5/722 1360/6/722 1357/10/722
f 1338/11/707 1362/12/707 1358/1/707 1334/2/707
f 1357/10/723 1360/6/723 1359/4/723 1358/1/723
f 1358/1/724 1362/12/724 1361/17/724 1357/10/724
f 1333/9/710 1357/10/710 1361/17/710 1337/13/710
f 1359/4/725 1363/18/725 1339/14/725 1335/3/725
f 1360/6/723 1364/7/723 1363/18/723 1359/4/723
f 1366/19/723 1368/22/723 1367/21/723 1365/20/723
f 1340/8/726 1342/15/726 1366/19/726 1364/7/726
f 1364/7/727 1366/19/727 1365/20/727 1363/18/727
f 1363/18/728 1365/20/728 1341/16/728 1339/14/728
f 1343/23/729 1367/21/729 1368/22/729 1344/24/729
f 1365/20/728 1367/21/728 1343/23/728 1341/16/728
f 1342/15/730 1344/24/730 1368/22/730 1366/19/730
f 1370/1/731 1346/2/731 1347/3/731 1371/4/731
f 1348/5/732 1372/6/732 1376/7/732 1352/8/732
f 1345/9/733 1369/10/733 1372/6/733 1348/5/733
f 1350/11/734 1346/2/734 1370/1/734 1374/12/734
f 1369/10/735 1370/1/735 1371/4/735 1372/6/735
f 1370/1/735 1369/10/735 1373/17/735 1374/12/735
f 1345/9/736 1349/13/736 1373/17/736 1369/10/736
f 1371/4/737 1347/3/737 1351/14/737 1375/18/737
f 1372/6/738 1371/4/738 1375/18/738 1376/7/738
f 1378/19/738 1377/20/738 1379/21/738 1380/22/738
f 1352/8/739 1376/7/739 1378/19/739 1354/15/739
f 1376/7/738 1375/18/738 1377/20/738 1378/19/738
f 1375/18/740 1351/14/740 1353/16/740 1377/20/740
f 1355/23/741 1356/24/741 1380/22/741 1379/21/741
f 1377/20/740 1353/16/740 1355/23/740 1379/21/740
f 1354/15/742 1378/19/742 1380/22/742 1356/24/742
f 1382/1/743 1383/4/743 1359/3/743 1358/2/743
f 1360/5/744 1364/8/744 1388/7/744 1384/6/744
f 1357/9/745 1360/5/745 1384/6/745 1381/10/745
f 1362/11/734 1386/12/734 1382/1/734 1358/2/734
f 1381/10/746 1384/6/746 1383/4/746 1382/1/746
f 1382/1/747 1386/12/747 1385/17/747 1381/10/747
f 1357/9/736 1381/10/736 1385/17/736 1361/13/736
f 1383/4/748 1387/18/748 1363/14/748 1359/3/748
f 1384/6/746 1388/7/746 1387/18/746 1383/4/746
f 1390/19/749 1392/22/749 1391/21/749 1389/20/749
f 1364/8/750 1366/15/750 1390/19/750 1388/7/750
f 1388/7/749 1390/19/749 1389/20/749 1387/18/749
f 1387/18/748 1389/20/748 1365/16/748 1363/14/748
f 1367/23/751 1391/21/751 1392/22/751 1368/24/751
f 1389/20/748 1391/21/748 1367/23/748 1365/16/748
f 1366/15/752 1368/24/752 1392/22/752 1390/19/752
f 1394/1/753 1370/2/753 1371/3/753 1395/4/753
f 1372/5/754 1396/6/754 1400/7/754 1376/8/754
f 1369/9/755 1393/10/755 1396/6/755 1372/5/755
f 1374/11/753 1370/2/753 1394/1/753 1398/12/753
f 1393/10/756 1394/1/756 1395/4/756 1396/6/756
f 1394/1/757 1393/10/757 1397/17/757 1398/12/757
f 1369/9/755 1373/13/755 1397/17/755 1393/10/755
f 1395/4/758 1371/3/758 1375/14/758 1399/18/758
f 1396/6/756 1395/4/756 1399/18/756 1400/7/756
f 1402/19/756 1401/20/756 1403/21/756 1404/22/756
f 1376/8/759 1400/7/759 1402/19/759 1378/15/759
f 1400/7/756 1399/18/756 1401/20/756 1402/19/756
f 1399/18/758 1375/14/758 1377/16/758 1401/20/758
f 1379/23/760 1380/24/760 1404/22/760 1403/21/760
f 1401/20/758 1377/16/758 1379/23/758 1403/21/758
f 1378/15/761 1402/19/761 1404/22/761 1380/24/761
f 1406/1/753 1407/4/753 1383/3/753 1382/2/753
f 1384/5/762 1388/8/762 1412/7/762 1408/6/762
f 1381/9/755 1384/5/755 1408/6/755 1405/10/755
f 1386/11/753 1410/12/753 1406/1/753 1382/2/753
f 1405/10/763 1408/6/763 1407/4/763 1406/1/763
f 1406/1/764 1410/12/764 1409/17/764 1405/10/764
f 1381/9/755 1405/10/755 1409/17/755 1385/13/755
f 1407/4/753 1411/18/753 1387/14/753 1383/3/753
f 1408/6/763 1412/7/763 1411/18/763 1407/4/763
f 1414/19/763 1416/22/763 1415/21/763 1413/20/763
f 1388/8/755 1390/15/755 1414/19/755 1412/7/755
f 1412/7/765 1414/19/765 1413/20/765 1411/18/765
f 1411/18/753 1413/20/753 1389/16/753 1387/14/753
f 1391/23/766 1415/21/766 1416/22/766 1392/24/766
f 1413/20/753 1415/21/753 1391/23/753 1389/16/753
f 1390/15/767 1392/24/767 1416/22/767 1414/19/767
f 1418/1/768 1394/2/768 1395/3/768 1419/4/768
f 1396/5/769 1420/6/769 1424/7/769 1400/8/769
f 1393/9/770 1417/10/770 1420/6/770 1396/5/770
f 1398/11/768 1394/2/768 1418/1/768 1422/12/768
f 1417/10/771 1418/1/771 1419/4/771 1420/6/771
f 1418/1/772 1417/10/772 1421/17/772 1422/12/772
f 1393/9/770 1397/13/770 1421/17/770 1417/10/770
f 1419/4/768 1395/3/768 1399/14/768 1423/18/768
f 1420/6/773 1419/4/773 1423/18/773 1424/7/773
f 1426/19/773 1425/20/773 1427/21/773 1428/22/773
f 1400/8/770 1424/7/770 1426/19/770 1402/15/770
f 1424/7/773 1423/18/773 1425/20/773 1426/19/773
f 1423/18/768 1399/14/768 1401/16/768 1425/20/768
f 1403/23/774 1404/24/774 1428/22/774 1427/21/774
f 1425/20/768 1401/16/768 1403/23/768 1427/21/768
f 1402/15/775 1426/19/775 1428/22/775 1404/24/775
f 1430/1/768 1431/4/768 1407/3/768 1406/2/768
f 1408/5/776 1412/8/776 1436/7/776 1432/6/776
f 1405/9/770 1408/5/770 1432/6/770 1429/10/770
f 1410/11/768 1434/12/768 1430/1/768 1406/2/768
f 1429/10/777 1432/6/777 1431/4/777 1430/1/777
f 1430/1/778 1434/12/778 1433/17/778 1429/10/778
f 1405/9/770 1429/10/770 1433/17/770 1409/13/770
f 1431/4/768 1435/18/768 1411/14/768 1407/3/768
f 1432/6/779 1436/7/779 1435/18/779 1431/4/779
f 1438/19/779 1440/22/779 1439/21/779 1437/20/779
f 1412/8/770 1414/15/770 1438/19/770 1436/7/770
f 1436/7/778 1438/19/778 1437/20/778 1435/18/778
f 1435/18/768 1437/20/768 1413/16/768 1411/14/768
f 1415/23/780 1439/21/780 1440/22/780 1416/24/780
f 1437/20/781 1439/21/781 1415/23/781 1413/16/781
f 1414/15/782 1416/24/782 1440/22/782 1438/19/782
f 1442/1/783 1418/2/783 1419/3/783 1443/4/783
f 1420/5/784 1444/6/784 1448/7/784 1424/8/784
f 1417/9/785 1441/10/785 1444/6/785 1420/5/785
f 1422/11/783 1418/2/783 1442/1/783 1446/12/783
f 1441/10/786 1442/1/786 1443/4/786 1444/6/786
f 1442/1/787 1441/10/787 1445/17/787 1446/12/787
f 1417/9/785 1421/13/785 1445/17/785 1441/10/785
f 1443/4/783 1419/3/783 1423/14/783 1447/18/783
f 1444/6/786 1443/4/786 1447/18/786 1448/7/786
f 1450/19/786 1449/20/786 1451/21/786 1452/22/786
f 1424/8/785 1448/7/785 1450/19/785 1426/15/785
f 1448/7/786 1447/18/786 1449/20/786 1450/19/786
f 1447/18/783 1423/14/783 1425/16/783 1449/20/783
f 1427/23/788 1428/24/788 1452/22/788 1451/21/788
f 1449/20/783 1425/16/783 1427/23/783 1451/21/783
f 1426/15/789 1450/19/789 1452/22/789 1428/24/789
f 1454/1/783 1455/4/783 1431/3/783 1430/2/783
f 1432/5/790 1436/8/790 1460/7/790 1456/6/790
f 1429/9/785 1432/5/785 1456/6/785 1453/10/785
f 1434/11/783 1458/12/783 1454/1/783 1430/2/783
f 1453/10/791 1456/6/791 1455/4/791 1454/1/791
f 1454/1/791 1458/12/791 1457/17/791 1453/10/791
f 1429/9/785 1453/10/785 1457/17/785 1433/13/785
f 1455/4/783 1459/18/783 1435/14/783 1431/3/783
f 1456/6/791 1460/7/791 1459/18/791 1455/4/791
f 1462/19/791 1464/22/791 1463/21/791 1461/20/791
f 1436/8/785 1438/15/785 1462/19/785 1460/7/785
f 1460/7/791 1462/19/791 1461/20/791 1459/18/791
f 1459/18/783 1461/20/783 1437/16/783 1435/14/783
f 1439/23/792 1463/21/792 1464/22/792 1440/24/792
f 1461/20/783 1463/21/783 1439/23/783 1437/16/783
f 1438/15/793 1440/24/793 1464/22/793 1462/19/793
f 1466/1/794 1442/2/794 1443/3/794 1467/4/794
f 1444/5/795 1468/6/795 1472/7/795 1448/8/795
f 1441/9/796 1465/10/796 1468/6/796 1444/5/796
f 1446/11/794 1442/2/794 1466/1/794 1470/12/794
f 1465/10/797 1466/1/797 1467/4/797 1468/6/797
f 1466/1/797 1465/10/797 1469/17/797 1470/12/797
f 1441/9/796 1445/13/796 1469/17/796 1465/10/796
f 1467/4/794 1443/3/794 1447/14/794 1471/18/794
f 1468/6/798 1467/4/798 1471/18/798 1472/7/798
f 1474/19/799 1473/20/799 1475/21/799 1476/22/799
f 1448/8/796 1472/7/796 1474/19/796 1450/15/796
f 1472/7/797 1471/18/797 1473/20/797 1474/19/797
f 1471/18/794 1447/14/794 1449/16/794 1473/20/794
f 1451/23/800 1452/24/800 1476/22/800 1475/21/800
f 1473/20/794 1449/16/794 1451/23/794 1475/21/794
f 1450/15/801 1474/19/801 1476/22/801 1452/24/801
f 1478/1/802 1479/4/802 1455/3/802 1454/2/802
f 1456/5/803 1460/8/803 1484/7/803 1480/6/803
f 1453/9/804 1456/5/804 1480/6/804 1477/10/804
f 1458/11/794 1482/12/794 1478/1/794 1454/2/794
f 1477/10/805 1480/6/805 1479/4/805 1478/1/805
f 1478/1/805 1482/12/805 1481/17/805 1477/10/805
f 1453/9/796 1477/10/796 1481/17/796 1457/13/796
f 1479/4/802 1483/18/802 1459/14/802 1455/3/802
f 1480/6/805 1484/7/805 1483/18/805 1479/4/805
f 1486/19/806 1488/22/806 1487/21/806 1485/20/806
f 1460/8/804 1462/15/804 1486/19/804 1484/7/804
f 1484/7/807 1486/19/807 1485/20/807 1483/18/807
f 1483/18/802 1485/20/802 1461/16/802 1459/14/802
f 1463/23/808 1487/21/808 1488/22/808 1464/24/808
f 1485/20/802 1487/21/802 1463/23/802 1461/16/802
f 1462/15/809 1464/24/809 1488/22/809 1486/19/809
f 1490/1/810 1466/2/810 1467/3/810 1491/4/810
f 1468/5/811 1492/6/811 1496/7/811 1472/8/811
f 1465/9/812 1489/10/812 1492/6/812 1468/5/812
f 1470/11/810 1466/2/810 1490/1/810 1494/12/810
f 1489/10/813 1490/1/813 1491/4/813 1492/6/813
f 1490/1/813 1489/10/813 1493/17/813 1494/12/813
f 1465/9/812 1469/13/812 1493/17/812 1489/10/812
f 1491/4/810 1467/3/810 1471/14/810 1495/18/810
f 1492/6/813 1491/4/813 1495/18/813 1496/7/813
f 1498/19/813 1497/20/813 1499/21/813 1500/22/813
f 1472/8/812 1496/7/812 1498/19/812 1474/15/812
f 1496/7/813 1495/18/813 1497/20/813 1498/19/813
f 1495/18/810 1471/14/810 1473/16/810 1497/20/810
f 1475/23/814 1476/24/814 1500/22/814 1499/21/814
f 1497/20/810 1473/16/810 1475/23/810 1499/21/810
f 1474/15/815 1498/19/815 1500/22/815 1476/24/815
f 1502/1/810 1503/4/810 1479/3/810 1478/2/810
f 1480/5/816 1484/8/816 1508/7/816 1504/6/816
f 1477/9/812 1480/5/812 1504/6/812 1501/10/812
f 1482/11/810 1506/12/810 1502/1/810 1478/2/810
f 1501/10/817 1504/6/817 1503/4/817 1502/1/817
f 1502/1/817 1506/12/817 1505/17/817 1501/10/817
f 1477/9/812 1501/10/812 1505/17/812 1481/13/812
f 1503/4/810 1507/18/810 1483/14/810 1479/3/810
f 1504/6/818 1508/7/818 1507/18/818 1503/4/818
f 1510/19/817 1512/22/817 1511/21/817 1509/20/817
f 1484/8/812 1486/15/812 1510/19/812 1508/7/812
f 1508/7/817 1510/19/817 1509/20/817 1507/18/817
f 1507/18/810 1509/20/810 1485/16/810 1483/14/810
f 1487/23/819 1511/21/819 1512/22/819 1488/24/819
f 1509/20/810 1511/21/810 1487/23/810 1485/16/810
f 1486/15/820 1488/24/820 1512/22/820 1510/19/820
f 1514/1/821 1490/2/821 1491/3/821 1515/4/821
f 1492/5/822 1516/6/822 1520/7/822 1496/8/822
f 1489/9/823 1513/10/823 1516/6/823 1492/5/823
f 1494/11/821 1490/2/821 1514/1/821 1518/12/821
f 1513/10/824 1514/1/824 1515/4/824 1516/6/824
f 1514/1/824 1513/10/824 1517/17/824 1518/12/824
f 1489/9/823 1493/13/823 1517/17/823 1513/10/823
f 1515/4/821 1491/3/821 1495/14/821 1519/18/821
f 1516/6/825 1515/4/825 1519/18/825 1520/7/825
f 1522/19/825 1521/20/825 1523/21/825 1524/22/825
f 1496/8/823 1520/7/823 1522/19/823 1498/15/823
f 1520/7/824 1519/18/824 1521/20/824 1522/19/824
f 1519/18/821 1495/14/821 1497/16/821 1521/20/821
f 1499/23/826 1500/24/826 1524/22/826 1523/21/826
f 1521/20/827 1497/16/827 1499/23/827 1523/21/827
f 1498/15/828 1522/19/828 1524/22/828 1500/24/828
f 1526/1/821 1527/4/821 1503/3/821 1502/2/821
f 1504/5/829 1508/8/829 1532/7/829 1528/6/829
f 1501/9/823 1504/5/823 1528/6/823 1525/10/823
f 1506/11/821 1530/12/821 1526/1/821 1502/2/821
f 1525/10/830 1528/6/830 1527/4/830 1526/1/830
f 1526/1/830 1530/12/830 1529/17/830 1525/10/830
f 1501/9/823 1525/10/823 1529/17/823 1505/13/823
f 1527/4/821 1531/18/821 1507/14/821 1503/3/821
f 1528/6/830 1532/7/830 1531/18/830 1527/4/830
f 1534/19/830 1536/22/830 1535/21/830 1533/20/830
f 1508/8/823 1510/15/823 1534/19/823 1532/7/823
f 1532/7/830 1534/19/830 1533/20/830 1531/18/830
f 1531/18/821 1533/20/821 1509/16/821 1507/14/821
f 1511/23/831 1535/21/831 1536/22/831 1512/24/831
f 1533/20/827 1535/21/827 1511/23/827 1509/16/827
f 1510/15/832 1512/24/832 1536/22/832 1534/19/832
f 1538/1/833 1514/2/833 1515/3/833 1539/4/833
f 1516/5/834 1540/6/834 1544/7/834 1520/8/834
f 1513/9/835 1537/10/835 1540/6/835 1516/5/835
f 1518/11/833 1514/2/833 1538/1/833 1542/12/833
f 1537/10/836 1538/1/836 1539/4/836 1540/6/836
f 1538/1/837 1537/10/837 1541/17/837 1542/12/837
f 1513/9/835 1517/13/835 1541/17/835 1537/10/835
f 1539/4/833 1515/3/833 1519/14/833 1543/18/833
f 1540/6/838 1539/4/838 1543/18/838 1544/7/838
f 1546/19/839 1545/20/839 1547/21/839 1548/22/839
f 1520/8/835 1544/7/835 1546/19/835 1522/15/835
f 1544/7/836 1543/18/836 1545/20/836 1546/19/836
f 1543/18/833 1519/14/833 1521/16/833 1545/20/833
f 1523/23/840 1524/24/840 1548/22/840 1547/21/840
f 1545/20/833 1521/16/833 1523/23/833 1547/21/833
f 1522/15/841 1546/19/841 1548/22/841 1524/24/841
f 1550/1/833 1551/4/833 1527/3/833 1526/2/833
f 1528/5/842 1532/8/842 1556/7/842 1552/6/842
f 1525/9/835 1528/5/835 1552/6/835 1549/10/835
f 1530/11/833 1554/12/833 1550/1/833 1526/2/833
f 1549/10/843 1552/6/843 1551/4/843 1550/1/843
f 1550/1/843 1554/12/843 1553/17/843 1549/10/843
f 1525/9/835 1549/10/835 1553/17/835 1529/13/835
f 1551/4/833 1555/18/833 1531/14/833 1527/3/833
f 1552/6/844 1556/7/844 1555/18/844 1551/4/844
f 1558/19/845 1560/22/845 1559/21/845 1557/20/845
f 1532/8/835 1534/15/835 1558/19/835 1556/7/835
f 1556/7/843 1558/19/843 1557/20/843 1555/18/843
f 1555/18/833 1557/20/833 1533/16/833 1531/14/833
f 1535/23/846 1559/21/846 1560/22/846 1536/24/846
f 1557/20/833 1559/21/833 1535/23/833 1533/16/833
f 1534/15/847 1536/24/847 1560/22/847 1558/19/847
f 1562/1/848 1538/2/848 1539/3/848 1563/4/848
f 1540/5/849 1564/6/849 1568/7/849 1544/8/849
f 1537/9/850 1561/10/850 1564/6/850 1540/5/850
f 1542/11/848 1538/2/848 1562/1/848 1566/12/848
f 1561/10/851 1562/1/851 1563/4/851 1564/6/851
f 1562/1/851 1561/10/851 1565/17/851 1566/12/851
f 1537/9/850 1541/13/850 1565/17/850 1561/10/850
f 1563/4/848 1539/3/848 1543/14/848 1567/18/848
f 1564/6/851 1563/4/851 1567/18/851 1568/7/851
f 1570/19/852 1569/20/852 1571/21/852 1572/22/852
f 1544/8/850 1568/7/850 1570/19/850 1546/15/850
f 1568/7/851 1567/18/851 1569/20/851 1570/19/851
f 1567/18/848 1543/14/848 1545/16/848 1569/20/848
f 1547/23/853 1548/24/853 1572/22/853 1571/21/853
f 1569/20/848 1545/16/848 1547/23/848 1571/21/848
f 1546/15/854 1570/19/854 1572/22/854 1548/24/854
f 1574/1/848 1575/4/848 1551/3/848 1550/2/848
f 1552/5/855 1556/8/855 1580/7/855 1576/6/855
f 1549/9/850 1552/5/850 1576/6/850 1573/10/850
f 1554/11/848 1578/12/848 1574/1/848 1550/2/848
f 1573/10/856 1576/6/856 1575/4/856 1574/1/856
f 1574/1/857 1578/12/857 1577/17/857 1573/10/857
f 1549/9/850 1573/10/850 1577/17/850 1553/13/850
f 1575/4/858 1579/18/858 1555/14/858 1551/3/858
f 1576/6/856 1580/7/856 1579/18/856 1575/4/856
f 1582/19/857 1584/22/857 1583/21/857 1581/20/857
f 1556/8/859 1558/15/859 1582/19/859 1580/7/859
f 1580/7/856 1582/19/856 1581/20/856 1579/18/856
f 1579/18/858 1581/20/858 1557/16/858 1555/14/858
f 1559/23/860 1583/21/860 1584/22/860 1560/24/860
f 1581/20/858 1583/21/858 1559/23/858 1557/16/858
f 1558/15/861 1560/24/861 1584/22/861 1582/19/861
f 1586/1/862 1562/2/862 1563/3/862 1587/4/862
f 1564/5/863 1588/6/863 1592/7/863 1568/8/863
f 1561/9/864 1585/10/864 1588/6/864 1564/5/864
f 1566/11/862 1562/2/862 1586/1/862 1590/12/862
f 1585/10/865 1586/1/865 1587/4/865 1588/6/865
f 1586/1/866 1585/10/866 1589/17/866 1590/12/866
f 1561/9/864 1565/13/864 1589/17/864 1585/10/864
f 1587/4/862 1563/3/862 1567/14/862 1591/18/862
f 1588/6/867 1587/4/867 1591/18/867 1592/7/867
f 1594/19/868 1593/20/868 1595/21/868 1596/22/868
f 1568/8/864 1592/7/864 1594/19/864 1570/15/864
f 1592/7/867 1591/18/867 1593/20/867 1594/19/867
f 1591/18/862 1567/14/862 1569/16/862 1593/20/862
f 1571/23/869 1572/24/869 1596/22/869 1595/21/869
f 1593/20/862 1569/16/862 1571/23/862 1595/21/862
f 1570/15/870 1594/19/870 1596/22/870 1572/24/870
f 1598/1/862 1599/4/862 1575/3/862 1574/2/862
f 1576/5/871 1580/8/871 1604/7/871 1600/6/871
f 1573/9/864 1576/5/864 1600/6/864 1597/10/864
f 1578/11/862 1602/12/862 1598/1/862 1574/2/862
f 1597/10/872 1600/6/872 1599/4/872 1598/1/872
f 1598/1/873 1602/12/873 1601/17/873 1597/10/873
f 1573/9/864 1597/10/864 1601/17/864 1577/13/864
f 1599/4/862 1603/18/862 1579/14/862 1575/3/862
f 1600/6/874 1604/7/874 1603/18/874 1599/4/874
f 1606/19/874 1608/22/874 1607/21/874 1605/20/874
f 1580/8/864 1582/15/864 1606/19/864 1604/7/864
f 1604/7/873 1606/19/873 1605/20/873 1603/18/873
f 1603/18/862 1605/20/862 1581/16/862 1579/14/862
f 1583/23/875 1607/21/875 1608/22/875 1584/24/875
f 1605/20/862 1607/21/862 1583/23/862 1581/16/862
f 1582/15/876 1584/24/876 1608/22/876 1606/19/876
f 1610/1/862 1586/2/862 1587/3/862 1611/4/862
f 1588/5/877 1612/6/877 1616/7/877 1592/8/877
f 1585/9/864 1609/10/864 1612/6/864 1588/5/864
f 1590/11/862 1586/2/862 1610/1/862 1614/12/862
f 1609/10/878 1610/1/878 1611/4/878 1612/6/878
f 1610/1/879 1609/10/879 1613/17/879 1614/12/879
f 1585/9/864 1589/13/864 1613/17/864 1609/10/864
f 1611/4/862 1587/3/862 1591/14/862 1615/18/862
f 1612/6/878 1611/4/878 1615/18/878 1616/7/878
f 1618/19/878 1617/20/878 1619/21/878 1620/22/878
f 1592/8/864 1616/7/864 1618/19/864 1594/15/864
f 1616/7/878 1615/18/878 1617/20/878 1618/19/878
f 1615/18/862 1591/14/862 1593/16/862 1617/20/862
f 1595/23/880 1596/24/880 1620/22/880 1619/21/880
f 1617/20/862 1593/16/862 1595/23/862 1619/21/862
f 1594/15/881 1618/19/881 1620/22/881 1596/24/881
f 1622/1/862 1623/4/862 1599/3/862 1598/2/862
f 1600/5/882 1604/8/882 1628/7/882 1624/6/882
f 1597/9/864 1600/5/864 1624/6/864 1621/10/864
f 1602/11/862 1626/12/862 1622/1/862 1598/2/862
f 1621/10/883 1624/6/883 1623/4/883 1622/1/883
f 1622/1/883 1626/12/883 1625/17/883 1621/10/883
f 1597/9/864 1621/10/864 1625/17/864 1601/13/864
f 1623/4/862 1627/18/862 1603/14/862 1599/3/862
f 1624/6/883 1628/7/883 1627/18/883 1623/4/883
f 1630/19/883 1632/22/883 1631/21/883 1629/20/883
f 1604/8/864 1606/15/864 1630/19/864 1628/7/864
f 1628/7/883 1630/19/883 1629/20/883 1627/18/883
f 1627/18/862 1629/20/862 1605/16/862 1603/14/862
f 1607/23/884 1631/21/884 1632/22/884 1608/24/884
f 1629/20/862 1631/21/862 1607/23/862 1605/16/862
f 1606/15/885 1608/24/885 1632/22/885 1630/19/885
f 1634/1/886 1610/2/886 1611/3/886 1635/4/886
f 1612/5/887 1636/6/887 1640/7/887 1616/8/887
f 1609/9/888 1633/10/888 1636/6/888 1612/5/888
f 1614/11/886 1610/2/886 1634/1/886 1638/12/886
f 1633/10/889 1634/1/889 1635/4/889 1636/6/889
f 1634/1/889 1633/10/889 1637/17/889 1638/12/889
f 1609/9/888 1613/13/888 1637/17/888 1633/10/888
f 1635/4/886 1611/3/886 1615/14/886 1639/18/886
f 1636/6/889 1635/4/889 1639/18/889 1640/7/889
f 1642/19/890 1641/20/890 1643/21/890 1644/22/890
f 1616/8/888 1640/7/888 1642/19/888 1618/15/888
f 1640/7/889 1639/18/889 1641/20/889 1642/19/889
f 1639/18/886 1615/14/886 1617/16/886 1641/20/886
f 1619/23/891 1620/24/891 1644/22/891 1643/21/891
f 1641/20/886 1617/16/886 1619/23/886 1643/21/886
f 1618/15/892 1642/19/892 1644/22/892 1620/24/892
f 1646/1/886 1647/4/886 1623/3/886 1622/2/886
f 1624/5/893 1628/8/893 1652/7/893 1648/6/893
f 1621/9/888 1624/5/888 1648/6/888 1645/10/888
f 1626/11/886 1650/12/886 1646/1/886 1622/2/886
f 1645/10/894 1648/6/894 1647/4/894 1646/1/894
f 1646/1/895 1650/12/895 1649/17/895 1645/10/895
f 1621/9/888 1645/10/888 1649/17/888 1625/13/888
f 1647/4/886 1651/18/886 1627/14/886 1623/3/886
f 1648/6/894 1652/7/894 1651/18/894 1647/4/894
f 1654/19/895 1656/22/895 1655/21/895 1653/20/895
f 1628/8/888 1630/15/888 1654/19/888 1652/7/888
f 1652/7/896 1654/19/896 1653/20/896 1651/18/896
f 1651/18/886 1653/20/886 1629/16/886 1627/14/886
f 1631/23/897 1655/21/897 1656/22/897 1632/24/897
f 1653/20/886 1655/21/886 1631/23/886 1629/16/886
f 1630/15/898 1632/24/898 1656/22/898 1654/19/898
f 1658/1/899 1634/2/899 1635/3/899 1659/4/899
f 1636/5/900 1660/6/900 1664/7/900 1640/8/900
f 1633/9/901 1657/10/901 1660/6/901 1636/5/901
f 1638/11/899 1634/2/899 1658/1/899 1662/12/899
f 1657/10/902 1658/1/902 1659/4/902 1660/6/902
f 1658/1/902 1657/10/902 1661/17/902 1662/12/902
f 1633/9/901 1637/13/901 1661/17/901 1657/10/901
f 1659/4/899 1635/3/899 1639/14/899 1663/18/899
f 1660/6/902 1659/4/902 1663/18/902 1664/7/902
f 1666/19/903 1665/20/903 1667/21/903 1668/22/903
f 1640/8/901 1664/7/901 1666/19/901 1642/15/901
f 1664/7/902 1663/18/902 1665/20/902 1666/19/902
f 1663/18/899 1639/14/899 1641/16/899 1665/20/899
f 1643/23/904 1644/24/904 1668/22/904 1667/21/904
f 1665/20/899 1641/16/899 1643/23/899 1667/21/899
f 1642/15/905 1666/19/905 1668/22/905 1644/24/905
f 1670/1/899 1671/4/899 1647/3/899 1646/2/899
f 1648/5/906 1652/8/906 1676/7/906 1672/6/906
f 1645/9/901 1648/5/901 1672/6/901 1669/10/901
f 1650/11/899 1674/12/899 1670/1/899 1646/2/899
f 1669/10/907 1672/6/907 1671/4/907 1670/1/907
f 1670/1/908 1674/12/908 1673/17/908 1669/10/908
f 1645/9/901 1669/10/901 1673/17/901 1649/13/901
f 1671/4/899 1675/18/899 1651/14/899 1647/3/899
f 1672/6/909 1676/7/909 1675/18/909 1671/4/909
f 1678/19/908 1680/22/908 1679/21/908 1677/20/908
f 1652/8/901 1654/15/901 1678/19/901 1676/7/901
f 1676/7/910 1678/19/910 1677/20/910 1675/18/910
f 1675/18/899 1677/20/899 1653/16/899 1651/14/899
f 1655/23/911 1679/21/911 1680/22/911 1656/24/911
f 1677/20/899 1679/21/899 1655/23/899 1653/16/899
f 1654/15/912 1656/24/912 1680/22/912 1678/19/912
f 1682/1/913 1658/2/913 1659/3/913 1683/4/913
f 1660/5/914 1684/6/914 1688/7/914 1664/8/914
f 1657/9/915 1681/10/915 1684/6/915 1660/5/915
f 1662/11/913 1658/2/913 1682/1/913 1686/12/913
f 1681/10/916 1682/1/916 1683/4/916 1684/6/916
f 1682/1/916 1681/10/916 1685/17/916 1686/12/916
f 1657/9/915 1661/13/915 1685/17/915 1681/10/915
f 1683/4/913 1659/3/913 1663/14/913 1687/18/913
f 1684/6/917 1683/4/917 1687/18/917 1688/7/917
f 1690/19/917 1689/20/917 1691/21/917 1692/22/917
f 1664/8/915 1688/7/915 1690/19/915 1666/15/915
f 1688/7/917 1687/18/917 1689/20/917 1690/19/917
f 1687/18/913 1663/14/913 1665/16/913 1689/20/913
f 1667/23/918 1668/24/918 1692/22/918 1691/21/918
f 1689/20/913 1665/16/913 1667/23/913 1691/21/913
f 1666/15/919 1690/19/919 1692/22/919 1668/24/919
f 1694/1/913 1695/4/913 1671/3/913 1670/2/913
f 1672/5/920 1676/8/920 1700/7/920 1696/6/920
f 1669/9/915 1672/5/915 1696/6/915 1693/10/915
f 1674/11/913 1698/12/913 1694/1/913 1670/2/913
f 1693/10/921 1696/6/921 1695/4/921 1694/1/921
f 1694/1/921 1698/12/921 1697/17/921 1693/10/921
f 1669/9/915 1693/10/915 1697/17/915 1673/13/915
f 1695/4/913 1699/18/913 1675/14/913 1671/3/913
f 1696/6/921 1700/7/921 1699/18/921 1695/4/921
f 1702/19/922 1704/22/922 1703/21/922 1701/20/922
f 1676/8/915 1678/15/915 1702/19/915 1700/7/915
f 1700/7/922 1702/19/922 1701/20/922 1699/18/922
f 1699/18/913 1701/20/913 1677/16/913 1675/14/913
f 1679/23/923 1703/21/923 1704/22/923 1680/24/923
f 1701/20/913 1703/21/913 1679/23/913 1677/16/913
f 1678/15/924 1680/24/924 1704/22/924 1702/19/924
f 1706/1/925 1682/2/925 1683/3/925 1707/4/925
f 1684/5/926 1708/6/926 1712/7/926 1688/8/926
f 1681/9/927 1705/10/927 1708/6/927 1684/5/927
f 1686/11/925 1682/2/925 1706/1/925 1710/12/925
f 1705/10/928 1706/1/928 1707/4/928 1708/6/928
f 1706/1/929 1705/10/929 1709/17/929 1710/12/929
f 1681/9/927 1685/13/927 1709/17/927 1705/10/927
f 1707/4/925 1683/3/925 1687/14/925 1711/18/925
f 1708/6/930 1707/4/930 1711/18/930 1712/7/930
f 1714/19/931 1713/20/931 1715/21/931 1716/22/931
f 1688/8/932 1712/7/932 1714/19/932 1690/15/932
f 1712/7/930 1711/18/930 1713/20/930 1714/19/930
f 1711/18/933 1687/14/933 1689/16/933 1713/20/933
f 1691/23/934 1692/24/934 1716/22/934 1715/21/934
f 1713/20/933 1689/16/933 1691/23/933 1715/21/933
f 1690/15/935 1714/19/935 1716/22/935 1692/24/935
f 1718/1/925 1719/4/925 1695/3/925 1694/2/925
f 1696/5/936 1700/8/936 1724/7/936 1720/6/936
f 1693/9/927 1696/5/927 1720/6/927 1717/10/927
f 1698/11/925 1722/12/925 1718/1/925 1694/2/925
f 1717/10/937 1720/6/937 1719/4/937 1718/1/937
f 1718/1/937 1722/12/937 1721/17/937 1717/10/937
f 1693/9/927 1717/10/927 1721/17/927 1697/13/927
f 1719/4/925 1723/18/925 1699/14/925 1695/3/925
f 1720/6/938 1724/7/938 1723/18/938 1719/4/938
f 1726/19/937 1728/22/937 1727/21/937 1725/20/937
f 1700/8/927 1702/15/927 1726/19/927 1724/7/927
f 1724/7/938 1726/19/938 1725/20/938 1723/18/938
f 1723/18/925 1725/20/925 1701/16/925 1699/14/925
f 1703/23/939 1727/21/939 1728/22/939 1704/24/939
f 1725/20/925 1727/21/925 1703/23/925 1701/16/925
f 1702/15/940 1704/24/940 1728/22/940 1726/19/940
f 1730/1/925 1706/2/925 1707/3/925 1731/4/925
f 1708/5/941 1732/6/941 1736/7/941 1712/8/941
f 1705/9/927 1729/10/927 1732/6/927 1708/5/927
f 1710/11/925 1706/2/925 1730/1/925 1734/12/925
f 1729/10/942 1730/1/942 1731/4/942 1732/6/942
f 1730/1/943 1729/10/943 1733/17/943 1734/12/943
f 1705/9/927 1709/13/927 1733/17/927 1729/10/927
f 1731/4/925 1707/3/925 1711/14/925 1735/18/925
f 1732/6/944 1731/4/944 1735/18/944 1736/7/944
f 1738/19/945 1737/20/945 1739/21/945 1740/22/945
f 1712/8/946 1736/7/946 1738/19/946 1714/15/946
f 1736/7/944 1735/18/944 1737/20/944 1738/19/944
f 1735/18/947 1711/14/947 1713/16/947 1737/20/947
f 1715/23/948 1716/24/948 1740/22/948 1739/21/948
f 1737/20/947 1713/16/947 1715/23/947 1739/21/947
f 1714/15/949 1738/19/949 1740/22/949 1716/24/949
f 1742/1/925 1743/4/925 1719/3/925 1718/2/925
f 1720/5/950 1724/8/950 1748/7/950 1744/6/950
f 1717/9/927 1720/5/927 1744/6/927 1741/10/927
f 1722/11/925 1746/12/925 1742/1/925 1718/2/925
f 1741/10/951 1744/6/951 1743/4/951 1742/1/951
f 1742/1/951 1746/12/951 1745/17/951 1741/10/951
f 1717/9/927 1741/10/927 1745/17/927 1721/13/927
f 1743/4/925 1747/18/925 1723/14/925 1719/3/925
f 1744/6/952 1748/7/952 1747/18/952 1743/4/952
f 1750/19/951 1752/22/951 1751/21/951 1749/20/951
f 1724/8/932 1726/15/932 1750/19/932 1748/7/932
f 1748/7/953 1750/19/953 1749/20/953 1747/18/953
f 1747/18/933 1749/20/933 1725/16/933 1723/14/933
f 1727/23/954 1751/21/954 1752/22/954 1728/24/954
f 1749/20/925 1751/21/925 1727/23/925 1725/16/925
f 1726/15/955 1728/24/955 1752/22/955 1750/19/955
f 1754/1/956 1730/2/956 1731/3/956 1755/4/956
f 1732/5/957 1756/6/957 1760/7/957 1736/8/957
f 1729/9/958 1753/10/958 1756/6/958 1732/5/958
f 1734/11/956 1730/2/956 1754/1/956 1758/12/956
f 1753/10/959 1754/1/959 1755/4/959 1756/6/959
f 1754/1/960 1753/10/960 1757/17/960 1758/12/960
f 1729/9/958 1733/13/958 1757/17/958 1753/10/958
f 1755/4/961 1731/3/961 1735/14/961 1759/18/961
f 1756/6/962 1755/4/962 1759/18/962 1760/7/962
f 1762/19/963 1761/20/963 1763/21/963 1764/22/963
f 1736/8/964 1760/7/964 1762/19/964 1738/15/964
f 1760/7/962 1759/18/962 1761/20/962 1762/19/962
f 1759/18/961 1735/14/961 1737/16/961 1761/20/961
f 1739/23/965 1740/24/965 1764/22/965 1763/21/965
f 1761/20/961 1737/16/961 1739/23/961 1763/21/961
f 1738/15/966 1762/19/966 1764/22/966 1740/24/966
f 1766/1/956 1767/4/956 1743/3/956 1742/2/956
f 1744/5/967 1748/8/967 1772/7/967 1768/6/967
f 1741/9/958 1744/5/958 1768/6/958 1765/10/958
f 1746/11/956 1770/12/956 1766/1/956 1742/2/956
f 1765/10/968 1768/6/968 1767/4/968 1766/1/968
f 1766/1/968 1770/12/968 1769/17/968 1765/10/968
f 1741/9/958 1765/10/958 1769/17/958 1745/13/958
f 1767/4/956 1771/18/956 1747/14/956 1743/3/956
f 1768/6/968 1772/7/968 1771/18/968 1767/4/968
f 1774/19/968 1776/22/968 1775/21/968 1773/20/968
f 1748/8/958 1750/15/958 1774/19/958 1772/7/958
f 1772/7/969 1774/19/969 1773/20/969 1771/18/969
f 1771/18/956 1773/20/956 1749/16/956 1747/14/956
f 1751/23/970 1775/21/970 1776/22/970 1752/24/970
f 1773/20/956 1775/21/956 1751/23/956 1749/16/956
f 1750/15/971 1752/24/971 1776/22/971 1774/19/971
f 1778/1/956 1754/2/956 1755/3/956 1779/4/956
f 1756/5/972 1780/6/972 1784/7/972 1760/8/972
f 1753/9/958 1777/10/958 1780/6/958 1756/5/958
f 1758/11/956 1754/2/956 1778/1/956 1782/12/956
f 1777/10/973 1778/1/973 1779/4/973 1780/6/973
f 1778/1/974 1777/10/974 1781/17/974 1782/12/974
f 1753/9/958 1757/13/958 1781/17/958 1777/10/958
f 1779/4/956 1755/3/956 1759/14/956 1783/18/956
f 1780/6/973 1779/4/973 1783/18/973 1784/7/973
f 1786/19/975 1785/20/975 1787/21/975 1788/22/975
f 1760/8/958 1784/7/958 1786/19/958 1762/15/958
f 1784/7/973 1783/18/973 1785/20/973 1786/19/973
f 1783/18/956 1759/14/956 1761/16/956 1785/20/956
f 1763/23/976 1764/24/976 1788/22/976 1787/21/976
f 1785/20/956 1761/16/956 1763/23/956 1787/21/956
f 1762/15/977 1786/19/977 1788/22/977 1764/24/977
f 1790/1/956 1791/4/956 1767/3/956 1766/2/956
f 1768/5/978 1772/8/978 1796/7/978 1792/6/978
f 1765/9/958 1768/5/958 1792/6/958 1789/10/958
f 1770/11/956 1794/12/956 1790/1/956 1766/2/956
f 1789/10/979 1792/6/979 1791/4/979 1790/1/979
f 1790/1/979 1794/12/979 1793/17/979 1789/10/979
f 1765/9/958 1789/10/958 1793/17/958 1769/13/958
f 1791/4/956 1795/18/956 1771/14/956 1767/3/956
f 1792/6/980 1796/7/980 1795/18/980 1791/4/980
f 1798/19/979 1800/22/979 1799/21/979 1797/20/979
f 1772/8/958 1774/15/958 1798/19/958 1796/7/958
f 1796/7/980 1798/19/980 1797/20/980 1795/18/980
f 1795/18/961 1797/20/961 1773/16/961 1771/14/961
f 1775/23/981 1799/21/981 1800/22/981 1776/24/981
f 1797/20/961 1799/21/961 1775/23/961 1773/16/961
f 1774/15/982 1776/24/982 1800/22/982 1798/19/982
f 1802/1/983 1778/2/983 1779/3/983 1803/4/983
f 1780/5/984 1804/6/984 1808/7/984 1784/8/984
f 1777/9/985 1801/10/985 1804/6/985 1780/5/985
f 1782/11/983 1778/2/983 1802/1/983 1806/12/983
f 1801/10/986 1802/1/986 1803/4/986 1804/6/986
f 1802/1/986 1801/10/986 1805/17/986 1806/12/986
f 1777/9/985 1781/13/985 1805/17/985 1801/10/985
f 1803/4/983 1779/3/983 1783/14/983 1807/18/983
f 1804/6/987 1803/4/987 1807/18/987 1808/7/987
f 1810/19/988 1809/20/988 1811/21/988 1812/22/988
f 1784/8/985 1808/7/985 1810/19/985 1786/15/985
f 1808/7/987 1807/18/987 1809/20/987 1810/19/987
f 1807/18/983 1783/14/983 1785/16/983 1809/20/983
f 1787/23/989 1788/24/989 1812/22/989 1811/21/989
f 1809/20/983 1785/16/983 1787/23/983 1811/21/983
f 1786/15/990 1810/19/990 1812/22/990 1788/24/990
f 1814/1/983 1815/4/983 1791/3/983 1790/2/983
f 1792/5/991 1796/8/991 1820/7/991 1816/6/991
f 1789/9/985 1792/5/985 1816/6/985 1813/10/985
f 1794/11/983 1818/12/983 1814/1/983 1790/2/983
f 1813/10/992 1816/6/992 1815/4/992 1814/1/992
f 1814/1/993 1818/12/993 1817/17/993 1813/10/993
f 1789/9/985 1813/10/985 1817/17/985 1793/13/985
f 1815/4/983 1819/18/983 1795/14/983 1791/3/983
f 1816/6/994 1820/7/994 1819/18/994 1815/4/994
f 1822/19/995 1824/22/995 1823/21/995 1821/20/995
f 1796/8/985 1798/15/985 1822/19/985 1820/7/985
f 1820/7/994 1822/19/994 1821/20/994 1819/18/994
f 1819/18/983 1821/20/983 1797/16/983 1795/14/983
f 1799/23/996 1823/21/996 1824/22/996 1800/24/996
f 1821/20/983 1823/21/983 1799/23/983 1797/16/983
f 1798/15/997 1800/24/997 1824/22/997 1822/19/997
f 1826/1/998 1802/2/998 1803/3/998 1827/4/998
f 1804/5/999 1828/6/999 1832/7/999 1808/8/999
f 1801/9/1000 1825/10/1000 1828/6/1000 1804/5/1000
f 1806/11/998 1802/2/998 1826/1/998 1830/12/998
f 1825/10/1001 1826/1/1001 1827/4/1001 1828/6/1001
f 1826/1/1002 1825/10/1002 1829/17/1002 1830/12/1002
f 1801/9/1000 1805/13/1000 1829/17/1000 1825/10/1000
f 1827/4/998 1803/3/998 1807/14/998 1831/18/998
f 1828/6/1003 1827/4/1003 1831/18/1003 1832/7/1003
f 1834/19/1004 1833/20/1004 1835/21/1004 1836/22/1004
f 1808/8/1000 1832/7/1000 1834/19/1000 1810/15/1000
f 1832/7/1003 1831/18/1003 1833/20/1003 1834/19/1003
f 1831/18/998 1807/14/998 1809/16/998 1833/20/998
f 1811/23/1005 1812/24/1005 1836/22/1005 1835/21/1005
f 1833/20/998 1809/16/998 1811/23/998 1835/21/998
f 1810/15/1006 1834/19/1006 1836/22/1006 1812/24/1006
f 1838/1/998 1839/4/998 1815/3/998 1814/2/998
f 1816/5/1007 1820/8/1007 1844/7/1007 1840/6/1007
f 1813/9/1000 1816/5/1000 1840/6/1000 1837/10/1000
f 1818/11/998 1842/12/998 1838/1/998 1814/2/998
f 1837/10/1008 1840/6/1008 1839/4/1008 1838/1/1008
f 1838/1/1008 1842/12/1008 1841/17/1008 1837/10/1008
f 1813/9/1000 1837/10/1000 1841/17/1000 1817/13/1000
f 1839/4/998 1843/18/998 1819/14/998 1815/3/998
f 1840/6/1008 1844/7/1008 1843/18/1008 1839/4/1008
f 1846/19/1008 1848/22/1008 1847/21/1008 1845/20/1008
f 1820/8/1000 1822/15/1000 1846/19/1000 1844/7/1000
f 1844/7/1009 1846/19/1009 1845/20/1009 1843/18/1009
f 1843/18/998 1845/20/998 1821/16/998 1819/14/998
f 1823/23/1010 1847/21/1010 1848/22/1010 1824/24/1010
f 1845/20/998 1847/21/998 1823/23/998 1821/16/998
f 1822/15/1011 1824/24/1011 1848/22/1011 1846/19/1011
f 1850/1/998 1826/2/998 1827/3/998 1851/4/998
f 1828/5/1012 1852/6/1012 1856/7/1012 1832/8/1012
f 1825/9/1000 1849/10/1000 1852/6/1000 1828/5/1000
f 1830/11/998 1826/2/998 1850/1/998 1854/12/998
f 1849/10/1013 1850/1/1013 1851/4/1013 1852/6/1013
f 1850/1/1014 1849/10/1014 1853/17/1014 1854/12/1014
f 1825/9/1000 1829/13/1000 1853/17/1000 1849/10/1000
f 1851/4/998 1827/3/998 1831/14/998 1855/18/998
f 1852/6/1013 1851/4/1013 1855/18/1013 1856/7/1013
f 1858/19/1013 1857/20/1013 1859/21/1013 1860/22/1013
f 1832/8/1000 1856/7/1000 1858/19/1000 1834/15/1000
f 1856/7/1013 1855/18/1013 1857/20/1013 1858/19/1013
f 1855/18/998 1831/14/998 1833/16/998 1857/20/998
f 1835/23/1015 1836/24/1015 1860/22/1015 1859/21/1015
f 1857/20/998 1833/16/998 1835/23/998 1859/21/998
f 1834/15/1016 1858/19/1016 1860/22/1016 1836/24/1016
f 1862/1/998 1863/4/998 1839/3/998 1838/2/998
f 1840/5/1017 1844/8/1017 1868/7/1017 1864/6/1017
f 1837/9/1000 1840/5/1000 1864/6/1000 1861/10/1000
f 1842/11/998 1866/12/998 1862/1/998 1838/2/998
f 1861/10/1018 1864/6/1018 1863/4/1018 1862/1/1018
f 1862/1/1018 1866/12/1018 1865/17/1018 1861/10/1018
f 1837/9/1000 1861/10/1000 1865/17/1000 1841/13/1000
f 1863/4/998 1867/18/998 1843/14/998 1839/3/998
f 1864/6/1019 1868/7/1019 1867/18/1019 1863/4/1019
f 1870/19/1019 1872/22/1019 1871/21/1019 1869/20/1019
f 1844/8/1000 1846/15/1000 1870/19/1000 1868/7/1000
f 1868/7/1019 1870/19/1019 1869/20/1019 1867/18/1019
f 1867/18/998 1869/20/998 1845/16/998 1843/14/998
f 1847/23/1020 1871/21/1020 1872/22/1020 1848/24/1020
f 1869/20/998 1871/21/998 1847/23/998 1845/16/998
f 1846/15/1021 1848/24/1021 1872/22/1021 1870/19/1021
f 1874/1/1022 1850/2/1022 1851/3/1022 1875/4/1022
f 1852/5/1023 1876/6/1023 1880/7/1023 1856/8/1023
f 1849/9/1024 1873/10/1024 1876/6/1024 1852/5/1024
f 1854/11/1022 1850/2/1022 1874/1/1022 1878/12/1022
f 1873/10/1025 1874/1/1025 1875/4/1025 1876/6/1025
f 1874/1/1025 1873/10/1025 1877/17/1025 1878/12/1025
f 1849/9/1024 1853/13/1024 1877/17/1024 1873/10/1024
f 1875/4/1022 1851/3/1022 1855/14/1022 1879/18/1022
f 1876/6/1026 1875/4/1026 1879/18/1026 1880/7/1026
f 1882/19/1027 1881/20/1027 1883/21/1027 1884/22/1027
f 1856/8/1024 1880/7/1024 1882/19/1024 1858/15/1024
f 1880/7/1026 1879/18/1026 1881/20/1026 1882/19/1026
f 1879/18/1022 1855/14/1022 1857/16/1022 1881/20/1022
f 1859/23/1028 1860/24/1028 1884/22/1028 1883/21/1028
f 1881/20/1022 1857/16/1022 1859/23/1022 1883/21/1022
f 1858/15/1029 1882/19/1029 1884/22/1029 1860/24/1029
f 1886/1/1022 1887/4/1022 1863/3/1022 1862/2/1022
f 1864/5/1030 1868/8/1030 1892/7/1030 1888/6/1030
f 1861/9/1024 1864/5/1024 1888/6/1024 1885/10/1024
f 1866/11/1022 1890/12/1022 1886/1/1022 1862/2/1022
f 1885/10/1031 1888/6/1031 1887/4/1031 1886/1/1031
f 1886/1/1032 1890/12/1032 1889/17/1032 1885/10/1032
f 1861/9/1024 1885/10/1024 1889/17/1024 1865/13/1024
f 1887/4/1022 1891/18/1022 1867/14/1022 1863/3/1022
f 1888/6/1031 1892/7/1031 1891/18/1031 1887/4/1031
f 1894/19/1032 1896/22/1032 1895/21/1032 1893/20/1032
f 1868/8/1024 1870/15/1024 1894/19/1024 1892/7/1024
f 1892/7/1033 1894/19/1033 1893/20/1033 1891/18/1033
f 1891/18/1022 1893/20/1022 1869/16/1022 1867/14/1022
f 1871/23/1034 1895/21/1034 1896/22/1034 1872/24/1034
f 1893/20/1022 1895/21/1022 1871/23/1022 1869/16/1022
f 1870/15/1035 1872/24/1035 1896/22/1035 1894/19/1035
f 1898/1/1036 1874/2/1036 1875/3/1036 1899/4/1036
f 1876/5/1037 1900/6/1037 1904/7/1037 1880/8/1037
f 1873/9/1038 1897/10/1038 1900/6/1038 1876/5/1038
f 1878/11/1036 1874/2/1036 1898/1/1036 1902/12/1036
f 1897/10/1039 1898/1/1039 1899/4/1039 1900/6/1039
f 1898/1/1040 1897/10/1040 1901/17/1040 1902/12/1040
f 1873/9/1038 1877/13/1038 1901/17/1038 1897/10/1038
f 1899/4/1036 1875/3/1036 1879/14/1036 1903/18/1036
f 1900/6/1041 1899/4/1041 1903/18/1041 1904/7/1041
f 1906/19/1042 1905/20/1042 1907/21/1042 1908/22/1042
f 1880/8/1038 1904/7/1038 1906/19/1038 1882/15/1038
f 1904/7/1041 1903/18/1041 1905/20/1041 1906/19/1041
f 1903/18/1036 1879/14/1036 1881/16/1036 1905/20/1036
f 1883/23/1043 1884/24/1043 1908/22/1043 1907/21/1043
f 1905/20/1044 1881/16/1044 1883/23/1044 1907/21/1044
f 1882/15/1045 1906/19/1045 1908/22/1045 1884/24/1045
f 1910/1/1036 1911/4/1036 1887/3/1036 1886/2/1036
f 1888/5/1046 1892/8/1046 1916/7/1046 1912/6/1046
f 1885/9/1038 1888/5/1038 1912/6/1038 1909/10/1038
f 1890/11/1036 1914/12/1036 1910/1/1036 1886/2/1036
f 1909/10/1047 1912/6/1047 1911/4/1047 1910/1/1047
f 1910/1/1048 1914/12/1048 1913/17/1048 1909/10/1048
f 1885/9/1038 1909/10/1038 1913/17/1038 1889/13/1038
f 1911/4/1049 1915/18/1049 1891/14/1049 1887/3/1049
f 1912/6/1047 1916/7/1047 1915/18/1047 1911/4/1047
f 1918/19/1048 1920/22/1048 1919/21/1048 1917/20/1048
f 1892/8/1050 1894/15/1050 1918/19/1050 1916/7/1050
f 1916/7/1047 1918/19/1047 1917/20/1047 1915/18/1047
f 1915/18/1049 1917/20/1049 1893/16/1049 1891/14/1049
f 1895/23/1051 1919/21/1051 1920/22/1051 1896/24/1051
f 1917/20/1049 1919/21/1049 1895/23/1049 1893/16/1049
f 1894/15/1052 1896/24/1052 1920/22/1052 1918/19/1052
f 1922/1/1036 1898/2/1036 1899/3/1036 1923/4/1036
f 1900/5/1053 1924/6/1053 1928/7/1053 1904/8/1053
f 1897/9/1038 1921/10/1038 1924/6/1038 1900/5/1038
f 1902/11/1049 1898/2/1049 1922/1/1049 1926/12/1049
f 1921/10/1054 1922/1/1054 1923/4/1054 1924/6/1054
f 1922/1/1054 1921/10/1054 1925/17/1054 1926/12/1054
f 1897/9/1050 1901/13/1050 1925/17/1050 1921/10/1050
f 1923/4/1036 1899/3/1036 1903/14/1036 1927/18/1036
f 1924/6/1055 1923/4/1055 1927/18/1055 1928/7/1055
f 1930/19/1056 1929/20/1056 1931/21/1056 1932/22/1056
f 1904/8/1038 1928/7/1038 1930/19/1038 1906/15/1038
f 1928/7/1056 1927/18/1056 1929/20/1056 1930/19/1056
f 1927/18/1036 1903/14/1036 1905/16/1036 1929/20/1036
f 1907/23/1057 1908/24/1057 1932/22/1057 1931/21/1057
f 1929/20/1044 1905/16/1044 1907/23/1044 1931/21/1044
f 1906/15/1058 1930/19/1058 1932/22/1058 1908/24/1058
f 1934/1/1049 1935/4/1049 1911/3/1049 1910/2/1049
f 1912/5/1059 1916/8/1059 1940/7/1059 1936/6/1059
f 1909/9/1050 1912/5/1050 1936/6/1050 1933/10/1050
f 1914/11/1049 1938/12/1049 1934/1/1049 1910/2/1049
f 1933/10/1060 1936/6/1060 1935/4/1060 1934/1/1060
f 1934/1/1060 1938/12/1060 1937/17/1060 1933/10/1060
f 1909/9/1050 1933/10/1050 1937/17/1050 1913/13/1050
f 1935/4/1049 1939/18/1049 1915/14/1049 1911/3/1049
f 1936/6/1060 1940/7/1060 1939/18/1060 1935/4/1060
f 1942/19/1061 1944/22/1061 1943/21/1061 1941/20/1061
f 1916/8/1050 1918/15/1050 1942/19/1050 1940/7/1050
f 1940/7/1062 1942/19/1062 1941/20/1062 1939/18/1062
f 1939/18/1049 1941/20/1049 1917/16/1049 1915/14/1049
f 1919/23/1063 1943/21/1063 1944/22/1063 1920/24/1063
f 1941/20/1049 1943/21/1049 1919/23/1049 1917/16/1049
f 1918/15/1064 1920/24/1064 1944/22/1064 1942/19/1064
f 1946/1/1022 1922/2/1022 1923/3/1022 1947/4/1022
f 1924/5/1065 1948/6/1065 1952/7/1065 1928/8/1065
f 1921/9/1024 1945/10/1024 1948/6/1024 1924/5/1024
f 1926/11/1022 1922/2/1022 1946/1/1022 1950/12/1022
f 1945/10/1066 1946/1/1066 1947/4/1066 1948/6/1066
f 1946/1/1067 1945/10/1067 1949/17/1067 1950/12/1067
f 1921/9/1024 1925/13/1024 1949/17/1024 1945/10/1024
f 1947/4/1022 1923/3/1022 1927/14/1022 1951/18/1022
f 1948/6/1068 1947/4/1068 1951/18/1068 1952/7/1068
f 1954/19/1069 1953/20/1069 1955/21/1069 1956/22/1069
f 1928/8/1024 1952/7/1024 1954/19/1024 1930/15/1024
f 1952/7/1068 1951/18/1068 1953/20/1068 1954/19/1068
f 1951/18/1022 1927/14/1022 1929/16/1022 1953/20/1022
f 1931/23/1070 1932/24/1070 1956/22/1070 1955/21/1070
f 1953/20/1022 1929/16/1022 1931/23/1022 1955/21/1022
f 1930/15/1071 1954/19/1071 1956/22/1071 1932/24/1071
f 1958/1/1022 1959/4/1022 1935/3/1022 1934/2/1022
f 1936/5/1072 1940/8/1072 1964/7/1072 1960/6/1072
f 1933/9/1024 1936/5/1024 1960/6/1024 1957/10/1024
f 1938/11/1022 1962/12/1022 1958/1/1022 1934/2/1022
f 1957/10/1073 1960/6/1073 1959/4/1073 1958/1/1073
f 1958/1/1074 1962/12/1074 1961/17/1074 1957/10/1074
f 1933/9/1024 1957/10/1024 1961/17/1024 1937/13/1024
f 1959/4/1075 1963/18/1075 1939/14/1075 1935/3/1075
f 1960/6/1073 1964/7/1073 1963/18/1073 1959/4/1073
f 1966/19/1073 1968/22/1073 1967/21/1073 1965/20/1073
f 1940/8/1076 1942/15/1076 1966/19/1076 1964/7/1076
f 1964/7/1077 1966/19/1077 1965/20/1077 1963/18/1077
f 1963/18/1075 1965/20/1075 1941/16/1075 1939/14/1075
f 1943/23/1078 1967/21/1078 1968/22/1078 1944/24/1078
f 1965/20/1075 1967/21/1075 1943/23/1075 1941/16/1075
f 1942/15/1079 1944/24/1079 1968/22/1079 1966/19/1079
f 1970/1/1080 1946/2/1080 1947/3/1080 1971/4/1080
f 1948/5/1081 1972/6/1081 1976/7/1081 1952/8/1081
f 1945/9/1082 1969/10/1082 1972/6/1082 1948/5/1082
f 1950/11/1080 1946/2/1080 1970/1/1080 1974/12/1080
f 1969/10/1083 1970/1/1083 1971/4/1083 1972/6/1083
f 1970/1/1083 1969/10/1083 1973/17/1083 1974/12/1083
f 1945/9/1082 1949/13/1082 1973/17/1082 1969/10/1082
f 1971/4/1080 1947/3/1080 1951/14/1080 1975/18/1080
f 1972/6/1083 1971/4/1083 1975/18/1083 1976/7/1083
f 1978/19/1084 1977/20/1084 1979/21/1084 1980/22/1084
f 1952/8/1082 1976/7/1082 1978/19/1082 1954/15/1082
f 1976/7/1083 1975/18/1083 1977/20/1083 1978/19/1083
f 1975/18/1080 1951/14/1080 1953/16/1080 1977/20/1080
f 1955/23/1085 1956/24/1085 1980/22/1085 1979/21/1085
f 1977/20/1080 1953/16/1080 1955/23/1080 1979/21/1080
f 1954/15/1086 1978/19/1086 1980/22/1086 1956/24/1086
f 1982/1/1080 1983/4/1080 1959/3/1080 1958/2/1080
f 1960/5/1087 1964/8/1087 1988/7/1087 1984/6/1087
f 1957/9/1082 1960/5/1082 1984/6/1082 1981/10/1082
f 1962/11/1080 1986/12/1080 1982/1/1080 1958/2/1080
f 1981/10/1088 1984/6/1088 1983/4/1088 1982/1/1088
f 1982/1/1089 1986/12/1089 1985/17/1089 1981/10/1089
f 1957/9/1082 1981/10/1082 1985/17/1082 1961/13/1082
f 1983/4/1080 1987/18/1080 1963/14/1080 1959/3/1080
f 1984/6/1088 1988/7/1088 1987/18/1088 1983/4/1088
f 1990/19/1090 1992/22/1090 1991/21/1090 1989/20/1090
f 1964/8/1082 1966/15/1082 1990/19/1082 1988/7/1082
f 1988/7/1088 1990/19/1088 1989/20/1088 1987/18/1088
f 1987/18/1080 1989/20/1080 1965/16/1080 1963/14/1080
f 1967/23/1091 1991/21/1091 1992/22/1091 1968/24/1091
f 1989/20/1080 1991/21/1080 1967/23/1080 1965/16/1080
f 1966/15/1092 1968/24/1092 1992/22/1092 1990/19/1092
f 1994/1/1093 1970/2/1093 1971/3/1093 1995/4/1093
f 1972/5/1094 1996/6/1094 2000/7/1094 1976/8/1094
f 1969/9/1095 1993/10/1095 1996/6/1095 1972/5/1095
f 1974/11/1093 1970/2/1093 1994/1/1093 1998/12/1093
f 1993/10/1096 1994/1/1096 1995/4/1096 1996/6/1096
f 1994/1/1096 1993/10/1096 1997/17/1096 1998/12/1096
f 1969/9/1095 1973/13/1095 1997/17/1095 1993/10/1095
f 1995/4/1093 1971/3/1093 1975/14/1093 1999/18/1093
f 1996/6/1097 1995/4/1097 1999/18/1097 2000/7/1097
f 2002/19/1097 2001/20/1097 2003/21/1097 2004/22/1097
f 1976/8/1095 2000/7/1095 2002/19/1095 1978/15/1095
f 2000/7/1097 1999/18/1097 2001/20/1097 2002/19/1097
f 1999/18/1093 1975/14/1093 1977/16/1093 2001/20/1093
f 1979/23/1098 1980/24/1098 2004/22/1098 2003/21/1098
f 2001/20/1093 1977/16/1093 1979/23/1093 2003/21/1093
f 1978/15/1099 2002/19/1099 2004/22/1099 1980/24/1099
f 2006/1/1093 2007/4/1093 1983/3/1093 1982/2/1093
f 1984/5/1100 1988/8/1100 2012/7/1100 2008/6/1100
f 1981/9/1095 1984/5/1095 2008/6/1095 2005/10/1095
f 1986/11/1093 2010/12/1093 2006/1/1093 1982/2/1093
f 2005/10/1101 2008/6/1101 2007/4/1101 2006/1/1101
f 2006/1/1102 2010/12/1102 2009/17/1102 2005/10/1102
f 1981/9/1095 2005/10/1095 2009/17/1095 1985/13/1095
f 2007/4/1093 2011/18/1093 1987/14/1093 1983/3/1093
f 2008/6/1103 2012/7/1103 2011/18/1103 2007/4/1103
f 2014/19/1103 2016/22/1103 2015/21/1103 2013/20/1103
f 1988/8/1095 1990/15/1095 2014/19/1095 2012/7/1095
f 2012/7/1102 2014/19/1102 2013/20/1102 2011/18/1102
f 2011/18/1093 2013/20/1093 1989/16/1093 1987/14/1093
f 1991/23/1104 2015/21/1104 2016/22/1104 1992/24/1104
f 2013/20/1093 2015/21/1093 1991/23/1093 1989/16/1093
f 1990/15/1105 1992/24/1105 2016/22/1105 2014/19/1105
f 2018/1/1106 1994/2/1106 1995/3/1106 2019/4/1106
f 1996/5/1107 2020/6/1107 2024/7/1107 2000/8/1107
f 1993/9/1108 2017/10/1108 2020/6/1108 1996/5/1108
f 1998/11/1106 1994/2/1106 2018/1/1106 2022/12/1106
f 2017/10/1109 2018/1/1109 2019/4/1109 2020/6/1109
f 2018/1/1109 2017/10/1109 2021/17/1109 2022/12/1109
f 1993/9/1108 1997/13/1108 2021/17/1108 2017/10/1108
f 2019/4/1106 1995/3/1106 1999/14/1106 2023/18/1106
f 2020/6/1109 2019/4/1109 2023/18/1109 2024/7/1109
f 2026/19/1109 2025/20/1109 2027/21/1109 2028/22/1109
f 2000/8/1108 2024/7/1108 2026/19/1108 2002/15/1108
f 2024/7/1109 2023/18/1109 2025/20/1109 2026/19/1109
f 2023/18/1106 1999/14/1106 2001/16/1106 2025/20/1106
f 2003/23/1110 2004/24/1110 2028/22/1110 2027/21/1110
f 2025/20/1106 2001/16/1106 2003/23/1106 2027/21/1106
f 2002/15/1111 2026/19/1111 2028/22/1111 2004/24/1111
f 2030/1/1106 2031/4/1106 2007/3/1106 2006/2/1106
f 2008/5/1112 2012/8/1112 2036/7/1112 2032/6/1112
f 2005/9/1108 2008/5/1108 2032/6/1108 2029/10/1108
f 2010/11/1106 2034/12/1106 2030/1/1106 2006/2/1106
f 2029/10/1113 2032/6/1113 2031/4/1113 2030/1/1113
f 2030/1/1113 2034/12/1113 2033/17/1113 2029/10/1113
f 2005/9/1108 2029/10/1108 2033/17/1108 2009/13/1108
f 2031/4/1106 2035/18/1106 2011/14/1106 2007/3/1106
f 2032/6/1113 2036/7/1113 2035/18/1113 2031/4/1113
f 2038/19/1113 2040/22/1113 2039/21/1113 2037/20/1113
f 2012/8/1108 2014/15/1108 2038/19/1108 2036/7/1108
f 2036/7/1113 2038/19/1113 2037/20/1113 2035/18/1113
f 2035/18/1106 2037/20/1106 2013/16/1106 2011/14/1106
f 2015/23/1114 2039/21/1114 2040/22/1114 2016/24/1114
f 2037/20/1106 2039/21/1106 2015/23/1106 2013/16/1106
f 2014/15/1115 2016/24/1115 2040/22/1115 2038/19/1115
f 2042/1/1116 2018/2/1116 2019/3/1116 2043/4/1116
f 2020/5/1117 2044/6/1117 2048/7/1117 2024/8/1117
f 2017/9/1118 2041/10/1118 2044/6/1118 2020/5/1118
f 2022/11/1116 2018/2/1116 2042/1/1116 2046/12/1116
f 2041/10/1119 2042/1/1119 2043/4/1119 2044/6/1119
f 2042/1/1120 2041/10/1120 2045/17/1120 2046/12/1120
f 2017/9/1118 2021/13/1118 2045/17/1118 2041/10/1118
f 2043/4/1116 2019/3/1116 2023/14/1116 2047/18/1116
f 2044/6/1120 2043/4/1120 2047/18/1120 2048/7/1120
f 2050/19/1121 2049/20/1121 2051/21/1121 2052/22/1121
f 2024/8/1118 2048/7/1118 2050/19/1118 2026/15/1118
f 2048/7/1119 2047/18/1119 2049/20/1119 2050/19/1119
f 2047/18/1116 2023/14/1116 2025/16/1116 2049/20/1116
f 2027/23/1122 2028/24/1122 2052/22/1122 2051/21/1122
f 2049/20/1116 2025/16/1116 2027/23/1116 2051/21/1116
f 2026/15/1123 2050/19/1123 2052/22/1123 2028/24/1123
f 2054/1/1116 2055/4/1116 2031/3/1116 2030/2/1116
f 2032/5/1124 2036/8/1124 2060/7/1124 2056/6/1124
f 2029/9/1118 2032/5/1118 2056/6/1118 2053/10/1118
f 2034/11/1116 2058/12/1116 2054/1/1116 2030/2/1116
f 2053/10/1125 2056/6/1125 2055/4/1125 2054/1/1125
f 2054/1/1125 2058/12/1125 2057/17/1125 2053/10/1125
f 2029/9/1118 2053/10/1118 2057/17/1118 2033/13/1118
f 2055/4/1116 2059/18/1116 2035/14/1116 2031/3/1116
f 2056/6/1125 2060/7/1125 2059/18/1125 2055/4/1125
f 2062/19/1126 2064/22/1126 2063/21/1126 2061/20/1126
f 2036/8/1118 2038/15/1118 2062/19/1118 2060/7/1118
f 2060/7/1127 2062/19/1127 2061/20/1127 2059/18/1127
f 2059/18/1116 2061/20/1116 2037/16/1116 2035/14/1116
f 2039/23/1128 2063/21/1128 2064/22/1128 2040/24/1128
f 2061/20/1116 2063/21/1116 2039/23/1116 2037/16/1116
f 2038/15/1129 2040/24/1129 2064/22/1129 2062/19/1129
f 2066/1/1130 2042/2/1130 2043/3/1130 2067/4/1130
f 2044/5/1131 2068/6/1131 2072/7/1131 2048/8/1131
f 2041/9/1132 2065/10/1132 2068/6/1132 2044/5/1132
f 2046/11/1130 2042/2/1130 2066/1/1130 2070/12/1130
f 2065/10/1133 2066/1/1133 2067/4/1133 2068/6/1133
f 2066/1/1134 2065/10/1134 2069/17/1134 2070/12/1134
f 2041/9/1132 2045/13/1132 2069/17/1132 2065/10/1132
f 2067/4/1130 2043/3/1130 2047/14/1130 2071/18/1130
f 2068/6/1133 2067/4/1133 2071/18/1133 2072/7/1133
f 2074/19/1135 2073/20/1135 2075/21/1135 2076/22/1135
f 2048/8/1132 2072/7/1132 2074/19/1132 2050/15/1132
f 2072/7/1133 2071/18/1133 2073/20/1133 2074/19/1133
f 2071/18/1130 2047/14/1130 2049/16/1130 2073/20/1130
f 2051/23/1136 2052/24/1136 2076/22/1136 2075/21/1136
f 2073/20/1130 2049/16/1130 2051/23/1130 2075/21/1130
f 2050/15/1137 2074/19/1137 2076/22/1137 2052/24/1137
f 2078/1/1130 2079/4/1130 2055/3/1130 2054/2/1130
f 2056/5/1138 2060/8/1138 2084/7/1138 2080/6/1138
f 2053/9/1132 2056/5/1132 2080/6/1132 2077/10/1132
f 2058/11/1130 2082/12/1130 2078/1/1130 2054/2/1130
f 2077/10/1139 2080/6/1139 2079/4/1139 2078/1/1139
f 2078/1/1139 2082/12/1139 2081/17/1139 2077/10/1139
f 2053/9/1132 2077/10/1132 2081/17/1132 2057/13/1132
f 2079/4/1130 2083/18/1130 2059/14/1130 2055/3/1130
f 2080/6/1140 2084/7/1140 2083/18/1140 2079/4/1140
f 2086/19/1140 2088/22/1140 2087/21/1140 2085/20/1140
f 2060/8/1132 2062/15/1132 2086/19/1132 2084/7/1132
f 2084/7/1139 2086/19/1139 2085/20/1139 2083/18/1139
f 2083/18/1130 2085/20/1130 2061/16/1130 2059/14/1130
f 2063/23/1141 2087/21/1141 2088/22/1141 2064/24/1141
f 2085/20/1130 2087/21/1130 2063/23/1130 2061/16/1130
f 2062/15/1142 2064/24/1142 2088/22/1142 2086/19/1142
f 2090/1/1143 2066/2/1143 2067/3/1143 2091/4/1143
f 2068/5/1144 2092/6/1144 2096/7/1144 2072/8/1144
f 2065/9/1145 2089/10/1145 2092/6/1145 2068/5/1145
f 2070/11/1143 2066/2/1143 2090/1/1143 2094/12/1143
f 2089/10/1146 2090/1/1146 2091/4/1146 2092/6/1146
f 2090/1/1146 2089/10/1146 2093/17/1146 2094/12/1146
f 2065/9/1145 2069/13/1145 2093/17/1145 2089/10/1145
f 2091/4/1143 2067/3/1143 2071/14/1143 2095/18/1143
f 2092/6/1146 2091/4/1146 2095/18/1146 2096/7/1146
f 2098/19/1146 2097/20/1146 2099/21/1146 2100/22/1146
f 2072/8/1145 2096/7/1145 2098/19/1145 2074/15/1145
f 2096/7/1146 2095/18/1146 2097/20/1146 2098/19/1146
f 2095/18/1143 2071/14/1143 2073/16/1143 2097/20/1143
f 2075/23/1147 2076/24/1147 2100/22/1147 2099/21/1147
f 2097/20/1143 2073/16/1143 2075/23/1143 2099/21/1143
f 2074/15/1148 2098/19/1148 2100/22/1148 2076/24/1148
f 2102/1/1143 2103/4/1143 2079/3/1143 2078/2/1143
f 2080/5/1149 2084/8/1149 2108/7/1149 2104/6/1149
f 2077/9/1145 2080/5/1145 2104/6/1145 2101/10/1145
f 2082/11/1143 2106/12/1143 2102/1/1143 2078/2/1143
f 2101/10/1150 2104/6/1150 2103/4/1150 2102/1/1150
f 2102/1/1150 2106/12/1150 2105/17/1150 2101/10/1150
f 2077/9/1145 2101/10/1145 2105/17/1145 2081/13/1145
f 2103/4/1143 2107/18/1143 2083/14/1143 2079/3/1143
f 2104/6/1150 2108/7/1150 2107/18/1150 2103/4/1150
f 2110/19/1150 2112/22/1150 2111/21/1150 2109/20/1150
f 2084/8/1145 2086/15/1145 2110/19/1145 2108/7/1145
f 2108/7/1150 2110/19/1150 2109/20/1150 2107/18/1150
f 2107/18/1143 2109/20/1143 2085/16/1143 2083/14/1143
f 2087/23/1151 2111/21/1151 2112/22/1151 2088/24/1151
f 2109/20/1143 2111/21/1143 2087/23/1143 2085/16/1143
f 2086/15/1152 2088/24/1152 2112/22/1152 2110/19/1152
f 2114/1/1153 2090/2/1153 2091/3/1153 2115/4/1153
f 2092/5/1154 2116/6/1154 2120/7/1154 2096/8/1154
f 2089/9/1155 2113/10/1155 2116/6/1155 2092/5/1155
f 2094/11/1153 2090/2/1153 2114/1/1153 2118/12/1153
f 2113/10/1156 2114/1/1156 2115/4/1156 2116/6/1156
f 2114/1/1156 2113/10/1156 2117/17/1156 2118/12/1156
f 2089/9/1155 2093/13/1155 2117/17/1155 2113/10/1155
f 2115/4/1153 2091/3/1153 2095/14/1153 2119/18/1153
f 2116/6/1156 2115/4/1156 2119/18/1156 2120/7/1156
f 2122/19/1157 2121/20/1157 2123/21/1157 2124/22/1157
f 2096/8/1155 2120/7/1155 2122/19/1155 2098/15/1155
f 2120/7/1156 2119/18/1156 2121/20/1156 2122/19/1156
f 2119/18/1153 2095/14/1153 2097/16/1153 2121/20/1153
f 2099/23/1158 2100/24/1158 2124/22/1158 2123/21/1158
f 2121/20/1153 2097/16/1153 2099/23/1153 2123/21/1153
f 2098/15/1159 2122/19/1159 2124/22/1159 2100/24/1159
f 2126/1/1153 2127/4/1153 2103/3/1153 2102/2/1153
f 2104/5/1160 2108/8/1160 2132/7/1160 2128/6/1160
f 2101/9/1155 2104/5/1155 2128/6/1155 2125/10/1155
f 2106/11/1153 2130/12/1153 2126/1/1153 2102/2/1153
f 2125/10/1161 2128/6/1161 2127/4/1161 2126/1/1161
f 2126/1/1162 2130/12/1162 2129/17/1162 2125/10/1162
f 2101/9/1155 2125/10/1155 2129/17/1155 2105/13/1155
f 2127/4/1153 2131/18/1153 2107/14/1153 2103/3/1153
f 2128/6/1161 2132/7/1161 2131/18/1161 2127/4/1161
f 2134/19/1162 2136/22/1162 2135/21/1162 2133/20/1162
f 2108/8/1155 2110/15/1155 2134/19/1155 2132/7/1155
f 2132/7/1161 2134/19/1161 2133/20/1161 2131/18/1161
f 2131/18/1153 2133/20/1153 2109/16/1153 2107/14/1153
f 2111/23/1163 2135/21/1163 2136/22/1163 2112/24/1163
f 2133/20/1153 2135/21/1153 2111/23/1153 2109/16/1153
f 2110/15/1164 2112/24/1164 2136/22/1164 2134/19/1164
f 2138/1/1165 2114/2/1165 2115/3/1165 2139/4/1165
f 2116/5/1166 2140/6/1166 2144/7/1166 2120/8/1166
f 2113/9/1167 2137/10/1167 2140/6/1167 2116/5/1167
f 2118/11/1165 2114/2/1165 2138/1/1165 2142/12/1165
f 2137/10/1168 2138/1/1168 2139/4/1168 2140/6/1168
f 2138/1/1168 2137/10/1168 2141/17/1168 2142/12/1168
f 2113/9/1167 2117/13/1167 2141/17/1167 2137/10/1167
f 2139/4/1165 2115/3/1165 2119/14/1165 2143/18/1165
f 2140/6/1168 2139/4/1168 2143/18/1168 2144/7/1168
f 2146/19/1169 2145/20/1169 2147/21/1169 2148/22/1169
f 2120/8/1167 2144/7/1167 2146/19/1167 2122/15/1167
f 2144/7/1168 2143/18/1168 2145/20/1168 2146/19/1168
f 2143/18/1165 2119/14/1165 2121/16/1165 2145/20/1165
f 2123/23/1170 2124/24/1170 2148/22/1170 2147/21/1170
f 2145/20/1165 2121/16/1165 2123/23/1165 2147/21/1165
f 2122/15/1171 2146/19/1171 2148/22/1171 2124/24/1171
f 2150/1/1165 2151/4/1165 2127/3/1165 2126/2/1165
f 2128/5/1172 2132/8/1172 2156/7/1172 2152/6/1172
f 2125/9/1167 2128/5/1167 2152/6/1167 2149/10/1167
f 2130/11/1165 2154/12/1165 2150/1/1165 2126/2/1165
f 2149/10/1173 2152/6/1173 2151/4/1173 2150/1/1173
f 2150/1/1173 2154/12/1173 2153/17/1173 2149/10/1173
f 2125/9/1167 2149/10/1167 2153/17/1167 2129/13/1167
f 2151/4/1165 2155/18/1165 2131/14/1165 2127/3/1165
f 2152/6/1174 2156/7/1174 2155/18/1174 2151/4/1174
f 2158/19/1173 2160/22/1173 2159/21/1173 2157/20/1173
f 2132/8/1167 2134/15/1167 2158/19/1167 2156/7/1167
f 2156/7/1173 2158/19/1173 2157/20/1173 2155/18/1173
f 2155/18/1165 2157/20/1165 2133/16/1165 2131/14/1165
f 2135/23/1175 2159/21/1175 2160/22/1175 2136/24/1175
f 2157/20/1165 2159/21/1165 2135/23/1165 2133/16/1165
f 2134/15/1176 2136/24/1176 2160/22/1176 2158/19/1176
f 2162/1/1177 2138/2/1177 2139/3/1177 2163/4/1177
f 2140/5/1178 2164/6/1178 2168/7/1178 2144/8/1178
f 2137/9/1179 2161/10/1179 2164/6/1179 2140/5/1179
f 2142/11/1177 2138/2/1177 2162/1/1177 2166/12/1177
f 2161/10/1180 2162/1/1180 2163/4/1180 2164/6/1180
f 2162/1/1180 2161/10/1180 2165/17/1180 2166/12/1180
f 2137/9/1179 2141/13/1179 2165/17/1179 2161/10/1179
f 2163/4/1177 2139/3/1177 2143/14/1177 2167/18/1177
f 2164/6/1180 2163/4/1180 2167/18/1180 2168/7/1180
f 2170/19/1180 2169/20/1180 2171/21/1180 2172/22/1180
f 2144/8/1179 2168/7/1179 2170/19/1179 2146/15/1179
f 2168/7/1180 2167/18/1180 2169/20/1180 2170/19/1180
f 2167/18/1177 2143/14/1177 2145/16/1177 2169/20/1177
f 2147/23/1181 2148/24/1181 2172/22/1181 2171/21/1181
f 2169/20/1177 2145/16/1177 2147/23/1177 2171/21/1177
f 2146/15/1182 2170/19/1182 2172/22/1182 2148/24/1182
f 2174/1/1177 2175/4/1177 2151/3/1177 2150/2/1177
f 2152/5/1183 2156/8/1183 2180/7/1183 2176/6/1183
f 2149/9/1179 2152/5/1179 2176/6/1179 2173/10/1179
f 2154/11/1177 2178/12/1177 2174/1/1177 2150/2/1177
f 2173/10/1184 2176/6/1184 2175/4/1184 2174/1/1184
f 2174/1/1184 2178/12/1184 2177/17/1184 2173/10/1184
f 2149/9/1179 2173/10/1179 2177/17/1179 2153/13/1179
f 2175/4/1177 2179/18/1177 2155/14/1177 2151/3/1177
f 2176/6/1185 2180/7/1185 2179/18/1185 2175/4/1185
f 2182/19/1184 2184/22/1184 2183/21/1184 2181/20/1184
f 2156/8/1179 2158/15/1179 2182/19/1179 2180/7/1179
f 2180/7/1184 2182/19/1184 2181/20/1184 2179/18/1184
f 2179/18/1177 2181/20/1177 2157/16/1177 2155/14/1177
f 2159/23/1186 2183/21/1186 2184/22/1186 2160/24/1186
f 2181/20/1177 2183/21/1177 2159/23/1177 2157/16/1177
f 2158/15/1187 2160/24/1187 2184/22/1187 2182/19/1187
f 2186/1/1177 2162/2/1177 2163/3/1177 2187/4/1177
f 2164/5/1188 2188/6/1188 2192/7/1188 2168/8/1188
f 2161/9/1179 2185/10/1179 2188/6/1179 2164/5/1179
f 2166/11/1177 2162/2/1177 2186/1/1177 2190/12/1177
f 2185/10/1189 2186/1/1189 2187/4/1189 2188/6/1189
f 2186/1/1190 2185/10/1190 2189/17/1190 2190/12/1190
f 2161/9/1179 2165/13/1179 2189/17/1179 2185/10/1179
f 2187/4/1177 2163/3/1177 2167/14/1177 2191/18/1177
f 2188/6/1189 2187/4/1189 2191/18/1189 2192/7/1189
f 2194/19/1191 2193/20/1191 2195/21/1191 2196/22/1191
f 2168/8/1179 2192/7/1179 2194/19/1179 2170/15/1179
f 2192/7/1189 2191/18/1189 2193/20/1189 2194/19/1189
f 2191/18/1177 2167/14/1177 2169/16/1177 2193/20/1177
f 2171/23/1192 2172/24/1192 2196/22/1192 2195/21/1192
f 2193/20/1177 2169/16/1177 2171/23/1177 2195/21/1177
f 2170/15/1193 2194/19/1193 2196/22/1193 2172/24/1193
f 2198/1/1177 2199/4/1177 2175/3/1177 2174/2/1177
f 2176/5/1194 2180/8/1194 2204/7/1194 2200/6/1194
f 2173/9/1179 2176/5/1179 2200/6/1179 2197/10/1179
f 2178/11/1177 2202/12/1177 2198/1/1177 2174/2/1177
f 2197/10/1195 2200/6/1195 2199/4/1195 2198/1/1195
f 2198/1/1195 2202/12/1195 2201/17/1195 2197/10/1195
f 2173/9/1179 2197/10/1179 2201/17/1179 2177/13/1179
f 2199/4/1177 2203/18/1177 2179/14/1177 2175/3/1177
f 2200/6/1195 2204/7/1195 2203/18/1195 2199/4/1195
f 2206/19/1196 2208/22/1196 2207/21/1196 2205/20/1196
f 2180/8/1179 2182/15/1179 2206/19/1179 2204/7/1179
f 2204/7/1195 2206/19/1195 2205/20/1195 2203/18/1195
f 2203/18/1177 2205/20/1177 2181/16/1177 2179/14/1177
f 2183/23/1197 2207/21/1197 2208/22/1197 2184/24/1197
f 2205/20/1177 2207/21/1177 2183/23/1177 2181/16/1177
f 2182/15/1198 2184/24/1198 2208/22/1198 2206/19/1198
f 2210/1/1199 2186/2/1199 2187/3/1199 2211/4/1199
f 2188/5/1200 2212/6/1200 2216/7/1200 2192/8/1200
f 2185/9/1201 2209/10/1201 2212/6/1201 2188/5/1201
f 2190/11/1199 2186/2/1199 2210/1/1199 2214/12/1199
f 2209/10/1202 2210/1/1202 2211/4/1202 2212/6/1202
f 2210/1/1202 2209/10/1202 2213/17/1202 2214/12/1202
f 2185/9/1201 2189/13/1201 2213/17/1201 2209/10/1201
f 2211/4/1199 2187/3/1199 2191/14/1199 2215/18/1199
f 2212/6/1202 2211/4/1202 2215/18/1202 2216/7/1202
f 2218/19/1203 2217/20/1203 2219/21/1203 2220/22/1203
f 2192/8/1201 2216/7/1201 2218/19/1201 2194/15/1201
f 2216/7/1204 2215/18/1204 2217/20/1204 2218/19/1204
f 2215/18/1199 2191/14/1199 2193/16/1199 2217/20/1199
f 2195/23/1205 2196/24/1205 2220/22/1205 2219/21/1205
f 2217/20/1199 2193/16/1199 2195/23/1199 2219/21/1199
f 2194/15/1206 2218/19/1206 2220/22/1206 2196/24/1206
f 2222/1/1199 2223/4/1199 2199/3/1199 2198/2/1199
f 2200/5/1207 2204/8/1207 2228/7/1207 2224/6/1207
f 2197/9/1201 2200/5/1201 2224/6/1201 2221/10/1201
f 2202/11/1199 2226/12/1199 2222/1/1199 2198/2/1199
f 2221/10/1208 2224/6/1208 2223/4/1208 2222/1/1208
f 2222/1/1209 2226/12/1209 2225/17/1209 2221/10/1209
f 2197/9/1201 2221/10/1201 2225/17/1201 2201/13/1201
f 2223/4/1199 2227/18/1199 2203/14/1199 2199/3/1199
f 2224/6/1208 2228/7/1208 2227/18/1208 2223/4/1208
f 2230/19/1209 2232/22/1209 2231/21/1209 2229/20/1209
f 2204/8/1201 2206/15/1201 2230/19/1201 2228/7/1201
f 2228/7/1208 2230/19/1208 2229/20/1208 2227/18/1208
f 2227/18/1199 2229/20/1199 2205/16/1199 2203/14/1199
f 2207/23/1210 2231/21/1210 2232/22/1210 2208/24/1210
f 2229/20/1199 2231/21/1199 2207/23/1199 2205/16/1199
f 2206/15/1211 2208/24/1211 2232/22/1211 2230/19/1211
f 2234/1/1199 2210/2/1199 2211/3/1199 2235/4/1199
f 2212/5/1212 2236/6/1212 2240/7/1212 2216/8/1212
f 2209/9/1201 2233/10/1201 2236/6/1201 2212/5/1201
f 2214/11/1199 2210/2/1199 2234/1/1199 2238/12/1199
f 2233/10/1213 2234/1/1213 2235/4/1213 2236/6/1213
f 2234/1/1214 2233/10/1214 2237/17/1214 2238/12/1214
f 2209/9/1201 2213/13/1201 2237/17/1201 2233/10/1201
f 2235/4/1199 2211/3/1199 2215/14/1199 2239/18/1199
f 2236/6/1213 2235/4/1213 2239/18/1213 2240/7/1213
f 2242/19/1215 2241/20/1215 2243/21/1215 2244/22/1215
f 2216/8/1201 2240/7/1201 2242/19/1201 2218/15/1201
f 2240/7/1213 2239/18/1213 2241/20/1213 2242/19/1213
f 2239/18/1199 2215/14/1199 2217/16/1199 2241/20/1199
f 2219/23/1216 2220/24/1216 2244/22/1216 2243/21/1216
f 2241/20/1199 2217/16/1199 2219/23/1199 2243/21/1199
f 2218/15/1217 2242/19/1217 2244/22/1217 2220/24/1217
f 2246/1/1199 2247/4/1199 2223/3/1199 2222/2/1199
f 2224/5/1218 2228/8/1218 2252/7/1218 2248/6/1218
f 2221/9/1201 2224/5/1201 2248/6/1201 2245/10/1201
f 2226/11/1199 2250/12/1199 2246/1/1199 2222/2/1199
f 2245/10/1219 2248/6/1219 2247/4/1219 2246/1/1219
f 2246/1/1219 2250/12/1219 2249/17/1219 2245/10/1219
f 2221/9/1201 2245/10/1201 2249/17/1201 2225/13/1201
f 2247/4/1199 2251/18/1199 2227/14/1199 2223/3/1199
f 2248/6/1220 2252/7/1220 2251/18/1220 2247/4/1220
f 2254/19/1220 2256/22/1220 2255/21/1220 2253/20/1220
f 2228/8/1201 2230/15/1201 2254/19/1201 2252/7/1201
f 2252/7/1219 2254/19/1219 2253/20/1219 2251/18/1219
f 2251/18/1199 2253/20/1199 2229/16/1199 2227/14/1199
f 2231/23/1221 2255/21/1221 2256/22/1221 2232/24/1221
f 2253/20/1199 2255/21/1199 2231/23/1199 2229/16/1199
f 2230/15/1222 2232/24/1222 2256/22/1222 2254/19/1222
f 2258/1/1223 2234/2/1223 2235/3/1223 2259/4/1223
f 2236/5/1224 2260/6/1224 2264/7/1224 2240/8/1224
f 2233/9/1225 2257/10/1225 2260/6/1225 2236/5/1225
f 2238/11/1223 2234/2/1223 2258/1/1223 2262/12/1223
f 2257/10/1226 2258/1/1226 2259/4/1226 2260/6/1226
f 2258/1/1227 2257/10/1227 2261/17/1227 2262/12/1227
f 2233/9/1225 2237/13/1225 2261/17/1225 2257/10/1225
f 2259/4/1223 2235/3/1223 2239/14/1223 2263/18/1223
f 2260/6/1226 2259/4/1226 2263/18/1226 2264/7/1226
f 2266/19/1227 2265/20/1227 2267/21/1227 2268/22/1227
f 2240/8/1225 2264/7/1225 2266/19/1225 2242/15/1225
f 2264/7/1226 2263/18/1226 2265/20/1226 2266/19/1226
f 2263/18/1223 2239/14/1223 2241/16/1223 2265/20/1223
f 2243/23/1228 2244/24/1228 2268/22/1228 2267/21/1228
f 2265/20/1223 2241/16/1223 2243/23/1223 2267/21/1223
f 2242/15/1229 2266/19/1229 2268/22/1229 2244/24/1229
f 2270/1/1223 2271/4/1223 2247/3/1223 2246/2/1223
f 2248/5/1230 2252/8/1230 2276/7/1230 2272/6/1230
f 2245/9/1225 2248/5/1225 2272/6/1225 2269/10/1225
f 2250/11/1223 2274/12/1223 2270/1/1223 2246/2/1223
f 2269/10/1231 2272/6/1231 2271/4/1231 2270/1/1231
f 2270/1/1231 2274/12/1231 2273/17/1231 2269/10/1231
f 2245/9/1225 2269/10/1225 2273/17/1225 2249/13/1225
f 2271/4/1223 2275/18/1223 2251/14/1223 2247/3/1223
f 2272/6/1231 2276/7/1231 2275/18/1231 2271/4/1231
f 2278/19/1231 2280/22/1231 2279/21/1231 2277/20/1231
f 2252/8/1225 2254/15/1225 2278/19/1225 2276/7/1225
f 2276/7/1232 2278/19/1232 2277/20/1232 2275/18/1232
f 2275/18/1223 2277/20/1223 2253/16/1223 2251/14/1223
f 2255/23/1233 2279/21/1233 2280/22/1233 2256/24/1233
f 2277/20/1223 2279/21/1223 2255/23/1223 2253/16/1223
f 2254/15/1234 2256/24/1234 2280/22/1234 2278/19/1234
f 2282/1/1235 2258/2/1235 2259/3/1235 2283/4/1235
f 2260/5/1236 2284/6/1236 2288/7/1236 2264/8/1236
f 2257/9/1237 2281/10/1237 2284/6/1237 2260/5/1237
f 2262/11/1235 2258/2/1235 2282/1/1235 2286/12/1235
f 2281/10/1238 2282/1/1238 2283/4/1238 2284/6/1238
f 2282/1/1239 2281/10/1239 2285/17/1239 2286/12/1239
f 2257/9/1237 2261/13/1237 2285/17/1237 2281/10/1237
f 2283/4/1235 2259/3/1235 2263/14/1235 2287/18/1235
f 2284/6/1238 2283/4/1238 2287/18/1238 2288/7/1238
f 2290/19/1239 2289/20/1239 2291/21/1239 2292/22/1239
f 2264/8/1237 2288/7/1237 2290/19/1237 2266/15/1237
f 2288/7/1240 2287/18/1240 2289/20/1240 2290/19/1240
f 2287/18/1235 2263/14/1235 2265/16/1235 2289/20/1235
f 2267/23/1241 2268/24/1241 2292/22/1241 2291/21/1241
f 2289/20/1235 2265/16/1235 2267/23/1235 2291/21/1235
f 2266/15/1242 2290/19/1242 2292/22/1242 2268/24/1242
f 2294/1/1235 2295/4/1235 2271/3/1235 2270/2/1235
f 2272/5/1243 2276/8/1243 2300/7/1243 2296/6/1243
f 2269/9/1237 2272/5/1237 2296/6/1237 2293/10/1237
f 2274/11/1235 2298/12/1235 2294/1/1235 2270/2/1235
f 2293/10/1244 2296/6/1244 2295/4/1244 2294/1/1244
f 2294/1/1245 2298/12/1245 2297/17/1245 2293/10/1245
f 2269/9/1237 2293/10/1237 2297/17/1237 2273/13/1237
f 2295/4/1235 2299/18/1235 2275/14/1235 2271/3/1235
f 2296/6/1244 2300/7/1244 2299/18/1244 2295/4/1244
f 2302/19/1245 2304/22/1245 2303/21/1245 2301/20/1245
f 2276/8/1237 2278/15/1237 2302/19/1237 2300/7/1237
f 2300/7/1244 2302/19/1244 2301/20/1244 2299/18/1244
f 2299/18/1235 2301/20/1235 2277/16/1235 2275/14/1235
f 2279/23/1246 2303/21/1246 2304/22/1246 2280/24/1246
f 2301/20/1235 2303/21/1235 2279/23/1235 2277/16/1235
f 2278/15/1247 2280/24/1247 2304/22/1247 2302/19/1247
f 2306/1/1248 2282/2/1248 2283/3/1248 2307/4/1248
f 2284/5/1249 2308/6/1249 2312/7/1249 2288/8/1249
f 2281/9/1250 2305/10/1250 2308/6/1250 2284/5/1250
f 2286/11/1248 2282/2/1248 2306/1/1248 2310/12/1248
f 2305/10/1251 2306/1/1251 2307/4/1251 2308/6/1251
f 2306/1/1252 2305/10/1252 2309/17/1252 2310/12/1252
f 2281/9/1250 2285/13/1250 2309/17/1250 2305/10/1250
f 2307/4/1248 2283/3/1248 2287/14/1248 2311/18/1248
f 2308/6/1251 2307/4/1251 2311/18/1251 2312/7/1251
f 2314/19/1253 2313/20/1253 2315/21/1253 2316/22/1253
f 2288/8/1250 2312/7/1250 2314/19/1250 2290/15/1250
f 2312/7/1251 2311/18/1251 2313/20/1251 2314/19/1251
f 2311/18/1248 2287/14/1248 2289/16/1248 2313/20/1248
f 2291/23/1254 2292/24/1254 2316/22/1254 2315/21/1254
f 2313/20/1255 2289/16/1255 2291/23/1255 2315/21/1255
f 2290/15/1256 2314/19/1256 2316/22/1256 2292/24/1256
f 2318/1/1248 2319/4/1248 2295/3/1248 2294/2/1248
f 2296/5/1257 2300/8/1257 2324/7/1257 2320/6/1257
f 2293/9/1250 2296/5/1250 2320/6/1250 2317/10/1250
f 2298/11/1248 2322/12/1248 2318/1/1248 2294/2/1248
f 2317/10/1258 2320/6/1258 2319/4/1258 2318/1/1258
f 2318/1/1258 2322/12/1258 2321/17/1258 2317/10/1258
f 2293/9/1250 2317/10/1250 2321/17/1250 2297/13/1250
f 2319/4/1248 2323/18/1248 2299/14/1248 2295/3/1248
f 2320/6/1259 2324/7/1259 2323/18/1259 2319/4/1259
f 2326/19/1260 2328/22/1260 2327/21/1260 2325/20/1260
f 2300/8/1250 2302/15/1250 2326/19/1250 2324/7/1250
f 2324/7/1258 2326/19/1258 2325/20/1258 2323/18/1258
f 2323/18/1248 2325/20/1248 2301/16/1248 2299/14/1248
f 2303/23/1261 2327/21/1261 2328/22/1261 2304/24/1261
f 2325/20/1255 2327/21/1255 2303/23/1255 2301/16/1255
f 2302/15/1262 2304/24/1262 2328/22/1262 2326/19/1262
f 2330/1/1263 2306/2/1263 2307/3/1263 2331/4/1263
f 2308/5/1264 2332/6/1264 2336/7/1264 2312/8/1264
f 2305/9/1265 2329/10/1265 2332/6/1265 2308/5/1265
f 2310/11/1263 2306/2/1263 2330/1/1263 2334/12/1263
f 2329/10/1266 2330/1/1266 2331/4/1266 2332/6/1266
f 2330/1/1267 2329/10/1267 2333/17/1267 2334/12/1267
f 2305/9/1265 2309/13/1265 2333/17/1265 2329/10/1265
f 2331/4/1263 2307/3/1263 2311/14/1263 2335/18/1263
f 2332/6/1268 2331/4/1268 2335/18/1268 2336/7/1268
f 2338/19/1266 2337/20/1266 2339/21/1266 2340/22/1266
f 2312/8/1265 2336/7/1265 2338/19/1265 2314/15/1265
f 2336/7/1266 2335/18/1266 2337/20/1266 2338/19/1266
f 2335/18/1263 2311/14/1263 2313/16/1263 2337/20/1263
f 2315/23/1269 2316/24/1269 2340/22/1269 2339/21/1269
f 2337/20/1263 2313/16/1263 2315/23/1263 2339/21/1263
f 2314/15/1270 2338/19/1270 2340/22/1270 2316/24/1270
f 2342/1/1263 2343/4/1263 2319/3/1263 2318/2/1263
f 2320/5/1271 2324/8/1271 2348/7/1271 2344/6/1271
f 2317/9/1265 2320/5/1265 2344/6/1265 2341/10/1265
f 2322/11/1263 2346/12/1263 2342/1/1263 2318/2/1263
f 2341/10/1272 2344/6/1272 2343/4/1272 2342/1/1272
f 2342/1/1272 2346/12/1272 2345/17/1272 2341/10/1272
f 2317/9/1265 2341/10/1265 2345/17/1265 2321/13/1265
f 2343/4/1273 2347/18/1273 2323/14/1273 2319/3/1273
f 2344/6/1272 2348/7/1272 2347/18/1272 2343/4/1272
f 2350/19/1272 2352/22/1272 2351/21/1272 2349/20/1272
f 2324/8/1274 2326/15/1274 2350/19/1274 2348/7/1274
f 2348/7/1272 2350/19/1272 2349/20/1272 2347/18/1272
f 2347/18/1273 2349/20/1273 2325/16/1273 2323/14/1273
f 2327/23/1275 2351/21/1275 2352/22/1275 2328/24/1275
f 2349/20/1273 2351/21/1273 2327/23/1273 2325/16/1273
f 2326/15/1276 2328/24/1276 2352/22/1276 2350/19/1276
o BezierCurve
v 0.918971 1.800959 7.418734
v -2.850803 1.685256 -33.937523
v -14.384495 1.611469 -64.349693
v -32.140480 1.573236 -85.024986
v -54.577133 1.564197 -97.170593
v -80.152832 1.577990 -101.993721
v -107.325951 1.608255 -100.701569
v -134.554855 1.648631 -94.501343
v -160.297943 1.692756 -84.600235
v -183.013565 1.734270 -72.205460
v -201.160110 1.766811 -58.524204
v -213.195938 1.784020 -44.763676
v -217.579376 1.779533 -32.131165
v -217.613190 1.727126 8.324046
v -217.401550 1.711012 37.141964
v -216.999985 1.731904 56.501904
v -216.464081 1.790513 68.583176
v -215.849380 1.887552 75.565071
v -215.211441 2.023732 79.626907
v -214.605804 2.199767 82.947983
v -214.088043 2.416367 87.707626
v -213.713715 2.674246 96.085136
v -213.538361 2.974115 110.259804
v -213.617538 3.316687 132.410950
v -214.006821 3.702674 164.717850
v -211.195450 3.865637 169.956146
v -203.175980 4.237041 177.384628
v -190.739792 4.763461 186.046616
v -174.678329 5.391469 194.985428
v -155.782944 6.067642 203.244385
v -134.845062 6.738553 209.866837
v -112.656075 7.350776 213.896072
v -90.007378 7.850886 214.375427
v -67.690384 8.185456 210.348221
v -46.496475 8.301062 200.857788
v -27.217070 8.144276 184.947433
v -10.643538 7.661674 161.660507
v -6.581938 7.360497 151.170044
v -3.477336 6.888152 137.028412
v -1.214507 6.282255 120.164772
v 0.321778 5.580425 101.508247
v 1.246746 4.820280 81.987968
v 1.675623 4.039438 62.533081
v 1.723637 3.275517 44.072735
v 1.506016 2.566134 27.536060
v 1.137987 1.948910 13.852195
v 0.734776 1.461460 3.950278
v 0.411612 1.141404 -1.240551
v 0.283727 1.026358 -0.791185
l 2353 2354
l 2354 2355
l 2355 2356
l 2356 2357
l 2357 2358
l 2358 2359
l 2359 2360
l 2360 2361
l 2361 2362
l 2362 2363
l 2363 2364
l 2364 2365
l 2365 2366
l 2366 2367
l 2367 2368
l 2368 2369
l 2369 2370
l 2370 2371
l 2371 2372
l 2372 2373
l 2373 2374
l 2374 2375
l 2375 2376
l 2376 2377
l 2377 2378
l 2378 2379
l 2379 2380
l 2380 2381
l 2381 2382
l 2382 2383
l 2383 2384
l 2384 2385
l 2385 2386
l 2386 2387
l 2387 2388
l 2388 2389
l 2389 2390
l 2390 2391
l 2391 2392
l 2392 2393
l 2393 2394
l 2394 2395
l 2395 2396
l 2396 2397
l 2397 2398
l 2398 2399
l 2399 2400
l 2400 2401
