# Blender 4.0.2
# www.blender.org
mtllib Track3.mtl
o Cube
v 64.108582 0.089999 35.495502
v 64.112869 -1.011782 35.489365
v 57.764690 -0.067022 40.694691
v 57.793884 -1.167996 40.663399
v 67.526428 -1.183564 50.297897
v 67.497284 -0.082587 50.329140
v 71.545807 -1.046978 46.992310
v 71.541534 0.054802 46.998436
v 63.579361 -1.009255 34.664356
v 57.066303 -0.065911 40.003731
v 57.095497 -1.166885 39.972439
v 63.575073 0.092526 34.670498
v 68.409050 -1.184985 51.172115
v 72.219719 -1.050170 48.035988
v 71.697762 2.068209 47.263664
v 67.658829 1.929782 50.599026
v 69.403198 -1.186584 52.156895
v 72.978714 -1.053765 49.211685
v 72.966644 2.062198 49.229004
v 69.320778 1.927109 52.245209
v 69.769348 -1.187175 52.519623
v 73.258255 -1.055086 49.644733
v 73.253983 0.046694 49.650856
v 69.740211 -0.086196 52.550846
v 63.022499 0.095142 33.816036
v 63.026787 -1.006639 33.809895
v 56.342949 -0.064761 39.288124
v 56.372154 -1.165735 39.256824
v 46.633965 -1.150342 29.628021
v 46.604717 -0.049371 29.659380
v 55.585407 -0.971400 22.312397
v 55.581108 0.130380 22.318552
v 63.560333 -1.009165 34.634876
v 57.041363 -0.065871 39.979061
v 57.070560 -1.166846 39.947762
v 63.556046 0.092616 34.641018
v 45.750340 -1.148953 28.754818
v 54.909954 -0.968202 21.269705
v 55.408787 2.145340 22.076042
v 46.336170 1.963670 29.504158
v 44.754967 -1.147388 27.771263
v 54.149155 -0.964601 20.095171
v 54.136990 2.151362 20.112579
v 44.672226 1.966283 27.859972
v 44.388344 -1.146814 27.409019
v 53.868923 -0.963272 19.662580
v 53.864624 0.138508 19.668734
v 44.359081 -0.045844 27.440386
v 71.502174 0.104004 31.817699
v 71.502228 -0.997801 31.816811
v 64.108582 0.089999 35.495502
v 64.112869 -1.011782 35.489365
v 71.545807 -1.046978 46.992310
v 71.541534 0.054802 46.998436
v 76.417999 -1.007796 44.599277
v 76.417946 0.094010 44.600163
v 71.149361 -0.997081 30.899916
v 63.575073 0.092526 34.670498
v 63.579361 -1.009255 34.664356
v 71.149300 0.104725 30.900805
v 72.219719 -1.050170 48.035988
v 76.863571 -1.008698 45.758942
v 76.526291 2.108017 44.884041
v 71.697762 2.068209 47.263664
v 72.978714 -1.053765 49.211685
v 77.365402 -1.009714 47.065235
v 77.365242 2.106318 47.067738
v 72.966644 2.062198 49.229004
v 73.258255 -1.055086 49.644733
v 77.550209 -1.010086 47.546379
v 77.550148 0.091720 47.547264
v 73.253983 0.046694 49.650856
v 70.783722 0.105472 29.951206
v 70.783783 -0.996334 29.950317
v 63.022499 0.095142 33.816036
v 63.026787 -1.006639 33.809895
v 55.585407 -0.971400 22.312397
v 55.581108 0.130380 22.318552
v 65.859940 -0.986240 17.170950
v 65.859886 0.115566 17.171843
v 71.136726 -0.997055 30.867178
v 63.556046 0.092616 34.641018
v 63.560333 -1.009165 34.634876
v 71.136673 0.104751 30.868067
v 54.909954 -0.968202 21.269705
v 65.413025 -0.985321 16.011806
v 65.751053 2.130016 16.891319
v 55.408787 2.145340 22.076042
v 54.149155 -0.964601 20.095171
v 64.909340 -0.984283 14.706223
v 64.909187 2.131750 14.708749
v 54.136990 2.151362 20.112579
v 53.868923 -0.963272 19.662580
v 64.723877 -0.983901 14.225330
v 64.723808 0.117904 14.226225
v 53.864624 0.138508 19.668734
v 79.751282 0.117466 29.408548
v 79.751778 -0.984339 29.410055
v 71.502174 0.104004 31.817699
v 71.502228 -0.997801 31.816811
v 76.417999 -1.007796 44.599277
v 76.417946 0.094010 44.600163
v 82.769638 -0.964639 42.768223
v 82.769142 0.137166 42.766712
v 79.535103 -0.985748 28.451818
v 71.149300 0.104725 30.900805
v 71.149361 -0.997081 30.899916
v 79.534599 0.116056 28.450312
v 76.863571 -1.008698 45.758942
v 83.043144 -0.962851 43.980022
v 82.834755 2.151827 43.058914
v 76.526291 2.108017 44.884041
v 77.365402 -1.009714 47.065235
v 83.351212 -0.960835 45.345032
v 83.349792 2.155197 45.340763
v 77.365242 2.106318 47.067738
v 77.550209 -1.010086 47.546379
v 83.464638 -0.960087 45.847797
v 83.464134 0.141718 45.846287
v 77.550148 0.091720 47.547264
v 79.310127 0.114597 27.457861
v 79.310623 -0.987208 27.459368
v 70.783722 0.105472 29.951206
v 70.783783 -0.996334 29.950317
v 65.859940 -0.986240 17.170950
v 65.859886 0.115566 17.171843
v 76.287231 -1.006807 14.102454
v 76.286736 0.094998 14.100950
v 79.527336 -0.985799 28.417601
v 71.136673 0.104751 30.868067
v 71.136726 -0.997055 30.867178
v 79.526833 0.116005 28.416094
v 65.413025 -0.985321 16.011806
v 76.012749 -1.008579 12.890869
v 76.218994 2.108793 13.803303
v 65.751053 2.130016 16.891319
v 64.909340 -0.984283 14.706223
v 75.703552 -1.010576 11.526114
v 75.702133 2.105455 11.521867
v 64.909187 2.131750 14.708749
v 64.723877 -0.983901 14.225330
v 75.589592 -1.011314 11.023466
v 75.589096 0.090491 11.021964
v 64.723808 0.117904 14.226225
v 88.585144 0.129093 27.843454
v 88.585724 -0.972705 27.847370
v 79.751282 0.117466 29.408548
v 79.751778 -0.984339 29.410055
v 82.769638 -0.964639 42.768223
v 82.769142 0.137166 42.766712
v 90.619080 -0.923427 41.390888
v 90.618507 0.178372 41.386963
v 88.439819 -0.976237 26.875801
v 79.534599 0.116056 28.450312
v 79.535103 -0.985748 28.451818
v 88.439240 0.125562 26.871880
v 83.043144 -0.962851 43.980022
v 90.803528 -0.918951 42.619453
v 90.662323 2.193674 41.678837
v 82.834755 2.151827 43.058914
v 83.351212 -0.960835 45.345032
v 91.011200 -0.913913 44.003345
v 91.009567 2.202101 43.992256
v 83.349792 2.155197 45.340763
v 83.464638 -0.960087 45.847797
v 91.087685 -0.912056 44.513065
v 91.087112 0.189743 44.509144
v 83.464134 0.141718 45.846287
v 88.288147 0.121905 25.865610
v 88.288727 -0.979894 25.869526
v 79.310127 0.114597 27.457861
v 79.310623 -0.987208 27.459368
v 76.287231 -1.006807 14.102454
v 76.286736 0.094998 14.100950
v 86.254372 -1.029071 12.326159
v 86.253792 0.072728 12.322246
v 88.434639 -0.976363 26.841095
v 79.526833 0.116005 28.416094
v 79.527336 -0.985799 28.417601
v 88.434059 0.125436 26.837179
v 76.012749 -1.008579 12.890869
v 86.069733 -1.033530 11.097623
v 86.207733 2.085858 12.016071
v 76.218994 2.108793 13.803303
v 75.703552 -1.010576 11.526114
v 85.861847 -1.038547 9.713760
v 85.860214 2.077468 9.702696
v 75.702133 2.105455 11.521867
v 75.589592 -1.011314 11.023466
v 85.785286 -1.040396 9.204056
v 85.784698 0.061403 9.200146
v 75.589096 0.090491 11.021964
v 97.805939 0.139559 26.618376
v 97.806686 -0.962229 26.624716
v 88.585144 0.129093 27.843454
v 88.585724 -0.972705 27.847370
v 90.619080 -0.923427 41.390888
v 90.618507 0.178372 41.386963
v 99.716240 -0.882788 40.185963
v 99.715485 0.219000 40.179611
v 97.669746 -0.967923 25.651865
v 88.439240 0.125562 26.871880
v 88.439819 -0.976237 26.875801
v 97.668991 0.133864 25.645521
v 90.803528 -0.918951 42.619453
v 99.889503 -0.875577 41.416122
v 99.756271 2.234951 40.467434
v 90.662323 2.193674 41.678837
v 91.011200 -0.913913 44.003345
v 100.084648 -0.867454 42.801811
v 100.082520 2.248528 42.783867
v 91.009567 2.202101 43.992256
v 91.087685 -0.912056 44.513065
v 100.156593 -0.864460 43.312187
v 100.155838 0.237328 43.305840
v 91.087112 0.189743 44.509144
v 97.527130 0.127965 24.637924
v 97.527878 -0.973822 24.644268
v 88.288147 0.121905 25.865610
v 88.288727 -0.979894 25.869526
v 86.254372 -1.029071 12.326159
v 86.253792 0.072728 12.322246
v 95.619637 -1.053160 11.082840
v 95.618889 0.048628 11.076501
v 97.664833 -0.968127 25.617125
v 88.434059 0.125436 26.837179
v 88.434639 -0.976363 26.841095
v 97.664078 0.133660 25.610779
v 86.069733 -1.033530 11.097623
v 95.446602 -1.060354 9.852641
v 95.575432 2.061070 10.765474
v 86.207794 2.085858 12.016063
v 85.861847 -1.038547 9.713760
v 95.251686 -1.068453 8.466923
v 95.249542 2.047529 8.448997
v 85.860214 2.077468 9.702696
v 85.785286 -1.040396 9.204056
v 95.179909 -1.071437 7.956531
v 95.179161 0.030350 7.950191
v 85.784698 0.061403 9.200146
v 107.354347 0.149672 25.131674
v 107.355919 -0.952098 25.140488
v 97.805939 0.139559 26.618376
v 97.806686 -0.962229 26.624716
v 99.716240 -0.882788 40.185963
v 99.715485 0.219000 40.179611
v 110.110115 -0.840802 38.555737
v 110.108543 0.260968 38.546917
v 107.158485 -0.960078 24.178082
v 97.668991 0.133864 25.645521
v 97.669746 -0.967923 25.651865
v 107.156921 0.141692 24.169268
v 99.889503 -0.875577 41.416122
v 110.360138 -0.830706 39.772633
v 110.166458 2.277586 38.827007
v 99.756271 2.234951 40.467434
v 100.084648 -0.867454 42.801811
v 110.641838 -0.819324 41.143345
v 110.637383 2.296608 41.118412
v 100.082520 2.248528 42.783867
v 100.156593 -0.864460 43.312187
v 110.745567 -0.815136 41.648212
v 110.743988 0.286635 41.639397
v 100.155838 0.237328 43.305840
v 106.952492 0.133427 23.172480
v 106.954063 -0.968343 23.181293
v 97.527130 0.127965 24.637924
v 97.527878 -0.973822 24.644268
v 95.619637 -1.053160 11.082840
v 95.618889 0.048628 11.076501
v 104.204224 -1.079528 9.765149
v 104.202660 0.022241 9.756340
v 107.151413 -0.960363 24.143711
v 97.664078 0.133660 25.610779
v 97.664833 -0.968127 25.617125
v 107.149841 0.141407 24.134897
v 95.446602 -1.060354 9.852641
v 103.954987 -1.089611 8.548097
v 104.139107 2.033949 9.444006
v 95.575432 2.061070 10.765474
v 95.251686 -1.068453 8.466923
v 103.674255 -1.100965 7.177181
v 103.669823 2.014967 7.152272
v 95.249542 2.047529 8.448997
v 95.179909 -1.071437 7.956531
v 103.570877 -1.105147 6.672236
v 103.569313 -0.003377 6.663429
v 95.179161 0.030350 7.950191
v 117.316246 0.160243 22.361958
v 117.320595 -0.941500 22.372917
v 107.354347 0.149672 25.131674
v 107.355919 -0.952098 25.140484
v 110.110115 -0.840802 38.555737
v 110.108543 0.260968 38.546917
v 122.703728 -0.794927 34.964062
v 122.699371 0.306817 34.953102
v 116.934975 -0.952012 21.469427
v 107.156921 0.141692 24.169268
v 107.158485 -0.960078 24.178082
v 116.930626 0.149732 21.458467
v 110.360138 -0.830706 39.772633
v 123.192863 -0.781620 36.105888
v 122.810432 2.324169 35.210999
v 110.166458 2.277586 38.827007
v 110.641838 -0.819324 41.143345
v 123.743813 -0.766636 37.392075
v 123.731483 2.349221 37.361080
v 110.637383 2.296608 41.118412
v 110.745567 -0.815136 41.648212
v 123.946754 -0.761120 37.865791
v 123.942398 0.340622 37.854832
v 110.743988 0.286635 41.639397
v 116.531357 0.138846 20.522652
v 116.535706 -0.962896 20.533609
v 106.952492 0.133427 23.172480
v 106.954063 -0.968343 23.181293
v 104.204224 -1.079528 9.765149
v 104.202660 0.022241 9.756340
v 111.169319 -1.109344 7.935329
v 111.164978 -0.007600 7.924373
v 116.921242 -0.952387 21.437141
v 107.149841 0.141407 24.134897
v 107.151413 -0.960363 24.143711
v 116.916893 0.149356 21.426182
v 103.954987 -1.089611 8.548097
v 110.683228 -1.122623 6.792216
v 111.038727 2.003281 7.626111
v 104.139107 2.033949 9.444006
v 103.674255 -1.100965 7.177181
v 110.135864 -1.137576 5.504498
v 110.123596 1.978278 5.473514
v 103.669823 2.014967 7.152272
v 103.570877 -1.105147 6.672236
v 109.934303 -1.143086 5.030189
v 109.929970 -0.041343 5.019233
v 103.569313 -0.003377 6.663429
v 126.940262 0.172415 15.556052
v 126.952011 -0.929288 15.565486
v 117.316246 0.160243 22.361958
v 117.320595 -0.941500 22.372917
v 122.703728 -0.794927 34.964062
v 122.699371 0.306817 34.953102
v 137.784241 -0.742067 23.946690
v 137.772491 0.359635 23.937263
v 126.175514 -0.942714 14.963499
v 116.930626 0.149732 21.458467
v 116.934975 -0.952012 21.469427
v 126.163773 0.158989 14.954065
v 123.192863 -0.781620 36.105888
v 138.767578 -0.725078 24.706030
v 137.990372 2.377812 24.104858
v 122.810432 2.324169 35.210999
v 123.743813 -0.766636 37.392075
v 139.875351 -0.705939 25.561230
v 139.842117 2.409804 25.534571
v 123.731483 2.349221 37.361080
v 123.946754 -0.761120 37.865791
v 140.283478 -0.698893 25.876064
v 140.271744 0.402810 25.866638
v 123.942398 0.340622 37.854832
v 125.359604 0.145084 14.330496
v 125.371338 -0.956619 14.339931
v 116.531357 0.138846 20.522652
v 116.535706 -0.962896 20.533609
v 111.169319 -1.109344 7.935329
v 111.164978 -0.007600 7.924373
v 114.556374 -1.143700 5.936525
v 114.544647 -0.041996 5.927083
v 126.147758 -0.943194 14.942022
v 116.916893 0.149356 21.426182
v 116.921242 -0.952387 21.437141
v 126.136024 0.158509 14.932588
v 110.683228 -1.122623 6.792216
v 113.576065 -1.160665 5.173273
v 114.284599 1.967914 5.724050
v 111.038727 2.003281 7.626111
v 110.135864 -1.137576 5.504498
v 112.471962 -1.179773 4.313342
v 112.438820 1.935971 4.286634
v 110.123596 1.978278 5.473514
v 109.934303 -1.143086 5.030189
v 112.065353 -1.186812 3.996561
v 112.053642 -0.085108 3.987117
v 109.929970 -0.041343 5.019233
v 130.856125 0.185634 4.159609
v 130.874420 -0.916021 4.160071
v 126.940262 0.172415 15.556052
v 126.952011 -0.929288 15.565486
v 137.784241 -0.742067 23.946690
v 137.772491 0.359635 23.937263
v 144.528427 -0.688832 5.196614
v 144.510117 0.412823 5.196169
v 129.894943 -0.932314 4.085000
v 126.163773 0.158989 14.954065
v 126.175514 -0.942714 14.963499
v 129.876663 0.169340 4.084537
v 138.767578 -0.725078 24.706030
v 145.767090 -0.668219 5.289856
v 144.778168 2.431791 5.218139
v 137.990372 2.377812 24.104858
v 139.875351 -0.705939 25.561230
v 147.162369 -0.644994 5.394383
v 147.110626 2.470610 5.393131
v 139.842117 2.409804 25.534571
v 140.283478 -0.698893 25.876064
v 147.676285 -0.636441 5.432940
v 147.657990 0.465213 5.432497
v 140.271744 0.402810 25.866638
v 128.862244 0.152465 4.006711
v 128.880539 -0.949189 4.007174
v 125.359604 0.145084 14.330496
v 125.371338 -0.956619 14.339931
v 114.556374 -1.143700 5.936525
v 114.544647 -0.041996 5.927083
v 115.228142 -1.176242 2.949197
v 115.209862 -0.074587 2.948717
v 129.859970 -0.932896 4.082347
v 126.136024 0.158509 14.932588
v 126.147758 -0.943194 14.942022
v 129.841690 0.168758 4.081885
v 113.576065 -1.160665 5.173273
v 113.989784 -1.196833 2.852298
v 114.875023 1.934351 2.924272
v 114.284599 1.967914 5.724050
v 112.471962 -1.179773 4.313342
v 112.594864 -1.220024 2.742975
v 112.543159 1.895580 2.741610
v 112.438820 1.935971 4.286634
v 112.065353 -1.186812 3.996561
v 112.081108 -1.228567 2.702651
v 112.062828 -0.126912 2.702167
v 112.053642 -0.085108 3.987117
v 129.337555 0.226614 -7.327748
v 129.355865 -0.874934 -7.343045
v 130.856125 0.185634 4.159609
v 130.874420 -0.916021 4.160071
v 144.528427 -0.688832 5.196614
v 144.510117 0.412823 5.196169
v 142.012985 -0.591947 -12.559631
v 141.994690 0.509600 -12.544299
v 128.447510 -0.895223 -6.969715
v 129.876663 0.169340 4.084537
v 129.894943 -0.932314 4.085000
v 128.429199 0.206324 -6.954421
v 145.767090 -0.668219 5.289856
v 143.160629 -0.566261 -13.034111
v 142.240555 2.529611 -12.631846
v 144.778168 2.431791 5.218139
v 147.162369 -0.644994 5.394383
v 144.453339 -0.537326 -13.568591
v 144.401596 2.577976 -13.525203
v 147.110626 2.470610 5.393131
v 147.676285 -0.636441 5.432940
v 144.929443 -0.526670 -13.765494
v 144.911148 0.574879 -13.750149
v 147.657990 0.465213 5.432497
v 127.488312 0.185312 -6.567924
v 127.506622 -0.916236 -6.583214
v 128.862244 0.152465 4.006711
v 128.880539 -0.949189 4.007174
v 115.228142 -1.176242 2.949197
v 115.209862 -0.074587 2.948717
v 114.838524 -1.198896 -1.393431
v 114.820206 -0.097347 -1.378179
v 128.415054 -0.895948 -6.956421
v 129.841690 0.168758 4.081885
v 129.859970 -0.932896 4.082347
v 128.396744 0.205600 -6.941128
v 113.989784 -1.196833 2.852298
v 113.688889 -1.224523 -0.923812
v 114.506882 1.910170 -1.235970
v 114.875023 1.934351 2.924272
v 112.594864 -1.220024 2.742975
v 112.393829 -1.253387 -0.395052
v 112.342018 1.861918 -0.351937
v 112.543159 1.895580 2.741610
v 112.081108 -1.228567 2.702651
v 111.916809 -1.264017 -0.200363
v 111.898491 -0.162468 -0.185119
v 112.062828 -0.126912 2.702167
v 121.272095 0.383518 -16.561188
v 121.276787 -0.717663 -16.597979
v 129.337555 0.226614 -7.327748
v 129.355865 -0.874934 -7.343045
v 142.012985 -0.591947 -12.559631
v 141.994690 0.509600 -12.544299
v 128.528152 -0.298752 -28.209530
v 128.523483 0.802428 -28.172718
v 120.755814 -0.747697 -15.765481
v 128.429199 0.206324 -6.954421
v 128.447510 -0.895223 -6.969715
v 120.751122 0.353485 -15.728689
v 143.160629 -0.566261 -13.034111
v 129.184952 -0.260732 -29.263462
v 128.674820 2.824767 -28.361952
v 142.240555 2.529611 -12.631846
v 144.453339 -0.537326 -13.568591
v 129.924530 -0.217894 -30.450788
v 129.911346 2.896372 -30.346661
v 144.401596 2.577976 -13.525203
v 144.929443 -0.526670 -13.765494
v 130.196945 -0.202118 -30.888098
v 130.192276 0.899060 -30.851280
v 144.911148 0.574879 -13.750149
v 120.211464 0.322380 -14.866508
v 120.216164 -0.778802 -14.903296
v 127.488312 0.185312 -6.567924
v 127.506622 -0.916236 -6.583214
v 114.838524 -1.198896 -1.393431
v 114.820206 -0.097347 -1.378179
v 112.941589 -1.197181 -3.306303
v 112.936852 -0.095999 -3.269538
v 120.737244 -0.748770 -15.735731
v 128.396744 0.205600 -6.941128
v 128.415054 -0.895948 -6.956421
v 120.732552 0.352412 -15.698943
v 113.688889 -1.224523 -0.923812
v 112.280701 -1.235110 -2.254923
v 112.767365 1.907858 -2.946410
v 114.506882 1.910170 -1.235970
v 112.393829 -1.253387 -0.395052
v 111.536064 -1.277830 -1.070768
v 111.522682 1.836442 -0.966805
v 112.342018 1.861918 -0.351937
v 111.916809 -1.264017 -0.200363
v 111.261742 -1.293563 -0.634656
v 111.257011 -0.192380 -0.597897
v 111.898491 -0.162468 -0.185119
v 110.795204 0.556471 -20.192877
v 110.789139 -0.544417 -20.237419
v 121.272095 0.383518 -16.561188
v 121.276787 -0.717663 -16.597979
v 128.528152 -0.298752 -28.209530
v 128.523483 0.802428 -28.172718
v 113.402969 -0.015258 -33.669960
v 113.409042 1.085631 -33.625416
v 110.601387 -0.582372 -19.273849
v 120.751122 0.353485 -15.728689
v 120.755814 -0.747697 -15.765481
v 110.607452 0.518517 -19.229307
v 129.184952 -0.260732 -29.263462
v 113.639778 0.032755 -34.888523
v 113.477753 3.109869 -33.840580
v 128.674820 2.824767 -28.361952
v 129.924530 -0.217894 -30.450788
v 113.906197 0.086838 -36.261181
v 113.923363 3.200277 -36.135193
v 129.911346 2.896372 -30.346661
v 130.196945 -0.202118 -30.888098
v 114.004372 0.106765 -36.766758
v 114.010452 1.207653 -36.722210
v 130.192276 0.899060 -30.851280
v 110.412842 0.479211 -18.231352
v 110.406784 -0.621677 -18.275894
v 120.211464 0.322380 -14.866508
v 120.216164 -0.778802 -14.903296
v 112.941589 -1.197181 -3.306303
v 112.936852 -0.095999 -3.269538
v 107.783546 -1.150595 -4.845186
v 107.789612 -0.049706 -4.800650
v 110.594643 -0.583727 -19.239441
v 120.732552 0.352412 -15.698943
v 120.737244 -0.748770 -15.735731
v 110.600700 0.517162 -19.194902
v 112.280701 -1.235110 -2.254923
v 107.545174 -1.198564 -3.626932
v 107.742676 1.951169 -4.422708
v 112.767365 1.907858 -2.946410
v 111.536064 -1.277830 -1.070768
v 107.276611 -1.252595 -2.254681
v 107.293739 1.860846 -2.128735
v 111.522682 1.836442 -0.966805
v 111.261742 -1.293563 -0.634656
v 107.177696 -1.272493 -1.749256
v 107.183746 -0.171604 -1.704722
v 111.257011 -0.192380 -0.597897
v 100.791359 0.684557 -21.191833
v 100.783501 -0.416194 -21.239391
v 110.795204 0.556471 -20.192877
v 110.789139 -0.544417 -20.237419
v 113.402969 -0.015258 -33.669960
v 113.409042 1.085631 -33.625416
v 101.455490 0.169532 -34.905621
v 101.463356 1.270283 -34.858059
v 100.735146 -0.458208 -20.259020
v 110.607452 0.518517 -19.229307
v 110.601387 -0.582372 -19.273849
v 100.743004 0.642543 -20.211462
v 113.639778 0.032755 -34.888523
v 101.516197 0.222673 -36.145336
v 101.492508 3.295518 -35.072865
v 113.477753 3.109869 -33.840580
v 113.906197 0.086838 -36.261181
v 101.584656 0.282529 -37.541767
v 101.606888 3.395581 -37.407246
v 113.923363 3.200277 -36.135193
v 114.004372 0.106765 -36.766758
v 101.609787 0.304580 -38.056103
v 101.617645 1.405331 -38.008541
v 114.010452 1.207653 -36.722210
v 100.692879 0.599030 -19.196072
v 100.685013 -0.501721 -19.243629
v 110.412842 0.479211 -18.231352
v 110.406784 -0.621677 -18.275894
v 107.783546 -1.150595 -4.845186
v 107.789612 -0.049706 -4.800650
v 100.008530 -1.087299 -5.577615
v 100.016388 0.013452 -5.530061
v 100.733368 -0.459708 -20.224007
v 110.600700 0.517162 -19.194902
v 110.594643 -0.583727 -19.239441
v 100.741241 0.641043 -20.176449
v 107.545174 -1.198564 -3.626932
v 99.946976 -1.140412 -4.337947
v 100.015785 2.012825 -5.141388
v 107.742676 1.951169 -4.422708
v 107.276611 -1.252595 -2.254681
v 99.877609 -1.200237 -2.941562
v 99.899849 1.912814 -2.807077
v 107.293739 1.860846 -2.128735
v 107.177696 -1.272493 -1.749256
v 99.852036 -1.222273 -2.427246
v 99.859894 -0.121521 -2.379693
v 107.183746 -0.171604 -1.704722
v 91.261971 0.763439 -21.371086
v 91.257866 -0.337227 -21.421019
v 100.791359 0.684557 -21.191833
v 100.783501 -0.416194 -21.239391
v 101.455490 0.169532 -34.905621
v 101.463356 1.270283 -34.858059
v 91.431038 0.282761 -35.101009
v 91.435150 1.383427 -35.051071
v 91.245476 -0.381701 -20.439646
v 100.743004 0.642543 -20.211462
v 100.735146 -0.458208 -20.259020
v 91.249596 0.718965 -20.389715
v 101.516197 0.222673 -36.145336
v 91.446732 0.339007 -36.341949
v 91.446419 3.409260 -35.261833
v 101.492508 3.295518 -35.072865
v 101.584656 0.282529 -37.541767
v 91.464462 0.402363 -37.739773
v 91.476051 3.515174 -37.598549
v 101.606888 3.395581 -37.407246
v 101.609787 0.304580 -38.056103
v 91.471008 0.425696 -38.254623
v 91.475121 1.526362 -38.204689
v 101.617645 1.405331 -38.008541
v 91.236740 0.672904 -19.373297
v 91.232628 -0.427763 -19.423231
v 100.692879 0.599030 -19.196072
v 100.685013 -0.501721 -19.243629
v 100.008530 -1.087299 -5.577615
v 100.016388 0.013452 -5.530061
v 91.060417 -1.047660 -5.743223
v 91.064537 0.053007 -5.693294
v 91.245064 -0.383290 -20.404598
v 100.741241 0.641043 -20.176449
v 100.733368 -0.459708 -20.224007
v 91.249176 0.717376 -20.354664
v 99.946976 -1.140412 -4.337947
v 91.044884 -1.103888 -4.502278
v 91.068344 2.051468 -5.299970
v 100.015785 2.012825 -5.141388
v 99.877609 -1.200237 -2.941562
v 91.027359 -1.167223 -3.104449
v 91.039032 1.945588 -2.963247
v 99.899849 1.912814 -2.807077
v 99.852036 -1.222273 -2.427246
v 91.020882 -1.190551 -2.589602
v 91.025002 -0.089885 -2.539672
v 99.859894 -0.121521 -2.379693
v 82.069626 0.785115 -21.538574
v 82.074127 -0.315452 -21.590626
v 91.261971 0.763439 -21.371086
v 91.257866 -0.337227 -21.421019
v 91.431038 0.282761 -35.101009
v 91.435150 1.383427 -35.051071
v 82.670280 0.333430 -35.257439
v 82.665764 1.433996 -35.205383
v 82.031464 -0.361998 -20.610203
v 91.249596 0.718965 -20.389715
v 91.245476 -0.381701 -20.439646
v 82.026970 0.738569 -20.558149
v 91.446732 0.339007 -36.341949
v 82.724541 0.392294 -36.497177
v 82.670700 3.460281 -35.411972
v 91.446419 3.409260 -35.261833
v 91.464523 0.402363 -37.739773
v 82.785576 0.458602 -37.893650
v 82.772804 3.571131 -37.746426
v 91.476112 3.515174 -37.598545
v 91.471008 0.425696 -38.254623
v 82.808098 0.483025 -38.407993
v 82.803589 1.583591 -38.355938
v 91.475121 1.526362 -38.204689
v 81.982811 0.690362 -19.542702
v 81.987312 -0.410205 -19.594753
v 91.236801 0.672904 -19.373299
v 91.232689 -0.427763 -19.423227
v 91.060471 -1.047657 -5.743222
v 91.064590 0.053009 -5.693293
v 81.394043 -1.058982 -5.927811
v 81.389565 0.041584 -5.875760
v 82.029900 -0.363660 -20.575186
v 91.249176 0.717376 -20.354664
v 91.245064 -0.383290 -20.404598
v 82.025398 0.736907 -20.523136
v 91.044884 -1.103888 -4.502278
v 81.340355 -1.117830 -4.688044
v 81.368332 2.039223 -5.478845
v 91.068344 2.051468 -5.299970
v 91.027359 -1.167223 -3.104449
v 81.279930 -1.184118 -3.291543
v 81.267281 1.928412 -3.144340
v 91.039032 1.945588 -2.963247
v 91.020882 -1.190551 -2.589602
v 81.257713 -1.208531 -2.777181
v 81.253242 -0.107964 -2.725130
v 91.025002 -0.089885 -2.539672
v 73.185524 0.744484 -22.208723
v 73.203987 -0.355882 -22.261919
v 82.069626 0.785115 -21.538574
v 82.074127 -0.315452 -21.590626
v 82.670280 0.333430 -35.257439
v 82.665764 1.433996 -35.205383
v 74.986740 0.329684 -35.823086
v 74.968254 1.430050 -35.769897
v 73.076279 -0.405058 -21.289049
v 82.026970 0.738569 -20.558149
v 82.031464 -0.361998 -20.610203
v 73.057816 0.695309 -21.235857
v 82.724541 0.392294 -36.497177
v 75.148659 0.391880 -37.053234
v 74.973854 3.456785 -35.972069
v 82.670700 3.460281 -35.411972
v 82.785576 0.458602 -37.893650
v 75.331146 0.461941 -38.438869
v 75.278854 3.573902 -38.288429
v 82.772804 3.571131 -37.746426
v 82.808098 0.483025 -38.407993
v 75.398384 0.487746 -38.949230
v 75.379890 1.588113 -38.896030
v 82.803589 1.583591 -38.355938
v 72.925545 0.644377 -20.228241
v 72.944008 -0.455990 -20.281437
v 81.982811 0.690362 -19.542702
v 81.987312 -0.410205 -19.594753
v 81.394043 -1.058982 -5.927811
v 81.389565 0.041584 -5.875760
v 71.166641 -1.141403 -6.719543
v 71.148209 -0.041037 -6.666349
v 73.071678 -0.406814 -21.254309
v 82.025398 0.736907 -20.523136
v 82.029900 -0.363660 -20.575186
v 73.053215 0.693552 -21.201113
v 81.340355 -1.117830 -4.688044
v 71.005630 -1.203571 -5.489283
v 71.075249 1.955426 -6.269665
v 81.368332 2.039223 -5.478845
v 81.279930 -1.184118 -3.291543
v 70.824272 -1.273600 -4.103490
v 70.772141 1.838364 -3.953051
v 81.267281 1.928412 -3.144340
v 81.257713 -1.208531 -2.777181
v 70.757469 -1.299392 -3.593073
v 70.739037 -0.199025 -3.539879
v 81.253242 -0.107964 -2.725130
v 64.774078 0.627656 -23.815298
v 64.813629 -0.472251 -23.866478
v 73.185524 0.744484 -22.208723
v 73.203987 -0.355882 -22.261919
v 74.986740 0.329684 -35.823086
v 74.968254 1.430050 -35.769897
v 68.665382 0.276845 -36.986835
v 68.625793 1.376750 -36.935661
v 64.537582 -0.525979 -22.925175
v 73.057816 0.695309 -21.235857
v 73.076279 -0.405058 -21.289049
v 64.498039 0.573927 -22.874001
v 75.148659 0.391880 -37.053234
v 69.015083 0.344808 -38.176918
v 68.638519 3.404046 -37.131798
v 74.973854 3.456785 -35.972069
v 75.331146 0.461941 -38.438869
v 69.409134 0.421366 -39.517426
v 69.297157 3.532022 -39.372711
v 75.278854 3.573902 -38.288429
v 75.398384 0.487746 -38.949230
v 69.554253 0.449562 -40.011150
v 69.514664 1.549468 -39.959980
v 75.379890 1.588113 -38.896030
v 64.212196 0.518281 -21.899063
v 64.251740 -0.581626 -21.950237
v 72.925545 0.644377 -20.228241
v 72.944008 -0.455990 -20.281437
v 71.166641 -1.141403 -6.719543
v 71.148209 -0.041037 -6.666349
v 60.407948 -1.330445 -8.827534
v 60.368435 -0.230537 -8.776350
v 64.527740 -0.527898 -22.891550
v 73.053215 0.693552 -21.201113
v 73.071678 -0.406814 -21.254309
v 64.488197 0.572008 -22.840374
v 71.005630 -1.203571 -5.489283
v 60.059593 -1.398361 -7.637040
v 60.211426 1.763689 -8.393008
v 71.075249 1.955426 -6.269665
v 70.824272 -1.273600 -4.103490
v 59.667309 -1.474859 -6.296018
v 59.555592 1.635805 -6.151259
v 70.772141 1.838364 -3.953051
v 70.757469 -1.299392 -3.593073
v 59.522816 -1.503035 -5.802098
v 59.483311 -0.403126 -5.750911
v 70.739037 -0.199025 -3.539879
v 56.991711 0.419802 -26.866894
v 57.069954 -0.678573 -26.904675
v 64.774078 0.627656 -23.815298
v 64.813629 -0.472251 -23.866478
v 68.665382 0.276845 -36.986835
v 68.625793 1.376750 -36.935661
v 63.379322 0.188278 -39.027912
v 63.301018 1.286649 -38.990154
v 56.617607 -0.740740 -26.034847
v 64.498039 0.573927 -22.874001
v 64.537582 -0.525979 -22.925175
v 56.539371 0.357635 -25.997061
v 69.015083 0.344808 -38.176918
v 63.952038 0.266933 -40.127438
v 63.297253 3.313745 -39.188774
v 68.638519 3.404046 -37.131798
v 69.409134 0.421366 -39.517426
v 64.597183 0.355539 -41.365955
v 64.375694 3.461857 -41.259197
v 69.297157 3.532022 -39.372711
v 69.554253 0.449562 -40.011150
v 64.834808 0.388174 -41.822124
v 64.756493 1.486547 -41.784382
v 69.514664 1.549468 -39.959980
v 56.070873 0.293248 -25.096157
v 56.149105 -0.805127 -25.133944
v 64.212196 0.518281 -21.899063
v 64.251740 -0.581626 -21.950237
v 60.407948 -1.330445 -8.827534
v 60.368435 -0.230537 -8.776350
v 49.847664 -1.671453 -13.006542
v 49.769489 -0.573074 -12.968726
v 56.601479 -0.742960 -26.003773
v 64.488197 0.572008 -22.840374
v 64.527740 -0.527898 -22.891550
v 56.523243 0.355415 -25.965986
v 60.059593 -1.398361 -7.637040
v 49.276379 -1.750017 -11.906258
v 49.487526 1.415764 -12.631779
v 60.211426 1.763689 -8.393008
v 59.667309 -1.474859 -6.296018
v 48.632969 -1.838506 -10.666828
v 48.411922 1.267837 -10.559868
v 59.555592 1.635805 -6.151259
v 59.522816 -1.503035 -5.802098
v 48.396042 -1.871098 -10.210294
v 48.317883 -0.772719 -10.172472
v 59.483311 -0.403126 -5.750911
v 49.754246 -0.270500 -31.579418
v 49.905834 -1.361818 -31.574402
v 56.991711 0.419802 -26.866894
v 57.069954 -0.678573 -26.904675
v 63.379322 0.188278 -39.027912
v 63.301018 1.286649 -38.990154
v 57.790714 -0.317827 -42.723331
v 57.639019 0.773476 -42.728416
v 49.340309 -1.436688 -30.774513
v 56.539371 0.357635 -25.997061
v 56.617607 -0.740740 -26.034847
v 49.188728 -0.345370 -30.779526
v 63.952038 0.266933 -40.127438
v 58.506100 -0.223100 -43.734589
v 57.535824 2.791559 -42.983864
v 63.297253 3.313745 -39.188774
v 64.597183 0.355539 -41.365955
v 59.311981 -0.116389 -44.873638
v 58.882904 2.969928 -44.888069
v 64.375694 3.461857 -41.259197
v 64.834808 0.388174 -41.822124
v 59.608822 -0.077079 -45.293156
v 59.457100 1.014219 -45.298264
v 64.756493 1.486547 -41.784382
v 48.603024 -0.422915 -29.951073
v 48.754593 -1.514234 -29.946066
v 56.070873 0.293248 -25.096157
v 56.149105 -0.805127 -25.133944
v 49.847664 -1.671453 -13.006542
v 49.769489 -0.573074 -12.968726
v 40.873432 -2.557574 -18.794441
v 40.721970 -1.466239 -18.799372
v 49.320087 -1.439366 -30.745968
v 56.523243 0.355415 -25.965986
v 56.601479 -0.742960 -26.003773
v 49.168507 -0.348048 -30.750975
v 49.276379 -1.750017 -11.906258
v 40.158600 -2.652201 -17.782782
v 40.271053 0.505810 -18.562162
v 49.487526 1.415764 -12.631779
v 48.632969 -1.838506 -10.666828
v 39.353523 -2.758769 -16.643145
v 38.925224 0.327659 -16.657045
v 48.411922 1.267837 -10.559868
v 48.396042 -1.871098 -10.210294
v 39.056980 -2.798023 -16.223406
v 38.905540 -1.706685 -16.228317
v 48.317883 -0.772719 -10.172472
v 42.893768 -1.571398 -37.051708
v 43.107849 -2.650998 -37.000610
v 49.754246 -0.270500 -31.579418
v 49.905834 -1.361818 -31.574402
v 57.790714 -0.317827 -42.723331
v 57.639019 0.773476 -42.728416
v 51.990631 -1.378962 -47.345970
v 51.776478 -0.299380 -47.397133
v 42.470734 -2.742221 -36.258366
v 49.188728 -0.345370 -30.779526
v 49.340309 -1.436688 -30.774513
v 42.256653 -1.662620 -36.309464
v 58.506100 -0.223100 -43.734589
v 52.796505 -1.263546 -48.284328
v 51.581078 1.702300 -47.719097
v 57.535824 2.791559 -42.983864
v 59.311981 -0.116389 -44.873638
v 53.704311 -1.133521 -49.341282
v 53.098610 1.919648 -49.486012
v 58.882904 2.969928 -44.888069
v 59.608822 -0.077079 -45.293156
v 54.038696 -1.085628 -49.730556
v 53.824524 -0.006050 -49.781731
v 59.457100 1.014219 -45.298264
v 41.596825 -1.757091 -35.540672
v 41.810890 -2.836694 -35.489586
v 48.603024 -0.422915 -29.951073
v 48.754593 -1.514234 -29.946066
v 40.873432 -2.557574 -18.794441
v 40.721970 -1.466239 -18.799372
v 32.931187 -4.107861 -25.141481
v 32.717194 -3.028240 -25.192509
v 42.447998 -2.745475 -36.231838
v 49.168507 -0.348048 -30.750975
v 49.320087 -1.439366 -30.745968
v 42.233921 -1.665874 -36.282932
v 40.158600 -2.652201 -17.782782
v 32.125809 -4.223136 -24.202663
v 32.129978 -1.082626 -25.057268
v 40.271053 0.505810 -18.562162
v 39.353523 -2.758769 -16.643145
v 31.218666 -4.352971 -23.145121
v 30.613516 -1.299670 -23.289396
v 38.925224 0.327659 -16.657045
v 39.056980 -2.798023 -16.223406
v 30.884533 -4.400795 -22.755623
v 30.670561 -3.321170 -22.806635
v 38.905540 -1.706685 -16.228317
v 36.549847 -3.308230 -43.211262
v 36.786652 -4.382127 -43.143108
v 42.893768 -1.571398 -37.051708
v 43.107849 -2.650998 -37.000610
v 51.990631 -1.378962 -47.345970
v 51.776478 -0.299380 -47.397133
v 46.320419 -2.896591 -52.862064
v 46.083599 -1.822694 -52.930218
v 36.102779 -4.488675 -42.445839
v 42.256653 -1.662620 -36.309464
v 42.470734 -2.742221 -36.258366
v 35.865978 -3.414778 -42.513985
v 52.796505 -1.263546 -48.284328
v 47.185360 -2.761793 -53.743576
v 45.861195 0.173319 -53.269382
v 51.581078 1.702300 -47.719097
v 53.704311 -1.133521 -49.341282
v 48.159615 -2.609967 -54.736580
v 47.489872 0.427132 -54.929317
v 53.098610 1.919648 -49.486012
v 54.038696 -1.085628 -49.730556
v 48.518471 -2.554040 -55.102295
v 48.281654 -1.480144 -55.170444
v 53.824524 -0.006050 -49.781731
v 35.157665 -3.525135 -41.791824
v 35.394470 -4.599033 -41.723679
v 41.596825 -1.757091 -35.540672
v 41.810890 -2.836694 -35.489586
v 32.931187 -4.107861 -25.141481
v 32.717194 -3.028240 -25.192509
v 25.862309 -6.083977 -32.003056
v 25.625513 -5.010077 -32.071201
v 36.078331 -4.492487 -42.420956
v 42.233921 -1.665874 -36.282932
v 42.447998 -2.745475 -36.231838
v 35.841530 -3.418590 -42.489109
v 32.125809 -4.223136 -24.202663
v 24.997688 -6.218655 -31.121206
v 24.982180 -3.079644 -31.981129
v 32.129978 -1.082626 -25.057268
v 31.218666 -4.352971 -23.145121
v 24.023790 -6.370347 -30.127836
v 23.354113 -3.333234 -30.320564
v 30.613516 -1.299670 -23.289396
v 30.884533 -4.400795 -22.755623
v 23.665121 -6.426211 -29.761932
v 23.428326 -5.352311 -29.830076
v 30.670561 -3.321170 -22.806635
v 30.370262 -5.023670 -49.805779
v 30.588821 -6.102694 -49.762032
v 36.549847 -3.308230 -43.211262
v 36.786652 -4.382127 -43.143108
v 46.320419 -2.896591 -52.862064
v 46.083599 -1.822694 -52.930218
v 40.392159 -4.499052 -59.189762
v 40.173660 -3.420010 -59.233429
v 29.885523 -6.217739 -49.085751
v 35.865978 -3.414778 -42.513985
v 36.102779 -4.488675 -42.445839
v 29.666952 -5.138717 -49.129509
v 47.185360 -2.761793 -53.743576
v 41.281448 -4.353575 -60.044968
v 39.990681 -1.411992 -59.521420
v 45.861195 0.173319 -53.269382
v 48.159615 -2.609967 -54.736580
v 42.283100 -4.189717 -61.008354
v 41.665207 -1.138058 -61.131798
v 47.489872 0.427132 -54.929317
v 48.518471 -2.554040 -55.102295
v 42.652065 -4.129359 -61.363144
v 42.433586 -3.050315 -61.406788
v 48.281654 -1.480144 -55.170444
v 28.938581 -5.257858 -48.429016
v 29.157160 -6.336879 -48.385250
v 35.157665 -3.525135 -41.791824
v 35.394470 -4.599033 -41.723679
v 25.862309 -6.083977 -32.003056
v 25.625513 -5.010077 -32.071201
v 19.353827 -7.940380 -38.957504
v 19.135180 -6.861376 -39.001350
v 29.860422 -6.221843 -49.061577
v 35.841530 -3.418590 -42.489109
v 36.078331 -4.492487 -42.420956
v 29.641851 -5.142821 -49.105331
v 24.997688 -6.218655 -31.121206
v 18.464539 -8.085833 -38.102295
v 18.519018 -4.924239 -38.873333
v 24.982180 -3.079644 -31.981129
v 24.023790 -6.370347 -30.127836
v 17.462847 -8.249668 -37.138947
v 16.844454 -5.198133 -37.262985
v 23.354113 -3.333234 -30.320564
v 23.665121 -6.426211 -29.761932
v 17.093884 -8.310015 -36.784149
v 16.875219 -7.231017 -36.828014
v 23.428326 -5.352311 -29.830076
v 24.002701 -6.259484 -56.634785
v 24.158045 -7.349920 -56.662960
v 30.370262 -5.023670 -49.805779
v 30.588821 -6.102694 -49.762032
v 40.392159 -4.499052 -59.189762
v 40.173660 -3.420010 -59.233429
v 33.815273 -5.727112 -66.237206
v 33.660038 -4.636664 -66.208908
v 23.465239 -7.466335 -55.976154
v 29.666952 -5.138717 -49.129509
v 29.885523 -6.217739 -49.085751
v 23.309887 -6.375900 -55.947987
v 41.281448 -4.353575 -60.044968
v 34.691223 -5.579907 -67.105797
v 33.589432 -2.607373 -66.368629
v 39.990681 -1.411992 -59.521420
v 42.283100 -4.189717 -61.008354
v 35.677937 -5.414090 -68.084160
v 35.238972 -2.330168 -68.004066
v 41.665207 -1.138058 -61.131798
v 42.652065 -4.129359 -61.363144
v 36.041378 -5.353011 -68.444489
v 35.886169 -4.262558 -68.416168
v 42.433586 -3.050315 -61.406788
v 22.592339 -6.496469 -55.236645
v 22.747700 -7.586903 -55.264801
v 28.938581 -5.257858 -48.429016
v 29.157160 -6.336879 -48.385250
v 19.353827 -7.940380 -38.957504
v 19.135180 -6.861376 -39.001350
v 13.089655 -9.209669 -45.691387
v 12.934185 -8.119247 -45.663345
v 23.440516 -7.470490 -55.951607
v 29.641851 -5.142821 -49.105331
v 29.860422 -6.221843 -49.061577
v 23.285160 -6.380054 -55.923439
v 18.464539 -8.085833 -38.102295
v 12.213509 -9.356872 -44.822994
v 12.436707 -6.161662 -45.400719
v 18.519018 -4.924239 -38.873333
v 17.462847 -8.249668 -37.138947
v 11.226614 -9.522682 -43.844826
v 10.786861 -6.438852 -43.765594
v 16.844454 -5.198133 -37.262985
v 17.093884 -8.310015 -36.784149
v 10.863097 -9.583757 -43.484558
v 10.707601 -8.493338 -43.456551
v 16.875219 -7.231017 -36.828014
v 17.056332 -6.389560 -63.298054
v 17.103777 -7.481904 -63.434105
v 24.002701 -6.259484 -56.634785
v 24.158045 -7.349920 -56.662960
v 33.815273 -5.727112 -66.237206
v 33.660038 -4.636664 -66.208908
v 26.173563 -5.826721 -73.561287
v 26.126295 -4.734390 -73.425072
v 16.453051 -7.600632 -62.707691
v 23.309887 -6.375900 -55.947987
v 23.465239 -7.466335 -55.976154
v 16.405590 -6.508287 -62.571648
v 34.691223 -5.579907 -67.105797
v 26.996210 -5.676564 -74.480026
v 26.240120 -2.700933 -73.399658
v 33.589432 -2.607373 -66.368629
v 35.677937 -5.414090 -68.084160
v 27.922867 -5.507423 -75.514908
v 27.789280 -2.418190 -75.129593
v 35.238972 -2.330168 -68.004066
v 36.041378 -5.353011 -68.444489
v 28.264118 -5.445120 -75.896118
v 28.216890 -4.352792 -75.759872
v 35.886169 -4.262558 -68.416168
v 15.731573 -6.631252 -61.819317
v 15.779046 -7.723598 -61.955345
v 22.592339 -6.496469 -55.236645
v 22.747700 -7.586903 -55.264801
v 13.089655 -9.209669 -45.691387
v 12.934185 -8.119247 -45.663345
v 6.706766 -9.378486 -51.830360
v 6.659117 -8.286127 -51.694496
v 16.429783 -7.604871 -62.681774
v 23.285160 -6.380054 -55.923439
v 23.440516 -7.470490 -55.951607
v 16.382322 -6.512526 -62.545731
v 12.213509 -9.356872 -44.822994
v 5.883725 -9.528593 -50.911953
v 6.371666 -6.325705 -51.222595
v 12.436707 -6.161662 -45.400719
v 11.226614 -9.522682 -43.844826
v 4.956552 -9.697673 -49.877525
v 4.821696 -6.608350 -49.493378
v 10.786861 -6.438852 -43.765594
v 10.863097 -9.583757 -43.484558
v 4.615086 -9.759947 -49.496506
v 4.567395 -8.667585 -49.360683
v 10.707601 -8.493338 -43.456551
v 9.554987 -5.230412 -69.349739
v 9.471871 -6.301472 -69.594490
v 17.056332 -6.389560 -63.298054
v 17.103777 -7.481904 -63.434105
v 26.173563 -5.826721 -73.561287
v 26.126295 -4.734390 -73.425072
v 17.724262 -4.478915 -80.370651
v 17.807587 -3.407907 -80.125748
v 8.879850 -6.432210 -68.821449
v 16.405590 -6.508287 -62.571648
v 16.453051 -7.600632 -62.707691
v 8.962950 -5.361147 -68.576714
v 26.996210 -5.676564 -74.480026
v 18.472826 -4.313576 -81.348206
v 18.142157 -1.409750 -79.915955
v 26.240120 -2.700933 -73.399658
v 27.922867 -5.507423 -75.514908
v 19.315859 -4.127291 -82.449455
v 19.551622 -1.098384 -81.756775
v 27.789280 -2.418190 -75.129593
v 28.264118 -5.445120 -75.896118
v 19.626411 -4.058688 -82.855042
v 19.709782 -2.987691 -82.610100
v 28.216890 -4.352792 -75.759872
v 8.349677 -5.496526 -67.776146
v 8.266592 -6.567594 -68.020851
v 15.731573 -6.631252 -61.819317
v 15.779046 -7.723598 -61.955345
v 6.706766 -9.378486 -51.830360
v 6.659117 -8.286127 -51.694496
v 0.012071 -8.389517 -57.246227
v 0.094949 -7.318398 -57.001659
v 8.858675 -6.436871 -68.793861
v 16.382322 -6.512526 -62.545731
v 16.429783 -7.604871 -62.681774
v 8.941774 -5.365807 -68.549126
v 5.883725 -9.528593 -50.911953
v -0.736814 -8.554760 -56.268902
v 0.064175 -5.400488 -56.316689
v 6.371666 -6.325705 -51.222595
v 4.956552 -9.697673 -49.877525
v -1.580325 -8.740906 -55.167995
v -1.346053 -5.711628 -54.476425
v 4.821696 -6.608350 -49.493378
v 4.615086 -9.759947 -49.496506
v -1.891051 -8.809454 -54.762531
v -1.808222 -7.738324 -54.518005
v 4.567395 -8.667585 -49.360683
v 1.893613 -2.634515 -74.388107
v 1.658580 -3.652682 -74.737503
v 9.554987 -5.230412 -69.349739
v 9.471871 -6.301472 -69.594490
v 17.724262 -4.478915 -80.370651
v 17.807587 -3.407907 -80.125748
v 9.469217 -1.656757 -85.808411
v 9.704485 -0.638696 -85.458878
v 1.098253 -3.795855 -73.943298
v 8.962950 -5.361147 -68.576714
v 8.879850 -6.432210 -68.821449
v 1.333269 -2.777681 -73.593925
v 18.472826 -4.313576 -81.348206
v 10.177674 -1.475670 -86.812721
v 10.307040 1.266502 -85.064316
v 18.142157 -1.409750 -79.915955
v 19.315859 -4.127291 -82.449455
v 10.975769 -1.271721 -87.943947
v 11.641262 1.607413 -86.955322
v 19.551622 -1.098384 -81.756775
v 19.626411 -4.058688 -82.855042
v 11.269732 -1.196606 -88.360588
v 11.505053 -0.178569 -88.011024
v 19.709782 -2.987691 -82.610100
v 0.752880 -2.925945 -72.771400
v 0.517881 -3.944127 -73.120773
v 8.349677 -5.496526 -67.776146
v 8.266592 -6.567594 -68.020851
v 0.012071 -8.389517 -57.246227
v 0.094949 -7.318398 -57.001659
v -7.293261 -5.939717 -62.050156
v -7.058496 -4.921429 -61.700939
v 1.078212 -3.800956 -73.914955
v 8.941774 -5.365807 -68.549126
v 8.858675 -6.436871 -68.793861
v 1.313228 -2.782782 -73.565582
v -0.736814 -8.554760 -56.268902
v -8.001808 -6.120744 -61.045898
v -6.801801 -3.103935 -60.818104
v 0.064175 -5.400488 -56.316689
v -1.580325 -8.740906 -55.167995
v -8.800015 -6.324622 -59.914730
v -8.136205 -3.444728 -58.927197
v -1.346053 -5.711628 -54.476425
v -1.891051 -8.809454 -54.762531
v -9.094016 -6.399709 -59.498108
v -8.859306 -5.381398 -59.148930
v -1.808222 -7.738324 -54.518005
v -5.337105 1.417338 -78.708389
v -5.737863 0.495618 -79.159828
v 1.893613 -2.634515 -74.388107
v 1.658580 -3.652682 -74.737503
v 9.469217 -1.656757 -85.808411
v 9.704485 -0.638696 -85.458878
v 2.034876 2.545850 -90.247612
v 2.435871 3.467400 -89.796036
v -6.295450 0.348538 -78.364418
v 1.333269 -2.777681 -73.593925
v 1.098253 -3.795855 -73.943298
v -5.894709 1.270271 -77.912979
v 10.177674 -1.475670 -86.812721
v 2.739964 2.731833 -91.253403
v 3.340518 5.197387 -89.215324
v 10.307040 1.266502 -85.064316
v 10.975769 -1.271721 -87.943947
v 3.534170 2.941345 -92.386360
v 4.668357 5.547498 -91.109161
v 11.641262 1.607413 -86.955322
v 11.269732 -1.196606 -88.360588
v 3.826666 3.018525 -92.803665
v 4.227715 3.940035 -92.352051
v 11.505053 -0.178569 -88.011024
v -6.472208 1.117938 -77.089149
v -6.872931 0.196192 -77.540573
v 0.752880 -2.925945 -72.771400
v 0.517881 -3.944127 -73.120773
v -7.293261 -5.939717 -62.050156
v -7.058496 -4.921429 -61.700939
v -14.645557 -1.853992 -66.452713
v -14.245070 -0.932074 -66.001427
v -6.315345 0.343272 -78.335999
v 1.313228 -2.782782 -73.565582
v 1.078212 -3.800956 -73.914955
v -5.914605 1.265005 -77.884567
v -8.001808 -6.120744 -61.045898
v -15.350633 -2.039959 -65.446892
v -13.684560 0.708038 -64.931610
v -6.801801 -3.103935 -60.818104
v -8.800015 -6.324622 -59.914730
v -16.144827 -2.249454 -64.313927
v -15.012335 0.357926 -63.037716
v -8.136205 -3.444728 -58.927197
v -9.094016 -6.399709 -59.498108
v -16.437313 -2.326631 -63.896606
v -16.036882 -1.404674 -63.445358
v -8.859306 -5.381398 -59.148930
v -11.918319 7.119323 -82.222656
v -12.445041 6.304897 -82.745384
v -5.337105 1.417338 -78.708389
v -5.737863 0.495618 -79.159828
v 2.034876 2.545850 -90.247612
v 2.435871 3.467400 -89.796036
v -4.766271 8.482189 -93.874344
v -4.239409 9.296478 -93.351532
v -12.995915 6.148726 -81.947044
v -5.894709 1.270271 -77.912979
v -6.295450 0.348538 -78.364418
v -12.469203 6.963162 -81.424309
v 2.739964 2.731833 -91.253403
v -4.069684 8.679672 -94.883858
v -3.106663 10.833122 -92.641487
v 3.340518 5.197387 -89.215324
v 3.534170 2.941345 -92.386360
v -3.285149 8.902236 -96.021065
v -1.795050 11.205061 -94.542458
v 4.668357 5.547498 -91.109161
v 3.826666 3.018525 -92.803665
v -2.996156 8.984179 -96.439903
v -2.469264 9.798436 -95.917068
v 4.227715 3.940035 -92.352051
v -13.039745 6.801410 -80.597435
v -13.566446 5.986964 -81.120163
v -6.472208 1.117938 -77.089149
v -6.872931 0.196192 -77.540573
v -14.645557 -1.853992 -66.452713
v -14.245070 -0.932074 -66.001427
v -21.245844 3.810432 -69.991501
v -20.719280 4.625014 -69.468849
v -13.015613 6.143173 -81.918533
v -5.914605 1.265005 -77.884567
v -6.315345 0.343272 -78.335999
v -12.488900 6.957608 -81.395805
v -15.350633 -2.039959 -65.446892
v -21.942488 3.613026 -68.981987
v -19.926231 6.066119 -68.267670
v -13.684560 0.708038 -64.931610
v -16.144827 -2.249454 -64.313927
v -22.727186 3.390648 -67.844872
v -21.238077 5.694455 -66.366798
v -15.012335 0.357926 -63.037716
v -16.437313 -2.326631 -63.896606
v -23.016184 3.308722 -67.426041
v -22.489653 4.123337 -66.903404
v -16.036882 -1.404674 -63.445358
v -18.088221 13.713558 -85.078522
v -18.685087 12.974889 -85.637192
v -11.918319 7.119323 -82.222656
v -12.445041 6.304897 -82.745384
v -4.766229 8.482145 -93.874329
v -4.239369 9.296432 -93.351517
v -11.222724 15.429392 -96.855469
v -10.625784 16.167971 -96.296768
v -19.220442 12.798841 -84.832420
v -12.469203 6.963162 -81.424309
v -12.995915 6.148726 -81.947044
v -18.623583 13.537517 -84.273766
v -4.069684 8.679672 -94.883858
v -10.545871 15.652134 -97.873138
v -9.369746 17.572378 -95.523102
v -3.106624 10.833080 -92.641464
v -3.285110 8.902195 -96.021034
v -9.783336 15.902920 -99.019409
v -8.095076 17.991652 -97.439323
v -1.795012 11.205021 -94.542427
v -2.996116 8.984137 -96.439880
v -9.502543 15.995351 -99.441635
v -8.905581 16.733908 -98.882927
v -2.469223 9.798394 -95.917053
v -19.178095 13.355220 -83.440292
v -19.774946 12.616538 -83.998932
v -13.039745 6.801410 -80.597435
v -13.566446 5.986964 -81.120163
v -21.245762 3.810352 -69.991455
v -20.719198 4.624937 -69.468803
v -27.238092 10.163076 -72.780945
v -26.641317 10.901850 -72.222328
v -19.239542 12.792535 -84.803673
v -12.488900 6.957608 -81.395805
v -13.015613 6.143173 -81.918533
v -18.642683 13.531210 -84.245010
v -21.942448 3.612984 -68.981972
v -27.915138 9.940574 -71.763359
v -25.715183 12.198297 -70.953453
v -19.926231 6.066119 -68.267670
v -22.727144 3.390607 -67.844849
v -28.677799 9.689972 -70.617134
v -26.990099 11.779358 -69.037323
v -21.238039 5.694417 -66.366776
v -23.016184 3.308722 -67.426041
v -28.958712 9.597677 -70.194954
v -28.361956 10.336473 -69.636353
v -22.489653 4.123337 -66.903404
v -24.209963 20.693457 -87.376320
v -24.814192 19.965576 -87.941193
v -18.088182 13.713512 -85.078506
v -18.685047 12.974842 -85.637177
v -11.222683 15.429344 -96.855446
v -10.625744 16.167921 -96.296745
v -17.726048 22.888268 -99.289009
v -17.121853 23.616180 -98.724159
v -25.322765 19.756012 -87.127151
v -18.623583 13.537517 -84.273766
v -19.220442 12.798841 -84.832420
v -24.718536 20.483889 -86.562279
v -10.545828 15.652087 -97.873123
v -17.083126 23.153465 -100.318428
v -15.860832 25.011450 -97.942085
v -9.369746 17.572378 -95.523102
v -9.783336 15.902920 -99.019409
v -16.358957 23.452230 -101.477974
v -14.650249 25.510872 -99.880478
v -8.095076 17.991652 -97.439323
v -9.502543 15.995351 -99.441635
v -16.092260 23.562300 -101.905075
v -15.488074 24.290220 -101.340218
v -8.905581 16.733908 -98.882927
v -25.245220 20.266783 -85.719147
v -25.849455 19.538908 -86.284019
v -19.178053 13.355175 -83.440269
v -19.774904 12.616492 -83.998909
v -27.238092 10.163076 -72.780945
v -26.641317 10.901850 -72.222328
v -32.939140 16.618061 -74.936684
v -32.334869 17.345901 -74.371796
v -25.340870 19.748463 -87.098061
v -18.642645 13.531166 -84.244987
v -19.239502 12.792490 -84.803650
v -24.736641 20.476339 -86.533195
v -27.915138 9.940574 -71.763359
v -33.582298 16.353148 -73.907341
v -31.386713 18.611958 -73.088593
v -25.715141 12.198256 -70.953438
v -28.677765 9.689930 -70.617119
v -34.306839 16.054831 -72.747910
v -32.597881 18.113230 -71.150368
v -26.990065 11.779318 -69.037308
v -28.958637 9.597593 -70.194916
v -34.573669 15.944919 -72.320854
v -33.969395 16.672750 -71.755989
v -28.361879 10.336390 -69.636314
v -30.747093 27.483643 -89.416924
v -31.300169 26.706907 -89.968971
v -24.209921 20.693411 -87.376305
v -24.814148 19.965532 -87.941177
v -17.726048 22.888268 -99.289009
v -17.121853 23.616180 -98.724159
v -24.772547 30.240105 -101.478638
v -24.219576 31.016932 -100.926605
v -31.768471 26.453470 -89.143311
v -24.718498 20.483847 -86.562263
v -25.322725 19.755968 -87.127136
v -31.215389 27.230198 -88.591248
v -17.083126 23.153465 -100.318428
v -24.180449 30.560644 -102.522713
v -23.064487 32.514999 -100.171524
v -15.860786 25.011400 -97.942070
v -16.358913 23.452179 -101.477959
v -23.513584 30.921793 -103.698822
v -21.949772 33.118790 -102.137619
v -14.650202 25.510820 -99.880463
v -16.092171 23.562199 -101.905052
v -23.267950 31.054794 -104.131973
v -22.714998 31.831640 -103.579956
v -15.487983 24.290121 -101.340187
v -31.700487 26.967785 -87.736115
v -32.253578 26.191065 -88.288170
v -25.245176 20.266737 -85.719139
v -25.849413 19.538862 -86.284012
v -32.939102 16.618021 -74.936668
v -32.334835 17.345861 -74.371788
v -38.783356 22.659996 -76.779106
v -38.230164 23.436626 -76.227005
v -31.785223 26.444447 -89.113831
v -24.736641 20.476339 -86.533195
v -25.340870 19.748463 -87.098061
v -31.232140 27.221174 -88.561768
v -33.582260 16.353106 -73.907326
v -39.375782 22.339779 -75.735115
v -37.363091 24.778484 -74.963631
v -31.386713 18.611958 -73.088593
v -34.306839 16.054831 -72.747910
v -40.043106 21.979082 -74.559135
v -38.478561 24.175432 -72.997757
v -32.597881 18.113230 -71.150368
v -34.573669 15.944919 -72.320854
v -40.288918 21.846251 -74.126007
v -39.735706 22.622860 -73.573921
v -33.969395 16.672750 -71.755989
v -38.271389 33.292450 -91.427567
v -38.691334 32.415894 -91.946480
v -30.747093 27.483643 -89.416924
v -31.300169 26.706907 -89.968971
v -24.772451 30.240011 -101.478607
v -24.219479 31.016836 -100.926582
v -32.994053 36.625237 -103.667397
v -32.574360 37.501953 -103.148544
v -39.100197 32.114037 -91.105690
v -31.215389 27.230200 -88.591248
v -31.768471 26.453470 -89.143311
v -38.680241 32.990578 -90.586777
v -24.180399 30.560591 -102.522697
v -32.477360 37.007156 -104.730644
v -31.681374 39.197662 -102.458817
v -23.064487 32.514999 -100.171524
v -23.513536 30.921747 -103.698799
v -31.895405 37.437401 -105.928345
v -30.708605 39.916931 -104.461014
v -21.949722 33.118744 -102.137596
v -23.267950 31.054794 -104.131973
v -31.681038 37.595856 -106.369469
v -31.261402 38.472603 -105.850624
v -22.714998 31.831640 -103.579956
v -39.103634 32.677887 -89.715942
v -39.523609 31.801350 -90.234856
v -31.700487 26.967785 -87.736115
v -32.253578 26.191065 -88.288170
v -38.783314 22.659958 -76.779099
v -38.230125 23.436588 -76.227005
v -45.224155 27.594198 -78.514763
v -44.803925 28.470579 -77.995781
v -39.114784 32.103241 -91.075668
v -31.232140 27.221174 -88.561768
v -31.785223 26.444447 -89.113831
v -38.694820 32.979782 -90.556747
v -39.375782 22.339779 -75.735115
v -45.741360 27.212622 -77.451622
v -44.161533 29.979788 -76.788231
v -37.363056 24.778444 -74.963631
v -40.043072 21.979044 -74.559120
v -46.324039 26.782875 -76.254105
v -45.135460 29.261293 -74.786331
v -38.478523 24.175394 -72.997742
v -40.288876 21.846214 -74.125992
v -46.538631 26.624565 -75.813042
v -46.118343 27.500910 -75.294044
v -39.735668 22.622824 -73.573906
v -46.748440 37.571503 -93.571365
v -46.970764 36.600655 -94.042542
v -38.271389 33.292450 -91.427567
v -38.691334 32.415894 -91.946480
v -32.994053 36.625237 -103.667397
v -32.574360 37.501953 -103.148544
v -42.284603 41.335968 -106.008476
v -42.062592 42.306923 -105.537376
v -47.307056 36.261002 -93.184166
v -38.680195 32.990547 -90.586769
v -39.100151 32.113998 -91.105682
v -47.084709 37.231842 -92.712990
v -32.477360 37.007156 -104.730644
v -41.859711 41.765602 -107.093987
v -41.553326 44.186523 -104.940376
v -31.681313 39.197617 -102.458809
v -31.895348 37.437370 -105.928329
v -41.380978 42.249489 -108.316696
v -40.753273 44.995522 -106.984421
v -30.708542 39.916901 -104.460991
v -31.680979 37.595818 -106.369461
v -41.204739 42.427750 -108.767067
v -40.982803 43.398735 -108.295975
v -31.261343 38.472565 -105.850616
v -47.433033 36.880074 -91.823959
v -47.655396 35.909241 -92.295143
v -39.103634 32.677887 -89.715942
v -39.523609 31.801350 -90.234856
v -45.224110 27.594172 -78.514748
v -44.803879 28.470551 -77.995766
v -52.345051 31.175257 -80.330040
v -52.122368 32.145981 -79.858780
v -47.319046 36.248863 -93.153503
v -38.694820 32.979782 -90.556747
v -39.114784 32.103241 -91.075668
v -47.096695 37.219696 -92.682320
v -45.741318 27.212595 -77.451614
v -52.770622 30.745892 -79.244713
v -51.818897 33.816078 -78.733093
v -44.161533 29.979788 -76.788231
v -46.324005 26.782846 -76.254097
v -53.250050 30.262266 -78.022163
v -52.620113 33.007530 -76.689346
v -45.135418 29.261263 -74.786316
v -46.538631 26.624565 -75.813042
v -53.426647 30.084143 -77.571877
v -53.203896 31.054842 -77.100601
v -46.118343 27.500910 -75.294044
v -55.716759 39.611076 -95.928177
v -55.727291 38.591103 -96.344734
v -46.748390 37.571480 -93.571358
v -46.970711 36.600632 -94.042534
v -42.284603 41.335968 -106.008476
v -42.062592 42.306923 -105.537376
v -51.485558 43.476570 -108.415131
v -51.475361 44.496590 -107.998665
v -56.031563 38.240639 -95.478828
v -47.084709 37.231842 -92.712990
v -47.307056 36.261002 -93.184166
v -56.021008 39.260612 -95.062256
v -41.859653 41.765572 -107.093979
v -51.100693 43.919739 -109.510048
v -51.363083 46.469170 -107.503860
v -41.553326 44.186523 -104.940376
v -41.380978 42.249489 -108.316696
v -50.667309 44.418945 -110.743416
v -50.638660 47.303696 -109.565666
v -40.753273 44.995522 -106.984421
v -41.204739 42.427750 -108.767067
v -50.507698 44.602821 -111.197693
v -50.497581 45.622849 -110.781250
v -40.982803 43.398735 -108.295975
v -56.336090 38.897614 -94.165413
v -56.346672 37.877647 -94.581985
v -47.433033 36.880074 -91.823959
v -47.655396 35.909241 -92.295143
v -52.345051 31.175257 -80.330040
v -52.122368 32.145981 -79.858780
v -60.587852 32.992241 -82.511368
v -60.576931 34.012169 -82.094688
v -56.042404 38.228119 -95.447891
v -47.096634 37.219681 -92.682304
v -47.318985 36.248840 -93.153488
v -56.031845 39.248093 -95.031334
v -52.770622 30.745892 -79.244713
v -60.972618 32.549080 -81.416428
v -60.650581 35.768829 -81.066475
v -51.818897 33.816078 -78.733093
v -53.250004 30.262247 -78.022148
v -61.405876 32.049881 -80.182999
v -61.374813 34.934326 -79.004570
v -52.620064 33.007507 -76.689331
v -53.426601 30.084126 -77.571877
v -61.565441 31.866020 -79.728714
v -61.554447 32.885933 -79.312027
v -53.203850 31.054825 -77.100594
v -64.442726 39.937431 -98.947342
v -64.247398 38.910606 -99.295837
v -55.716705 39.611069 -95.928169
v -55.727242 38.591095 -96.344719
v -51.485558 43.476570 -108.415131
v -51.475361 44.496590 -107.998665
v -59.769440 43.825508 -111.268723
v -59.965000 44.852318 -110.920311
v -64.568657 38.558029 -98.436943
v -56.021008 39.260612 -95.062256
v -56.031563 38.240639 -95.478828
v -64.763969 39.584862 -98.088425
v -51.100693 43.919739 -109.510048
v -59.363235 44.271355 -112.354820
v -60.223598 46.837967 -110.547714
v -51.362968 46.469147 -107.503815
v -50.667309 44.418945 -110.743416
v -58.905651 44.773575 -113.578194
v -59.458843 47.677505 -112.592880
v -50.638657 47.303696 -109.565666
v -50.507641 44.602814 -111.197662
v -58.737114 44.958542 -114.028793
v -58.932724 45.985352 -113.680397
v -50.497520 45.622833 -110.781227
v -65.096703 39.219681 -97.198860
v -64.901421 38.192856 -97.547379
v -56.336090 38.897614 -94.165413
v -56.346672 37.877647 -94.581985
v -60.587791 32.992233 -82.511353
v -60.576870 34.012154 -82.094673
v -69.379890 33.278061 -85.574631
v -69.574951 34.304901 -85.226021
v -64.580162 38.545441 -98.406281
v -56.031845 39.248093 -95.031334
v -56.042404 38.228119 -95.447891
v -64.775475 39.572266 -98.057770
v -60.972557 32.549080 -81.416405
v -69.786118 32.832237 -84.488548
v -70.030403 36.073570 -84.324379
v -60.650581 35.768829 -81.066475
v -61.405876 32.049881 -80.182999
v -70.243843 32.330040 -83.265213
v -70.795357 35.234070 -82.279274
v -61.374813 34.934326 -79.004570
v -61.565441 31.866020 -79.728714
v -70.412369 32.145073 -82.814606
v -70.607368 33.171921 -82.465981
v -61.554447 32.885933 -79.312027
v -73.087875 38.736610 -102.621796
v -72.745979 37.730286 -102.912285
v -64.442726 39.937431 -98.947342
v -64.247398 38.910606 -99.295837
v -59.769379 43.825516 -111.268700
v -59.964939 44.852325 -110.920288
v -68.616470 42.627861 -115.016983
v -68.958557 43.634155 -114.726562
v -73.042343 37.378922 -102.043983
v -64.763969 39.584862 -98.088425
v -64.568657 38.558029 -98.436943
v -73.384216 38.385254 -101.753479
v -59.363235 44.271355 -112.354820
v -68.242004 43.072121 -116.115082
v -69.492836 45.581886 -114.462959
v -60.223598 46.837967 -110.547714
v -58.905598 44.773582 -113.578171
v -67.820129 43.572540 -117.351967
v -68.787674 46.418419 -116.530678
v -59.458790 47.677513 -112.592857
v -58.737114 44.958542 -114.028793
v -67.664795 43.756851 -117.807564
v -68.006920 44.763130 -117.517166
v -58.932724 45.985352 -113.680397
v -73.691139 38.021355 -100.854134
v -73.349266 37.015022 -101.144646
v -65.096703 39.219681 -97.198860
v -64.901421 38.192856 -97.547379
v -69.379837 33.278061 -85.574615
v -69.574890 34.304909 -85.225998
v -77.480652 32.117172 -89.040710
v -77.822334 33.123550 -88.750130
v -73.052902 37.366379 -102.012962
v -64.775414 39.572266 -98.057755
v -64.580109 38.545441 -98.406258
v -73.394775 38.372711 -101.722458
v -69.786118 32.832237 -84.488548
v -77.855522 31.672861 -87.942772
v -78.538185 34.855179 -87.951660
v -70.030403 36.073570 -84.324379
v -70.243744 32.330055 -83.265167
v -78.277771 31.172380 -86.706032
v -79.243965 34.018555 -85.884193
v -70.795250 35.234085 -82.279228
v -70.412308 32.145081 -82.814583
v -78.433319 30.988037 -86.250519
v -78.774956 31.994427 -85.959923
v -70.607315 33.171928 -82.465958
v -81.866058 36.188065 -106.198036
v -81.425072 35.210732 -106.451645
v -73.087822 38.736626 -102.621773
v -72.745926 37.730293 -102.912270
v -68.616470 42.627861 -115.016983
v -68.958557 43.634155 -114.726562
v -78.534782 39.780144 -119.034599
v -78.975883 40.757439 -118.781029
v -81.632599 34.882874 -105.549049
v -73.384216 38.385254 -101.753479
v -73.042343 37.378922 -102.043983
v -82.073578 35.860214 -105.295433
v -68.241943 43.072128 -116.115051
v -78.272751 40.194595 -120.176071
v -79.718452 42.644943 -118.595284
v -69.492775 45.581894 -114.462944
v -67.820129 43.572540 -117.351967
v -77.977821 40.661369 -121.461937
v -79.225388 43.425247 -120.744827
v -68.787674 46.418419 -116.530678
v -67.664742 43.756859 -117.807533
v -77.869156 40.833298 -121.935539
v -78.310287 41.810585 -121.681984
v -68.006866 44.763138 -117.517136
v -82.288567 35.520622 -104.360611
v -81.847595 34.543282 -104.614212
v -73.691086 38.021370 -100.854111
v -73.349213 37.015030 -101.144623
v -77.480652 32.117172 -89.040710
v -77.822334 33.123550 -88.750130
v -84.743439 29.972034 -92.033234
v -85.184296 30.949423 -91.779572
v -81.640045 34.871147 -105.516823
v -73.394722 38.372726 -101.722427
v -73.052849 37.366394 -102.012932
v -82.081024 35.848488 -105.263214
v -77.855476 31.672867 -87.942749
v -85.006424 29.557264 -90.892067
v -86.054245 32.635239 -91.038109
v -78.538185 34.855179 -87.951660
v -78.277771 31.172380 -86.706032
v -85.302628 29.090073 -89.606659
v -86.549347 31.854261 -88.889275
v -79.243965 34.018555 -85.884193
v -78.433273 30.988047 -86.250496
v -85.411713 28.918001 -89.133209
v -85.852539 29.895397 -88.879547
v -78.774902 31.994436 -85.959900
v -91.059288 32.327415 -108.742142
v -90.565292 31.372669 -108.983833
v -81.866058 36.188065 -106.198036
v -81.425072 35.210732 -106.451645
v -78.534706 39.780167 -119.034561
v -78.975807 40.757462 -118.780991
v -90.175804 34.921272 -122.205750
v -90.669823 35.875999 -121.964058
v -90.593597 31.117935 -108.035400
v -82.073578 35.860214 -105.295433
v -81.632599 34.882874 -105.549049
v -91.087585 32.072685 -107.793709
v -78.272751 40.194595 -120.176071
v -90.141006 35.242928 -123.405212
v -91.564484 37.699646 -121.814178
v -79.718384 42.644966 -118.595268
v -77.977753 40.661392 -121.461914
v -90.101692 35.605309 -124.756310
v -91.498871 38.305374 -124.072792
v -79.225311 43.425270 -120.744812
v -77.869072 40.833328 -121.935509
v -90.087357 35.738716 -125.253960
v -90.581390 36.693436 -125.012268
v -78.310204 41.810616 -121.681953
v -91.116982 31.808813 -106.811401
v -90.623001 30.854063 -107.053085
v -82.288567 35.520622 -104.360611
v -81.847595 34.543282 -104.614212
v -84.743393 29.972044 -92.033203
v -85.184250 30.949434 -91.779549
v -91.023354 27.300449 -93.832855
v -91.517296 28.255220 -93.591164
v -90.594597 31.108850 -108.001511
v -82.081024 35.848488 -105.263214
v -81.640045 34.871147 -105.516823
v -91.088585 32.063599 -107.759819
v -85.006371 29.557280 -90.892059
v -91.060158 26.977873 -92.633698
v -92.429260 29.922121 -92.857460
v -86.054245 32.635239 -91.038109
v -85.302582 29.090086 -89.606636
v -91.101707 26.614460 -91.282951
v -92.498619 29.314671 -90.599419
v -86.549301 31.854273 -88.889252
v -85.411713 28.918001 -89.133209
v -91.117058 26.480595 -90.785446
v -91.610977 27.435369 -90.543747
v -85.852539 29.895397 -88.879547
v -100.716011 27.268745 -108.633759
v -100.230530 26.309959 -108.876671
v -91.059235 32.327446 -108.742134
v -90.565239 31.372700 -108.983826
v -90.175728 34.921310 -122.205742
v -90.669746 35.876038 -121.964050
v -103.983635 27.727215 -121.971298
v -104.469055 28.686035 -121.728394
v -99.961868 26.207966 -107.937164
v -91.087585 32.072685 -107.793709
v -90.593597 31.117935 -108.035400
v -100.447365 27.166750 -107.694252
v -90.140923 35.242966 -123.405197
v -104.324738 27.855413 -123.158997
v -105.439407 30.470119 -121.573448
v -91.564484 37.699646 -121.814178
v -90.101692 35.605309 -124.756310
v -104.709076 27.999777 -124.496841
v -106.081879 30.711441 -123.809868
v -91.498871 38.305374 -124.072792
v -90.087357 35.738716 -125.253960
v -104.850639 28.052927 -124.989571
v -105.336052 29.011755 -124.746658
v -90.581390 36.693436 -125.012268
v -100.169113 27.061117 -106.721191
v -99.683617 26.102337 -106.964111
v -91.116928 31.808840 -106.811386
v -90.622948 30.854090 -107.053070
v -91.023354 27.300449 -93.832855
v -91.517296 28.255220 -93.591164
v -95.946335 24.676353 -93.865921
v -96.431900 25.635103 -93.622993
v -99.952255 26.204336 -107.903625
v -91.088524 32.063629 -107.759811
v -90.594536 31.108879 -108.001503
v -100.437744 27.163120 -107.660706
v -91.060158 26.977873 -92.633698
v -95.607979 24.546637 -92.677605
v -97.237213 27.356222 -92.889671
v -92.429214 29.922140 -92.857452
v -91.101677 26.614473 -91.282944
v -95.227043 24.400412 -91.339012
v -96.600281 27.111847 -90.651993
v -92.498589 29.314684 -90.599411
v -91.116989 26.480627 -90.785439
v -95.086739 24.346550 -90.845993
v -95.572311 25.305290 -90.603065
v -91.610916 27.435402 -90.543747
v -109.612144 22.049061 -104.275780
v -109.175377 21.062653 -104.499870
v -100.716011 27.268745 -108.633759
v -100.230530 26.309959 -108.876671
v -103.983635 27.727215 -121.971298
v -104.469055 28.686035 -121.728394
v -117.399162 19.895189 -115.388695
v -117.835892 20.881617 -115.164650
v -108.585854 21.146135 -103.718369
v -100.447311 27.166782 -107.694260
v -99.961815 26.207998 -107.937172
v -109.022621 22.132540 -103.494286
v -104.324738 27.855413 -123.158997
v -118.145729 19.788935 -116.375992
v -118.816002 22.659056 -114.995338
v -105.439407 30.470119 -121.573448
v -104.708961 27.999830 -124.496857
v -118.986832 19.669153 -117.487961
v -120.221931 22.458897 -116.854309
v -106.081764 30.711498 -123.809891
v -104.850639 28.052927 -124.989571
v -119.296700 19.624990 -117.897461
v -119.733421 20.611423 -117.673409
v -105.336052 29.011755 -124.746658
v -108.412102 22.218973 -102.684853
v -107.975334 21.232569 -102.908936
v -100.169113 27.061117 -106.721191
v -99.683617 26.102337 -106.964111
v -95.946297 24.676367 -93.865913
v -96.431862 25.635117 -93.622993
v -99.764809 22.391867 -92.009262
v -100.201622 23.378250 -91.785149
v -108.564781 21.149130 -103.690475
v -100.437683 27.163153 -107.660713
v -99.952194 26.204370 -107.903633
v -109.001556 22.135534 -103.466393
v -95.607979 24.546637 -92.677605
v -99.020607 22.496656 -91.020027
v -100.819023 25.206970 -91.134674
v -97.237213 27.356222 -92.889671
v -95.227013 24.400423 -91.339020
v -98.182426 22.614645 -89.905678
v -99.417793 25.404236 -89.271858
v -96.600258 27.111858 -90.652000
v -95.086739 24.346550 -90.845993
v -97.873711 22.658087 -89.495224
v -98.310524 23.644464 -89.271103
v -95.572311 25.305290 -90.603065
v -115.979317 17.559675 -96.616287
v -115.532280 16.582897 -96.861320
v -109.612083 22.049093 -104.275818
v -109.175323 21.062687 -104.499908
v -117.399162 19.895189 -115.388695
v -117.835892 20.881617 -115.164650
v -126.501648 13.466103 -104.447701
v -126.948708 14.442852 -104.202614
v -114.745598 16.806269 -96.316650
v -109.022621 22.132540 -103.494286
v -108.585854 21.146135 -103.718369
v -115.192650 17.783047 -96.071625
v -118.145729 19.788935 -116.375992
v -127.496964 13.183132 -105.135391
v -128.008270 16.159586 -103.921951
v -118.815918 22.659109 -114.995407
v -118.986832 19.669153 -117.487961
v -128.618195 12.864316 -105.909889
v -129.882568 15.626659 -105.216728
v -120.221931 22.458897 -116.854309
v -119.296700 19.624990 -117.897461
v -129.031158 12.746900 -106.195152
v -129.478210 13.723642 -105.950058
v -119.733421 20.611423 -117.673409
v -114.377853 18.014410 -95.507530
v -113.930824 17.037628 -95.752556
v -108.412102 22.218973 -102.684853
v -107.975334 21.232569 -102.908936
v -99.764809 22.391867 -92.009262
v -100.201622 23.378250 -91.785149
v -102.967934 20.148636 -88.154503
v -103.414940 21.125444 -87.909538
v -114.717491 16.814257 -96.297234
v -109.001511 22.135565 -103.466431
v -108.564735 21.149158 -103.690514
v -115.164528 17.791037 -96.052208
v -99.020592 22.496668 -91.020042
v -101.973717 20.430611 -87.464806
v -103.990089 22.979815 -87.293877
v -100.819000 25.206984 -91.134697
v -98.182426 22.614645 -89.905678
v -100.853889 20.748159 -86.687752
v -102.118065 23.510698 -85.994995
v -99.417793 25.404236 -89.271858
v -97.873711 22.658087 -89.495224
v -100.441452 20.865116 -86.401543
v -100.888458 21.841932 -86.156593
v -98.310524 23.644464 -89.271103
v -119.149345 13.333527 -86.985405
v -118.684242 12.384853 -87.297935
v -115.979317 17.559675 -96.616287
v -115.532280 16.582897 -96.861320
v -126.501648 13.466103 -104.447701
v -126.948708 14.442852 -104.202614
v -131.032883 7.372524 -90.458923
v -131.498001 8.321155 -90.146286
v -117.798447 12.744225 -87.070625
v -115.192604 17.783073 -96.071678
v -114.745560 16.806295 -96.316704
v -118.263550 13.692901 -86.758102
v -127.496964 13.183132 -105.135391
v -132.153168 6.917544 -90.744888
v -132.620956 9.944624 -89.644356
v -128.008224 16.159624 -103.922035
v -128.618149 12.864359 -105.909973
v -133.415009 6.405105 -91.067123
v -134.730408 9.087921 -90.182869
v -129.882523 15.626703 -105.216805
v -129.031097 12.746941 -106.195244
v -133.879807 6.216298 -91.185638
v -134.344925 7.164921 -90.872978
v -129.478180 13.723684 -105.950142
v -117.346123 14.065065 -86.522575
v -116.881020 13.116386 -86.835091
v -114.377853 18.014410 -95.507538
v -113.930824 17.037630 -95.752556
v -102.967903 20.148653 -88.154518
v -103.414909 21.125460 -87.909554
v -104.534073 18.122663 -83.657928
v -104.999153 19.071384 -83.345535
v -117.766800 12.757071 -87.062538
v -115.164528 17.791037 -96.052208
v -114.717491 16.814257 -96.297234
v -118.231911 13.705747 -86.750015
v -101.973686 20.430624 -87.464821
v -103.414131 18.576529 -83.368996
v -105.576805 20.916224 -82.704102
v -103.990089 22.979815 -87.293877
v -100.853867 20.748173 -86.687775
v -102.152618 19.087717 -83.043419
v -103.467949 21.770830 -82.159966
v -102.118042 23.510712 -85.995018
v -100.441452 20.865116 -86.401543
v -101.687988 19.275980 -82.923462
v -102.153076 20.224712 -82.611092
v -100.888458 21.841932 -86.156593
v -118.375183 9.989135 -76.841682
v -117.914780 9.057758 -77.208466
v -119.149338 13.333555 -86.985466
v -118.684235 12.384881 -87.297997
v -131.032883 7.372524 -90.458923
v -131.498001 8.321155 -90.146286
v -130.063919 2.777800 -76.512505
v -130.524323 3.709167 -76.145683
v -117.043175 9.508192 -77.258141
v -118.263550 13.692901 -86.758102
v -117.798447 12.744225 -87.070625
v -117.503586 10.439569 -76.891350
v -132.153137 6.917586 -90.744987
v -131.165955 2.208054 -76.449127
v -131.634247 5.273149 -75.459694
v -132.620956 9.944624 -89.644356
v -133.415009 6.405105 -91.067123
v -132.407257 1.566208 -76.377441
v -133.709290 4.200216 -75.339989
v -134.730408 9.087921 -90.182869
v -133.879807 6.216298 -91.185638
v -132.864426 1.329794 -76.351021
v -133.324814 2.261159 -75.984177
v -134.344925 7.164921 -90.872978
v -116.600853 10.906087 -76.942772
v -116.140442 9.974709 -77.309555
v -117.346123 14.065065 -86.522575
v -116.881020 13.116386 -86.835091
v -104.534073 18.122663 -83.657928
v -104.999153 19.071384 -83.345535
v -103.989685 16.252401 -77.997459
v -104.450096 17.183790 -77.630707
v -117.012070 9.524285 -77.259933
v -118.231888 13.705772 -86.750069
v -117.766777 12.757095 -87.062592
v -117.472473 10.455663 -76.893143
v -103.414131 18.576529 -83.368996
v -102.887383 16.821756 -78.059464
v -105.023514 19.025061 -76.975365
v -105.576805 20.916224 -82.704102
v -102.152603 19.087727 -83.043449
v -101.645729 17.463097 -78.129349
v -102.947861 20.097174 -77.092155
v -103.467941 21.770844 -82.159996
v -101.687973 19.275990 -82.923477
v -101.188408 17.699303 -78.155037
v -101.648819 18.630692 -77.788300
v -102.153069 20.224722 -82.611115
v -115.347031 7.605359 -67.453529
v -114.894707 6.678702 -67.841728
v -118.375214 9.989151 -76.841751
v -117.914803 9.057774 -77.208534
v -130.063919 2.777800 -76.512505
v -130.524323 3.709167 -76.145683
v -126.408035 -0.150942 -64.953964
v -126.860352 0.775716 -64.565773
v -114.068726 7.168614 -68.048729
v -117.503586 10.439569 -76.891350
v -117.043175 9.508192 -77.258141
v -114.521049 8.095272 -67.660561
v -131.165955 2.208054 -76.449127
v -127.452400 -0.770506 -64.691879
v -127.941483 2.318967 -63.792404
v -131.634262 5.273169 -75.459778
v -132.407257 1.566208 -76.377441
v -128.628738 -1.468407 -64.396599
v -129.907959 1.152288 -63.298744
v -133.709290 4.200216 -75.339989
v -132.864426 1.329818 -76.351105
v -129.062042 -1.725454 -64.287842
v -129.514359 -0.798799 -63.899651
v -133.324829 2.261181 -75.984253
v -113.665535 8.602669 -67.874924
v -113.213211 7.676012 -68.263092
v -116.600853 10.906087 -76.942772
v -116.140442 9.974709 -77.309555
v -103.989708 16.252413 -77.997513
v -104.450119 17.183800 -77.630760
v -101.698341 14.504779 -71.146713
v -102.150658 15.431436 -70.758530
v -114.039215 7.186104 -68.056099
v -117.472473 10.455663 -76.893143
v -117.012070 9.524285 -77.259933
v -114.491539 8.112761 -67.667915
v -102.887398 16.821777 -78.059555
v -100.653732 15.124197 -71.408119
v -102.723297 17.276236 -70.112503
v -105.023514 19.025061 -76.975365
v -101.645729 17.463097 -78.129349
v -99.477036 15.821905 -71.702507
v -100.756271 18.442598 -70.604691
v -102.947861 20.097174 -77.092155
v -101.188408 17.699303 -78.155037
v -99.043617 16.078880 -71.810913
v -99.495956 17.005537 -71.422729
v -101.648819 18.630692 -77.788300
v -111.414619 5.821698 -58.709091
v -110.964088 4.894218 -59.097385
v -115.347031 7.605359 -67.453529
v -114.894707 6.678702 -67.841728
v -126.408066 -0.150928 -64.954033
v -126.860382 0.775728 -64.565842
v -122.028503 -2.137986 -55.138252
v -122.479057 -1.210504 -54.749973
v -110.170311 5.398681 -59.381325
v -114.521049 8.095272 -67.660561
v -114.068726 7.168614 -68.048729
v -110.620850 6.326160 -58.993031
v -127.452408 -0.770497 -64.691917
v -123.032150 -2.775908 -54.779022
v -123.546989 0.329769 -53.952694
v -127.941483 2.318967 -63.792404
v -128.628769 -1.468391 -64.396660
v -124.162689 -3.494470 -54.374397
v -125.436890 -0.871435 -53.276318
v -129.907990 1.152303 -63.298813
v -129.062042 -1.725454 -64.287842
v -124.579063 -3.759142 -54.225327
v -125.029610 -2.831654 -53.837055
v -129.514359 -0.798799 -63.899651
v -109.798729 6.848635 -59.287102
v -109.348190 5.921156 -59.675400
v -113.665535 8.602669 -67.874924
v -113.213211 7.676012 -68.263092
v -101.698364 14.504787 -71.146759
v -102.150681 15.431444 -70.758575
v -98.283104 12.953157 -63.633060
v -98.733643 13.880630 -63.244743
v -110.141991 5.416707 -59.391521
v -114.491570 8.112774 -67.667969
v -114.039246 7.186116 -68.056152
v -110.592522 6.344186 -59.003227
v -100.653732 15.124197 -71.408119
v -97.279320 13.591030 -63.991955
v -99.312935 15.731419 -62.622196
v -102.723297 17.276236 -70.112503
v -99.477051 15.821915 -71.702553
v -96.148659 14.309552 -64.396301
v -97.422821 16.932554 -63.298096
v -100.756287 18.442606 -70.604736
v -99.043640 16.078892 -71.810959
v -95.732185 14.574197 -64.545197
v -96.182724 15.501670 -64.156876
v -99.495972 17.005547 -71.422775
v -107.208374 4.407063 -50.330452
v -106.752251 3.476147 -50.703709
v -111.414650 5.821708 -58.709137
v -110.964119 4.894228 -59.097431
v -122.028503 -2.137986 -55.138252
v -122.479057 -1.210504 -54.749973
v -117.659737 -3.595853 -46.394619
v -118.115868 -2.664930 -46.021404
v -105.969795 3.983480 -51.012844
v -110.620850 6.326160 -58.993031
v -110.170311 5.398681 -59.381325
v -106.425911 4.914396 -50.639587
v -123.032188 -2.775898 -54.779076
v -118.649170 -4.237368 -46.003735
v -119.190605 -1.119234 -45.244003
v -123.547012 0.329781 -53.952755
v -124.162689 -3.494470 -54.374397
v -119.763733 -4.959973 -45.563496
v -121.053757 -2.327209 -44.508007
v -125.436890 -0.871435 -53.276318
v -124.579094 -3.759130 -54.225384
v -120.174248 -5.226121 -45.401360
v -120.630402 -4.295194 -45.028145
v -125.029640 -2.831644 -53.837112
v -105.615486 5.439844 -50.959740
v -105.159370 4.508928 -51.333004
v -109.798752 6.848645 -59.287155
v -109.348213 5.921165 -59.675453
v -98.283104 12.953157 -63.633060
v -98.733643 13.880630 -63.244743
v -94.252182 11.581078 -55.642582
v -94.708290 12.511984 -55.269279
v -105.941833 4.001595 -51.023861
v -110.592522 6.344186 -59.003227
v -110.141991 5.416707 -59.391521
v -106.397949 4.932511 -50.650597
v -97.279343 13.591038 -63.992001
v -93.262749 12.222610 -56.033493
v -95.301239 14.369932 -54.681915
v -99.312950 15.731426 -62.622250
v -96.148659 14.309552 -64.396301
v -92.148262 12.945250 -56.473858
v -93.438171 15.577959 -55.418095
v -97.422821 16.932554 -63.298096
v -95.732216 14.574203 -64.545242
v -91.737770 13.211409 -56.636040
v -92.193863 14.142315 -56.262726
v -96.182747 15.501678 -64.156929
v -103.152847 3.216533 -42.098686
v -102.684128 2.280312 -42.441860
v -107.208374 4.407063 -50.330452
v -106.752251 3.476147 -50.703709
v -117.659767 -3.595845 -46.394672
v -118.115898 -2.664922 -46.021458
v -113.718857 -4.735976 -38.371597
v -114.187614 -3.799744 -38.028492
v -101.892548 2.783651 -42.733891
v -106.425911 4.914396 -50.639587
v -105.969795 3.983480 -51.012844
v -102.361267 3.719872 -42.390709
v -118.649200 -4.237359 -46.003784
v -114.719902 -5.372421 -38.002495
v -115.288177 -2.243123 -37.311382
v -119.190605 -1.119234 -45.244003
v -119.763748 -4.959967 -45.563522
v -115.847496 -6.089323 -37.586727
v -117.173187 -3.441548 -36.616425
v -121.053772 -2.327203 -44.508038
v -120.174248 -5.226121 -45.401360
v -116.262810 -6.353379 -37.433567
v -116.731575 -5.417145 -37.090481
v -120.630402 -4.295194 -45.028145
v -101.541451 4.241199 -42.693256
v -101.072739 3.304980 -43.036438
v -105.615486 5.439844 -50.959740
v -105.159370 4.508928 -51.333004
v -94.252182 11.581078 -55.642582
v -94.708290 12.511984 -55.269279
v -90.039238 10.321703 -47.109337
v -90.507919 11.257912 -46.766090
v -101.864311 2.801639 -42.744396
v -106.397972 4.932519 -50.650650
v -105.941864 4.001603 -51.023914
v -102.333038 3.737859 -42.401222
v -93.262749 12.222610 -56.033493
v -89.038406 10.958221 -47.478867
v -91.121132 13.124337 -46.228512
v -95.301270 14.369942 -54.681969
v -92.148293 12.945259 -56.473915
v -87.911072 11.675220 -47.895199
v -89.236572 14.322922 -46.924423
v -93.438202 15.577970 -55.418148
v -91.737793 13.211418 -56.636097
v -87.495880 11.939309 -48.048580
v -87.964569 12.875516 -47.705322
v -92.193886 14.142324 -56.262783
v -99.675308 2.150061 -33.868752
v -99.187851 1.206212 -34.161182
v -103.152870 3.216542 -42.098747
v -102.684151 2.280321 -42.441917
v -113.718857 -4.735976 -38.371597
v -114.187614 -3.799744 -38.028492
v -110.607590 -5.666892 -31.012005
v -111.095078 -4.723028 -30.719683
v -98.368675 1.699294 -34.387257
v -102.361298 3.719879 -42.390762
v -101.892578 2.783658 -42.733944
v -98.856140 2.643142 -34.094826
v -114.719902 -5.372421 -38.002495
v -111.643600 -6.290330 -30.726604
v -112.238449 -3.149274 -30.115881
v -115.288208 -2.243116 -37.311436
v -115.847496 -6.089323 -37.586727
v -112.810593 -6.992580 -30.405148
v -114.189293 -4.323213 -29.578503
v -117.173187 -3.441548 -36.616425
v -116.262825 -6.353372 -37.433617
v -113.240433 -7.251229 -30.286776
v -113.727936 -6.307360 -29.994480
v -116.731590 -5.417138 -37.090530
v -98.007736 3.153844 -34.329044
v -97.520287 2.209996 -34.621483
v -101.541473 4.241206 -42.693314
v -101.072754 3.304987 -43.036495
v -90.039253 10.321710 -47.109367
v -90.507935 11.257918 -46.766117
v -86.102539 9.083883 -37.776192
v -86.589951 10.027715 -37.483639
v -98.339439 1.716903 -34.395332
v -102.333038 3.737859 -42.401222
v -101.864311 2.801639 -42.744396
v -98.826889 2.660752 -34.102894
v -89.038437 10.958229 -47.478928
v -85.066895 9.707467 -38.062630
v -87.228897 11.904924 -37.018497
v -91.121140 13.124342 -46.228546
v -87.911072 11.675220 -47.895199
v -83.900314 10.409876 -38.385212
v -85.278755 13.079134 -37.557781
v -89.236572 14.322922 -46.924423
v -87.495880 11.939309 -48.048580
v -83.470665 10.668598 -38.504116
v -83.958069 11.612429 -38.211540
v -87.964569 12.875516 -47.705322
v -97.344658 1.128251 -25.609838
v -96.837257 0.172889 -25.819128
v -99.675308 2.150061 -33.868752
v -99.187851 1.206212 -34.161182
v -110.607597 -5.666886 -31.012043
v -111.095085 -4.723022 -30.719725
v -108.771164 -6.433785 -24.591923
v -109.278595 -5.478402 -24.382797
v -95.981194 0.646879 -25.907494
v -98.856155 2.643146 -34.094852
v -98.368690 1.699297 -34.387283
v -96.488594 1.602240 -25.698196
v -111.643600 -6.290330 -30.726604
v -109.853790 -7.033035 -24.480999
v -110.469749 -3.877706 -23.973484
v -112.238449 -3.149274 -30.115881
v -112.810608 -6.992574 -30.405186
v -111.073303 -7.708032 -24.356161
v -112.508385 -5.006082 -23.764832
v -114.189301 -4.323206 -29.578541
v -113.240433 -7.251229 -30.286776
v -111.522476 -7.956644 -24.310196
v -112.029922 -7.001254 -24.101112
v -113.727936 -6.307360 -29.994480
v -95.601982 2.093159 -25.789719
v -95.094574 1.137800 -25.999027
v -98.007736 3.153844 -34.329044
v -97.520287 2.209996 -34.621483
v -86.102562 9.083891 -37.776257
v -86.589973 10.027723 -37.483704
v -83.162384 7.745795 -27.236004
v -83.669762 8.701131 -27.026525
v -95.950630 0.663811 -25.910675
v -98.826904 2.660759 -34.102947
v -98.339447 1.716910 -34.395386
v -96.458023 1.619172 -25.701376
v -85.066895 9.707467 -38.062630
v -82.080048 8.345276 -27.348614
v -84.333847 10.593504 -26.670933
v -87.228897 11.904924 -37.018497
v -83.900337 10.409885 -38.385281
v -80.860924 9.020560 -27.475580
v -82.295822 11.722348 -26.883057
v -85.278778 13.079144 -37.557850
v -83.470665 10.668598 -38.504116
v -80.411888 9.269280 -27.522327
v -80.919258 10.224610 -27.312809
v -83.958069 11.612429 -38.211540
v -96.886009 0.089354 -17.510893
v -96.375557 -0.883361 -17.596016
v -97.344658 1.128258 -25.609892
v -96.837257 0.172896 -25.819185
v -108.771164 -6.433785 -24.591923
v -109.278595 -5.478402 -24.382797
v -108.444984 -7.042263 -19.588415
v -108.955406 -6.069517 -19.503506
v -95.509689 -0.441481 -17.453478
v -96.488594 1.602240 -25.698196
v -95.981194 0.646879 -25.907494
v -96.020142 0.531232 -17.368343
v -109.853806 -7.033032 -24.481033
v -109.539780 -7.600870 -19.769732
v -110.154991 -4.427192 -19.392429
v -110.469749 -3.877702 -23.973522
v -111.073303 -7.708032 -24.356161
v -110.772949 -8.230073 -19.974089
v -112.216484 -5.479022 -19.734070
v -112.508385 -5.006082 -23.764832
v -111.522484 -7.956643 -24.310211
v -111.227165 -8.461821 -20.049374
v -111.737579 -7.489069 -19.964514
v -112.029922 -7.001252 -24.101128
v -95.123344 0.988904 -17.220783
v -94.612892 0.016194 -17.305935
v -95.601982 2.093167 -25.789776
v -95.094574 1.137808 -25.999084
v -83.162384 7.745795 -27.236004
v -83.669762 8.701131 -27.026525
v -82.542252 6.176999 -15.326802
v -83.052727 7.149678 -15.241437
v -95.478775 -0.425694 -17.448416
v -96.458031 1.619174 -25.701399
v -95.950638 0.663814 -25.910702
v -95.989220 0.547017 -17.363277
v -82.080055 8.345281 -27.348652
v -81.447243 6.735934 -15.147780
v -83.719421 9.063884 -15.041722
v -84.333862 10.593513 -26.671005
v -80.860924 9.020560 -27.475580
v -80.213799 7.365547 -14.946237
v -81.657501 10.116379 -14.704701
v -82.295822 11.722348 -26.883057
v -80.411896 9.269291 -27.522411
v -79.759499 7.597461 -14.872117
v -80.269974 8.570132 -14.786702
v -80.919266 10.224621 -27.312889
v -98.866798 -0.995902 -10.003078
v -98.396164 -1.990510 -9.946245
v -96.886009 0.089354 -17.510893
v -96.375557 -0.883361 -17.596016
v -108.444969 -7.042259 -19.588430
v -108.955399 -6.069514 -19.503517
v -109.422600 -7.546453 -15.872258
v -109.893158 -6.551812 -15.929289
v -97.604950 -1.591866 -9.521585
v -96.020142 0.531232 -17.368343
v -95.509689 -0.441481 -17.453478
v -98.075592 -0.597259 -9.578404
v -109.539780 -7.600870 -19.769732
v -110.422569 -8.050350 -16.410385
v -110.996750 -4.856140 -16.164532
v -110.154991 -4.427187 -19.392452
v -110.772949 -8.230073 -19.974089
v -111.548943 -8.617939 -17.016628
v -112.879646 -5.804960 -17.178024
v -112.216484 -5.479022 -19.734070
v -111.227150 -8.461820 -20.049393
v -111.963776 -8.826989 -17.239962
v -112.434296 -7.832339 -17.297037
v -111.737572 -7.489066 -19.964529
v -97.256126 -0.184378 -9.138575
v -96.785477 -1.178982 -9.081769
v -95.123337 0.988912 -17.220837
v -94.612885 0.016202 -17.305988
v -82.542252 6.176999 -15.326802
v -83.052727 7.149678 -15.241437
v -85.753159 4.379097 -3.168697
v -86.223900 5.373668 -3.225305
v -97.576691 -1.577629 -9.506417
v -95.989212 0.547024 -17.363327
v -95.478767 -0.425688 -17.448469
v -98.047340 -0.583022 -9.563236
v -81.447235 6.735947 -15.147862
v -84.752159 4.883368 -2.632808
v -86.840843 7.314592 -3.198315
v -83.719421 9.063884 -15.041722
v -80.213791 7.365559 -14.946324
v -83.624542 5.451412 -2.029324
v -84.955917 8.264156 -2.189312
v -81.657494 10.116390 -14.704785
v -79.759499 7.597461 -14.872117
v -83.209183 5.660648 -1.807135
v -83.679947 6.655211 -1.863698
v -80.269974 8.570132 -14.786702
v -103.241074 -2.096915 -3.642444
v -102.853699 -3.113273 -3.466531
v -98.866776 -0.995895 -10.003123
v -98.396149 -1.990503 -9.946291
v -109.422585 -7.546448 -15.872279
v -109.893135 -6.551806 -15.929308
v -111.557304 -8.048830 -12.818408
v -111.944519 -7.032444 -12.994465
v -102.229034 -2.759147 -2.795956
v -98.075592 -0.597259 -9.578404
v -97.604950 -1.591866 -9.521585
v -102.616409 -1.742792 -2.971859
v -110.422569 -8.050350 -16.410385
v -112.346420 -8.496458 -13.667167
v -112.844475 -5.283320 -13.522915
v -110.996735 -4.856137 -16.164551
v -111.548927 -8.617938 -17.016647
v -113.235229 -9.000660 -14.623299
v -114.330254 -6.126184 -15.121285
v -112.879631 -5.804959 -17.178040
v -111.963776 -8.826989 -17.239962
v -113.562576 -9.186366 -14.975481
v -113.949768 -8.169972 -15.151575
v -112.434296 -7.832339 -17.297037
v -101.969360 -1.376004 -2.277406
v -101.581978 -2.392357 -2.101514
v -97.256111 -0.184373 -9.138598
v -96.785461 -1.178977 -9.081794
v -85.753159 4.379097 -3.168697
v -86.223900 5.373668 -3.225305
v -92.869095 2.545138 7.240739
v -93.256622 3.561461 7.064992
v -102.206711 -2.746496 -2.772024
v -98.047340 -0.583022 -9.563236
v -97.576691 -1.577629 -9.506417
v -102.594078 -1.730141 -2.947927
v -84.752159 4.883368 -2.632808
v -92.078377 2.993107 8.087820
v -93.772636 5.528450 6.949916
v -86.840843 7.314592 -3.198315
v -83.624512 5.451425 -2.029403
v -91.187508 3.497742 9.041813
v -92.283554 6.372007 8.544861
v -84.955879 8.264169 -2.189390
v -83.209183 5.660648 -1.807135
v -90.859413 3.683605 9.393205
v -91.246971 4.699923 9.217490
v -83.679947 6.655211 -1.863698
v -109.502800 -3.125506 1.067312
v -109.224739 -4.160431 1.323418
v -103.241074 -2.096915 -3.642444
v -102.853699 -3.113273 -3.466531
v -111.557289 -8.048825 -12.818425
v -111.944511 -7.032436 -12.994482
v -114.857651 -8.564148 -10.358220
v -115.135544 -7.529199 -10.614411
v -108.820351 -3.844476 2.161261
v -102.616371 -1.742784 -2.971895
v -102.228989 -2.759139 -2.795994
v -109.098419 -2.809552 1.905161
v -112.346397 -8.496455 -13.667184
v -115.368164 -8.963552 -11.418130
v -115.767807 -5.734405 -11.340742
v -112.844452 -5.283319 -13.522930
v -113.235229 -9.000660 -14.623299
v -115.943115 -9.413435 -12.612094
v -116.728935 -6.486467 -13.336677
v -114.330254 -6.126184 -15.121285
v -113.562553 -9.186366 -14.975487
v -116.154884 -9.579136 -13.051857
v -116.432739 -8.544184 -13.308069
v -113.949753 -8.169971 -15.151579
v -108.679520 -2.482304 2.772899
v -108.401443 -3.517226 3.028993
v -101.969360 -1.376004 -2.277406
v -101.581978 -2.392357 -2.101514
v -92.869095 2.545138 7.240739
v -93.256622 3.561461 7.064992
v -102.758072 0.887996 14.705009
v -103.036324 1.922896 14.448999
v -108.805878 -3.833189 2.191174
v -102.594063 -1.730137 -2.947945
v -102.206688 -2.746493 -2.772043
v -109.083946 -2.798265 1.935073
v -92.078316 2.993118 8.087759
v -102.245697 1.287668 15.763932
v -103.420303 3.912085 14.238754
v -93.772575 5.528461 6.949860
v -91.187508 3.497742 9.041813
v -101.668510 1.737874 16.956699
v -102.455505 4.664675 16.232719
v -92.283554 6.372007 8.544861
v -90.859352 3.683619 9.393143
v -101.455833 1.903705 17.395969
v -101.734123 2.938597 17.139980
v -91.246910 4.699936 9.217430
v -117.196243 -3.980537 3.764035
v -117.027214 -5.028511 4.059259
v -109.502800 -3.125506 1.067312
v -109.224739 -4.160431 1.323418
v -114.857635 -8.564145 -10.358223
v -115.135536 -7.529196 -10.614414
v -119.674095 -9.065674 -8.757813
v -119.843010 -8.017688 -9.053063
v -116.837074 -4.738869 4.978662
v -109.098419 -2.809552 1.905161
v -108.820351 -3.844476 2.161261
v -117.006119 -3.690897 4.683439
v -115.368164 -8.963552 -11.418130
v -119.913857 -9.431859 -9.920557
v -120.210129 -6.190978 -9.875832
v -115.767799 -5.734407 -11.340750
v -115.943115 -9.413435 -12.612094
v -120.183907 -9.844334 -11.230306
v -120.661537 -6.880505 -12.065326
v -116.728935 -6.486467 -13.336677
v -116.154861 -9.579134 -13.051867
v -120.283348 -9.996253 -11.712720
v -120.452217 -8.948265 -12.007979
v -116.432716 -8.544182 -13.308079
v -116.809166 -3.390907 5.635674
v -116.640129 -4.438878 5.930895
v -108.679474 -2.482297 2.772877
v -108.401390 -3.517219 3.028970
v -102.758072 0.887996 14.705009
v -103.036324 1.922896 14.448999
v -113.985695 -0.400932 18.746170
v -114.154869 0.647027 18.450977
v -116.830261 -4.728522 5.011495
v -109.083900 -2.798258 1.935053
v -108.805832 -3.833182 2.191153
v -116.999298 -3.680550 4.716271
v -102.245621 1.287677 15.763899
v -113.744629 -0.034611 19.908609
v -114.405479 2.651978 18.194275
v -103.420303 3.912085 14.238754
v -101.668434 1.737883 16.956661
v -113.473000 0.378030 21.217978
v -113.951500 3.341771 20.383146
v -102.455437 4.664683 16.232685
v -101.455833 1.903705 17.395969
v -113.372925 0.530016 21.700239
v -113.542122 1.577973 21.405054
v -101.734123 2.938597 17.139980
v -125.707443 -4.645302 4.875488
v -125.619614 -5.700289 5.180884
v -117.196198 -3.980532 3.764026
v -117.027161 -5.028504 4.059251
v -119.674057 -9.065668 -8.757817
v -119.842972 -8.017683 -9.053065
v -126.162468 -9.546881 -7.952555
v -126.250214 -8.491888 -8.257951
v -125.580521 -5.424332 6.123034
v -117.006119 -3.690897 4.683439
v -116.837074 -4.738869 4.978662
v -125.668350 -4.369346 5.817640
v -119.913857 -9.431859 -9.920557
v -126.211548 -9.895801 -9.143936
v -126.422539 -6.648166 -9.106236
v -120.210091 -6.190975 -9.875841
v -120.183861 -9.844330 -11.230309
v -126.266754 -10.288828 -10.485928
v -126.514862 -7.305183 -11.349625
v -120.661491 -6.880501 -12.065330
v -120.283348 -9.996253 -11.712720
v -126.287064 -10.433584 -10.980210
v -126.374786 -9.378590 -11.285605
v -120.452217 -8.948265 -12.007979
v -125.627892 -4.083534 6.793437
v -125.540054 -5.138520 7.098833
v -116.809135 -3.390905 5.635669
v -116.640099 -4.438876 5.930890
v -113.985695 -0.400932 18.746170
v -114.154869 0.647027 18.450977
v -124.992943 -1.291582 20.231998
v -125.080864 -0.236602 19.926607
v -125.579109 -5.414474 6.156683
v -116.999298 -3.680550 4.716271
v -116.830261 -4.728522 5.011495
v -125.666939 -4.359488 5.851288
v -113.744560 -0.034605 19.908594
v -124.943115 -0.942601 21.423334
v -125.229492 1.776965 19.658287
v -114.405479 2.651978 18.194275
v -113.472961 0.378032 21.217974
v -124.886978 -0.549501 22.765261
v -125.135651 2.434102 21.901583
v -113.951462 3.341774 20.383142
v -113.372925 0.530016 21.700239
v -124.866241 -0.404711 23.259523
v -124.954178 0.650268 22.954128
v -113.542122 1.577973 21.405054
v -134.607346 -5.128673 4.860809
v -134.574615 -6.187136 5.165047
v -125.707413 -4.645301 4.875488
v -125.619583 -5.700288 5.180883
v -126.162468 -9.546881 -7.952555
v -126.250214 -8.491888 -8.257951
v -133.826752 -9.943502 -7.983088
v -133.859421 -8.885036 -8.287322
v -134.628082 -5.917655 6.108268
v -125.668350 -4.369346 5.817640
v -125.580521 -5.424332 6.123034
v -134.660843 -4.859193 5.804029
v -126.211487 -9.895799 -9.143932
v -133.758713 -10.284241 -9.175778
v -133.902542 -7.032970 -9.133800
v -126.422539 -6.648166 -9.106236
v -126.266701 -10.288826 -10.485929
v -133.682053 -10.668055 -10.519250
v -133.774384 -7.674587 -11.379651
v -126.514816 -7.305180 -11.349626
v -126.287064 -10.433584 -10.980210
v -133.653793 -10.809417 -11.014079
v -133.686447 -9.750950 -11.318311
v -126.374786 -9.378590 -11.285605
v -134.716263 -4.580088 6.780937
v -134.683517 -5.638550 7.085176
v -125.627823 -4.083530 6.793438
v -125.539986 -5.138516 7.098833
v -124.992882 -1.291579 20.231998
v -125.080795 -0.236598 19.926605
v -135.427032 -1.881927 20.233490
v -135.459869 -0.823469 19.929243
v -134.630035 -5.908032 6.141954
v -125.666939 -4.359488 5.851288
v -125.579109 -5.414474 6.156683
v -134.662781 -4.849570 5.837716
v -124.943115 -0.942601 21.423334
v -135.494354 -1.541147 21.426216
v -135.536346 1.194455 19.663363
v -125.229424 1.776968 19.658289
v -124.886909 -0.549495 22.765257
v -135.570068 -1.157280 22.769720
v -135.662994 1.836158 21.909277
v -125.135582 2.434106 21.901579
v -124.866241 -0.404711 23.259523
v -135.597992 -1.015897 23.264559
v -135.630829 0.042561 22.960312
v -124.954178 0.650268 22.954128
v -143.703247 -5.410845 4.035787
v -143.705521 -6.470957 4.336009
v -134.607391 -5.128677 4.860809
v -134.574661 -6.187140 5.165047
v -133.826782 -9.943504 -7.983088
v -133.859436 -8.885037 -8.287322
v -142.335236 -10.186654 -8.773989
v -142.332947 -9.126539 -9.074202
v -143.803726 -6.204398 5.276496
v -134.660904 -4.859196 5.804029
v -134.628143 -5.917659 6.108267
v -143.801468 -5.144286 4.976274
v -133.758743 -10.284243 -9.175782
v -142.210876 -10.523709 -9.963224
v -142.298492 -7.270567 -9.912497
v -133.902573 -7.032975 -9.133798
v -133.682114 -10.668057 -10.519251
v -142.070786 -10.903374 -11.302798
v -142.064255 -7.905249 -12.151836
v -133.774460 -7.674589 -11.379650
v -133.653854 -10.809415 -11.014075
v -142.019165 -11.043212 -11.796188
v -142.016861 -9.983095 -12.096404
v -133.686508 -9.750948 -11.318307
v -143.903229 -4.868208 5.950345
v -143.905472 -5.928320 6.250569
v -134.716324 -4.580091 6.780936
v -134.683578 -5.638554 7.085175
v -135.427124 -1.881932 20.233488
v -135.459961 -0.823473 19.929243
v -145.273651 -2.212509 19.360752
v -145.271454 -1.152398 19.060524
v -143.807266 -6.194880 5.310082
v -134.662842 -4.849573 5.837715
v -134.630096 -5.908036 6.141953
v -143.805023 -5.134767 5.009860
v -135.494415 -1.541151 21.426216
v -145.397690 -1.875434 20.550014
v -145.297592 0.867652 18.801140
v -135.536392 1.194453 19.663361
v -135.570145 -1.157284 22.769716
v -145.537354 -1.495742 21.889635
v -145.531174 1.502370 21.040546
v -135.663055 1.836155 21.909277
v -135.598022 -1.015897 23.264559
v -145.588821 -1.355897 22.383032
v -145.586639 -0.295786 22.082804
v -135.630859 0.042560 22.960312
v -152.904587 -5.546675 2.926675
v -152.932022 -6.607654 3.222563
v -143.703293 -5.410846 4.035784
v -143.705566 -6.470958 4.336006
v -142.335342 -10.186657 -8.773999
v -142.333054 -9.126543 -9.074213
v -151.331238 -10.299742 -9.868172
v -151.303787 -9.238764 -10.164053
v -153.046829 -6.342791 4.161660
v -143.801498 -5.144288 4.976269
v -143.803772 -6.204400 5.276492
v -153.019409 -5.281812 3.865772
v -142.210922 -10.523712 -9.963226
v -151.186035 -10.634657 -11.055665
v -151.218262 -7.380688 -10.993999
v -142.298553 -7.270572 -9.912501
v -142.070816 -10.903375 -11.302800
v -151.022415 -11.011910 -12.393275
v -150.944763 -8.011339 -13.230057
v -142.064285 -7.905250 -12.151838
v -142.019211 -11.043213 -11.796194
v -150.962143 -11.150859 -12.885940
v -150.934677 -10.089880 -13.181820
v -142.016922 -9.983097 -12.096408
v -153.138428 -5.007491 4.838396
v -153.165863 -6.068469 5.134285
v -143.903290 -4.868209 5.950339
v -143.905533 -5.928321 6.250563
v -145.273712 -2.212508 19.360746
v -145.271515 -1.152397 19.060516
v -154.766342 -2.376319 18.225037
v -154.738937 -1.315342 17.929144
v -153.050980 -6.333332 4.195196
v -143.805069 -5.134769 5.009855
v -143.807312 -6.194881 5.310077
v -153.023544 -5.272353 3.899307
v -145.397736 -1.875435 20.550014
v -154.911484 -2.041392 19.412539
v -154.724213 0.705770 17.677252
v -145.297729 0.867646 18.801126
v -145.537415 -1.495744 21.889627
v -155.075027 -1.664123 20.750149
v -154.997604 1.336443 19.913321
v -145.531235 1.502370 21.040539
v -145.588882 -1.355897 22.383028
v -155.135269 -1.525168 21.242819
v -155.107895 -0.464192 20.946920
v -145.586700 -0.295789 22.082800
v -162.236633 -5.530345 1.743506
v -162.281219 -6.591752 2.035750
v -152.904709 -5.546676 2.926659
v -152.932144 -6.607655 3.222546
v -151.331268 -10.299742 -9.868176
v -151.303818 -9.238764 -10.164057
v -160.854416 -10.263072 -11.080894
v -160.809830 -9.201665 -11.373135
v -162.383621 -6.328377 2.976700
v -153.019531 -5.281814 3.865757
v -153.046951 -6.342793 4.161644
v -162.339050 -5.266971 2.684456
v -151.186081 -10.634657 -11.055673
v -160.725006 -10.596102 -12.270741
v -160.696762 -7.342354 -12.196994
v -151.218323 -7.380690 -10.994003
v -151.022461 -11.011911 -12.393283
v -160.579361 -10.971236 -13.611025
v -160.453217 -7.969455 -14.437507
v -150.944809 -8.011339 -13.230064
v -150.962219 -11.150861 -12.885945
v -160.525665 -11.109406 -14.104670
v -160.481079 -10.047997 -14.396906
v -150.934753 -10.089882 -13.181826
v -162.445160 -4.994190 3.659005
v -162.489731 -6.055596 3.951250
v -153.138489 -5.007491 4.838388
v -153.165924 -6.068470 5.134277
v -154.766403 -2.376321 18.225031
v -154.738998 -1.315343 17.929138
v -163.918106 -2.384195 17.067699
v -163.873550 -1.322789 16.775452
v -162.387314 -6.318971 3.010301
v -153.023666 -5.272355 3.899291
v -153.051102 -6.333333 4.195179
v -162.342743 -5.257565 2.718057
v -154.911560 -2.041392 19.412529
v -164.047729 -2.051151 18.257519
v -163.823608 0.698644 16.530792
v -154.724243 0.705768 17.677252
v -155.075089 -1.664124 20.750141
v -164.193726 -1.676003 19.597757
v -164.067719 1.325776 18.771242
v -154.997665 1.336442 19.913313
v -155.135300 -1.525169 21.242815
v -164.247543 -1.537826 20.091391
v -164.202988 -0.476420 19.799141
v -155.107925 -0.464192 20.946917
v -171.765701 -5.333511 0.749519
v -171.819595 -6.395183 1.039219
v -162.236694 -5.530344 1.743499
v -162.281281 -6.591751 2.035742
v -160.854477 -10.263071 -11.080901
v -160.809891 -9.201664 -11.373142
v -171.103928 -10.029140 -12.145505
v -171.050049 -8.967468 -12.435203
v -171.871063 -6.134484 1.985048
v -162.339066 -5.266971 2.684452
v -162.383636 -6.328377 2.976697
v -171.817200 -5.072813 1.695348
v -160.725067 -10.596101 -12.270752
v -171.039124 -10.358782 -13.341536
v -170.935776 -7.106847 -13.255921
v -160.696899 -7.342352 -12.197009
v -160.579422 -10.971231 -13.611030
v -170.966293 -10.730085 -14.688767
v -170.813919 -7.727551 -15.508063
v -160.453293 -7.969450 -14.437510
v -160.525742 -11.109406 -14.104677
v -170.939438 -10.866848 -15.184988
v -170.885559 -9.805174 -15.474689
v -160.481140 -10.047997 -14.396915
v -171.870590 -4.802801 2.674953
v -171.924469 -5.864473 2.964653
v -162.445175 -4.994190 3.659002
v -162.489746 -6.055596 3.951246
v -163.918167 -2.384194 17.067696
v -163.873611 -1.322789 16.775444
v -172.644699 -2.230292 16.149067
v -172.590805 -1.168621 15.859363
v -171.872955 -6.125173 2.018826
v -162.342758 -5.257565 2.718053
v -162.387329 -6.318971 3.010297
v -171.819077 -5.063500 1.729125
v -164.047775 -2.051148 18.257511
v -172.710220 -1.900618 17.345043
v -172.508301 0.852481 15.620854
v -163.823669 0.698644 16.530787
v -164.193787 -1.676002 19.597750
v -172.784058 -1.529264 18.692211
v -172.631699 1.473265 17.872896
v -164.067780 1.325778 18.771233
v -164.247589 -1.537825 20.091383
v -172.811264 -1.392484 19.188402
v -172.757401 -0.330813 18.898697
v -164.203049 -0.476419 19.799133
v -181.644409 -4.880276 0.444775
v -181.696686 -5.942542 0.732585
v -171.765762 -5.333508 0.749514
v -171.819656 -6.395181 1.039215
v -171.103958 -10.029142 -12.145511
v -171.050095 -8.967468 -12.435212
v -182.661758 -9.470635 -12.464611
v -182.609497 -8.408366 -12.752418
v -181.627792 -5.689421 1.679337
v -171.817276 -5.072811 1.695344
v -171.871124 -6.134482 1.985045
v -181.575516 -4.627154 1.391526
v -171.039215 -10.358780 -13.341541
v -182.749802 -9.790645 -13.661738
v -182.535461 -6.544307 -13.569944
v -170.935806 -7.106842 -13.255923
v -170.966370 -10.730086 -14.688781
v -182.849106 -10.151096 -15.010189
v -182.701340 -7.146877 -15.824141
v -170.813995 -7.727552 -15.508075
v -170.939514 -10.866841 -15.184990
v -182.885544 -10.283867 -15.506864
v -182.833282 -9.221600 -15.794672
v -170.885635 -9.805168 -15.474689
v -181.504196 -4.364990 2.372093
v -181.556488 -5.427256 2.659904
v -171.870651 -4.802798 2.674949
v -171.924530 -5.864470 2.964650
v -172.644714 -2.230292 16.149065
v -172.590836 -1.168621 15.859363
v -180.601807 -1.898414 15.857645
v -180.549500 -0.836150 15.569831
v -181.625381 -5.680377 1.713153
v -171.819138 -5.063498 1.729122
v -171.873016 -6.125171 2.018822
v -181.573090 -4.618112 1.425343
v -172.710281 -1.900615 17.345039
v -180.515686 -1.578271 17.054871
v -180.432892 1.183708 15.335073
v -172.508331 0.852481 15.620852
v -172.784103 -1.529264 18.692211
v -180.418686 -1.217652 18.403446
v -180.270752 1.786549 17.589472
v -172.631760 1.473265 17.872896
v -172.811325 -1.392482 19.188396
v -180.383026 -1.084826 18.900158
v -180.330719 -0.022563 18.612343
v -172.757446 -0.330812 18.898693
v -192.046432 -3.974176 2.099854
v -192.075256 -5.039222 2.380610
v -181.644470 -4.880271 0.444781
v -181.696747 -5.942537 0.732591
v -182.661850 -9.470631 -12.464605
v -182.609604 -8.408360 -12.752412
v -196.839371 -8.191227 -10.065725
v -196.810593 -7.126173 -10.346454
v -191.734177 -4.813022 3.273713
v -181.575546 -4.627152 1.391529
v -181.627823 -5.689419 1.679340
v -191.705353 -3.747977 2.992955
v -182.749908 -9.790637 -13.661729
v -197.272308 -8.477058 -11.194489
v -196.863480 -5.248692 -11.134375
v -182.535538 -6.544302 -13.569936
v -182.849182 -10.151089 -15.010181
v -197.760315 -8.798975 -12.465829
v -197.679047 -5.786874 -13.259748
v -182.701416 -7.146870 -15.824129
v -182.885727 -10.283854 -15.506850
v -197.940063 -8.917551 -12.934101
v -197.911301 -7.852496 -13.214825
v -182.833466 -9.221586 -15.794657
v -191.352203 -3.513682 3.917999
v -191.381027 -4.578726 4.198760
v -181.504272 -4.364985 2.372098
v -181.556549 -5.427252 2.659909
v -180.601852 -1.898412 15.857649
v -180.549545 -0.836148 15.569835
v -186.636993 -1.424227 16.652105
v -186.608078 -0.359192 16.371317
v -191.722031 -4.804938 3.305625
v -181.573120 -4.618110 1.425345
v -181.625412 -5.680376 1.713156
v -191.693207 -3.739893 3.024867
v -180.515732 -1.578268 17.054876
v -186.207504 -1.137973 17.782066
v -186.450699 1.657485 16.133030
v -180.432922 1.183711 15.335077
v -180.418732 -1.217650 18.403448
v -185.723907 -0.815503 19.054953
v -185.642120 2.196533 18.260838
v -180.270798 1.786553 17.589476
v -180.383072 -1.084824 18.900164
v -185.545853 -0.696722 19.523800
v -185.516922 0.368311 19.243006
v -180.330765 -0.022561 18.612347
v -201.559998 -2.346826 8.319774
v -201.540298 -3.421171 8.563433
v -192.046509 -3.974168 2.099880
v -192.075333 -5.039213 2.380636
v -196.839462 -8.191216 -10.065689
v -196.810699 -7.126162 -10.346418
v -212.150894 -5.520947 0.162713
v -212.170670 -4.446582 -0.080860
v -200.779724 -3.270383 9.166796
v -191.705475 -3.747959 2.993006
v -191.734299 -4.813004 3.273764
v -200.799423 -2.196040 8.923128
v -197.272507 -8.477027 -11.194409
v -213.114120 -5.711239 -0.598491
v -212.441193 -2.528859 -0.711496
v -196.863541 -5.248686 -11.134354
v -197.760376 -8.798973 -12.465812
v -214.199341 -5.925524 -1.455629
v -214.255295 -2.887089 -2.144430
v -197.679108 -5.786872 -13.259730
v -197.940125 -8.917541 -12.934072
v -214.599060 -6.004451 -1.771333
v -214.618835 -4.930081 -2.014885
v -197.911362 -7.852486 -13.214798
v -200.011810 -2.039840 9.548162
v -199.992111 -3.114183 9.791834
v -191.352325 -3.513666 3.918049
v -191.381149 -4.578711 4.198809
v -186.637024 -1.424227 16.652107
v -186.608109 -0.359191 16.371321
v -189.399384 -1.009795 18.213869
v -189.419006 0.064528 17.970110
v -200.752609 -3.264991 9.188377
v -191.693329 -3.739875 3.024919
v -191.722153 -4.804920 3.305677
v -200.772308 -2.190647 8.944710
v -186.207520 -1.137969 17.782078
v -188.439255 -0.818702 18.978777
v -189.221146 2.075027 17.710655
v -186.450699 1.657488 16.133039
v -185.723923 -0.815500 19.054962
v -187.357880 -0.603410 19.840563
v -187.413361 2.434891 19.151129
v -185.642120 2.196535 18.260849
v -185.545837 -0.696723 19.523809
v -186.959671 -0.524106 20.158022
v -186.979263 0.550214 19.914242
v -185.516922 0.368311 19.243015
v -205.978012 -0.471369 18.549366
v -205.937256 -1.554585 18.746744
v -201.560059 -2.346813 8.319834
v -201.540344 -3.421159 8.563492
v -212.150909 -5.520934 0.162760
v -212.170685 -4.446569 -0.080811
v -219.372284 -2.511942 16.266792
v -219.413055 -1.428718 16.069466
v -204.973572 -1.485804 18.925222
v -200.799484 -2.196028 8.923184
v -200.779770 -3.270372 9.166850
v -205.014297 -0.402588 18.727839
v -213.114197 -5.711216 -0.598384
v -220.591187 -2.598636 16.042673
v -219.784241 0.530451 15.654224
v -212.441269 -2.528835 -0.711398
v -214.199417 -5.925500 -1.455521
v -221.964218 -2.696253 15.790431
v -222.079483 0.367240 15.232397
v -214.255386 -2.887064 -2.144318
v -214.599136 -6.004428 -1.771221
v -222.469910 -2.732210 15.697493
v -222.510651 -1.648983 15.500179
v -214.618912 -4.930058 -2.014774
v -204.016235 -0.331322 18.912849
v -203.975494 -1.414537 19.110235
v -200.011841 -2.039829 9.548214
v -199.992157 -3.114172 9.791886
v -189.399384 -1.009794 18.213881
v -189.419006 0.064529 17.970123
v -190.544083 -0.453887 21.608561
v -190.584808 0.629319 21.411121
v -204.939163 -1.483340 18.931639
v -200.772354 -2.190635 8.944767
v -200.752655 -3.264979 9.188433
v -204.979904 -0.400124 18.734255
v -188.439240 -0.818699 18.978785
v -189.325836 -0.366598 21.836004
v -190.362778 2.630783 21.105501
v -189.221161 2.075027 17.710663
v -187.357895 -0.603411 19.840563
v -187.953629 -0.268251 22.092318
v -188.068832 2.795174 21.533903
v -187.413376 2.434891 19.151133
v -186.959671 -0.524106 20.158022
v -187.448227 -0.232019 22.186779
v -187.488968 0.851185 21.989330
v -186.979263 0.550214 19.914242
v -206.071121 1.280021 28.788723
v -206.030243 0.195991 28.981552
v -205.977997 -0.471363 18.549400
v -205.937241 -1.554579 18.746778
v -219.372345 -2.511905 16.267004
v -219.413101 -1.428680 16.069679
v -219.690842 -0.159482 29.879137
v -219.731720 0.924546 29.686291
v -205.050262 0.221540 28.917423
v -205.014297 -0.402577 18.727907
v -204.973572 -1.485792 18.925291
v -205.091125 1.305571 28.724592
v -220.591217 -2.598616 16.042782
v -220.930008 -0.191659 29.960930
v -220.108047 2.898439 29.353649
v -219.784241 0.530470 15.654333
v -221.964218 -2.696242 15.790487
v -222.325836 -0.227908 30.053034
v -222.441391 2.837845 29.507629
v -222.079483 0.367249 15.232454
v -222.469940 -2.732190 15.697609
v -222.839920 -0.241258 30.086971
v -222.880798 0.842768 29.894121
v -222.510696 -1.648962 15.500295
v -204.076096 1.332057 28.658310
v -204.035248 0.248026 28.851141
v -204.016251 -0.331312 18.912914
v -203.975510 -1.414526 19.110302
v -190.544098 -0.453882 21.608591
v -190.584824 0.629324 21.411148
v -190.374146 0.604961 27.961422
v -190.415024 1.688994 27.768602
v -205.015259 0.222459 28.915173
v -204.979904 -0.400113 18.734324
v -204.939163 -1.483329 18.931707
v -205.056122 1.306490 28.722338
v -189.325851 -0.366596 21.836016
v -189.134903 0.637401 27.881037
v -190.188095 3.678626 27.396540
v -190.362793 2.630793 21.105558
v -187.953644 -0.268250 22.092344
v -187.738953 0.673962 27.790613
v -187.854553 3.739734 27.245312
v -188.068848 2.795176 21.533930
v -187.448242 -0.232016 22.186798
v -187.224838 0.687432 27.757324
v -187.265686 1.771466 27.564512
v -187.488968 0.851187 21.989349
v -205.064774 3.009066 38.732967
v -205.023468 1.926884 38.935825
v -206.071091 1.280044 28.788853
v -206.030212 0.196014 28.981682
v -219.690826 -0.159469 29.879221
v -219.731705 0.924559 29.686371
v -218.331635 2.025871 42.174889
v -218.372955 3.108049 41.972012
v -204.068710 1.919834 38.703712
v -205.091095 1.305593 28.724722
v -205.050232 0.221563 28.917553
v -204.110016 3.002016 38.500854
v -220.930008 -0.191644 29.961010
v -219.538788 2.034909 42.468990
v -218.742310 5.088593 41.672695
v -220.108032 2.898456 29.353729
v -222.325806 -0.227896 30.053118
v -220.898529 2.045122 42.800465
v -221.015335 5.105648 42.226704
v -222.441391 2.837857 29.507713
v -222.839920 -0.241245 30.087055
v -221.399353 2.048879 42.922516
v -221.440643 3.131058 42.719639
v -222.880798 0.842781 29.894205
v -203.121140 2.994728 38.260525
v -203.079834 1.912546 38.463387
v -204.076080 1.332068 28.658375
v -204.035233 0.248037 28.851206
v -190.374130 0.604970 27.961468
v -190.415009 1.689003 27.768652
v -189.769775 1.815102 35.231941
v -189.811066 2.897288 35.029095
v -204.034592 1.919589 38.695461
v -205.056091 1.306512 28.722467
v -205.015228 0.222481 28.915302
v -204.075897 3.001770 38.492599
v -189.134888 0.637407 27.881083
v -188.562302 1.806336 34.939171
v -189.592682 4.873513 34.587013
v -190.188095 3.678635 27.396589
v -187.738953 0.673969 27.790655
v -187.202148 1.796461 34.609379
v -187.318954 4.857007 34.035717
v -187.854553 3.739741 27.245354
v -187.224838 0.687435 27.757347
v -186.701187 1.792833 34.487961
v -186.742477 2.875020 34.285118
v -187.265686 1.771469 27.564535
v -201.304855 5.061913 48.044594
v -201.256500 3.984513 48.270084
v -205.064758 3.009077 38.733028
v -205.023453 1.926895 38.935890
v -218.331635 2.025885 42.174969
v -218.372955 3.108065 41.972092
v -213.589600 4.669134 54.185566
v -213.637985 5.746526 53.960037
v -200.371597 3.935469 47.846016
v -204.110016 3.002022 38.500889
v -204.068710 1.919839 38.703751
v -200.419952 5.012870 47.620525
v -219.538773 2.034922 42.469074
v -214.708206 4.731314 54.722492
v -213.998657 7.731251 53.678398
v -218.742310 5.088622 41.672855
v -220.898499 2.045138 42.800552
v -215.968155 4.801392 55.327454
v -216.104950 7.848376 54.689610
v -221.015320 5.105664 42.226788
v -221.399323 2.048894 42.922596
v -216.432251 4.827199 55.550259
v -216.480606 5.904589 55.324726
v -221.440613 3.131072 42.719719
v -199.503433 4.962092 47.181389
v -199.455078 3.884691 47.406883
v -203.121140 2.994734 38.260563
v -203.079834 1.912551 38.463421
v -189.769760 1.815119 35.232037
v -189.811066 2.897304 35.029190
v -187.117661 3.202147 41.500145
v -187.166000 4.279554 41.274689
v -200.339981 3.933725 47.830906
v -204.075897 3.001776 38.492638
v -204.034592 1.919594 38.695496
v -200.388336 5.011126 47.605415
v -188.562286 1.806343 34.939213
v -185.998322 3.140321 40.964714
v -186.981918 6.234136 40.732216
v -189.592682 4.873521 34.587063
v -187.202133 1.796469 34.609425
v -184.737442 3.070693 40.361641
v -184.874115 6.117734 39.724052
v -187.318954 4.857014 34.035767
v -186.701187 1.792842 34.488003
v -184.273026 3.045057 40.139565
v -184.321350 4.122468 39.914120
v -186.742477 2.875027 34.285160
v -196.120651 7.187829 56.565510
v -196.060593 6.115609 56.811913
v -201.304825 5.061927 48.044659
v -201.256454 3.984528 48.270149
v -213.589569 4.669141 54.185596
v -213.637955 5.746533 53.960068
v -206.831863 7.432014 65.164467
v -206.891922 8.504227 64.918037
v -195.287674 6.021241 56.212959
v -200.419937 5.012884 47.620586
v -200.371582 3.935483 47.846077
v -195.347717 7.093461 55.966560
v -214.708160 4.731330 54.722569
v -207.808640 7.551525 65.922493
v -207.239471 10.493452 64.652061
v -213.998657 7.731261 53.678436
v -215.968124 4.801411 55.327538
v -208.908859 7.686174 66.776443
v -209.078751 10.718512 66.079506
v -216.104935 7.848394 54.689693
v -216.432205 4.827219 55.550339
v -209.314178 7.735739 67.090881
v -209.374252 8.807951 66.844444
v -216.480560 5.904608 55.324806
v -194.547180 6.995742 55.346275
v -194.487122 5.923522 55.592682
v -199.503418 4.962106 47.181446
v -199.455063 3.884705 47.406940
v -187.117645 3.202150 41.500164
v -187.165985 4.279558 41.274708
v -183.709946 4.609183 47.247444
v -183.769974 5.681410 47.001068
v -195.260040 6.017879 56.191593
v -200.388321 5.011140 47.605476
v -200.339966 3.933740 47.830967
v -195.320099 7.090099 55.945198
v -185.998322 3.140330 40.964752
v -182.732025 4.490055 46.490768
v -183.641724 7.612559 46.366467
v -186.981888 6.234140 40.732231
v -184.737442 3.070702 40.361679
v -181.630508 4.355867 45.638451
v -181.800293 7.388252 44.941673
v -184.874115 6.117742 39.724091
v -184.272995 3.045064 40.139603
v -181.224747 4.306455 45.324558
v -181.284775 5.378684 45.078186
v -184.321335 4.122476 39.914154
v -188.966782 9.345190 63.668903
v -188.893250 8.277416 63.930496
v -196.120590 7.187842 56.565552
v -196.060547 6.115623 56.811958
v -206.831802 7.432032 65.164528
v -206.891861 8.504245 64.918098
v -197.632416 10.215320 74.297264
v -197.705963 11.283087 74.035660
v -188.266098 8.138465 63.187008
v -195.347687 7.093468 55.966587
v -195.287643 6.021248 56.212986
v -188.339630 9.206238 62.925415
v -207.808594 7.551545 65.922554
v -198.424881 10.391187 75.237877
v -198.033249 13.277905 73.786377
v -207.239426 10.493470 64.652130
v -208.908798 7.686192 66.776505
v -199.317352 10.589331 76.297539
v -199.525375 13.609097 75.557663
v -209.078690 10.718531 66.079559
v -209.314056 7.735778 67.091011
v -199.646103 10.662306 76.687813
v -199.719666 11.730071 76.426193
v -209.374130 8.807989 66.844574
v -187.689987 9.062340 62.155422
v -187.616470 7.994566 62.417015
v -194.547165 6.995749 55.346302
v -194.487106 5.923528 55.592705
v -183.709915 4.609193 47.247475
v -183.769943 5.681420 47.001099
v -178.869827 6.058702 52.056232
v -178.943329 7.126482 51.794662
v -188.243668 8.133510 63.160480
v -195.320068 7.090106 55.945221
v -195.260010 6.017886 56.191616
v -188.317184 9.201283 62.898888
v -182.731979 4.490063 46.490803
v -178.076080 5.883177 51.116619
v -178.884521 9.035780 51.087757
v -183.641693 7.612570 46.366493
v -181.630463 4.355876 45.638477
v -177.181961 5.685478 50.058266
v -177.389816 8.705288 49.318520
v -181.800262 7.388261 44.941704
v -181.224716 4.306463 45.324589
v -176.852570 5.612681 49.668510
v -176.926056 6.680463 49.406944
v -181.284744 5.378692 45.078217
v -180.520523 11.275086 68.732452
v -180.438141 10.209814 69.001495
v -188.966736 9.345205 63.668953
v -188.893219 8.277431 63.930542
v -197.632339 10.215336 74.297318
v -197.705902 11.283102 74.035713
v -187.325409 12.605032 80.593742
v -187.407791 13.670301 80.324699
v -179.943893 10.038033 68.170013
v -188.339584 9.206251 62.925461
v -188.266052 8.138477 63.187054
v -180.026276 11.103306 67.900970
v -198.424744 10.391223 75.237999
v -187.949890 12.822363 81.645447
v -187.710434 15.670628 80.088799
v -198.033249 13.277914 73.786400
v -199.317337 10.589342 76.297569
v -188.653275 13.067194 82.830162
v -188.886292 16.079895 82.069244
v -199.525345 13.609107 75.557693
v -199.646072 10.662313 76.687836
v -188.912338 13.157365 83.266495
v -188.994736 14.222631 82.997437
v -199.719635 11.730080 76.426216
v -179.514267 10.925403 67.039810
v -179.431900 9.860130 67.308853
v -187.689911 9.062367 62.155510
v -187.616379 7.994594 62.417103
v -178.869812 6.058708 52.056248
v -178.943314 7.126488 51.794678
v -172.538620 7.466275 55.719936
v -172.620972 8.531550 55.450905
v -179.926208 10.031905 68.140335
v -188.317139 9.201297 62.898933
v -188.243607 8.133523 63.160526
v -180.008591 11.097178 67.871284
v -178.076065 5.883183 51.116642
v -171.913025 7.249188 54.668842
v -172.619278 10.426159 54.703236
v -178.884491 9.035789 51.087788
v -177.181900 5.685495 50.058323
v -171.208328 7.004660 53.484859
v -171.441238 10.017385 52.723995
v -177.389755 8.705305 49.318581
v -176.852554 5.612687 49.668537
v -170.948730 6.914603 53.048798
v -171.031097 7.979880 52.779762
v -176.926041 6.680470 49.406971
v -171.652786 13.061266 72.869392
v -171.564041 11.997603 73.142738
v -180.520493 11.275099 68.732483
v -180.438110 10.209827 69.001534
v -187.325333 12.605048 80.593781
v -187.407715 13.670318 80.324738
v -176.719910 14.750093 85.526947
v -176.808655 15.813755 85.253593
v -171.194016 11.800173 72.254372
v -180.026184 11.103317 67.900993
v -179.943817 10.038045 68.170044
v -171.282776 12.863834 71.981033
v -187.949844 12.822371 81.645462
v -177.187500 14.999804 86.650414
v -177.084763 17.819031 85.027313
v -187.710312 15.670660 80.088882
v -188.653198 13.067207 82.830193
v -177.714035 15.281110 87.915924
v -177.965057 18.289268 87.142853
v -188.886230 16.079910 82.069275
v -188.912277 13.157379 83.266541
v -177.908005 15.384714 88.382027
v -177.996765 16.448376 88.108688
v -188.994690 14.222648 82.997482
v -170.899521 12.659362 71.060951
v -170.810745 11.595699 71.334305
v -179.514236 10.925408 67.039825
v -179.431870 9.860136 67.308868
v -172.538544 7.466294 55.719982
v -172.620895 8.531569 55.450951
v -165.650787 8.843990 58.951626
v -165.739548 9.907653 58.678272
v -171.180771 11.793127 72.222656
v -180.008499 11.097189 67.871307
v -179.926132 10.031917 68.140366
v -171.269531 12.856790 71.949303
v -171.912979 7.249197 54.668861
v -165.182526 8.594410 57.828430
v -165.787781 11.791404 57.905170
v -172.619247 10.426168 54.703259
v -171.208298 7.004663 53.484875
v -164.655060 8.313280 56.563251
v -164.906067 11.321442 55.790192
v -171.441223 10.017387 52.724010
v -170.948700 6.914607 53.048809
v -164.460739 8.209742 56.097271
v -164.549500 9.273405 55.823921
v -171.031082 7.979883 52.779774
v -162.370483 14.564523 75.560081
v -162.281235 13.501235 75.834732
v -171.652725 13.061275 72.869408
v -171.563965 11.997613 73.142754
v -176.719849 14.750105 85.526970
v -176.808594 15.813766 85.253616
v -166.194565 16.474705 88.617867
v -166.283813 17.537992 88.343208
v -162.000320 13.287958 74.917763
v -171.282715 12.863844 71.981056
v -171.193954 11.800181 72.254395
v -162.089569 14.351246 74.643120
v -177.187424 14.999817 86.650429
v -166.549347 16.744467 89.777512
v -166.533279 19.547464 88.123405
v -177.084686 17.819038 85.027336
v -177.713989 15.281115 87.915939
v -166.948975 17.048328 91.083748
v -167.201385 20.055426 90.307007
v -177.965012 18.289272 87.142868
v -177.907959 15.384720 88.382042
v -167.096191 17.160250 91.564865
v -167.185440 18.223537 91.290222
v -177.996719 16.448381 88.108696
v -161.798615 14.130347 73.693382
v -161.709366 13.067060 73.968025
v -170.899460 12.659371 71.060966
v -170.810684 11.595709 71.334320
v -165.650726 8.843996 58.951637
v -165.739502 9.907659 58.678288
v -157.791870 10.094281 61.186020
v -157.881119 11.157570 60.911373
v -161.990250 13.280347 74.885025
v -171.269470 12.856798 71.949326
v -171.180710 11.793136 72.222679
v -162.079514 14.343634 74.610367
v -165.182480 8.594418 57.828442
v -157.436356 9.824640 60.026585
v -157.957764 13.035748 60.127079
v -165.787766 11.791412 57.905193
v -164.655014 8.313288 56.563263
v -157.035782 9.520923 58.720585
v -157.288208 12.528024 57.943855
v -164.906021 11.321448 55.790199
v -164.460709 8.209749 56.097282
v -156.888245 9.409063 58.239571
v -156.977478 10.472351 57.964928
v -164.549469 9.273412 55.823929
v -153.013809 15.893093 77.627411
v -152.926636 14.829799 77.902695
v -162.370392 14.564538 75.560120
v -162.281143 13.501251 75.834763
v -166.194489 16.474714 88.617889
v -166.283737 17.538000 88.343231
v -155.814774 17.962620 90.917564
v -155.901932 19.025915 90.642273
v -152.719376 14.605071 76.969055
v -162.089508 14.351254 74.643127
v -162.000259 13.287966 74.917770
v -152.806534 15.668365 76.693764
v -166.549271 16.744478 89.777527
v -156.076660 18.246819 92.098198
v -156.124985 21.038919 90.426399
v -166.533234 19.547474 88.123413
v -166.948837 17.048357 91.083794
v -156.371613 18.566957 93.428078
v -156.618118 21.574076 92.649529
v -167.201263 20.055454 90.307053
v -167.096054 17.160271 91.564896
v -156.480240 18.684868 93.917900
v -156.567398 19.748163 93.642624
v -167.185287 18.223558 91.290253
v -152.591812 15.435616 75.726799
v -152.504639 14.372322 76.002083
v -161.798538 14.130357 73.693398
v -161.709305 13.067070 73.968040
v -157.791809 10.094290 61.186035
v -157.881058 11.157578 60.911388
v -149.613953 11.239882 62.987698
v -149.701126 12.303175 62.712406
v -152.711945 14.597049 76.935715
v -162.079437 14.343641 74.610374
v -161.990189 13.280354 74.885033
v -152.799103 15.660343 76.660423
v -157.436249 9.824657 60.026611
v -149.351654 10.955742 61.807148
v -149.796677 14.177836 61.921803
v -157.957733 13.035755 60.127094
v -157.035736 9.520934 58.720608
v -149.056137 10.635690 60.477352
v -149.302689 13.642806 59.698811
v -157.288162 12.528033 57.943878
v -156.888199 9.409069 58.239582
v -148.947281 10.517809 59.987579
v -149.034454 11.581103 59.712288
v -156.977432 10.472357 57.964939
v -143.584518 17.037546 79.045837
v -143.502304 15.973904 79.321297
v -153.013748 15.893103 77.627419
v -152.926575 14.829807 77.902702
v -155.814697 17.962629 90.917572
v -155.901855 19.025923 90.642288
v -145.622452 19.212440 92.458298
v -145.704651 20.276083 92.182823
v -143.350113 15.741590 78.378891
v -152.806473 15.668373 76.693779
v -152.719315 14.605080 76.969070
v -143.432343 16.805233 78.103424
v -156.076538 18.246834 92.098221
v -145.814682 19.506227 93.649994
v -145.901733 22.292046 91.969299
v -156.124924 21.038923 90.426399
v -156.371552 18.566965 93.428093
v -146.031128 19.837158 94.992355
v -146.263596 22.845263 94.213295
v -156.618042 21.574085 92.649544
v -156.480194 18.684872 93.917900
v -146.110886 19.959051 95.486778
v -146.193069 21.022696 95.211304
v -156.567352 19.748169 93.642624
v -143.274689 16.564627 77.127373
v -143.192474 15.500984 77.402840
v -152.591766 15.435622 75.726807
v -152.504593 14.372329 76.002090
v -149.613892 11.239889 62.987713
v -149.701065 12.303183 62.712421
v -141.069763 12.262777 64.266174
v -141.151962 13.326420 63.990715
v -143.344666 15.733296 78.345245
v -152.799042 15.660352 76.660439
v -152.711884 14.597057 76.935730
v -143.426849 16.796940 78.069771
v -149.351608 10.955750 61.807156
v -140.877075 11.969050 63.074547
v -141.255356 15.199386 63.197075
v -149.796600 14.177843 61.921810
v -149.056046 10.635696 60.477367
v -140.660065 11.638184 61.732250
v -140.892563 14.646285 60.953190
v -149.302597 13.642813 59.698822
v -148.947174 10.517820 59.987591
v -140.580093 11.516322 61.237865
v -140.662308 12.579965 60.962395
v -149.034348 11.581115 59.712299
v -134.148865 18.000887 80.034843
v -134.073822 16.936760 80.310471
v -143.584457 17.037554 79.045845
v -143.502243 15.973910 79.321304
v -145.622391 19.212446 92.458305
v -145.704590 20.276091 92.182838
v -135.597717 20.248650 93.511131
v -135.672760 21.312778 93.235497
v -133.964462 16.699179 79.363503
v -143.432281 16.805241 78.103432
v -143.350052 15.741597 78.378899
v -134.039520 17.763306 79.087852
v -145.814636 19.506231 93.650002
v -135.735870 20.549086 94.708603
v -135.843521 23.331259 93.023064
v -145.901672 22.292057 91.969307
v -146.031082 19.837170 94.992371
v -135.891449 20.887508 96.057465
v -136.103653 23.896986 95.277916
v -146.263535 22.845274 94.213310
v -146.110825 19.959059 95.486778
v -135.948776 21.012156 96.554268
v -136.023819 22.076284 96.278641
v -146.193024 21.022701 95.211311
v -133.926193 17.517244 78.107071
v -133.851166 16.453117 78.382706
v -143.274628 16.564632 77.127373
v -143.192413 15.500989 77.402840
v -141.069733 12.262781 64.266182
v -141.151932 13.326424 63.990723
v -132.325821 13.141402 65.182175
v -132.400894 14.205529 64.906532
v -133.960526 16.690697 79.329674
v -143.426788 16.796947 78.069778
v -143.344604 15.733304 78.345253
v -134.035568 17.754824 79.054039
v -140.877014 11.969055 63.074547
v -132.187378 12.840998 63.984730
v -132.504456 16.077749 64.111176
v -141.255295 15.199392 63.197090
v -140.660004 11.638189 61.732254
v -132.031464 12.502615 62.635899
v -132.243759 15.512086 61.856358
v -140.892502 14.646291 60.953197
v -140.580032 11.516329 61.237873
v -131.973999 12.377983 62.139103
v -132.049057 13.442109 61.863461
v -140.662247 12.579971 60.962402
v -124.709045 18.816771 80.676857
v -124.642960 17.752106 80.952713
v -134.148819 18.000893 80.034851
v -134.073776 16.936766 80.310478
v -135.597595 20.248659 93.511139
v -135.672623 21.312788 93.235497
v -125.713303 21.114424 94.185608
v -125.779381 22.179090 93.909752
v -124.566139 17.510904 80.003426
v -134.039474 17.763309 79.087860
v -133.964417 16.699183 79.363510
v -124.632217 18.575571 79.727562
v -135.735809 20.549089 94.708603
v -125.810371 21.419432 95.385994
v -125.923744 24.199667 93.697639
v -135.843475 23.331263 93.023064
v -135.891388 20.887516 96.057472
v -125.919624 21.763008 96.738152
v -126.106476 24.774008 95.958000
v -136.103577 23.896994 95.277916
v -135.948715 21.012165 96.554268
v -125.959892 21.889549 97.236176
v -126.025963 22.954218 96.960312
v -136.023743 22.076292 96.278633
v -124.552612 18.325758 78.744370
v -124.486526 17.261093 79.020218
v -133.926163 17.517248 78.107071
v -133.851135 16.453121 78.382706
v -132.325775 13.141406 65.182175
v -132.400864 14.205533 64.906532
v -123.414619 13.898934 65.787407
v -123.480721 14.963600 65.511551
v -124.563354 17.502295 79.969521
v -134.035522 17.754827 79.054047
v -133.960480 16.690701 79.329681
v -124.629440 18.566959 79.693672
v -132.187317 12.841002 63.984737
v -123.317345 13.593948 64.587036
v -123.577888 16.835693 64.715080
v -132.504333 16.077759 64.111176
v -132.031403 12.502617 62.635906
v -123.207771 13.250406 63.234909
v -123.394714 16.261400 62.454765
v -132.243683 15.512088 61.856361
v -131.973938 12.377987 62.139103
v -123.167320 13.123882 62.736900
v -123.233421 14.188547 62.461044
v -132.049011 13.442113 61.863464
v -115.281418 19.483046 81.113594
v -115.225990 18.417868 81.389839
v -124.708984 18.816776 80.676857
v -124.642899 17.752111 80.952721
v -125.713257 21.114429 94.185616
v -125.779343 22.179094 93.909767
v -115.939125 21.816183 94.637245
v -115.994530 22.881361 94.361008
v -115.174820 18.174086 80.439499
v -124.632172 18.575575 79.727562
v -124.566093 17.510908 80.003426
v -115.230247 19.239262 80.163269
v -125.810242 21.419443 95.386009
v -116.003822 22.124451 95.838943
v -116.111588 24.903656 94.148514
v -125.923691 24.199671 93.697647
v -125.919548 21.763014 96.738152
v -116.076607 22.471701 97.192566
v -116.233292 25.484144 96.411346
v -126.106400 24.774014 95.958000
v -125.959824 21.889557 97.236176
v -116.103447 22.599596 97.691139
v -116.158852 23.664772 97.414894
v -126.025887 22.954222 96.960320
v -115.177208 18.986773 79.178993
v -115.121780 17.921597 79.455223
v -124.552498 18.325769 78.744385
v -124.486404 17.261105 79.020233
v -123.414558 13.898940 65.787415
v -123.480659 14.963606 65.511559
v -114.407814 14.523372 66.207848
v -114.463257 15.588548 65.931610
v -115.172958 18.165380 80.405563
v -124.629395 18.566963 79.693672
v -124.563309 17.502298 79.969521
v -115.228378 19.230556 80.129326
v -123.317276 13.593952 64.587036
v -114.342995 14.215113 65.006142
v -114.548828 17.460781 65.134132
v -123.577850 16.835697 64.715088
v -123.207664 13.250419 63.234909
v -114.270020 13.867887 63.652534
v -114.426842 16.880323 62.871311
v -123.394608 16.261414 62.454765
v -123.167267 13.123886 62.736900
v -114.243111 13.740000 63.153969
v -114.298561 14.805175 62.877739
v -123.233368 14.188551 62.461044
v -105.867767 19.980936 81.320755
v -105.824936 18.915300 81.597458
v -115.281357 19.483049 81.113602
v -115.225929 18.417871 81.389847
v -115.939072 21.816183 94.637238
v -115.994476 22.881359 94.361008
v -106.290253 22.337774 94.849915
v -106.333076 23.403410 94.573204
v -105.791542 18.669783 80.646751
v -115.230194 19.239264 80.163269
v -115.174767 18.174088 80.439499
v -105.834381 19.735418 80.370064
v -116.003761 22.124454 95.838959
v -106.332474 22.648239 96.052063
v -106.421654 25.427086 94.359993
v -116.111534 24.903662 94.148514
v -116.076546 22.471697 97.192566
v -106.379936 22.997957 97.406219
v -106.501022 26.011700 96.623672
v -116.233223 25.484140 96.411354
v -116.103386 22.599600 97.691139
v -106.397461 23.126759 97.904976
v -106.440277 24.192396 97.628265
v -116.158791 23.664776 97.414902
v -105.799751 19.481133 79.385406
v -105.756905 18.415497 79.662102
v -115.177155 18.986776 79.178993
v -115.121719 17.921600 79.455223
v -114.407715 14.523378 66.207848
v -114.463158 15.588553 65.931618
v -105.290756 14.993095 66.409660
v -105.333603 16.058731 66.132973
v -105.790314 18.661016 80.612808
v -115.228325 19.230558 80.129326
v -115.172905 18.165382 80.405563
v -105.833153 19.726652 80.336105
v -114.342934 14.215118 65.006142
v -105.248405 14.682644 65.207497
v -105.401634 17.931269 65.334518
v -114.548782 17.460783 65.134132
v -114.269951 13.867891 63.652531
v -105.200760 14.332947 63.853371
v -105.321983 17.346685 63.070839
v -114.426773 16.880329 62.871311
v -114.243057 13.740002 63.153965
v -105.183167 14.204145 63.354610
v -105.226028 15.269781 63.077908
v -114.298508 14.805178 62.877739
v -96.464195 20.384821 81.477097
v -96.435120 19.318882 81.754417
v -105.867729 19.980938 81.320763
v -105.824898 18.915302 81.597458
v -106.290215 22.337778 94.849922
v -106.333038 23.403416 94.573212
v -96.695206 22.759682 95.007576
v -96.724251 23.825621 94.730263
v -96.416389 19.072050 80.803673
v -105.834328 19.735420 80.370064
v -105.791489 18.669785 80.646751
v -96.445457 20.137989 80.526352
v -106.332413 22.648243 96.052063
v -96.718758 23.071812 96.209801
v -96.783051 25.850256 94.515907
v -106.421608 25.427090 94.359985
v -106.379883 22.997957 97.406212
v -96.745331 23.423397 97.564026
v -96.827469 26.437996 96.779724
v -106.500969 26.011700 96.623665
v -106.397400 23.126764 97.904968
v -96.755127 23.552887 98.062805
v -96.784164 24.618826 97.785484
v -106.440216 24.192402 97.628265
v -96.426109 19.882339 79.541649
v -96.397034 18.816402 79.818962
v -105.799690 19.481136 79.385406
v -105.756844 18.415501 79.662102
v -105.290710 14.993099 66.409660
v -105.333565 16.058735 66.132973
v -96.136612 15.375645 66.565804
v -96.165710 16.441584 66.288483
v -96.415695 19.063234 80.769722
v -105.833099 19.726654 80.336105
v -105.790260 18.661018 80.612808
v -96.444771 20.129173 80.492401
v -105.248344 14.682646 65.207504
v -96.113007 15.063523 65.363571
v -96.213203 18.314268 65.488884
v -105.401588 17.931274 65.334518
v -105.200684 14.332951 63.853371
v -96.086365 14.711950 64.009354
v -96.168678 17.726545 63.225063
v -105.321915 17.346689 63.070839
v -105.183113 14.204147 63.354607
v -96.076530 14.582457 63.510574
v -96.105637 15.648394 63.233261
v -105.225975 15.269784 63.077911
v -87.085464 20.552786 81.507133
v -87.073151 19.486692 81.785110
v -96.464088 20.384823 81.477097
v -96.435013 19.318884 81.754417
v -96.695137 22.759684 95.007576
v -96.724190 23.825621 94.730263
v -87.235672 22.940119 95.036644
v -87.247971 24.006212 94.758659
v -87.061478 19.238953 80.834473
v -96.445412 20.137991 80.526352
v -96.416344 19.072052 80.803673
v -87.073792 20.305048 80.556511
v -96.718697 23.071808 96.209801
v -87.250435 23.253389 96.238731
v -87.273987 26.031404 94.543091
v -96.783005 25.850260 94.515915
v -96.745232 23.423393 97.564026
v -87.266991 23.606264 97.592766
v -87.301743 26.621298 96.806625
v -96.827370 26.437992 96.779724
v -96.755013 23.552895 98.062805
v -87.273102 23.736235 98.091492
v -87.285393 24.802328 97.813515
v -96.784058 24.618832 97.785484
v -87.061684 20.048460 79.571915
v -87.049362 18.982367 79.849899
v -96.426056 19.882341 79.541649
v -96.396980 18.816402 79.818962
v -96.136566 15.375645 66.565804
v -96.165665 16.441582 66.288483
v -86.886459 15.528981 66.598358
v -86.898796 16.595074 66.320381
v -87.061028 19.230106 80.800522
v -96.444725 20.129175 80.492401
v -96.415649 19.063236 80.769722
v -87.073341 20.296200 80.522560
v -96.112892 15.063527 65.363579
v -86.871704 15.215715 65.396278
v -86.917809 18.467764 65.519623
v -96.213142 18.314270 65.488892
v -96.086304 14.711952 64.009354
v -86.855057 14.862848 64.042229
v -86.889984 17.877882 63.256092
v -96.168617 17.726549 63.225063
v -96.076469 14.582460 63.510574
v -86.848915 14.732883 63.543507
v -86.861267 15.798977 63.265533
v -96.105576 15.648397 63.233257
v -77.708702 20.704182 81.539101
v -77.713387 19.638210 81.817780
v -87.085403 20.552786 81.507133
v -87.073090 19.486692 81.785110
v -87.235619 22.940117 95.036644
v -87.247910 24.006212 94.758659
v -77.784233 23.102131 95.067398
v -77.779526 24.168102 94.788719
v -77.708313 19.389717 80.867271
v -87.073730 20.305048 80.556511
v -87.061417 19.238955 80.834473
v -77.703621 20.455688 80.588593
v -87.250389 23.253393 96.238731
v -77.790710 23.416353 96.269302
v -77.772491 26.193300 94.571800
v -87.273933 26.031408 94.543091
v -87.266937 23.606268 97.592766
v -77.797928 23.770302 97.623154
v -77.784569 26.784988 96.835022
v -87.301689 26.621302 96.806625
v -87.273064 23.736238 98.091492
v -77.800606 23.900667 98.121796
v -77.795883 24.966639 97.843124
v -87.285355 24.802332 97.813515
v -77.698334 20.198322 79.604164
v -77.703018 19.132351 79.882828
v -87.061638 20.048462 79.571915
v -87.049316 18.982368 79.849899
v -86.886414 15.528981 66.598351
v -86.898750 16.595074 66.320374
v -77.632271 15.668463 66.633202
v -77.627617 16.734434 66.354530
v -77.708092 19.380842 80.833328
v -87.073280 20.296200 80.522560
v -87.060966 19.230106 80.800522
v -77.703407 20.446814 80.554649
v -86.871643 15.215715 65.396278
v -77.625839 15.354247 65.431297
v -77.617546 18.606670 65.552528
v -86.917747 18.467768 65.519623
v -86.854950 14.862852 64.042236
v -77.618637 15.000310 64.077438
v -77.605499 18.015001 63.289314
v -86.889877 17.877886 63.256100
v -86.848793 14.732883 63.543507
v -77.615959 14.869947 63.578796
v -77.611320 15.935919 63.300117
v -86.861145 15.798977 63.265533
v -68.373268 20.506884 81.614876
v -68.400337 19.441402 81.894157
v -77.708633 20.704180 81.539093
v -77.713318 19.638210 81.817780
v -77.784187 23.102133 95.067406
v -77.779472 24.168104 94.788719
v -68.505585 22.916191 95.140678
v -68.478485 23.981670 94.861404
v -68.392799 19.192135 80.943893
v -77.703568 20.455687 80.588593
v -77.708260 19.389715 80.867271
v -68.365738 20.257616 80.664604
v -77.790665 23.416351 96.269302
v -68.515091 23.231401 96.342293
v -68.431229 26.006212 94.643326
v -77.772430 26.193298 94.571808
v -77.797867 23.770298 97.623154
v -68.525826 23.586462 97.695839
v -68.449173 26.599760 96.906013
v -77.784508 26.784986 96.835022
v -77.800552 23.900667 98.121803
v -68.529800 23.717234 98.194374
v -68.502693 24.782713 97.915100
v -77.795830 24.966639 97.843124
v -68.357895 19.999439 79.680397
v -68.384956 18.933958 79.959671
v -77.698288 20.198320 79.604164
v -77.702972 19.132349 79.882828
v -77.632225 15.668463 66.633202
v -77.627571 16.734434 66.354530
v -68.279877 15.459209 66.713142
v -68.252861 16.524693 66.433876
v -68.392494 19.183231 80.909950
v -77.703354 20.446812 80.554649
v -77.708038 19.380840 80.833336
v -68.365433 20.248713 80.630669
v -77.625778 15.354247 65.431297
v -68.270325 15.144005 65.511528
v -68.201164 18.395796 65.630852
v -77.617485 18.606670 65.552528
v -77.618591 15.000308 64.077438
v -68.259613 14.788958 64.157990
v -68.183189 17.802263 63.368176
v -77.605453 18.014999 63.289314
v -77.615898 14.869944 63.578796
v -68.255653 14.658186 63.659458
v -68.228638 15.723668 63.380184
v -77.611259 15.935914 63.300114
v -59.037754 20.309784 81.690590
v -59.087189 19.245220 81.970299
v -68.373207 20.506884 81.614876
v -68.400276 19.441402 81.894165
v -68.505463 22.916189 95.140678
v -68.478363 23.981670 94.861397
v -59.226479 22.731520 95.213432
v -59.177013 23.796083 94.933723
v -59.077221 18.995123 81.020264
v -68.365677 20.257612 80.664604
v -68.392738 19.192133 80.943893
v -59.027782 20.059689 80.740562
v -68.515045 23.231398 96.342293
v -59.239094 23.047773 96.414742
v -59.089622 25.819202 94.714813
v -68.431183 26.006216 94.643326
v -68.525772 23.586454 97.695831
v -59.253353 23.404003 97.767944
v -59.113434 26.414711 96.976913
v -68.449112 26.599754 96.906006
v -68.529755 23.717228 98.194366
v -59.258621 23.535217 98.266342
v -59.209148 24.599779 97.986633
v -68.502647 24.782709 97.915085
v -59.017353 19.800657 79.756599
v -59.066792 18.736094 80.036308
v -68.357849 19.999439 79.680397
v -68.384911 18.933958 79.959671
v -68.279823 15.459208 66.713142
v -68.252808 16.524691 66.433876
v -58.927620 15.249828 66.793159
v -58.878220 16.314396 66.513451
v -59.076828 18.986189 80.986336
v -68.365372 20.248709 80.630669
v -68.392433 19.183229 80.909950
v -59.027393 20.050755 80.706635
v -68.270264 15.144005 65.511528
v -58.915016 14.933584 65.591835
v -58.784882 18.183573 65.709717
v -68.201035 18.395792 65.630852
v -68.259567 14.788957 64.157990
v -58.900787 14.577360 64.238647
v -58.761101 17.588078 63.447620
v -68.183144 17.802263 63.368172
v -68.255592 14.658184 63.659458
v -58.895538 14.446154 63.740242
v -58.846142 15.510720 63.460541
v -68.228577 15.723666 63.380184
v -49.759377 19.768253 81.983498
v -49.837841 18.705427 82.263176
v -59.037647 20.309780 81.690598
v -59.087082 19.245216 81.970299
v -59.226421 22.731520 95.213432
v -59.176956 23.796082 94.933723
v -50.127018 22.209770 95.499199
v -50.048512 23.272594 95.219528
v -49.817135 18.454039 81.313660
v -59.027660 20.059687 80.740562
v -59.077099 18.995121 81.020264
v -49.738674 19.516865 81.033981
v -59.239048 23.047773 96.414749
v -50.153297 22.527660 96.699875
v -49.911407 25.292933 95.000481
v -59.089573 25.819204 94.714798
v -59.253311 23.404003 97.767944
v -50.182846 22.885740 98.052338
v -49.960796 25.891523 97.261375
v -59.113392 26.414711 96.976913
v -59.258560 23.535215 98.266342
v -50.193768 23.017624 98.550476
v -50.115250 24.080448 98.270798
v -59.209087 24.599777 97.986633
v -49.717186 19.256495 80.050552
v -49.795639 18.193668 80.330223
v -59.017307 19.800655 79.756607
v -59.066746 18.736092 80.036316
v -58.927574 15.249828 66.793159
v -58.878170 16.314396 66.513451
v -49.507065 14.689400 67.094170
v -49.428654 15.752230 66.814491
v -49.816360 18.445057 81.279755
v -59.027271 20.050753 80.706635
v -59.076706 18.986187 80.986336
v -49.737900 19.507883 81.000076
v -58.914970 14.933582 65.591827
v -49.480873 14.371519 65.893486
v -49.278919 17.617830 66.010948
v -58.784813 18.183571 65.709717
v -58.900730 14.577358 64.238647
v -49.451450 14.013458 64.541023
v -49.229717 17.019264 63.750061
v -58.761044 17.588076 63.447620
v -58.895473 14.446152 63.740242
v -49.440582 13.881577 64.042892
v -49.362183 14.944407 63.763206
v -58.846077 15.510718 63.460541
v -40.494320 19.145256 82.327515
v -40.603348 18.084957 82.606544
v -49.759331 19.768251 81.983505
v -49.837795 18.705425 82.263184
v -50.126957 22.209768 95.499207
v -50.048450 23.272593 95.219528
v -41.069149 21.613335 95.830956
v -40.960075 22.673630 95.551933
v -40.569954 17.831844 81.657852
v -49.738613 19.516863 81.033981
v -49.817074 18.454037 81.313660
v -40.460930 18.892143 81.378830
v -50.153240 22.527658 96.699883
v -41.111462 21.933409 97.030579
v -40.770992 24.689878 95.333832
v -49.911301 25.292923 95.000481
v -50.182804 22.885738 98.052338
v -41.159065 22.293943 98.381859
v -40.850567 25.292574 97.592743
v -49.960754 25.891521 97.261375
v -50.193722 23.017622 98.550476
v -41.176624 22.426737 98.879555
v -41.067543 23.487030 98.600525
v -50.115208 24.080446 98.270798
v -40.426323 18.629986 80.396263
v -40.535343 17.569687 80.675293
v -49.717125 19.256491 80.050552
v -49.795578 18.193665 80.330223
v -49.506958 14.689392 67.094177
v -49.428547 15.752221 66.814499
v -40.070129 14.041398 67.450829
v -39.961155 15.101702 67.171806
v -40.568726 17.822802 81.623978
v -49.737839 19.507881 81.000069
v -49.816299 18.445055 81.279755
v -40.459705 18.883101 81.344955
v -49.480827 14.371513 65.893486
v -40.027920 13.721336 66.251198
v -39.751629 16.962151 66.369713
v -49.278858 17.617830 66.010948
v -49.451405 14.013454 64.541023
v -39.980446 13.360825 64.899918
v -39.672264 16.359486 64.110802
v -49.229671 17.019260 63.750061
v -49.440536 13.881575 64.042892
v -39.962933 13.228034 64.402206
v -39.853966 14.288340 64.123177
v -49.362137 14.944406 63.763206
v -31.291435 18.195786 82.999779
v -31.437328 17.139469 83.277061
v -40.494267 19.145252 82.327522
v -40.603294 18.084953 82.606552
v -41.069096 21.613333 95.830963
v -40.960026 22.673628 95.551941
v -32.107372 20.698883 96.484734
v -31.961424 21.755192 96.207458
v -31.389294 16.884130 82.329575
v -40.460876 18.892138 81.378830
v -40.569901 17.831837 81.657852
v -31.243401 17.940449 82.052292
v -41.111412 21.933405 97.030586
v -32.168163 21.021767 97.682838
v -31.709381 23.764835 95.992180
v -40.770935 24.689869 95.333832
v -41.159008 22.293940 98.381859
v -32.236637 21.385477 99.032410
v -31.823837 24.372837 98.248230
v -40.850510 25.292570 97.592743
v -41.176571 22.426735 98.879547
v -32.261932 21.519442 99.529465
v -32.115967 22.575750 99.252182
v -41.067490 23.487028 98.600525
v -31.193630 17.675989 81.070969
v -31.339518 16.619671 81.348251
v -40.426270 18.629982 80.396263
v -40.535290 17.569683 80.675293
v -40.070068 14.041393 67.450836
v -39.961094 15.101697 67.171814
v -30.670254 13.060387 68.140503
v -30.524429 14.116712 67.863220
v -31.387543 16.875008 82.295738
v -40.459652 18.883095 81.344955
v -40.568676 17.822796 81.623978
v -31.241653 17.931324 82.018448
v -40.027863 13.721333 66.251198
v -30.609543 12.737514 66.942390
v -30.243103 15.969213 67.064682
v -39.751572 16.962147 66.369713
v -39.980392 13.360821 64.899925
v -30.541224 12.373839 65.592812
v -30.128843 15.361253 64.808617
v -39.672211 16.359484 64.110809
v -39.962872 13.228031 64.402214
v -30.516039 12.239883 65.095741
v -30.370224 13.296210 64.818459
v -39.853905 14.288336 64.123192
v -22.125809 17.049639 83.870056
v -22.312231 15.998931 84.144348
v -31.291382 18.195778 82.999786
v -31.437275 17.139462 83.277069
v -32.107319 20.698877 96.484741
v -31.961370 21.755186 96.207466
v -23.201683 19.598753 97.327866
v -23.015202 20.649452 97.053589
v -22.248459 15.740695 83.198593
v -31.243349 17.940443 82.052299
v -31.389240 16.884125 82.329590
v -22.062042 16.791403 82.924301
v -32.168114 21.021761 97.682846
v -23.282427 19.925314 98.523773
v -22.693918 22.649736 96.843231
v -31.709322 23.764830 95.992195
v -32.236580 21.385466 99.032410
v -23.373327 20.293148 99.870857
v -22.845913 23.264643 99.095131
v -31.823780 24.372828 98.248230
v -32.261833 21.519430 99.529480
v -23.406843 20.428635 100.367020
v -23.220350 21.479330 100.092735
v -32.115868 22.575739 99.252197
v -21.995956 16.523941 81.944771
v -22.182371 15.473231 82.219063
v -31.193579 17.675982 81.070976
v -31.339466 16.619663 81.348259
v -30.670200 13.060379 68.140503
v -30.524376 14.116704 67.863220
v -21.293596 11.873549 69.035461
v -21.107244 12.924267 68.761162
v -22.246145 15.731467 83.164818
v -31.241600 17.931318 82.018456
v -31.387491 16.875002 82.295746
v -22.059731 16.782177 82.890518
v -30.609488 12.737509 66.942398
v -21.213030 11.547024 67.839539
v -20.746983 14.765625 67.968613
v -30.243040 15.969204 67.064682
v -30.541170 12.373831 65.592819
v -21.122292 11.179218 66.492432
v -20.595297 14.150776 65.716675
v -30.128788 15.361244 64.808624
v -30.515978 12.239876 65.095749
v -21.088789 11.043738 65.996262
v -20.902449 12.094460 65.721962
v -30.370163 13.296203 64.818466
v -13.051045 15.446260 84.990379
v -13.370596 14.424089 85.249275
v -22.125755 17.049631 83.870064
v -22.312178 15.998923 84.144356
v -23.201630 19.598749 97.327866
v -23.015150 20.649448 97.053589
v -14.404646 18.079885 98.406906
v -14.084802 19.101974 98.148041
v -13.296369 14.161827 84.305382
v -22.061991 16.791395 82.924309
v -22.248407 15.740687 83.198601
v -12.976838 15.184004 84.046478
v -23.282326 19.925301 98.523781
v -14.498394 18.411507 99.600471
v -13.522910 21.051189 97.965332
v -22.693867 22.649725 96.843239
v -23.373276 20.293139 99.870865
v -14.603929 18.785034 100.944939
v -13.699212 21.675575 100.212868
v -22.845861 23.264633 99.095139
v -23.406784 20.428629 100.367020
v -14.642828 18.922619 101.440140
v -14.322916 19.944689 101.181282
v -23.220289 21.479326 100.092743
v -12.899936 14.912367 83.068886
v -13.219441 13.890183 83.327797
v -21.995853 16.523928 81.944786
v -22.182266 15.473218 82.219078
v -21.293543 11.873541 69.035469
v -21.107189 12.924259 68.761169
v -12.183667 10.234123 70.170387
v -11.864452 11.256388 69.911430
v -13.293684 14.152451 84.271683
v -22.059679 16.782169 82.890526
v -22.246096 15.731461 83.164825
v -12.974154 15.174627 84.012772
v -21.212975 11.547013 67.839554
v -12.089608 9.902452 68.976845
v -11.257999 13.044477 69.147537
v -20.746922 14.765617 67.968628
v -21.122177 11.179201 66.492432
v -11.983703 9.528868 67.632416
v -11.081083 12.419995 66.900070
v -20.595179 14.150759 65.716675
v -21.088734 11.043732 65.996262
v -11.944661 9.391259 67.137245
v -11.625512 10.413543 66.878296
v -20.902391 12.094452 65.721962
v -4.117174 12.115151 86.361450
v -4.599288 11.153693 86.600487
v -13.050993 15.446247 84.990387
v -13.370544 14.424076 85.249283
v -14.404584 18.079866 98.406921
v -14.084739 19.101955 98.148056
v -4.737206 14.523406 99.874176
v -4.254910 15.484777 99.635147
v -4.589271 10.911909 85.648285
v -12.976788 15.183989 84.046486
v -13.296319 14.161812 84.305389
v -4.107170 11.873374 85.409241
v -14.498342 18.411495 99.600487
v -4.749576 14.829027 101.078278
v -3.376238 17.316668 99.491264
v -13.522797 21.051157 97.965340
v -14.603875 18.785021 100.944946
v -4.763405 15.173237 102.434624
v -3.399318 17.892057 101.758644
v -13.699155 21.675560 100.212875
v -14.642765 18.922604 101.440147
v -4.768527 15.300027 102.934189
v -4.286190 16.261379 102.695160
v -14.322852 19.944674 101.181290
v -4.096750 11.622934 84.423035
v -4.578838 10.661463 84.662079
v -12.899885 14.912351 83.068893
v -13.219392 13.890168 83.327805
v -12.183575 10.234097 70.170403
v -11.864356 11.256361 69.911446
v -4.436932 7.290116 71.388863
v -3.955027 8.251675 71.149796
v -4.588880 10.903259 85.614281
v -12.974104 15.174612 84.012779
v -13.293634 14.152435 84.271683
v -4.106780 11.864725 85.375237
v -12.089561 9.902439 68.976852
v -4.423862 6.984210 70.184830
v -3.070868 9.935057 70.419708
v -11.257942 13.044460 69.147545
v -11.983648 9.528852 67.632431
v -4.409159 6.639644 68.828598
v -3.046375 9.359090 68.152496
v -11.081026 12.419975 66.900078
v -11.944614 9.391247 67.137253
v -4.403708 6.512718 68.329071
v -3.921845 7.474298 68.090004
v -11.625463 10.413530 66.878304
v 4.727544 7.502289 86.913925
v 4.221490 6.553680 87.154823
v -4.117123 12.115129 86.361458
v -4.599237 11.153671 86.600502
v -4.737139 14.523377 99.874176
v -4.254844 15.484748 99.635155
v 5.954344 9.021688 100.514145
v 6.460343 9.970326 100.273254
v 4.097424 6.376507 86.196434
v -4.107121 11.873350 85.409248
v -4.589221 10.911885 85.648293
v 4.603482 7.325114 85.955544
v -4.749513 14.828998 101.078278
v 6.111880 9.245398 101.726006
v 7.423729 11.758986 100.127838
v -3.376181 17.316641 99.491272
v -4.763348 15.173210 102.434631
v 6.289342 9.497376 103.091049
v 7.720330 12.180247 102.409775
v -3.399258 17.892031 101.758652
v -4.768469 15.300000 102.934196
v 6.354702 9.590187 103.593811
v 6.860687 10.538831 103.352913
v -4.286131 16.261353 102.695168
v 4.475099 7.141554 84.962944
v 3.969035 6.192949 85.203835
v -4.096701 11.622912 84.423042
v -4.578788 10.661442 84.662086
v -4.436890 7.290098 71.388870
v -3.954984 8.251657 71.149803
v 2.243545 3.721212 71.844223
v 2.749665 4.669788 71.603348
v 4.093026 6.370162 86.162201
v -4.106730 11.864701 85.375244
v -4.588830 10.903236 85.614288
v 4.599085 7.318768 85.921318
v -4.423821 6.984194 70.184837
v 2.087325 3.496842 70.632339
v 3.636867 6.349292 70.868011
v -3.070823 9.935037 70.419708
v -4.409119 6.639625 68.828598
v 1.911449 3.244058 69.267227
v 3.342845 5.926724 68.585999
v -3.046333 9.359070 68.152504
v -4.403666 6.512701 68.329071
v 1.846696 3.150940 68.764435
v 2.352829 4.099510 68.523560
v -3.921802 7.474280 68.090004
v 13.774983 2.996531 85.509079
v 13.404814 1.982908 85.731606
v 4.727595 7.502261 86.913918
v 4.221540 6.553652 87.154816
v 5.954408 9.021655 100.514145
v 6.460406 9.970292 100.273254
v 17.669317 3.268646 98.682404
v 18.039211 4.282388 98.459946
v 13.099174 1.890558 84.802475
v 4.603581 7.325059 85.955544
v 4.097524 6.376452 86.196434
v 13.469363 2.904173 84.579941
v 6.111943 9.245359 101.725998
v 18.056494 3.385149 99.857101
v 18.809610 6.163996 98.339203
v 7.423792 11.758951 100.127838
v 6.289408 9.497343 103.091042
v 18.492775 3.516309 101.180252
v 19.538721 6.383348 100.551163
v 7.720395 12.180216 102.409775
v 6.354771 9.590155 103.593826
v 18.653440 3.564632 101.667618
v 19.023268 4.578399 101.445175
v 6.860754 10.538799 103.352921
v 13.152896 2.808488 83.617584
v 12.782687 1.794882 83.840134
v 4.475154 7.141524 84.962936
v 3.969091 6.192919 85.203827
v 2.243581 3.721192 71.844223
v 2.749700 4.669768 71.603348
v 8.526792 0.505695 70.886856
v 8.897282 1.519184 70.664246
v 13.088293 1.887245 84.769279
v 4.599184 7.318714 85.921318
v 4.093126 6.370107 86.162201
v 13.458484 2.900860 84.546745
v 2.087359 3.496822 70.632332
v 8.141120 0.388592 69.711723
v 9.480726 3.343443 69.971260
v 3.636903 6.349272 70.868011
v 1.911483 3.244041 69.267235
v 7.706724 0.256675 68.388031
v 8.754663 3.122871 67.758415
v 3.342879 5.926707 68.585999
v 1.846728 3.150920 68.764442
v 7.546766 0.208072 67.900467
v 7.917320 1.221532 67.677841
v 2.352861 4.099489 68.523560
v 22.768600 0.037704 81.778008
v 22.588873 -1.038965 81.927864
v 13.775036 2.996508 85.509071
v 13.404866 1.982885 85.731598
v 17.669386 3.268618 98.682381
v 18.039280 4.282359 98.459923
v 29.315624 -0.502729 93.844604
v 29.495199 0.573976 93.694817
v 22.106560 -1.077489 81.072861
v 13.469415 2.904150 84.579918
v 13.099225 1.890535 84.802452
v 22.286297 -0.000823 80.922989
v 18.056564 3.385118 99.857079
v 29.926117 -0.454149 94.925438
v 29.972050 2.554148 93.684097
v 18.809742 6.163940 98.339157
v 18.492846 3.516279 101.180244
v 30.613922 -0.399462 96.142845
v 31.121708 2.645602 95.719276
v 19.538788 6.383320 100.551147
v 18.653511 3.564600 101.667603
v 30.867235 -0.379319 96.591240
v 31.046782 0.697394 96.441483
v 19.023336 4.578367 101.445160
v 21.786839 -0.040740 80.037392
v 21.607092 -1.117404 80.187263
v 13.152944 2.808466 83.617569
v 12.782736 1.794860 83.840111
v 8.526863 0.505662 70.886841
v 8.897351 1.519152 70.664230
v 14.887900 -1.655347 68.266350
v 15.067801 -0.578719 68.116402
v 22.089367 -1.078872 81.042305
v 13.458534 2.900836 84.546730
v 13.088345 1.887221 84.769264
v 22.269104 -0.002206 80.892441
v 8.141156 0.388576 69.711716
v 14.278734 -1.704224 67.184776
v 15.248420 1.377579 67.579010
v 9.480759 3.343429 69.971245
v 7.706756 0.256660 68.388016
v 13.592581 -1.759286 65.966461
v 14.101438 1.285523 65.542351
v 8.754694 3.122859 67.758408
v 7.546801 0.208053 67.900452
v 13.339890 -1.779574 65.517723
v 13.519824 -0.702954 65.367760
v 7.917353 1.221515 67.677826
v 31.067842 -1.565463 76.016273
v 30.984482 -2.660670 76.103157
v 22.768654 0.037693 81.777977
v 22.588926 -1.038977 81.927834
v 29.315689 -0.502742 93.844559
v 29.495264 0.573962 93.694778
v 40.058228 -2.537801 86.361153
v 40.141464 -1.442575 86.274368
v 30.333807 -2.669516 75.367043
v 22.286350 -0.000834 80.922951
v 22.106613 -1.077501 81.072830
v 30.417179 -1.574311 75.280151
v 29.926176 -0.454165 94.925407
v 40.881706 -2.526700 87.291351
v 40.494080 0.562321 86.342140
v 29.972111 2.554135 93.684059
v 30.613983 -0.399477 96.142799
v 41.809357 -2.514210 88.339081
v 42.044689 0.583222 88.093727
v 31.121769 2.645587 95.719231
v 30.867300 -0.379328 96.591194
v 42.150940 -2.509595 88.725044
v 42.234154 -1.414366 88.638306
v 31.046843 0.697384 96.441437
v 29.743345 -1.583484 74.517693
v 29.659962 -2.678689 74.604591
v 21.786888 -0.040751 80.037361
v 21.607141 -1.117415 80.187233
v 14.887937 -1.655356 68.266319
v 15.067835 -0.578727 68.116379
v 20.594061 -2.802559 64.339668
v 20.677572 -1.707372 64.252670
v 30.310600 -2.669837 75.340729
v 22.269157 -0.002217 80.892403
v 22.089420 -1.078884 81.042274
v 30.393972 -1.574631 75.253838
v 14.278767 -1.704233 67.184753
v 19.772034 -2.813845 63.408199
v 20.630138 0.292010 63.866913
v 15.248454 1.377573 67.578995
v 13.592612 -1.759292 65.966438
v 18.846115 -2.826555 62.358944
v 19.082359 0.270749 62.112835
v 14.101468 1.285517 65.542328
v 13.339922 -1.779580 65.517700
v 18.505112 -2.831243 61.972454
v 18.588652 -1.736060 61.885426
v 13.519854 -0.702960 65.367737
v 37.895000 -2.133577 68.486267
v 37.887783 -3.235316 68.496040
v 31.067892 -1.565471 76.016220
v 30.984531 -2.660678 76.103104
v 40.058292 -2.537810 86.361107
v 40.141529 -1.442586 86.274323
v 48.826378 -3.233914 76.736862
v 48.833504 -2.132172 76.727196
v 37.103226 -3.235415 67.904655
v 30.417225 -1.574319 75.280113
v 30.333857 -2.669525 75.366997
v 37.110458 -2.133676 67.894875
v 40.881763 -2.526711 87.291298
v 49.818829 -3.233782 77.484169
v 49.088116 -0.118032 76.891403
v 40.494133 0.562313 86.342087
v 41.809418 -2.514221 88.339035
v 50.936836 -3.233635 78.325813
v 50.956940 -0.117786 78.298546
v 42.044746 0.583210 88.093674
v 42.151066 -2.509617 88.724930
v 51.348602 -3.233582 78.635841
v 51.355709 -2.131841 78.626198
v 42.234280 -1.414388 88.638191
v 36.297935 -2.133778 67.282295
v 36.290703 -3.235517 67.292091
v 29.743389 -1.583492 74.517654
v 29.660007 -2.678697 74.604546
v 20.594091 -2.802564 64.339638
v 20.677603 -1.707378 64.252640
v 25.356945 -3.236853 59.044861
v 25.364269 -2.135116 59.034954
v 37.075230 -3.235419 67.883499
v 30.394018 -1.574639 75.253799
v 30.310650 -2.669845 75.340683
v 37.082458 -2.133680 67.873711
v 19.772062 -2.813849 63.408180
v 24.365311 -3.236972 58.296478
v 25.136288 -0.121044 58.834702
v 20.630169 0.292005 63.866886
v 18.846142 -2.826562 62.358921
v 23.248354 -3.237103 57.453434
v 23.269121 -0.121265 57.425358
v 19.082384 0.270742 62.112820
v 18.505140 -2.831248 61.972435
v 22.837011 -3.237155 57.142857
v 22.844355 -2.135418 57.132923
v 18.588678 -1.736066 61.885410
v 43.250340 -1.851031 60.306011
v 43.287178 -2.951122 60.256817
v 37.895035 -2.133578 68.486221
v 37.887821 -3.235317 68.495995
v 48.826424 -3.233913 76.736801
v 48.833549 -2.132172 76.727142
v 55.018127 -2.874296 67.323349
v 54.981247 -1.774209 67.372604
v 42.445671 -2.956624 59.749817
v 37.110493 -2.133677 67.894829
v 37.103264 -3.235415 67.904610
v 42.408844 -1.856533 59.799000
v 49.818920 -3.233784 77.484047
v 56.082306 -2.867316 67.964302
v 55.172836 0.238572 67.618698
v 49.088154 -0.118034 76.891350
v 50.936878 -3.233639 78.325752
v 57.281075 -2.859446 68.686203
v 57.176750 0.251723 68.825562
v 50.956978 -0.117789 78.298492
v 51.348648 -3.233583 78.635773
v 57.722588 -2.856549 68.952118
v 57.685696 -1.756464 69.001396
v 51.355751 -2.131841 78.626137
v 41.537312 -1.862227 59.273842
v 41.574139 -2.962319 59.224663
v 36.298004 -2.133780 67.282204
v 36.290771 -3.235519 67.292000
v 25.356976 -3.236856 59.044830
v 25.364300 -2.135119 59.034924
v 29.844563 -3.038844 52.155846
v 29.807779 -1.938748 52.204967
v 42.415634 -2.956818 59.731678
v 37.082493 -2.133681 67.873672
v 37.075268 -3.235420 67.883453
v 42.378807 -1.856727 59.780865
v 24.365343 -3.236973 58.296448
v 28.780617 -3.045769 51.514500
v 29.481590 0.070670 52.138634
v 25.136312 -0.121045 58.834671
v 23.248407 -3.237106 57.453365
v 27.582153 -3.053573 50.792099
v 27.478161 0.057628 50.930977
v 23.269173 -0.121267 57.425289
v 22.837036 -3.237155 57.142826
v 27.140753 -3.056446 50.525993
v 27.103981 -1.956347 50.575100
v 22.844381 -2.135419 57.132893
v 47.963436 -1.155842 52.307522
v 48.017406 -2.254045 52.236710
v 43.250370 -1.851028 60.305965
v 43.287209 -2.951119 60.256767
v 55.018150 -2.874291 67.323296
v 54.981270 -1.774205 67.372559
v 59.680199 -2.143597 59.414497
v 59.626221 -1.045395 59.485317
v 47.180698 -2.261970 51.721874
v 42.408871 -1.856530 59.798954
v 42.445698 -2.956621 59.749767
v 47.126728 -1.163767 51.792686
v 56.082348 -2.867312 67.964249
v 60.738091 -2.133586 60.065731
v 59.785027 0.964679 59.773308
v 55.172897 0.238580 67.618591
v 57.281105 -2.859443 68.686150
v 61.929726 -2.122301 60.799255
v 61.777058 0.983540 60.999546
v 57.176781 0.251726 68.825508
v 57.722622 -2.856546 68.952072
v 62.368622 -2.118146 61.069462
v 62.314632 -1.019945 61.140282
v 57.685730 -1.756460 69.001350
v 46.260151 -1.171973 51.259445
v 46.314117 -2.270176 51.188633
v 41.537338 -1.862224 59.273800
v 41.574165 -2.962316 59.224617
v 29.844616 -3.038836 52.155754
v 29.807835 -1.938741 52.204880
v 34.649979 -2.380678 44.013020
v 34.596016 -1.282474 44.083824
v 47.150833 -2.262250 51.703465
v 42.378834 -1.856725 59.780815
v 42.415661 -2.956816 59.731628
v 47.096863 -1.164047 51.774273
v 28.780645 -3.045767 51.514454
v 33.591854 -2.390700 43.362175
v 34.239841 0.722733 44.054829
v 29.481613 0.070672 52.138596
v 27.582180 -3.053572 50.792057
v 32.399918 -2.401996 42.629112
v 32.247322 0.703852 42.829357
v 27.478184 0.057629 50.930935
v 27.140778 -3.056443 50.525951
v 31.960918 -2.406157 42.359093
v 31.906958 -1.307951 42.429897
v 27.104006 -1.956346 50.575054
v 52.913773 -0.442050 44.952354
v 52.962204 -1.541315 44.895367
v 47.963463 -1.155837 52.307480
v 48.017433 -2.254040 52.236664
v 59.680229 -2.143596 59.414455
v 59.626247 -1.045394 59.485271
v 63.803276 -1.497442 53.263542
v 63.754875 -0.398173 53.320488
v 52.184376 -1.544470 44.295193
v 47.126755 -1.163763 51.792641
v 47.180725 -2.261966 51.721828
v 52.135952 -0.445205 44.352188
v 60.738113 -2.133581 60.065685
v 64.786522 -1.493473 54.022854
v 63.905720 1.612384 53.609390
v 59.785046 0.964681 59.773266
v 61.929752 -2.122294 60.799221
v 65.894028 -1.489008 54.878239
v 65.757156 1.619851 55.039265
v 61.777088 0.983546 60.999508
v 62.368645 -2.118142 61.069424
v 66.301926 -1.487367 55.193306
v 66.253540 -0.388098 55.250244
v 62.314655 -1.019941 61.140240
v 51.330315 -0.448475 43.730633
v 51.378746 -1.547740 43.673634
v 46.260178 -1.171969 51.259399
v 46.314148 -2.270172 51.188587
v 34.650009 -2.380673 44.012974
v 34.596050 -1.282469 44.083778
v 40.533573 -1.591925 35.310772
v 40.485119 -0.492664 35.367805
v 52.156616 -1.544580 44.273735
v 47.096889 -1.164043 51.774231
v 47.150856 -2.262246 51.703419
v 52.108189 -0.445315 44.330727
v 33.591885 -2.390696 43.362125
v 39.549587 -1.595949 34.552402
v 40.157013 1.515932 35.287506
v 34.239868 0.722737 44.054779
v 32.399948 -2.401991 42.629066
v 38.441208 -1.600480 33.698170
v 38.304150 1.508355 33.859493
v 32.247356 0.703856 42.829308
v 31.960949 -2.406149 42.359047
v 38.032963 -1.602147 33.383537
v 37.984505 -0.502887 33.440582
v 31.906992 -1.307946 42.429852
v 58.653481 0.011319 38.561619
v 58.674931 -1.090045 38.538948
v 52.913834 -0.442042 44.952278
v 52.962265 -1.541308 44.895290
v 63.803307 -1.497438 53.263508
v 63.754906 -0.398169 53.320454
v 67.917137 -1.118178 48.645851
v 67.895729 -0.016811 48.668484
v 58.011658 -1.088032 37.814140
v 52.135979 -0.445201 44.352146
v 52.184406 -1.544466 44.295155
v 57.990208 0.013331 37.836815
v 64.786552 -1.493471 54.022823
v 68.755173 -1.120737 49.562984
v 68.060608 1.995990 48.933056
v 63.905758 1.612387 53.609356
v 65.894073 -1.489004 54.878174
v 69.699135 -1.123619 50.596100
v 69.638618 1.991170 50.660065
v 65.757202 1.619856 55.039204
v 66.301964 -1.487361 55.193249
v 70.046776 -1.124682 50.976639
v 70.025383 -0.023317 50.999249
v 66.253578 -0.388091 55.250187
v 57.303238 0.015416 37.086136
v 57.324692 -1.085948 37.063457
v 51.330349 -0.448471 43.730591
v 51.378780 -1.547736 43.673595
v 40.533607 -1.591922 35.310722
v 40.485157 -0.492660 35.367756
v 48.074993 -1.057972 26.963392
v 48.053497 0.043389 26.986111
v 57.987995 -1.087960 37.788235
v 52.108215 -0.445311 44.330688
v 52.156643 -1.544576 44.273697
v 57.966549 0.013404 37.810909
v 39.549664 -1.595941 34.552303
v 47.235580 -1.055442 26.047512
v 47.809864 2.057421 26.804741
v 40.157051 1.515935 35.287449
v 38.441246 -1.600474 33.698112
v 46.289974 -1.052594 25.015909
v 46.229164 2.062182 25.080194
v 38.304192 1.508361 33.859440
v 38.033001 -1.602143 33.383484
v 45.941708 -1.051544 24.635941
v 45.920200 0.049818 24.658670
v 37.984543 -0.502883 33.440529
vn 0.0158 -0.9998 -0.0152
vn -0.6320 0.1509 -0.7601
vn -0.0158 0.9998 0.0152
vn 0.0135 -0.9998 -0.0134
vn -0.7030 -0.0388 0.7101
vn 0.8397 0.0063 -0.5430
vn 0.8401 0.0063 -0.5424
vn 0.8399 0.0063 -0.5427
vn -0.7028 -0.0388 0.7103
vn -0.0136 0.9998 0.0134
vn 0.0196 -0.9996 -0.0183
vn -0.7032 -0.0388 0.7099
vn -0.7033 -0.0387 0.7099
vn -0.0201 0.9996 0.0187
vn 0.0205 -0.9996 -0.0191
vn 0.6363 -0.0034 0.7714
vn 0.0213 -0.9996 -0.0197
vn 0.8402 0.0063 -0.5423
vn 0.6124 0.2433 0.7522
vn 0.0118 -0.9999 -0.0120
vn 0.6249 0.1442 0.7673
vn -0.0118 0.9999 0.0120
vn 0.0133 -0.9998 -0.0132
vn -0.7026 -0.0389 0.7105
vn 0.8393 0.0063 -0.5436
vn 0.8395 0.0063 -0.5433
vn -0.0133 0.9998 0.0132
vn 0.8393 0.0063 -0.5437
vn 0.0108 -0.9999 -0.0111
vn -0.7024 -0.0389 0.7107
vn -0.7023 -0.0389 0.7108
vn -0.0107 0.9999 0.0111
vn 0.0106 -0.9999 -0.0110
vn -0.6329 0.0035 -0.7742
vn 0.0105 -0.9999 -0.0109
vn -0.6160 0.2499 -0.7471
vn 0.0027 -1.0000 -0.0032
vn -0.4377 0.1496 -0.8866
vn -0.0027 1.0000 0.0032
vn 0.0007 -1.0000 -0.0022
vn -0.8399 -0.0063 0.5427
vn 0.9333 0.0003 -0.3592
vn 0.9335 0.0003 -0.3586
vn 0.9334 0.0003 -0.3589
vn -0.8397 -0.0063 0.5430
vn -0.0007 1.0000 0.0022
vn 0.9335 0.0003 -0.3587
vn 0.0061 -1.0000 -0.0049
vn -0.8401 -0.0063 0.5424
vn -0.8402 -0.0063 0.5423
vn -0.0065 1.0000 0.0052
vn 0.0069 -1.0000 -0.0053
vn 0.4395 -0.0020 0.8982
vn 0.0075 -1.0000 -0.0057
vn 0.9335 0.0003 -0.3585
vn 0.4250 0.2447 0.8715
vn -0.0009 -1.0000 -0.0014
vn 0.4433 0.1457 0.8844
vn 0.0009 1.0000 0.0014
vn 0.0004 -1.0000 -0.0021
vn -0.8395 -0.0063 0.5433
vn 0.9332 0.0003 -0.3593
vn 0.9330 0.0004 -0.3599
vn 0.9331 0.0003 -0.3595
vn -0.0004 1.0000 0.0021
vn 0.9331 0.0003 -0.3597
vn -0.0020 -1.0000 -0.0009
vn -0.8393 -0.0063 0.5437
vn 0.0021 1.0000 0.0008
vn -0.8393 -0.0063 0.5436
vn -0.0021 -1.0000 -0.0008
vn -0.4480 0.0020 -0.8941
vn -0.0022 -1.0000 -0.0007
vn 0.9330 0.0003 -0.3599
vn -0.4338 0.2486 -0.8661
vn 0.0037 -1.0000 -0.0007
vn -0.2755 0.1477 -0.9499
vn -0.0037 1.0000 0.0007
vn 0.0015 -1.0000 -0.0001
vn -0.9334 -0.0003 0.3589
vn 0.9754 0.0001 -0.2206
vn 0.9755 0.0001 -0.2202
vn 0.9754 0.0001 -0.2204
vn -0.9333 -0.0003 0.3592
vn -0.0015 1.0000 0.0001
vn 0.9755 0.0002 -0.2202
vn 0.0066 -1.0000 -0.0016
vn -0.9335 -0.0003 0.3587
vn -0.9335 -0.0003 0.3585
vn -0.0070 1.0000 0.0018
vn -0.9335 -0.0003 0.3586
vn 0.0073 -1.0000 -0.0018
vn 0.2762 0.0003 0.9611
vn 0.0077 -1.0000 -0.0020
vn 0.9755 0.0001 -0.2201
vn 0.2663 0.2476 0.9315
vn -0.0005 -1.0000 0.0005
vn 0.2799 0.1484 0.9485
vn 0.0005 1.0000 -0.0005
vn 0.0012 -1.0000 -0.0000
vn -0.9331 -0.0003 0.3595
vn 0.9753 0.0001 -0.2210
vn 0.9753 0.0001 -0.2208
vn -0.9332 -0.0003 0.3593
vn -0.0012 1.0000 -0.0000
vn -0.0018 -1.0000 0.0009
vn -0.9331 -0.0003 0.3597
vn -0.9330 -0.0003 0.3599
vn 0.0020 1.0000 -0.0010
vn -0.9330 -0.0004 0.3599
vn -0.0020 -1.0000 0.0010
vn -0.2828 -0.0003 -0.9592
vn -0.0022 -1.0000 0.0010
vn 0.9752 0.0001 -0.2211
vn -0.2737 0.2470 -0.9296
vn 0.0035 -1.0000 0.0019
vn -0.1723 0.1459 -0.9742
vn -0.0035 1.0000 -0.0019
vn 0.0016 -1.0000 0.0023
vn -0.9754 -0.0001 0.2204
vn 0.9889 -0.0000 -0.1485
vn 0.9889 -0.0000 -0.1484
vn -0.9754 -0.0001 0.2206
vn -0.0016 1.0000 -0.0023
vn 0.0057 -1.0000 0.0015
vn -0.9755 -0.0002 0.2202
vn -0.9755 -0.0001 0.2201
vn -0.0060 1.0000 -0.0014
vn -0.9755 -0.0001 0.2202
vn 0.0061 -1.0000 0.0014
vn 0.1726 0.0025 0.9850
vn 0.0065 -1.0000 0.0014
vn 0.1661 0.2502 0.9539
vn -0.0003 -1.0000 0.0026
vn 0.1742 0.1508 0.9731
vn 0.0003 1.0000 -0.0026
vn 0.0013 -1.0000 0.0023
vn -0.9753 -0.0001 0.2208
vn 0.9889 -0.0000 -0.1486
vn -0.0013 1.0000 -0.0023
vn -0.0018 -1.0000 0.0029
vn -0.9753 -0.0001 0.2210
vn -0.9752 -0.0001 0.2211
vn 0.0020 1.0000 -0.0029
vn -0.0021 -1.0000 0.0029
vn -0.1758 -0.0025 -0.9844
vn -0.0023 -1.0000 0.0030
vn -0.1700 0.2453 -0.9544
vn 0.0034 -1.0000 0.0043
vn -0.1311 0.1438 -0.9809
vn -0.0034 1.0000 -0.0043
vn 0.0016 -1.0000 0.0045
vn -0.9889 -0.0000 0.1485
vn 0.9902 -0.0001 -0.1394
vn 0.9902 -0.0001 -0.1395
vn -0.0016 1.0000 -0.0045
vn 0.0052 -1.0000 0.0040
vn -0.9889 -0.0000 0.1484
vn -0.0054 1.0000 -0.0040
vn 0.0055 -1.0000 0.0040
vn 0.1314 0.0047 0.9913
vn 0.0057 -1.0000 0.0039
vn 0.9902 -0.0001 -0.1396
vn 0.1262 0.2524 0.9593
vn -0.0003 -1.0000 0.0048
vn 0.1309 0.1531 0.9795
vn 0.0003 1.0000 -0.0048
vn 0.0014 -1.0000 0.0045
vn 0.9902 -0.0001 -0.1393
vn -0.0014 1.0000 -0.0045
vn 0.9903 -0.0001 -0.1393
vn -0.0020 -1.0000 0.0050
vn -0.9889 -0.0000 0.1486
vn 0.0022 1.0000 -0.0051
vn -0.0023 -1.0000 0.0051
vn -0.1318 -0.0047 -0.9913
vn -0.0026 -1.0000 0.0051
vn 0.9903 -0.0001 -0.1392
vn -0.1274 0.2433 -0.9615
vn 0.0036 -1.0000 0.0064
vn -0.1544 0.1415 -0.9778
vn -0.0036 1.0000 -0.0064
vn 0.0020 -1.0000 0.0067
vn -0.9902 0.0001 0.1394
vn 0.9796 -0.0002 -0.2010
vn 0.9795 -0.0002 -0.2013
vn 0.9796 -0.0002 -0.2011
vn -0.0020 1.0000 -0.0067
vn 0.9795 -0.0002 -0.2012
vn 0.0051 -1.0000 0.0062
vn -0.9902 0.0001 0.1395
vn -0.9902 0.0001 0.1396
vn -0.0053 1.0000 -0.0062
vn 0.0054 -1.0000 0.0061
vn 0.1553 0.0070 0.9878
vn 0.0056 -1.0000 0.0061
vn 0.1494 0.2545 0.9555
vn -0.0001 -1.0000 0.0071
vn 0.1509 0.1552 0.9763
vn 0.0001 1.0000 -0.0071
vn 0.0018 -1.0000 0.0068
vn -0.9902 0.0001 0.1393
vn 0.9796 -0.0002 -0.2009
vn 0.9797 -0.0002 -0.2006
vn 0.9796 -0.0002 -0.2008
vn -0.0018 1.0000 -0.0068
vn -0.0021 -1.0000 0.0074
vn -0.9903 0.0001 0.1393
vn -0.9903 0.0001 0.1392
vn 0.0024 1.0000 -0.0075
vn -0.0025 -1.0000 0.0075
vn -0.1515 -0.0070 -0.9884
vn -0.0028 -1.0000 0.0075
vn -0.1465 0.2410 -0.9594
vn 0.0049 -1.0000 0.0084
vn -0.2725 0.1384 -0.9521
vn -0.0049 1.0000 -0.0084
vn 0.0034 -1.0000 0.0088
vn -0.9796 0.0002 0.2011
vn 0.9197 -0.0003 -0.3925
vn 0.9192 -0.0003 -0.3938
vn 0.9195 -0.0003 -0.3931
vn -0.9796 0.0002 0.2010
vn -0.0034 1.0000 -0.0088
vn 0.0060 -0.9999 0.0080
vn -0.9795 0.0002 0.2012
vn -0.0061 0.9999 -0.0080
vn -0.9795 0.0002 0.2013
vn 0.0062 -0.9999 0.0080
vn 0.2755 0.0094 0.9613
vn 0.0063 -0.9999 0.0079
vn 0.2656 0.2557 0.9296
vn 0.0011 -1.0000 0.0096
vn 0.2521 0.1568 0.9549
vn -0.0011 1.0000 -0.0096
vn 0.0032 -1.0000 0.0089
vn -0.9796 0.0002 0.2008
vn 0.9198 -0.0003 -0.3925
vn 0.9203 -0.0003 -0.3912
vn 0.9200 -0.0003 -0.3919
vn -0.9796 0.0002 0.2009
vn -0.0032 1.0000 -0.0089
vn 0.9203 -0.0003 -0.3913
vn -0.0018 -0.9999 0.0105
vn -0.9797 0.0002 0.2006
vn 0.0023 0.9999 -0.0106
vn -0.0025 -0.9999 0.0107
vn -0.2501 -0.0094 -0.9682
vn -0.0030 -0.9999 0.0108
vn 0.9203 -0.0003 -0.3911
vn -0.2425 0.2374 -0.9407
vn 0.0091 -0.9999 0.0089
vn -0.5854 0.1321 -0.7999
vn -0.0091 0.9999 -0.0089
vn 0.0080 -0.9999 0.0097
vn -0.9195 0.0003 0.3931
vn 0.6127 -0.0002 -0.7903
vn 0.6111 -0.0003 -0.7915
vn 0.6119 -0.0002 -0.7909
vn -0.9197 0.0003 0.3925
vn -0.0080 0.9999 -0.0097
vn 0.6112 -0.0003 -0.7915
vn 0.0097 -0.9999 0.0084
vn -0.9192 0.0003 0.3938
vn -0.0098 0.9999 -0.0084
vn 0.0098 -0.9999 0.0083
vn 0.5917 0.0118 0.8061
vn 0.0099 -0.9999 0.0083
vn 0.6108 -0.0003 -0.7918
vn 0.5721 0.2518 0.7806
vn 0.0055 -0.9999 0.0116
vn 0.5023 0.1543 0.8508
vn -0.0055 0.9999 -0.0116
vn 0.0078 -0.9999 0.0099
vn -0.9200 0.0003 0.3919
vn 0.6128 -0.0002 -0.7902
vn 0.6144 -0.0002 -0.7890
vn 0.6136 -0.0002 -0.7896
vn -0.9198 0.0003 0.3925
vn -0.0078 0.9999 -0.0099
vn 0.6143 -0.0002 -0.7890
vn -0.0017 -0.9999 0.0171
vn -0.9203 0.0003 0.3913
vn -0.9203 0.0003 0.3911
vn 0.0036 0.9998 -0.0186
vn -0.9203 0.0003 0.3912
vn -0.0048 -0.9998 0.0196
vn -0.4369 -0.0115 -0.8994
vn -0.0082 -0.9997 0.0222
vn 0.6146 -0.0002 -0.7888
vn -0.4322 0.2248 -0.8733
vn 0.0156 -0.9999 0.0033
vn -0.9334 0.1281 -0.3352
vn -0.0156 0.9999 -0.0033
vn 0.0153 -0.9999 0.0042
vn -0.6119 0.0002 0.7909
vn 0.0764 0.0009 -0.9971
vn 0.0748 0.0008 -0.9972
vn 0.0757 0.0008 -0.9971
vn -0.6127 0.0002 0.7903
vn -0.0153 0.9999 -0.0042
vn 0.0751 0.0009 -0.9972
vn 0.0158 -0.9999 0.0028
vn -0.6112 0.0003 0.7915
vn -0.6108 0.0003 0.7918
vn -0.0159 0.9999 -0.0028
vn -0.6111 0.0003 0.7915
vn 0.0159 -0.9999 0.0028
vn 0.9403 0.0143 0.3400
vn 0.0159 -0.9999 0.0027
vn 0.9099 0.2521 0.3294
vn 0.0144 -0.9999 0.0064
vn 0.9658 0.1547 0.2081
vn -0.0144 0.9999 -0.0064
vn 0.0152 -0.9999 0.0044
vn -0.6136 0.0002 0.7896
vn 0.0765 0.0008 -0.9971
vn 0.0781 0.0008 -0.9969
vn 0.0772 0.0009 -0.9970
vn -0.6128 0.0002 0.7902
vn -0.0152 0.9999 -0.0044
vn 0.0780 0.0009 -0.9970
vn 0.0110 -0.9998 0.0152
vn -0.6143 0.0002 0.7890
vn -0.6146 0.0002 0.7888
vn -0.0097 0.9998 -0.0186
vn -0.6144 0.0002 0.7890
vn 0.0088 -0.9997 0.0209
vn -0.9999 -0.0136 -0.0092
vn 0.0057 -0.9996 0.0289
vn 0.0782 0.0009 -0.9969
vn -0.9761 0.2127 -0.0453
vn 0.0182 -0.9998 -0.0072
vn -0.9819 0.1272 0.1401
vn -0.0182 0.9998 0.0072
vn 0.0184 -0.9998 -0.0059
vn -0.0757 -0.0008 0.9971
vn -0.3803 0.0065 -0.9249
vn -0.3822 0.0065 -0.9241
vn -0.3812 0.0065 -0.9245
vn -0.0764 -0.0009 0.9971
vn -0.0184 0.9998 0.0059
vn 0.0181 -0.9998 -0.0081
vn -0.0751 -0.0009 0.9972
vn -0.0748 -0.0008 0.9972
vn -0.0181 0.9998 0.0082
vn 0.0181 -0.9998 -0.0082
vn 0.9898 0.0174 -0.1416
vn 0.0181 -0.9998 -0.0083
vn -0.3823 0.0065 -0.9240
vn 0.9565 0.2585 -0.1355
vn 0.0189 -0.9998 -0.0029
vn 0.9829 0.1612 -0.0887
vn -0.0189 0.9998 0.0029
vn 0.0185 -0.9998 -0.0056
vn -0.0772 -0.0009 0.9970
vn -0.3801 0.0065 -0.9249
vn -0.3781 0.0065 -0.9257
vn -0.3792 0.0065 -0.9253
vn -0.0765 -0.0008 0.9971
vn -0.0185 0.9998 0.0056
vn -0.3783 0.0065 -0.9257
vn 0.0201 -0.9998 0.0045
vn -0.0780 -0.0009 0.9970
vn -0.0782 -0.0009 0.9969
vn -0.0203 0.9998 -0.0064
vn -0.0781 -0.0008 0.9969
vn 0.0205 -0.9998 0.0073
vn -0.9982 -0.0170 0.0569
vn 0.0209 -0.9997 0.0101
vn -0.3780 0.0065 -0.9258
vn -0.9730 0.2239 0.0569
vn 0.0115 -0.9995 -0.0281
vn -0.7510 0.1183 0.6497
vn -0.0115 0.9995 0.0281
vn 0.0121 -0.9996 -0.0274
vn 0.3812 -0.0065 0.9245
vn -0.8478 0.0141 -0.5301
vn -0.8489 0.0140 -0.5283
vn -0.8483 0.0141 -0.5293
vn 0.3803 -0.0065 0.9249
vn -0.0121 0.9996 0.0274
vn -0.8488 0.0141 -0.5285
vn 0.0112 -0.9995 -0.0284
vn 0.3822 -0.0065 0.9241
vn 0.3823 -0.0065 0.9240
vn -0.0112 0.9995 0.0285
vn 0.0112 -0.9995 -0.0285
vn 0.7580 0.0233 -0.6518
vn 0.0111 -0.9995 -0.0285
vn -0.8489 0.0141 -0.5283
vn 0.7343 0.2595 -0.6273
vn 0.0135 -0.9996 -0.0257
vn 0.6954 0.1648 -0.6995
vn -0.0135 0.9996 0.0257
vn 0.0122 -0.9996 -0.0273
vn 0.3792 -0.0065 0.9253
vn -0.8478 0.0141 -0.5302
vn -0.8467 0.0141 -0.5319
vn -0.8473 0.0141 -0.5310
vn 0.3801 -0.0065 0.9249
vn -0.0122 0.9996 0.0273
vn -0.8468 0.0141 -0.5318
vn 0.0201 -0.9996 -0.0178
vn 0.3783 -0.0065 0.9257
vn 0.3780 -0.0065 0.9258
vn -0.0234 0.9996 0.0139
vn 0.3781 -0.0065 0.9257
vn 0.0255 -0.9996 -0.0114
vn -0.5459 -0.0255 0.8374
vn 0.0354 -0.9994 0.0004
vn -0.8466 0.0141 -0.5320
vn -0.5684 0.2048 0.7969
vn -0.0038 -0.9992 -0.0393
vn -0.3353 0.1117 0.9355
vn 0.0038 0.9992 0.0393
vn -0.0029 -0.9992 -0.0390
vn 0.8483 -0.0141 0.5293
vn -0.9816 0.0131 -0.1907
vn -0.9817 0.0131 -0.1901
vn -0.9816 0.0131 -0.1905
vn 0.8478 -0.0141 0.5301
vn 0.0029 0.9992 0.0390
vn -0.9816 0.0131 -0.1902
vn -0.0045 -0.9992 -0.0396
vn 0.8488 -0.0141 0.5285
vn 0.8489 -0.0141 0.5283
vn 0.0046 0.9992 0.0396
vn 0.8489 -0.0140 0.5283
vn -0.0046 -0.9992 -0.0396
vn 0.3415 0.0345 -0.9392
vn -0.0046 -0.9992 -0.0397
vn 0.3320 0.2773 -0.9016
vn -0.0011 -0.9993 -0.0382
vn 0.2803 0.1802 -0.9428
vn 0.0011 0.9993 0.0382
vn -0.0027 -0.9992 -0.0389
vn 0.8473 -0.0141 0.5310
vn -0.9815 0.0131 -0.1908
vn -0.9814 0.0131 -0.1915
vn -0.9815 0.0131 -0.1912
vn 0.8478 -0.0141 0.5302
vn 0.0027 0.9992 0.0389
vn -0.9814 0.0132 -0.1915
vn 0.0024 -0.9993 -0.0369
vn 0.8468 -0.0141 0.5318
vn 0.8466 -0.0141 0.5320
vn -0.0031 0.9993 0.0366
vn 0.8467 -0.0141 0.5319
vn 0.0035 -0.9993 -0.0364
vn -0.2628 -0.0354 0.9642
vn 0.0044 -0.9993 -0.0361
vn -0.9814 0.0131 -0.1916
vn -0.2568 0.2080 0.9438
vn -0.0099 -0.9991 -0.0423
vn -0.1002 0.1074 0.9891
vn 0.0099 0.9991 0.0423
vn -0.0085 -0.9991 -0.0421
vn 0.9816 -0.0131 0.1905
vn -0.9988 0.0092 -0.0489
vn -0.9988 0.0092 -0.0486
vn -0.9988 0.0092 -0.0487
vn 0.9816 -0.0131 0.1907
vn 0.0085 0.9991 0.0421
vn -0.9988 0.0092 -0.0485
vn -0.0112 -0.9990 -0.0425
vn 0.9816 -0.0131 0.1902
vn 0.9817 -0.0131 0.1901
vn 0.0113 0.9990 0.0425
vn -0.0113 -0.9990 -0.0425
vn 0.1039 0.0409 -0.9937
vn -0.0115 -0.9990 -0.0425
vn -0.9988 0.0092 -0.0484
vn 0.1032 0.2867 -0.9524
vn -0.0064 -0.9991 -0.0419
vn 0.0929 0.1885 -0.9777
vn 0.0064 0.9991 0.0419
vn -0.0082 -0.9991 -0.0421
vn 0.9815 -0.0131 0.1912
vn -0.9987 0.0093 -0.0492
vn -0.9988 0.0093 -0.0490
vn 0.9815 -0.0131 0.1908
vn 0.0083 0.9991 0.0421
vn -0.0040 -0.9991 -0.0416
vn 0.9814 -0.0131 0.1915
vn 0.9814 -0.0131 0.1916
vn 0.0037 0.9991 0.0415
vn -0.0035 -0.9991 -0.0415
vn -0.0922 -0.0410 0.9949
vn -0.0031 -0.9991 -0.0415
vn -0.9987 0.0093 -0.0493
vn -0.0882 0.2072 0.9743
vn -0.0090 -0.9990 -0.0443
vn -0.0177 0.1046 0.9944
vn 0.0090 0.9990 0.0443
vn -0.0073 -0.9990 -0.0443
vn 0.9988 -0.0092 0.0487
vn -0.9999 0.0043 -0.0124
vn -0.9999 0.0043 -0.0125
vn 0.9988 -0.0092 0.0489
vn 0.0073 0.9990 0.0443
vn -0.0105 -0.9990 -0.0444
vn 0.9988 -0.0092 0.0485
vn 0.9988 -0.0092 0.0484
vn 0.0107 0.9990 0.0444
vn 0.9988 -0.0092 0.0486
vn -0.0108 -0.9990 -0.0444
vn 0.0200 0.0441 -0.9988
vn -0.0110 -0.9990 -0.0444
vn 0.0217 0.2904 -0.9567
vn -0.0053 -0.9990 -0.0442
vn 0.0185 0.1919 -0.9812
vn 0.0053 0.9990 0.0442
vn -0.0071 -0.9990 -0.0443
vn 0.9988 -0.0093 0.0490
vn -0.9999 0.0043 -0.0123
vn 0.9988 -0.0093 0.0489
vn 0.0071 0.9990 0.0443
vn -0.0034 -0.9990 -0.0441
vn 0.9987 -0.0093 0.0492
vn 0.9987 -0.0093 0.0493
vn 0.0032 0.9990 0.0441
vn -0.0031 -0.9990 -0.0441
vn -0.0184 -0.0441 0.9989
vn -0.0028 -0.9990 -0.0441
vn -0.0167 0.2048 0.9787
vn -0.0032 -0.9989 -0.0464
vn -0.0167 0.1025 0.9946
vn 0.0032 0.9989 0.0464
vn -0.0014 -0.9989 -0.0464
vn 0.9999 -0.0043 0.0125
vn -0.9990 -0.0020 -0.0436
vn -0.9990 -0.0020 -0.0438
vn -0.9990 -0.0020 -0.0437
vn 0.9999 -0.0043 0.0124
vn 0.0014 0.9989 0.0464
vn -0.0051 -0.9989 -0.0465
vn 0.0053 0.9989 0.0465
vn -0.0055 -0.9989 -0.0465
vn 0.0179 0.0463 -0.9988
vn -0.0057 -0.9989 -0.0465
vn -0.9990 -0.0020 -0.0439
vn 0.0184 0.2924 -0.9561
vn 0.0005 -0.9989 -0.0463
vn 0.0181 0.1940 -0.9808
vn -0.0005 0.9989 0.0463
vn -0.0012 -0.9989 -0.0464
vn -0.9991 -0.0020 -0.0435
vn -0.9991 -0.0020 -0.0433
vn 0.0012 0.9989 0.0464
vn -0.9991 -0.0020 -0.0434
vn 0.0022 -0.9989 -0.0463
vn -0.0024 0.9989 0.0463
vn 0.9999 -0.0043 0.0123
vn 0.0025 -0.9989 -0.0463
vn -0.0190 -0.0463 0.9987
vn 0.0027 -0.9989 -0.0463
vn -0.9991 -0.0020 -0.0432
vn -0.0187 0.2028 0.9790
vn 0.0063 -0.9988 -0.0484
vn -0.0725 0.1003 0.9923
vn -0.0063 0.9988 0.0484
vn 0.0083 -0.9988 -0.0482
vn 0.9990 0.0020 0.0437
vn -0.9914 -0.0103 -0.1307
vn -0.9913 -0.0103 -0.1311
vn -0.9913 -0.0103 -0.1308
vn 0.9990 0.0020 0.0436
vn -0.0083 0.9988 0.0482
vn -0.9913 -0.0103 -0.1310
vn 0.0038 -0.9988 -0.0486
vn 0.9990 0.0020 0.0438
vn 0.9990 0.0020 0.0439
vn -0.0036 0.9988 0.0486
vn 0.0034 -0.9988 -0.0487
vn 0.0726 0.0484 -0.9962
vn 0.0030 -0.9988 -0.0487
vn 0.0693 0.2943 -0.9532
vn 0.0103 -0.9988 -0.0480
vn 0.0737 0.1960 -0.9778
vn -0.0103 0.9988 0.0480
vn 0.0086 -0.9988 -0.0482
vn 0.9991 0.0020 0.0435
vn -0.9914 -0.0103 -0.1306
vn -0.9914 -0.0103 -0.1303
vn -0.9914 -0.0103 -0.1304
vn -0.0086 0.9988 0.0482
vn 0.0119 -0.9988 -0.0479
vn 0.9991 0.0020 0.0434
vn 0.9991 0.0020 0.0432
vn -0.0120 0.9988 0.0479
vn 0.9991 0.0020 0.0433
vn 0.0121 -0.9988 -0.0479
vn -0.0769 -0.0484 0.9959
vn 0.0123 -0.9988 -0.0479
vn -0.0772 0.2005 0.9767
vn 0.0208 -0.9986 -0.0493
vn -0.1804 0.0970 0.9788
vn -0.0208 0.9986 0.0493
vn 0.0233 -0.9985 -0.0488
vn 0.9913 0.0103 0.1308
vn -0.9590 -0.0213 -0.2825
vn -0.9589 -0.0213 -0.2831
vn -0.9590 -0.0213 -0.2827
vn 0.9914 0.0103 0.1307
vn -0.0233 0.9985 0.0488
vn -0.9589 -0.0214 -0.2830
vn 0.0172 -0.9986 -0.0501
vn 0.9913 0.0103 0.1310
vn 0.9913 0.0103 0.1311
vn -0.0168 0.9986 0.0502
vn 0.0164 -0.9986 -0.0502
vn 0.1781 0.0513 -0.9827
vn 0.0158 -0.9986 -0.0504
vn 0.1684 0.2966 -0.9400
vn 0.0255 -0.9985 -0.0483
vn 0.1848 0.1988 -0.9625
vn -0.0255 0.9985 0.0483
vn 0.0236 -0.9985 -0.0487
vn 0.9914 0.0103 0.1304
vn -0.9591 -0.0213 -0.2824
vn -0.9592 -0.0213 -0.2818
vn -0.9591 -0.0213 -0.2822
vn 0.9914 0.0103 0.1306
vn -0.0236 0.9985 0.0487
vn -0.9592 -0.0213 -0.2819
vn 0.0271 -0.9985 -0.0480
vn 0.9914 0.0103 0.1303
vn -0.0272 0.9985 0.0479
vn 0.0273 -0.9985 -0.0479
vn -0.1917 -0.0515 0.9801
vn 0.0275 -0.9985 -0.0479
vn -0.1922 0.1968 0.9614
vn 0.0411 -0.9980 -0.0474
vn -0.3595 0.0912 0.9287
vn -0.0411 0.9980 0.0473
vn 0.0448 -0.9979 -0.0458
vn 0.9590 0.0213 0.2827
vn -0.8848 -0.0471 -0.4635
vn -0.8845 -0.0471 -0.4641
vn -0.8847 -0.0471 -0.4638
vn 0.9590 0.0213 0.2825
vn -0.0449 0.9979 0.0458
vn 0.0352 -0.9981 -0.0497
vn 0.9589 0.0214 0.2830
vn 0.9589 0.0213 0.2831
vn -0.0348 0.9981 0.0499
vn 0.0339 -0.9982 -0.0503
vn 0.3569 0.0569 -0.9324
vn 0.0328 -0.9982 -0.0507
vn 0.3377 0.3017 -0.8916
vn 0.0478 -0.9979 -0.0446
vn 0.3542 0.2041 -0.9126
vn -0.0478 0.9979 0.0446
vn 0.0452 -0.9979 -0.0457
vn 0.9591 0.0213 0.2822
vn -0.8852 -0.0470 -0.4629
vn -0.8850 -0.0471 -0.4632
vn 0.9591 0.0213 0.2824
vn -0.0453 0.9979 0.0456
vn -0.8851 -0.0471 -0.4629
vn 0.0497 -0.9978 -0.0438
vn 0.9592 0.0213 0.2819
vn 0.9592 0.0213 0.2818
vn -0.0500 0.9978 0.0437
vn 0.0500 -0.9978 -0.0437
vn -0.3660 -0.0572 0.9288
vn 0.0502 -0.9978 -0.0436
vn -0.8852 -0.0471 -0.4628
vn -0.3667 0.1908 0.9106
vn 0.1045 -0.9944 -0.0179
vn -0.5538 0.0784 0.8290
vn -0.1045 0.9944 0.0179
vn 0.1060 -0.9942 -0.0170
vn 0.8847 0.0471 0.4638
vn -0.8061 -0.1146 -0.5806
vn -0.8059 -0.1147 -0.5809
vn -0.8060 -0.1147 -0.5807
vn 0.8848 0.0471 0.4635
vn -0.1060 0.9942 0.0170
vn -0.8059 -0.1147 -0.5808
vn 0.1025 -0.9946 -0.0192
vn 0.8845 0.0471 0.4641
vn -0.1023 0.9946 0.0193
vn 0.1020 -0.9946 -0.0194
vn 0.5473 0.0699 -0.8340
vn 0.1017 -0.9946 -0.0196
vn -0.8058 -0.1147 -0.5809
vn 0.5043 0.3139 -0.8044
vn 0.1073 -0.9941 -0.0162
vn 0.5136 0.2154 -0.8306
vn -0.1073 0.9941 0.0162
vn 0.1062 -0.9942 -0.0169
vn 0.8850 0.0471 0.4632
vn -0.8063 -0.1145 -0.5803
vn -0.8062 -0.1146 -0.5805
vn -0.1062 0.9942 0.0169
vn -0.8062 -0.1145 -0.5804
vn 0.1083 -0.9940 -0.0156
vn 0.8851 0.0471 0.4629
vn 0.8852 0.0471 0.4628
vn -0.1083 0.9940 0.0155
vn 0.8852 0.0470 0.4629
vn 0.1084 -0.9940 -0.0155
vn -0.5351 -0.0688 0.8420
vn 0.1085 -0.9940 -0.0154
vn -0.5446 0.1793 0.8193
vn 0.1656 -0.9859 0.0230
vn -0.6286 0.0646 0.7750
vn -0.1656 0.9859 -0.0230
vn 0.1675 -0.9856 0.0245
vn 0.8060 0.1147 0.5807
vn -0.7360 -0.1769 -0.6535
vn -0.7358 -0.1770 -0.6537
vn -0.7359 -0.1769 -0.6536
vn 0.8061 0.1146 0.5806
vn -0.1675 0.9856 -0.0245
vn 0.1633 -0.9864 0.0211
vn 0.8059 0.1147 0.5808
vn 0.8058 0.1147 0.5809
vn -0.1631 0.9864 -0.0210
vn 0.8059 0.1147 0.5809
vn 0.1628 -0.9864 0.0207
vn 0.6116 0.0827 -0.7868
vn 0.1625 -0.9865 0.0204
vn -0.7357 -0.1769 -0.6538
vn 0.5521 0.3246 -0.7680
vn 0.1694 -0.9852 0.0260
vn 0.5799 0.2280 -0.7822
vn -0.1694 0.9852 -0.0260
vn 0.1678 -0.9855 0.0247
vn 0.8062 0.1146 0.5805
vn -0.7362 -0.1768 -0.6532
vn -0.7361 -0.1768 -0.6534
vn -0.1678 0.9855 -0.0247
vn -0.7362 -0.1768 -0.6533
vn 0.1708 -0.9849 0.0271
vn 0.8062 0.1145 0.5804
vn 0.8063 0.1145 0.5803
vn -0.1708 0.9849 -0.0272
vn 0.1710 -0.9849 0.0273
vn -0.6121 -0.0828 0.7864
vn 0.1712 -0.9849 0.0274
vn -0.6349 0.1638 0.7550
vn 0.2087 -0.9763 0.0574
vn -0.7021 0.0442 0.7108
vn -0.2087 0.9763 -0.0574
vn 0.2102 -0.9759 0.0589
vn 0.7359 0.1769 0.6536
vn -0.6850 -0.1956 -0.7018
vn -0.6849 -0.1956 -0.7019
vn 0.7360 0.1769 0.6535
vn -0.2102 0.9759 -0.0588
vn 0.2069 -0.9768 0.0557
vn 0.7358 0.1770 0.6537
vn 0.7357 0.1769 0.6538
vn -0.2067 0.9768 -0.0555
vn 0.2066 -0.9769 0.0554
vn 0.6795 0.1020 -0.7265
vn 0.2064 -0.9769 0.0551
vn 0.6068 0.3408 -0.7181
vn 0.2118 -0.9754 0.0604
vn 0.6386 0.2451 -0.7295
vn -0.2118 0.9755 -0.0603
vn 0.2104 -0.9758 0.0591
vn 0.7361 0.1768 0.6534
vn -0.6852 -0.1956 -0.7016
vn -0.6851 -0.1956 -0.7017
vn -0.2104 0.9758 -0.0590
vn 0.2130 -0.9751 0.0615
vn 0.7362 0.1768 0.6533
vn -0.2131 0.9751 -0.0616
vn 0.7362 0.1768 0.6532
vn 0.2133 -0.9750 0.0617
vn -0.6779 -0.1016 0.7281
vn 0.2134 -0.9750 0.0619
vn -0.7092 0.1432 0.6903
vn 0.2096 -0.9763 0.0542
vn -0.7329 0.0322 0.6795
vn -0.2097 0.9763 -0.0542
vn 0.2113 -0.9758 0.0560
vn 0.6850 0.1956 0.7018
vn -0.6695 -0.1650 -0.7243
vn -0.6696 -0.1649 -0.7242
vn -0.6695 -0.1649 -0.7243
vn -0.2113 0.9758 -0.0560
vn 0.2079 -0.9768 0.0523
vn 0.6849 0.1956 0.7019
vn -0.2077 0.9768 -0.0521
vn 0.2075 -0.9768 0.0520
vn 0.7103 0.1142 -0.6946
vn 0.2073 -0.9769 0.0517
vn 0.6364 0.3526 -0.6861
vn 0.2131 -0.9753 0.0579
vn 0.6698 0.2574 -0.6965
vn -0.2132 0.9753 -0.0579
vn 0.2116 -0.9757 0.0562
vn 0.6851 0.1956 0.7017
vn -0.6695 -0.1650 -0.7242
vn -0.6695 -0.1651 -0.7242
vn -0.2116 0.9757 -0.0563
vn 0.2147 -0.9749 0.0596
vn 0.6852 0.1956 0.7016
vn -0.2149 0.9748 -0.0598
vn 0.2150 -0.9748 0.0598
vn -0.7098 -0.1140 0.6951
vn 0.2152 -0.9747 0.0600
vn -0.6695 -0.1651 -0.7243
vn -0.7407 0.1313 0.6588
vn 0.1747 -0.9845 0.0118
vn -0.7329 0.0293 0.6797
vn -0.1748 0.9845 -0.0118
vn 0.1765 -0.9842 0.0136
vn 0.6695 0.1649 0.7243
vn -0.6949 -0.0805 -0.7146
vn -0.6950 -0.0804 -0.7145
vn 0.6695 0.1650 0.7243
vn -0.1766 0.9842 -0.0137
vn 0.1730 -0.9849 0.0099
vn -0.1729 0.9849 -0.0098
vn 0.6696 0.1649 0.7242
vn 0.1727 -0.9849 0.0096
vn 0.7155 0.1184 -0.6886
vn 0.1724 -0.9850 0.0093
vn -0.6949 -0.0804 -0.7146
vn 0.6501 0.3590 -0.6697
vn 0.1786 -0.9838 0.0158
vn 0.6807 0.2632 -0.6837
vn -0.1786 0.9838 -0.0159
vn 0.1767 -0.9842 0.0139
vn 0.6695 0.1650 0.7242
vn -0.6948 -0.0807 -0.7147
vn -0.6948 -0.0806 -0.7146
vn -0.1768 0.9841 -0.0140
vn 0.1804 -0.9834 0.0178
vn 0.6695 0.1651 0.7242
vn 0.6695 0.1651 0.7243
vn -0.1810 0.9833 -0.0184
vn 0.1808 -0.9834 0.0182
vn -0.7157 -0.1184 0.6883
vn 0.1810 -0.9833 0.0185
vn -0.7379 0.1293 0.6624
vn 0.0911 -0.9927 -0.0786
vn -0.6914 0.0312 0.7218
vn -0.0910 0.9927 0.0787
vn 0.0927 -0.9927 -0.0770
vn 0.6949 0.0805 0.7146
vn -0.7480 0.0499 -0.6619
vn -0.7481 0.0502 -0.6617
vn -0.7480 0.0500 -0.6618
vn -0.0927 0.9927 0.0770
vn -0.7481 0.0501 -0.6617
vn 0.0895 -0.9928 -0.0801
vn 0.6950 0.0804 0.7145
vn 0.6949 0.0804 0.7146
vn -0.0891 0.9928 0.0805
vn 0.0892 -0.9928 -0.0804
vn 0.6862 0.1178 -0.7178
vn 0.0890 -0.9928 -0.0806
vn -0.7482 0.0502 -0.6616
vn 0.6426 0.3608 -0.6759
vn 0.0948 -0.9927 -0.0750
vn 0.6644 0.2642 -0.6991
vn -0.0948 0.9927 0.0750
vn 0.0930 -0.9927 -0.0768
vn 0.6948 0.0806 0.7146
vn -0.7478 0.0497 -0.6621
vn -0.7479 0.0498 -0.6620
vn -0.0930 0.9927 0.0768
vn -0.7478 0.0497 -0.6620
vn 0.0969 -0.9926 -0.0731
vn 0.6948 0.0807 0.7147
vn 0.6947 0.0807 0.7147
vn -0.0973 0.9926 0.0727
vn 0.0972 -0.9926 -0.0727
vn -0.6867 -0.1178 0.7174
vn 0.0975 -0.9926 -0.0724
vn -0.6887 0.1324 0.7128
vn -0.0136 -0.9845 -0.1751
vn -0.6246 0.0239 0.7806
vn 0.0136 0.9845 0.1750
vn -0.0119 -0.9847 -0.1737
vn 0.7480 -0.0500 0.6618
vn -0.7945 0.1932 -0.5758
vn -0.7945 0.1934 -0.5756
vn -0.7945 0.1933 -0.5757
vn 0.7480 -0.0499 0.6619
vn 0.0119 0.9847 0.1737
vn -0.7945 0.1935 -0.5757
vn -0.0151 -0.9842 -0.1763
vn 0.7481 -0.0501 0.6617
vn 0.7482 -0.0502 0.6616
vn 0.0153 0.9842 0.1765
vn 0.7481 -0.0502 0.6617
vn -0.0154 -0.9842 -0.1765
vn 0.6344 0.1238 -0.7630
vn -0.0156 -0.9842 -0.1766
vn -0.7945 0.1935 -0.5756
vn 0.6186 0.3648 -0.6959
vn -0.0098 -0.9851 -0.1720
vn 0.6290 0.2692 -0.7294
vn 0.0097 0.9851 0.1719
vn -0.0117 -0.9848 -0.1735
vn 0.7479 -0.0498 0.6620
vn -0.7944 0.1932 -0.5758
vn -0.7943 0.1930 -0.5760
vn -0.7944 0.1931 -0.5759
vn 0.0116 0.9848 0.1735
vn -0.0076 -0.9854 -0.1702
vn 0.7478 -0.0497 0.6620
vn 0.7478 -0.0497 0.6621
vn 0.0069 0.9855 0.1696
vn -0.0071 -0.9854 -0.1699
vn -0.6350 -0.1237 0.7625
vn -0.0068 -0.9855 -0.1696
vn -0.7943 0.1929 -0.5761
vn -0.6127 0.1248 0.7804
vn -0.1445 -0.9513 -0.2725
vn -0.5489 0.0024 0.8359
vn 0.1445 0.9513 0.2725
vn -0.1435 -0.9516 -0.2719
vn 0.7945 -0.1933 0.5757
vn -0.7932 0.3533 -0.4960
vn -0.7932 0.3536 -0.4959
vn -0.7932 0.3534 -0.4959
vn 0.7945 -0.1932 0.5758
vn 0.1435 0.9516 0.2719
vn -0.7932 0.3535 -0.4958
vn -0.1453 -0.9510 -0.2731
vn 0.7945 -0.1935 0.5757
vn 0.7945 -0.1935 0.5756
vn 0.1455 0.9509 0.2732
vn 0.7945 -0.1934 0.5756
vn -0.1455 -0.9509 -0.2732
vn 0.5777 0.1407 -0.8040
vn -0.1456 -0.9509 -0.2732
vn -0.7931 0.3536 -0.4959
vn 0.5956 0.3731 -0.7114
vn -0.1424 -0.9519 -0.2711
vn 0.5906 0.2817 -0.7562
vn 0.1424 0.9520 0.2711
vn -0.1434 -0.9516 -0.2718
vn 0.7944 -0.1931 0.5759
vn -0.7932 0.3530 -0.4962
vn -0.7932 0.3531 -0.4960
vn 0.7944 -0.1932 0.5758
vn 0.1434 0.9516 0.2718
vn -0.7933 0.3530 -0.4961
vn -0.1414 -0.9523 -0.2704
vn 0.7943 -0.1930 0.5760
vn 0.7943 -0.1929 0.5761
vn 0.1411 0.9524 0.2702
vn -0.1412 -0.9524 -0.2703
vn -0.5762 -0.1412 0.8050
vn -0.1411 -0.9524 -0.2702
vn -0.5223 0.0999 0.8469
vn -0.2839 -0.8880 -0.3618
vn -0.5182 -0.0146 0.8552
vn 0.2837 0.8881 0.3617
vn -0.2825 -0.8888 -0.3610
vn 0.7932 -0.3534 0.4959
vn -0.7386 0.5270 -0.4203
vn -0.7385 0.5273 -0.4202
vn -0.7386 0.5271 -0.4203
vn 0.7932 -0.3533 0.4960
vn 0.2823 0.8889 0.3609
vn -0.2852 -0.8872 -0.3626
vn 0.7932 -0.3535 0.4958
vn 0.7931 -0.3536 0.4959
vn 0.2851 0.8873 0.3625
vn 0.7932 -0.3536 0.4959
vn -0.2855 -0.8871 -0.3627
vn 0.5674 0.1484 -0.8100
vn -0.2856 -0.8870 -0.3628
vn -0.7385 0.5273 -0.4201
vn 0.6203 0.3649 -0.6944
vn -0.2809 -0.8896 -0.3600
vn 0.6023 0.2799 -0.7476
vn 0.2807 0.8898 0.3599
vn -0.2823 -0.8889 -0.3608
vn 0.7932 -0.3531 0.4960
vn -0.7387 0.5267 -0.4205
vn -0.7387 0.5269 -0.4204
vn 0.2821 0.8890 0.3607
vn -0.7388 0.5267 -0.4205
vn -0.2795 -0.8904 -0.3592
vn 0.7933 -0.3530 0.4961
vn 0.7932 -0.3530 0.4962
vn 0.2787 0.8909 0.3587
vn -0.2793 -0.8906 -0.3590
vn -0.5673 -0.1484 0.8100
vn -0.2791 -0.8907 -0.3589
vn -0.7388 0.5267 -0.4204
vn -0.4797 0.0779 0.8740
vn -0.4360 -0.7786 -0.4514
vn -0.4935 -0.0356 0.8690
vn 0.4362 0.7783 0.4515
vn -0.4344 -0.7799 -0.4506
vn 0.7386 -0.5271 0.4203
vn -0.6761 0.6545 -0.3385
vn -0.6760 0.6546 -0.3383
vn -0.6760 0.6546 -0.3384
vn 0.7386 -0.5270 0.4203
vn 0.4347 0.7797 0.4507
vn -0.4375 -0.7772 -0.4522
vn 0.7385 -0.5273 0.4202
vn 0.7385 -0.5273 0.4201
vn 0.4385 0.7763 0.4527
vn -0.4378 -0.7770 -0.4523
vn 0.5654 0.1528 -0.8106
vn -0.4380 -0.7768 -0.4524
vn -0.6760 0.6547 -0.3384
vn 0.6565 0.3414 -0.6727
vn -0.4326 -0.7815 -0.4496
vn 0.6231 0.2679 -0.7348
vn 0.4329 0.7813 0.4497
vn -0.4342 -0.7801 -0.4504
vn 0.7387 -0.5269 0.4204
vn -0.6761 0.6545 -0.3384
vn -0.6761 0.6543 -0.3387
vn -0.6761 0.6544 -0.3386
vn 0.4345 0.7799 0.4506
vn -0.6761 0.6543 -0.3386
vn -0.4310 -0.7829 -0.4487
vn 0.7388 -0.5267 0.4205
vn 0.7388 -0.5267 0.4204
vn 0.4313 0.7826 0.4489
vn 0.7387 -0.5267 0.4205
vn -0.4307 -0.7831 -0.4486
vn -0.5654 -0.1527 0.8105
vn -0.4305 -0.7833 -0.4484
vn -0.6762 0.6543 -0.3386
vn -0.4402 0.0465 0.8967
vn -0.5183 -0.6970 -0.4956
vn -0.4712 -0.0612 0.8799
vn 0.5184 0.6969 0.4956
vn -0.5169 -0.6984 -0.4950
vn 0.6760 -0.6546 0.3384
vn -0.6400 0.7200 -0.2683
vn -0.6399 0.7201 -0.2681
vn -0.6400 0.7201 -0.2682
vn 0.6761 -0.6545 0.3385
vn 0.5170 0.6983 0.4950
vn -0.6400 0.7201 -0.2681
vn -0.5196 -0.6956 -0.4962
vn 0.6760 -0.6546 0.3383
vn 0.6760 -0.6547 0.3383
vn 0.5200 0.6951 0.4964
vn -0.5198 -0.6953 -0.4963
vn 0.5549 0.1662 -0.8152
vn -0.5200 -0.6952 -0.4964
vn -0.6401 0.7201 -0.2680
vn 0.6665 0.3338 -0.6667
vn -0.5153 -0.7001 -0.4943
vn 0.6251 0.2687 -0.7329
vn 0.5154 0.7000 0.4943
vn -0.5167 -0.6986 -0.4949
vn 0.6761 -0.6544 0.3386
vn -0.6400 0.7199 -0.2684
vn 0.6761 -0.6545 0.3384
vn 0.5168 0.6985 0.4949
vn -0.5138 -0.7017 -0.4936
vn 0.6761 -0.6543 0.3387
vn 0.5138 0.7017 0.4935
vn 0.6762 -0.6543 0.3387
vn -0.5136 -0.7020 -0.4934
vn -0.5551 -0.1659 0.8151
vn -0.5134 -0.7022 -0.4933
vn -0.6400 0.7200 -0.2685
vn -0.4100 0.0132 0.9120
vn -0.5553 -0.6539 -0.5139
vn -0.4433 -0.0966 0.8911
vn 0.5553 0.6539 0.5139
vn -0.5541 -0.6552 -0.5134
vn 0.6400 -0.7201 0.2682
vn -0.6567 0.7198 -0.2250
vn -0.6569 0.7197 -0.2248
vn -0.6568 0.7197 -0.2249
vn 0.6400 -0.7200 0.2683
vn 0.5541 0.6552 0.5134
vn -0.5564 -0.6527 -0.5143
vn 0.6400 -0.7201 0.2681
vn 0.6400 -0.7201 0.2680
vn 0.5565 0.6525 0.5143
vn -0.5565 -0.6525 -0.5143
vn 0.5321 0.1954 -0.8238
vn -0.5567 -0.6523 -0.5144
vn -0.6569 0.7197 -0.2247
vn 0.6532 0.3513 -0.6707
vn -0.5527 -0.6568 -0.5129
vn 0.6079 0.2911 -0.7387
vn 0.5527 0.6568 0.5129
vn -0.5540 -0.6554 -0.5134
vn -0.6566 0.7198 -0.2251
vn 0.5540 0.6554 0.5134
vn -0.5514 -0.6584 -0.5124
vn 0.6400 -0.7200 0.2684
vn 0.6401 -0.7199 0.2684
vn 0.5513 0.6585 0.5123
vn 0.6400 -0.7199 0.2684
vn -0.5511 -0.6586 -0.5123
vn -0.5322 -0.1952 0.8238
vn -0.5510 -0.6588 -0.5122
vn -0.3787 -0.0262 0.9251
vn -0.5389 -0.6702 -0.5103
vn -0.4156 -0.1311 0.9001
vn 0.5388 0.6703 0.5103
vn -0.5380 -0.6712 -0.5100
vn 0.6568 -0.7197 0.2249
vn -0.7217 0.6607 -0.2065
vn -0.7219 0.6605 -0.2064
vn -0.7217 0.6606 -0.2065
vn 0.6567 -0.7198 0.2250
vn 0.5379 0.6712 0.5100
vn -0.7218 0.6606 -0.2065
vn -0.5398 -0.6693 -0.5106
vn 0.6569 -0.7197 0.2248
vn 0.6569 -0.7197 0.2249
vn 0.5396 0.6695 0.5105
vn -0.5399 -0.6691 -0.5106
vn 0.5015 0.2328 -0.8333
vn -0.5400 -0.6690 -0.5107
vn -0.7218 0.6605 -0.2065
vn 0.6192 0.3917 -0.6805
vn -0.5368 -0.6724 -0.5097
vn 0.5757 0.3299 -0.7482
vn 0.5367 0.6725 0.5096
vn -0.5378 -0.6713 -0.5100
vn -0.7217 0.6607 -0.2066
vn -0.7215 0.6609 -0.2067
vn -0.7216 0.6608 -0.2066
vn 0.6568 -0.7198 0.2250
vn 0.5378 0.6714 0.5100
vn -0.5356 -0.6736 -0.5093
vn 0.5352 0.6740 0.5092
vn 0.6566 -0.7198 0.2251
vn -0.5354 -0.6738 -0.5092
vn -0.5023 -0.2320 0.8330
vn -0.5352 -0.6740 -0.5092
vn -0.7214 0.6609 -0.2068
vn -0.3536 -0.0580 0.9336
vn -0.4502 -0.7488 -0.4865
vn -0.3751 -0.1715 0.9110
vn 0.4501 0.7488 0.4864
vn -0.4489 -0.7498 -0.4861
vn 0.7217 -0.6606 0.2065
vn -0.8256 0.5222 -0.2140
vn -0.8258 0.5218 -0.2138
vn -0.8257 0.5220 -0.2139
vn 0.7217 -0.6607 0.2065
vn 0.4488 0.7498 0.4861
vn -0.8258 0.5219 -0.2138
vn -0.4514 -0.7479 -0.4868
vn 0.7218 -0.6606 0.2065
vn 0.7219 -0.6605 0.2064
vn 0.4512 0.7480 0.4867
vn 0.7219 -0.6605 0.2065
vn -0.4516 -0.7477 -0.4868
vn 0.4474 0.2857 -0.8475
vn -0.4517 -0.7476 -0.4869
vn -0.8258 0.5218 -0.2139
vn 0.5448 0.4624 -0.6996
vn -0.4472 -0.7511 -0.4857
vn 0.5079 0.3947 -0.7657
vn 0.4471 0.7511 0.4856
vn -0.4487 -0.7499 -0.4861
vn 0.7216 -0.6608 0.2066
vn -0.8256 0.5222 -0.2139
vn -0.8253 0.5225 -0.2140
vn -0.8255 0.5223 -0.2140
vn 0.7217 -0.6607 0.2066
vn 0.4486 0.7500 0.4860
vn -0.8254 0.5225 -0.2140
vn -0.4454 -0.7525 -0.4852
vn 0.7215 -0.6609 0.2068
vn 0.7214 -0.6609 0.2068
vn 0.4452 0.7527 0.4851
vn 0.7215 -0.6609 0.2067
vn -0.4451 -0.7527 -0.4851
vn -0.4471 -0.2859 0.8476
vn -0.4448 -0.7529 -0.4850
vn -0.3225 -0.0902 0.9423
vn -0.3096 -0.8368 -0.4517
vn -0.3333 -0.2008 0.9212
vn 0.3092 0.8369 0.4516
vn -0.3088 -0.8372 -0.4515
vn 0.8257 -0.5220 0.2139
vn -0.9177 0.3227 -0.2318
vn -0.9178 0.3223 -0.2317
vn -0.9178 0.3225 -0.2318
vn 0.8256 -0.5222 0.2139
vn 0.3084 0.8373 0.4514
vn -0.3103 -0.8364 -0.4519
vn 0.8258 -0.5219 0.2138
vn 0.8258 -0.5218 0.2139
vn 0.3095 0.8368 0.4517
vn 0.8258 -0.5218 0.2138
vn -0.3104 -0.8363 -0.4519
vn 0.3839 0.3289 -0.8628
vn -0.3105 -0.8363 -0.4519
vn -0.9179 0.3222 -0.2316
vn 0.4481 0.5265 -0.7225
vn -0.3077 -0.8377 -0.4512
vn 0.4253 0.4498 -0.7853
vn 0.3073 0.8379 0.4511
vn -0.3086 -0.8372 -0.4514
vn 0.8255 -0.5223 0.2140
vn -0.9176 0.3227 -0.2319
vn -0.9175 0.3231 -0.2319
vn -0.9176 0.3229 -0.2319
vn 0.3083 0.8374 0.4514
vn -0.9175 0.3231 -0.2320
vn -0.3065 -0.8383 -0.4509
vn 0.8254 -0.5225 0.2140
vn 0.8253 -0.5226 0.2141
vn 0.3055 0.8388 0.4507
vn 0.8253 -0.5225 0.2140
vn -0.3063 -0.8384 -0.4508
vn -0.3849 -0.3284 0.8625
vn -0.3061 -0.8385 -0.4508
vn -0.2965 -0.1097 0.9487
vn -0.1037 -0.9095 -0.4025
vn -0.2937 -0.2165 0.9310
vn 0.1037 0.9095 0.4026
vn -0.1010 -0.9101 -0.4018
vn 0.9178 -0.3225 0.2318
vn -0.9508 0.1255 -0.2833
vn -0.9508 0.1252 -0.2834
vn -0.9508 0.1254 -0.2834
vn 0.9177 -0.3227 0.2319
vn 0.1012 0.9101 0.4018
vn -0.9508 0.1252 -0.2835
vn -0.1062 -0.9089 -0.4033
vn 0.9178 -0.3223 0.2317
vn 0.9179 -0.3222 0.2316
vn 0.1065 0.9088 0.4033
vn 0.9179 -0.3223 0.2317
vn -0.1066 -0.9088 -0.4034
vn 0.3132 0.3560 -0.8804
vn -0.1070 -0.9087 -0.4035
vn -0.9508 0.1251 -0.2834
vn 0.3297 0.5709 -0.7519
vn -0.0978 -0.9109 -0.4009
vn 0.3222 0.4882 -0.8111
vn 0.0981 0.9108 0.4010
vn -0.1007 -0.9102 -0.4017
vn 0.9176 -0.3229 0.2319
vn -0.9508 0.1259 -0.2830
vn -0.9508 0.1257 -0.2832
vn 0.9176 -0.3227 0.2319
vn 0.1008 0.9102 0.4017
vn -0.9508 0.1259 -0.2832
vn -0.0948 -0.9116 -0.4000
vn 0.9175 -0.3231 0.2320
vn 0.0953 0.9115 0.4002
vn 0.9175 -0.3231 0.2319
vn -0.0942 -0.9117 -0.3999
vn -0.3115 -0.3564 0.8809
vn -0.0938 -0.9118 -0.3998
vn -0.2782 -0.1181 0.9532
vn 0.0838 -0.9330 -0.3499
vn -0.3256 -0.2139 0.9210
vn -0.0838 0.9330 0.3499
vn 0.0861 -0.9331 -0.3491
vn 0.9508 -0.1254 0.2834
vn -0.9283 -0.0516 -0.3683
vn -0.9282 -0.0518 -0.3684
vn -0.9282 -0.0517 -0.3684
vn 0.9508 -0.1255 0.2833
vn -0.0861 0.9331 0.3491
vn 0.0813 -0.9329 -0.3508
vn 0.9508 -0.1253 0.2835
vn 0.9508 -0.1252 0.2835
vn -0.0813 0.9329 0.3508
vn 0.9508 -0.1252 0.2834
vn 0.0809 -0.9329 -0.3509
vn 0.3175 0.3570 -0.8785
vn 0.0805 -0.9329 -0.3511
vn 0.2870 0.5782 -0.7637
vn 0.0887 -0.9332 -0.3482
vn 0.3001 0.4923 -0.8171
vn -0.0886 0.9332 0.3483
vn 0.0864 -0.9331 -0.3490
vn 0.9508 -0.1257 0.2832
vn -0.9283 -0.0515 -0.3683
vn -0.9283 -0.0513 -0.3683
vn -0.9283 -0.0514 -0.3683
vn -0.0864 0.9331 0.3490
vn 0.0909 -0.9333 -0.3474
vn 0.9508 -0.1259 0.2832
vn 0.9508 -0.1259 0.2830
vn -0.0907 0.9333 0.3475
vn 0.9508 -0.1259 0.2831
vn 0.0913 -0.9333 -0.3473
vn -0.3175 -0.3570 0.8785
vn 0.0916 -0.9333 -0.3472
vn -0.9283 -0.0513 -0.3682
vn -0.3297 -0.1133 0.9372
vn 0.2490 -0.9247 -0.2879
vn -0.3547 -0.2185 0.9091
vn -0.2489 0.9248 0.2879
vn 0.2507 -0.9245 -0.2871
vn 0.9282 0.0517 0.3684
vn -0.9015 -0.1947 -0.3865
vn -0.9015 -0.1950 -0.3863
vn -0.9015 -0.1948 -0.3864
vn 0.9283 0.0516 0.3683
vn -0.2506 0.9245 0.2872
vn 0.2473 -0.9250 -0.2886
vn 0.9282 0.0518 0.3684
vn 0.9282 0.0519 0.3683
vn -0.2470 0.9250 0.2887
vn 0.2470 -0.9250 -0.2887
vn 0.3219 0.3602 -0.8756
vn 0.2468 -0.9250 -0.2888
vn 0.2500 0.5786 -0.7764
vn 0.2528 -0.9242 -0.2863
vn 0.2806 0.4937 -0.8231
vn -0.2526 0.9242 0.2863
vn 0.2510 -0.9245 -0.2870
vn 0.9283 0.0514 0.3683
vn -0.9016 -0.1945 -0.3865
vn -0.9015 -0.1946 -0.3865
vn 0.9282 0.0515 0.3684
vn -0.2509 0.9245 0.2871
vn -0.9015 -0.1945 -0.3865
vn 0.2547 -0.9239 -0.2854
vn 0.9283 0.0513 0.3683
vn 0.9283 0.0512 0.3683
vn -0.2544 0.9240 0.2856
vn 0.2551 -0.9239 -0.2853
vn -0.3227 -0.3603 0.8752
vn 0.2554 -0.9238 -0.2852
vn -0.9015 -0.1944 -0.3865
vn -0.3755 -0.1194 0.9191
vn 0.3590 -0.9010 -0.2435
vn -0.3132 -0.2127 0.9255
vn -0.3589 0.9011 0.2435
vn 0.3606 -0.9006 -0.2428
vn 0.9015 0.1949 0.3864
vn -0.8917 -0.3191 -0.3209
vn -0.8918 -0.3194 -0.3205
vn -0.8918 -0.3192 -0.3207
vn 0.9015 0.1947 0.3865
vn -0.3605 0.9006 0.2428
vn -0.8918 -0.3193 -0.3207
vn 0.3575 -0.9015 -0.2440
vn 0.9015 0.1950 0.3864
vn -0.3573 0.9015 0.2441
vn 0.9015 0.1950 0.3863
vn 0.3573 -0.9015 -0.2441
vn 0.2631 0.3504 -0.8989
vn 0.3571 -0.9016 -0.2442
vn 0.1659 0.5625 -0.8099
vn 0.3628 -0.8999 -0.2419
vn 0.2083 0.4805 -0.8519
vn -0.3627 0.8999 0.2420
vn 0.3608 -0.9005 -0.2427
vn 0.9015 0.1946 0.3865
vn -0.8917 -0.3188 -0.3213
vn -0.8917 -0.3189 -0.3211
vn -0.3608 0.9005 0.2427
vn -0.8917 -0.3188 -0.3214
vn 0.3652 -0.8992 -0.2410
vn 0.9016 0.1945 0.3865
vn 0.9016 0.1945 0.3864
vn -0.3651 0.8992 0.2410
vn 0.3656 -0.8991 -0.2408
vn -0.2663 -0.3513 0.8976
vn 0.3660 -0.8990 -0.2407
vn -0.3483 -0.1174 0.9300
vn 0.4276 -0.8765 -0.2214
vn -0.1911 -0.1717 0.9664
vn -0.4275 0.8765 0.2214
vn 0.4291 -0.8758 -0.2210
vn 0.8918 0.3192 0.3208
vn -0.8934 -0.4265 -0.1412
vn -0.8934 -0.4267 -0.1404
vn -0.8934 -0.4266 -0.1408
vn 0.8917 0.3191 0.3209
vn -0.4291 0.8758 0.2210
vn -0.8934 -0.4268 -0.1404
vn 0.4263 -0.8770 -0.2217
vn 0.8918 0.3193 0.3206
vn 0.8918 0.3194 0.3206
vn -0.4262 0.8770 0.2217
vn 0.8918 0.3194 0.3205
vn 0.4261 -0.8771 -0.2218
vn 0.1293 0.3045 -0.9437
vn 0.4260 -0.8771 -0.2218
vn -0.8934 -0.4268 -0.1402
vn 0.0199 0.5111 -0.8593
vn 0.4316 -0.8747 -0.2203
vn 0.0722 0.4336 -0.8982
vn -0.4315 0.8748 0.2203
vn 0.4294 -0.8757 -0.2209
vn 0.8917 0.3189 0.3211
vn -0.8934 -0.4265 -0.1413
vn -0.8934 -0.4262 -0.1421
vn -0.8934 -0.4264 -0.1417
vn -0.4293 0.8757 0.2209
vn 0.4348 -0.8734 -0.2195
vn 0.8917 0.3188 0.3214
vn -0.4350 0.8733 0.2194
vn 0.8917 0.3188 0.3213
vn 0.4356 -0.8730 -0.2193
vn -0.1401 -0.3090 0.9407
vn 0.4361 -0.8728 -0.2191
vn -0.8934 -0.4262 -0.1422
vn -0.2428 -0.0838 0.9665
vn 0.4489 -0.8659 -0.2208
vn 0.0481 -0.0594 0.9971
vn -0.4489 0.8659 0.2208
vn 0.4508 -0.8649 -0.2208
vn 0.8934 0.4266 0.1408
vn -0.8550 -0.4817 0.1922
vn -0.8547 -0.4817 0.1935
vn -0.8549 -0.4817 0.1929
vn 0.8934 0.4265 0.1413
vn -0.4508 0.8649 0.2208
vn 0.4476 -0.8666 -0.2207
vn 0.8934 0.4268 0.1403
vn 0.8934 0.4268 0.1402
vn -0.4475 0.8666 0.2207
vn 0.8934 0.4268 0.1404
vn 0.4474 -0.8666 -0.2207
vn -0.1154 0.1880 -0.9754
vn 0.4473 -0.8667 -0.2207
vn -0.8547 -0.4817 0.1936
vn -0.2213 0.3942 -0.8920
vn 0.4543 -0.8630 -0.2209
vn -0.1648 0.3204 -0.9328
vn -0.4543 0.8630 0.2209
vn 0.4511 -0.8647 -0.2208
vn 0.8934 0.4264 0.1417
vn -0.8554 -0.4816 0.1909
vn -0.8552 -0.4816 0.1916
vn -0.4511 0.8647 0.2208
vn -0.8553 -0.4816 0.1910
vn 0.4606 -0.8596 -0.2210
vn 0.8934 0.4262 0.1421
vn -0.4619 0.8590 0.2211
vn 0.4624 -0.8586 -0.2211
vn 0.0926 -0.1996 0.9755
vn 0.4639 -0.8578 -0.2211
vn -0.8554 -0.4816 0.1908
vn -0.0228 0.0165 0.9996
vn 0.4124 -0.8853 -0.2151
vn 0.3785 0.1238 0.9173
vn -0.4123 0.8853 0.2151
vn 0.4135 -0.8846 -0.2157
vn 0.8549 0.4817 -0.1929
vn -0.6948 -0.4374 0.5709
vn -0.6940 -0.4372 0.5720
vn -0.6945 -0.4373 0.5714
vn 0.8550 0.4817 -0.1923
vn -0.4135 0.8846 0.2157
vn -0.6941 -0.4372 0.5719
vn 0.4116 -0.8857 -0.2148
vn 0.8547 0.4817 -0.1935
vn 0.8546 0.4818 -0.1938
vn -0.4115 0.8858 0.2147
vn 0.4115 -0.8858 -0.2147
vn -0.4432 0.0051 -0.8964
vn 0.4114 -0.8858 -0.2147
vn -0.6939 -0.4372 0.5722
vn -0.5309 0.2204 -0.8183
vn 0.4159 -0.8832 -0.2169
vn -0.4988 0.1339 -0.8563
vn -0.4159 0.8832 0.2169
vn 0.4137 -0.8845 -0.2158
vn 0.8552 0.4816 -0.1916
vn -0.6949 -0.4374 0.5708
vn -0.6957 -0.4375 0.5697
vn -0.6953 -0.4374 0.5703
vn 0.8550 0.4816 -0.1921
vn -0.4137 0.8845 0.2158
vn 0.4210 -0.8801 -0.2194
vn 0.8553 0.4816 -0.1909
vn 0.8554 0.4816 -0.1907
vn -0.4222 0.8794 0.2200
vn 0.8554 0.4816 -0.1909
vn 0.4227 -0.8791 -0.2202
vn 0.4401 -0.0069 0.8979
vn 0.4242 -0.8782 -0.2209
vn -0.6958 -0.4375 0.5696
vn 0.3248 0.2073 0.9228
vn 0.3929 -0.8975 -0.2001
vn 0.6473 0.2869 0.7062
vn -0.3929 0.8975 0.2001
vn 0.3926 -0.8978 -0.1997
vn 0.6945 0.4373 -0.5714
vn -0.4409 -0.4030 0.8020
vn -0.4399 -0.4028 0.8026
vn -0.4404 -0.4029 0.8023
vn 0.6949 0.4374 -0.5708
vn -0.3926 0.8977 0.1997
vn -0.4400 -0.4028 0.8026
vn 0.3931 -0.8974 -0.2003
vn 0.6941 0.4372 -0.5719
vn 0.6939 0.4372 -0.5722
vn -0.3932 0.8974 0.2004
vn 0.6940 0.4372 -0.5720
vn 0.3932 -0.8974 -0.2003
vn -0.7120 -0.1570 -0.6844
vn 0.3932 -0.8974 -0.2004
vn -0.7865 0.0669 -0.6140
vn 0.3921 -0.8981 -0.1990
vn -0.7630 -0.0250 -0.6459
vn -0.3921 0.8981 0.1991
vn 0.3926 -0.8978 -0.1996
vn 0.6953 0.4374 -0.5703
vn -0.4418 -0.4031 0.8014
vn -0.4413 -0.4030 0.8018
vn -0.3926 0.8978 0.1997
vn -0.4417 -0.4031 0.8015
vn 0.3911 -0.8989 -0.1978
vn 0.6957 0.4375 -0.5697
vn 0.6958 0.4375 -0.5696
vn -0.3910 0.8989 0.1978
vn 0.6957 0.4375 -0.5696
vn 0.3908 -0.8991 -0.1975
vn 0.7133 0.1580 0.6828
vn 0.3905 -0.8992 -0.1972
vn 0.5973 0.3739 0.7095
vn 0.4181 -0.8745 -0.2457
vn 0.7958 0.4171 0.4390
vn -0.4181 0.8745 0.2458
vn 0.4182 -0.8744 -0.2460
vn 0.4404 0.4029 -0.8023
vn -0.0954 -0.3534 0.9306
vn -0.0943 -0.3530 0.9309
vn -0.0949 -0.3532 0.9307
vn 0.4408 0.4030 -0.8021
vn -0.4182 0.8744 0.2461
vn -0.0942 -0.3530 0.9309
vn 0.4181 -0.8746 -0.2455
vn 0.4400 0.4028 -0.8026
vn 0.4399 0.4028 -0.8026
vn -0.4181 0.8746 0.2456
vn -0.8656 -0.2923 -0.4067
vn -0.0940 -0.3529 0.9309
vn -0.9401 -0.0699 -0.3337
vn 0.4184 -0.8741 -0.2467
vn -0.9104 -0.1531 -0.3843
vn -0.4184 0.8741 0.2467
vn 0.4182 -0.8744 -0.2461
vn 0.4413 0.4030 -0.8018
vn -0.0956 -0.3534 0.9306
vn -0.0967 -0.3538 0.9303
vn -0.0961 -0.3535 0.9305
vn 0.4409 0.4030 -0.8020
vn -0.0967 -0.3537 0.9303
vn 0.4188 -0.8736 -0.2479
vn 0.4417 0.4031 -0.8015
vn 0.4418 0.4032 -0.8014
vn -0.4189 0.8734 0.2483
vn 0.4418 0.4031 -0.8014
vn 0.4189 -0.8734 -0.2483
vn 0.8563 0.2800 0.4340
vn 0.4190 -0.8732 -0.2487
vn -0.0968 -0.3538 0.9303
vn 0.7301 0.4864 0.4799
vn 0.4235 -0.8508 -0.3110
vn 0.8335 0.5393 0.1197
vn -0.4235 0.8508 0.3110
vn 0.4234 -0.8502 -0.3128
vn 0.0949 0.3532 -0.9307
vn 0.1954 -0.2742 0.9416
vn 0.1960 -0.2740 0.9416
vn 0.1956 -0.2741 0.9416
vn 0.0955 0.3534 -0.9306
vn -0.4234 0.8502 0.3128
vn 0.1958 -0.2740 0.9416
vn 0.4235 -0.8513 -0.3098
vn 0.0943 0.3530 -0.9308
vn 0.0940 0.3529 -0.9309
vn -0.4236 0.8513 0.3096
vn 0.0943 0.3530 -0.9309
vn 0.4236 -0.8513 -0.3096
vn -0.9052 -0.4182 -0.0758
vn 0.4236 -0.8514 -0.3095
vn 0.1961 -0.2739 0.9416
vn -0.9805 -0.1964 0.0026
vn 0.4232 -0.8491 -0.3160
vn -0.9551 -0.2962 -0.0058
vn -0.4232 0.8491 0.3160
vn 0.4234 -0.8501 -0.3131
vn 0.0961 0.3535 -0.9305
vn 0.1953 -0.2743 0.9416
vn 0.1948 -0.2745 0.9417
vn 0.1951 -0.2744 0.9416
vn 0.0956 0.3534 -0.9306
vn -0.4234 0.8501 0.3131
vn 0.4229 -0.8473 -0.3213
vn 0.0967 0.3537 -0.9303
vn 0.0968 0.3538 -0.9303
vn -0.4229 0.8471 0.3218
vn 0.4229 -0.8468 -0.3227
vn 0.9028 0.4275 0.0468
vn 0.4228 -0.8464 -0.3238
vn 0.1947 -0.2745 0.9417
vn 0.7725 0.6224 0.1256
vn 0.4141 -0.8420 -0.3457
vn 0.7912 0.6037 -0.0975
vn -0.4141 0.8420 0.3457
vn 0.4137 -0.8416 -0.3473
vn -0.1956 0.2741 -0.9416
vn 0.3529 -0.2097 0.9119
vn 0.3532 -0.2095 0.9118
vn 0.3531 -0.2096 0.9118
vn -0.1953 0.2743 -0.9416
vn -0.4137 0.8416 0.3473
vn 0.4145 -0.8423 -0.3444
vn -0.1958 0.2740 -0.9416
vn -0.1959 0.2740 -0.9416
vn -0.4146 0.8424 0.3443
vn -0.1960 0.2740 -0.9416
vn 0.4146 -0.8424 -0.3442
vn -0.8622 -0.4842 0.1492
vn 0.4146 -0.8424 -0.3441
vn 0.3532 -0.2096 0.9118
vn -0.9376 -0.2611 0.2297
vn 0.4130 -0.8410 -0.3496
vn -0.9091 -0.3579 0.2132
vn -0.4130 0.8410 0.3496
vn 0.4136 -0.8415 -0.3475
vn -0.1951 0.2744 -0.9416
vn 0.3526 -0.2099 0.9119
vn 0.3528 -0.2098 0.9119
vn -0.4136 0.8415 0.3475
vn 0.4121 -0.8402 -0.3525
vn -0.1948 0.2745 -0.9416
vn -0.1947 0.2745 -0.9417
vn -0.4120 0.8401 0.3528
vn -0.1948 0.2745 -0.9417
vn 0.4119 -0.8400 -0.3531
vn 0.8570 0.4881 -0.1651
vn 0.4118 -0.8399 -0.3536
vn 0.7291 0.6806 -0.0728
vn 0.4090 -0.8411 -0.3540
vn 0.7497 0.6283 -0.2077
vn -0.4090 0.8411 0.3540
vn 0.4085 -0.8408 -0.3553
vn -0.3531 0.2096 -0.9118
vn 0.4242 -0.1666 0.8901
vn 0.4244 -0.1665 0.8901
vn 0.4243 -0.1665 0.8901
vn -0.3529 0.2097 -0.9119
vn -0.4085 0.8408 0.3553
vn 0.4095 -0.8413 -0.3529
vn -0.3532 0.2096 -0.9118
vn -0.3533 0.2095 -0.9118
vn -0.4095 0.8413 0.3528
vn 0.4096 -0.8413 -0.3527
vn -0.8198 -0.5091 0.2624
vn 0.4096 -0.8414 -0.3526
vn 0.4244 -0.1664 0.8900
vn -0.8956 -0.2849 0.3418
vn 0.4078 -0.8404 -0.3570
vn -0.8690 -0.3797 0.3171
vn -0.4078 0.8404 0.3570
vn 0.4084 -0.8407 -0.3555
vn -0.3528 0.2098 -0.9119
vn -0.4084 0.8407 0.3555
vn 0.4241 -0.1666 0.8901
vn 0.4070 -0.8401 -0.3587
vn -0.3526 0.2099 -0.9119
vn -0.4069 0.8400 0.3589
vn 0.4069 -0.8400 -0.3590
vn 0.8176 0.5100 -0.2671
vn 0.4068 -0.8399 -0.3593
vn 0.4241 -0.1667 0.8901
vn 0.6914 0.7022 -0.1701
vn 0.4106 -0.8432 -0.3471
vn 0.7271 0.6363 -0.2576
vn -0.4106 0.8432 0.3471
vn 0.4101 -0.8429 -0.3483
vn -0.4243 0.1665 -0.8901
vn 0.4408 -0.1396 0.8867
vn 0.4407 -0.1395 0.8867
vn 0.4408 -0.1395 0.8867
vn -0.4242 0.1666 -0.8901
vn -0.4100 0.8430 0.3483
vn 0.4112 -0.8434 -0.3459
vn -0.4112 0.8434 0.3458
vn -0.4244 0.1665 -0.8901
vn 0.4113 -0.8434 -0.3457
vn -0.7972 -0.5168 0.3121
vn 0.4113 -0.8434 -0.3456
vn 0.4407 -0.1396 0.8867
vn -0.8741 -0.2917 0.3883
vn 0.4094 -0.8427 -0.3497
vn -0.8483 -0.3863 0.3621
vn -0.4094 0.8427 0.3497
vn 0.4100 -0.8429 -0.3484
vn 0.4409 -0.1396 0.8867
vn -0.4100 0.8429 0.3484
vn 0.4087 -0.8425 -0.3510
vn -0.4086 0.8424 0.3512
vn 0.4086 -0.8424 -0.3512
vn 0.7966 0.5170 -0.3133
vn 0.4085 -0.8424 -0.3514
vn 0.6703 0.7097 -0.2167
vn 0.4188 -0.8470 -0.3275
vn 0.7244 0.6360 -0.2660
vn -0.4188 0.8470 0.3275
vn 0.4182 -0.8468 -0.3286
vn -0.4408 0.1395 -0.8867
vn 0.4121 -0.1245 0.9026
vn 0.4120 -0.1245 0.9026
vn -0.4408 0.1396 -0.8867
vn -0.4182 0.8468 0.3286
vn 0.4194 -0.8472 -0.3262
vn -0.4407 0.1395 -0.8867
vn -0.4194 0.8472 0.3261
vn 0.4195 -0.8472 -0.3260
vn -0.7955 -0.5160 0.3177
vn 0.4195 -0.8472 -0.3259
vn -0.8745 -0.2898 0.3888
vn 0.4176 -0.8466 -0.3299
vn -0.8488 -0.3845 0.3628
vn -0.4176 0.8466 0.3299
vn 0.4182 -0.8468 -0.3288
vn 0.4122 -0.1245 0.9026
vn 0.4124 -0.1244 0.9025
vn 0.4123 -0.1245 0.9025
vn -0.4182 0.8468 0.3288
vn 0.4124 -0.1245 0.9025
vn 0.4171 -0.8465 -0.3310
vn -0.4170 0.8464 0.3311
vn -0.4409 0.1396 -0.8867
vn 0.4170 -0.8464 -0.3312
vn 0.7959 0.5158 -0.3169
vn 0.4169 -0.8464 -0.3313
vn 0.4125 -0.1244 0.9024
vn 0.6676 0.7096 -0.2251
vn 0.4333 -0.8525 -0.2924
vn 0.7406 0.6297 -0.2342
vn -0.4333 0.8525 0.2924
vn 0.4329 -0.8524 -0.2934
vn -0.4121 0.1245 -0.9026
vn 0.3303 -0.1195 0.9363
vn 0.3299 -0.1196 0.9364
vn 0.3301 -0.1195 0.9363
vn -0.4329 0.8524 0.2934
vn 0.4338 -0.8527 -0.2911
vn -0.4120 0.1245 -0.9026
vn -0.4119 0.1245 -0.9027
vn -0.4339 0.8527 0.2910
vn 0.4339 -0.8527 -0.2909
vn -0.8139 -0.5088 0.2805
vn 0.4340 -0.8527 -0.2907
vn -0.8957 -0.2816 0.3441
vn 0.4325 -0.8522 -0.2945
vn -0.8703 -0.3762 0.3178
vn -0.4324 0.8522 0.2945
vn 0.4328 -0.8523 -0.2936
vn -0.4123 0.1244 -0.9025
vn 0.3304 -0.1195 0.9363
vn 0.3308 -0.1194 0.9361
vn 0.3306 -0.1194 0.9362
vn -0.4122 0.1245 -0.9025
vn -0.4328 0.8523 0.2936
vn 0.4321 -0.8521 -0.2954
vn -0.4124 0.1244 -0.9025
vn -0.4125 0.1244 -0.9024
vn -0.4320 0.8521 0.2955
vn 0.4321 -0.8521 -0.2955
vn 0.8156 0.5083 -0.2764
vn 0.4320 -0.8521 -0.2956
vn 0.3309 -0.1193 0.9361
vn 0.6832 0.7038 -0.1949
vn 0.4529 -0.8605 -0.2334
vn 0.7733 0.6163 -0.1489
vn -0.4529 0.8605 0.2335
vn 0.4527 -0.8604 -0.2342
vn -0.3301 0.1195 -0.9363
vn 0.1696 -0.1241 0.9777
vn 0.1689 -0.1243 0.9778
vn 0.1693 -0.1242 0.9777
vn -0.3303 0.1195 -0.9363
vn -0.4527 0.8603 0.2342
vn 0.1690 -0.1243 0.9778
vn 0.4532 -0.8606 -0.2323
vn -0.3299 0.1196 -0.9364
vn -0.4532 0.8606 0.2323
vn 0.4533 -0.8606 -0.2321
vn -0.8493 -0.4940 0.1862
vn 0.4533 -0.8607 -0.2319
vn 0.1688 -0.1243 0.9778
vn -0.9341 -0.2657 0.2384
vn 0.4525 -0.8603 -0.2349
vn -0.9094 -0.3598 0.2086
vn -0.4525 0.8603 0.2350
vn 0.4527 -0.8603 -0.2343
vn -0.3306 0.1194 -0.9362
vn 0.1704 -0.1239 0.9776
vn 0.1700 -0.1240 0.9776
vn -0.4527 0.8603 0.2343
vn 0.1703 -0.1239 0.9776
vn 0.4524 -0.8602 -0.2354
vn -0.3307 0.1194 -0.9361
vn -0.3308 0.1194 -0.9361
vn -0.4523 0.8602 0.2356
vn 0.4524 -0.8602 -0.2355
vn 0.8524 0.4927 -0.1748
vn 0.4523 -0.8602 -0.2356
vn 0.7144 0.6908 -0.1115
vn 0.4685 -0.8727 -0.1377
vn 0.8061 0.5915 0.0170
vn -0.4685 0.8727 0.1378
vn 0.4685 -0.8726 -0.1384
vn -0.1693 0.1242 -0.9777
vn -0.0933 -0.1353 0.9864
vn -0.0943 -0.1355 0.9863
vn -0.0937 -0.1354 0.9863
vn -0.1696 0.1241 -0.9777
vn -0.4685 0.8726 0.1385
vn -0.0942 -0.1355 0.9863
vn 0.4685 -0.8728 -0.1366
vn -0.1689 0.1243 -0.9778
vn -0.1688 0.1243 -0.9778
vn -0.4685 0.8728 0.1366
vn 0.4686 -0.8729 -0.1363
vn -0.8839 -0.4676 0.0066
vn 0.4686 -0.8729 -0.1360
vn -0.9704 -0.2378 0.0414
vn 0.4684 -0.8725 -0.1390
vn -0.9437 -0.3308 0.0061
vn -0.4684 0.8725 0.1391
vn 0.4685 -0.8726 -0.1385
vn -0.1700 0.1240 -0.9776
vn -0.0923 -0.1350 0.9865
vn -0.0928 -0.1352 0.9865
vn -0.4685 0.8726 0.1386
vn -0.0924 -0.1351 0.9865
vn 0.4684 -0.8724 -0.1393
vn -0.1704 0.1239 -0.9776
vn -0.1705 0.1238 -0.9775
vn -0.4684 0.8724 0.1396
vn 0.4684 -0.8724 -0.1394
vn 0.8852 0.4649 0.0157
vn -0.0921 -0.1350 0.9866
vn 0.7435 0.6669 0.0493
vn 0.4541 -0.8909 -0.0065
vn 0.7854 0.5523 0.2795
vn -0.4541 0.8909 0.0064
vn 0.4548 -0.8906 -0.0089
vn 0.0937 0.1354 -0.9863
vn -0.4111 -0.1431 0.9003
vn -0.4121 -0.1433 0.8998
vn -0.4116 -0.1432 0.9001
vn 0.0933 0.1353 -0.9864
vn -0.4548 0.8906 0.0089
vn -0.4120 -0.1433 0.8998
vn 0.4527 -0.8917 -0.0012
vn 0.0942 0.1355 -0.9863
vn 0.0944 0.1356 -0.9863
vn -0.4520 0.8920 -0.0012
vn 0.0943 0.1355 -0.9863
vn 0.4522 -0.8919 0.0005
vn -0.8606 -0.4252 -0.2802
vn 0.4518 -0.8921 0.0020
vn -0.4122 -0.1434 0.8998
vn -0.9433 -0.1926 -0.2703
vn 0.4552 -0.8903 -0.0105
vn -0.9147 -0.2879 -0.2838
vn -0.4552 0.8903 0.0105
vn 0.4548 -0.8905 -0.0091
vn 0.0928 0.1352 -0.9865
vn -0.4102 -0.1429 0.9008
vn -0.4106 -0.1430 0.9005
vn -0.4548 0.8905 0.0091
vn -0.4102 -0.1429 0.9007
vn 0.4555 -0.8902 -0.0114
vn 0.0923 0.1351 -0.9865
vn 0.0922 0.1350 -0.9865
vn -0.4555 0.8902 0.0116
vn 0.0923 0.1350 -0.9865
vn 0.4555 -0.8902 -0.0116
vn 0.8583 0.4238 0.2894
vn 0.4555 -0.8902 -0.0117
vn -0.4100 -0.1428 0.9009
vn 0.7218 0.6312 0.2838
vn 0.3941 -0.9116 0.1171
vn 0.6648 0.5081 0.5476
vn -0.3940 0.9116 -0.1172
vn 0.3960 -0.9111 0.1143
vn 0.4116 0.1432 -0.9001
vn -0.6871 -0.1385 0.7132
vn -0.6879 -0.1386 0.7125
vn -0.6875 -0.1385 0.7129
vn 0.4112 0.1431 -0.9003
vn -0.3959 0.9111 -0.1144
vn -0.6878 -0.1386 0.7126
vn 0.3897 -0.9126 0.1235
vn 0.4120 0.1433 -0.8998
vn 0.4121 0.1433 -0.8998
vn -0.3875 0.9131 -0.1266
vn 0.3882 -0.9130 0.1255
vn -0.7275 -0.3768 -0.5733
vn 0.3869 -0.9133 0.1274
vn -0.7984 -0.1405 -0.5855
vn 0.3972 -0.9108 0.1125
vn -0.7815 -0.2395 -0.5761
vn -0.3972 0.9108 -0.1125
vn 0.3962 -0.9111 0.1140
vn 0.4106 0.1430 -0.9005
vn -0.6871 -0.1384 0.7133
vn -0.6864 -0.1383 0.7140
vn -0.6868 -0.1384 0.7136
vn 0.4111 0.1431 -0.9003
vn -0.3961 0.9111 -0.1141
vn -0.6864 -0.1383 0.7139
vn 0.3979 -0.9106 0.1115
vn 0.4102 0.1429 -0.9007
vn 0.4101 0.1429 -0.9008
vn -0.3980 0.9106 -0.1114
vn 0.3980 -0.9106 0.1113
vn 0.7321 0.3780 0.5667
vn 0.3981 -0.9106 0.1112
vn 0.6135 0.5916 0.5232
vn 0.3044 -0.9301 0.2055
vn 0.4800 0.4698 0.7409
vn -0.3043 0.9301 -0.2056
vn 0.3064 -0.9298 0.2040
vn 0.6875 0.1385 -0.7129
vn -0.8757 -0.1195 0.4678
vn -0.8761 -0.1196 0.4670
vn -0.8759 -0.1196 0.4674
vn 0.6871 0.1384 -0.7132
vn -0.3064 0.9298 -0.2040
vn -0.8761 -0.1196 0.4671
vn 0.3001 -0.9308 0.2087
vn 0.6878 0.1386 -0.7125
vn 0.6879 0.1386 -0.7124
vn -0.2984 0.9310 -0.2100
vn 0.2989 -0.9310 0.2097
vn -0.5282 -0.3356 -0.7800
vn 0.2978 -0.9311 0.2105
vn -0.5844 -0.0961 -0.8058
vn 0.3078 -0.9296 0.2030
vn -0.5700 -0.1953 -0.7981
vn -0.3078 0.9296 -0.2030
vn 0.3066 -0.9298 0.2039
vn 0.6868 0.1384 -0.7136
vn -0.8753 -0.1194 0.4686
vn -0.8755 -0.1195 0.4682
vn 0.6871 0.1384 -0.7133
vn -0.3066 0.9298 -0.2039
vn 0.3086 -0.9294 0.2024
vn 0.6864 0.1383 -0.7140
vn 0.6863 0.1382 -0.7141
vn -0.3087 0.9294 -0.2023
vn 0.3087 -0.9294 0.2023
vn 0.5311 0.3361 0.7778
vn 0.3088 -0.9294 0.2022
vn -0.8752 -0.1194 0.4688
vn 0.4399 0.5556 0.7056
vn 0.1923 -0.9460 0.2609
vn 0.2414 0.4372 0.8664
vn -0.1921 0.9460 -0.2610
vn 0.1964 -0.9456 0.2594
vn 0.8759 0.1196 -0.4674
vn -0.9690 -0.0917 0.2293
vn -0.9692 -0.0917 0.2287
vn -0.9691 -0.0917 0.2290
vn 0.8757 0.1195 -0.4678
vn -0.1963 0.9456 -0.2595
vn -0.9692 -0.0918 0.2287
vn 0.1853 -0.9467 0.2635
vn 0.8761 0.1196 -0.4671
vn 0.8762 0.1196 -0.4669
vn -0.1826 0.9469 -0.2645
vn 0.8761 0.1196 -0.4670
vn 0.1835 -0.9469 0.2642
vn -0.2665 -0.2997 -0.9161
vn 0.1820 -0.9470 0.2647
vn -0.9692 -0.0918 0.2286
vn -0.3020 -0.0568 -0.9516
vn 0.1995 -0.9453 0.2583
vn -0.3181 -0.1598 -0.9345
vn -0.1994 0.9453 -0.2583
vn 0.1969 -0.9455 0.2593
vn 0.8755 0.1195 -0.4682
vn -0.9689 -0.0917 0.2299
vn -0.9690 -0.0917 0.2296
vn -0.1968 0.9455 -0.2593
vn -0.9689 -0.0917 0.2298
vn 0.2014 -0.9450 0.2576
vn 0.8753 0.1194 -0.4686
vn 0.8753 0.1194 -0.4687
vn -0.2014 0.9450 -0.2576
vn 0.2016 -0.9450 0.2575
vn 0.2927 0.3029 0.9070
vn 0.2018 -0.9450 0.2574
vn 0.2342 0.5274 0.8167
vn 0.1084 -0.9548 0.2768
vn 0.0807 0.4228 0.9026
vn -0.1083 0.9548 -0.2768
vn 0.1109 -0.9546 0.2764
vn 0.9691 0.0917 -0.2290
vn -0.9960 -0.0654 0.0605
vn -0.9960 -0.0654 0.0601
vn -0.9960 -0.0654 0.0603
vn 0.9690 0.0917 -0.2292
vn -0.1108 0.9546 -0.2764
vn -0.9960 -0.0654 0.0602
vn 0.1049 -0.9551 0.2772
vn 0.9692 0.0917 -0.2288
vn 0.9692 0.0917 -0.2287
vn -0.1040 0.9551 -0.2774
vn 0.1042 -0.9551 0.2773
vn -0.0957 -0.2842 -0.9540
vn 0.1036 -0.9551 0.2774
vn -0.1183 -0.0391 -0.9922
vn 0.1131 -0.9545 0.2761
vn -0.1214 -0.1404 -0.9826
vn -0.1130 0.9545 -0.2761
vn 0.1112 -0.9546 0.2764
vn 0.9690 0.0917 -0.2296
vn -0.9960 -0.0654 0.0604
vn -0.9960 -0.0654 0.0608
vn -0.9960 -0.0654 0.0606
vn 0.9690 0.0917 -0.2293
vn -0.1111 0.9546 -0.2764
vn 0.1146 -0.9543 0.2759
vn 0.9689 0.0917 -0.2299
vn -0.1147 0.9543 -0.2758
vn 0.1148 -0.9543 0.2758
vn 0.1061 0.2850 0.9526
vn 0.1150 -0.9543 0.2758
vn -0.9960 -0.0654 0.0609
vn 0.0745 0.5126 0.8554
vn 0.0502 -0.9593 0.2779
vn -0.0249 0.4155 0.9093
vn -0.0502 0.9593 -0.2779
vn 0.0518 -0.9592 0.2779
vn 0.9960 0.0654 -0.0603
vn -0.9981 -0.0436 -0.0441
vn -0.9981 -0.0436 -0.0445
vn -0.9981 -0.0436 -0.0443
vn 0.9960 0.0654 -0.0605
vn -0.0517 0.9592 -0.2779
vn 0.0484 -0.9594 0.2779
vn 0.9960 0.0654 -0.0601
vn 0.9960 0.0654 -0.0602
vn -0.0480 0.9594 -0.2779
vn 0.0480 -0.9594 0.2779
vn 0.0184 -0.2761 -0.9609
vn 0.0477 -0.9594 0.2779
vn 0.0058 -0.0299 -0.9995
vn 0.0532 -0.9591 0.2779
vn 0.0070 -0.1310 -0.9914
vn -0.0532 0.9591 -0.2779
vn 0.0519 -0.9592 0.2779
vn 0.9960 0.0654 -0.0606
vn -0.9981 -0.0436 -0.0438
vn -0.9981 -0.0436 -0.0440
vn -0.0519 0.9592 -0.2779
vn -0.9981 -0.0436 -0.0439
vn 0.0544 -0.9591 0.2779
vn 0.9960 0.0654 -0.0608
vn -0.0545 0.9591 -0.2779
vn 0.0546 -0.9591 0.2779
vn -0.0152 0.2763 0.9609
vn 0.0547 -0.9591 0.2779
vn -0.0282 0.5054 0.8624
vn 0.0036 -0.9617 0.2740
vn -0.0958 0.4116 0.9063
vn -0.0035 0.9617 -0.2740
vn 0.0051 -0.9617 0.2741
vn 0.9981 0.0436 0.0443
vn -0.9950 -0.0253 -0.0967
vn -0.9950 -0.0253 -0.0969
vn -0.9950 -0.0253 -0.0968
vn 0.9981 0.0436 0.0442
vn -0.0051 0.9617 -0.2741
vn 0.0019 -0.9618 0.2738
vn 0.9981 0.0436 0.0445
vn -0.0015 0.9618 -0.2738
vn 0.0016 -0.9618 0.2738
vn 0.0971 -0.2718 -0.9575
vn 0.0013 -0.9618 0.2738
vn 0.0935 -0.0249 -0.9953
vn 0.0067 -0.9616 0.2742
vn 0.0916 -0.1262 -0.9878
vn -0.0067 0.9616 -0.2742
vn 0.0053 -0.9617 0.2741
vn 0.9981 0.0436 0.0440
vn -0.9950 -0.0253 -0.0966
vn 0.9981 0.0436 0.0441
vn -0.0053 0.9617 -0.2741
vn 0.0081 -0.9616 0.2743
vn 0.9981 0.0436 0.0439
vn 0.9981 0.0436 0.0438
vn -0.0082 0.9616 -0.2743
vn 0.0083 -0.9616 0.2743
vn -0.0937 0.2719 0.9577
vn 0.0085 -0.9616 0.2743
vn -0.0928 0.5018 0.8600
vn -0.0195 -0.9627 0.2700
vn -0.1149 0.4101 0.9048
vn 0.0195 0.9627 -0.2700
vn -0.0182 -0.9627 0.2701
vn 0.9950 0.0253 0.0968
vn -0.9928 -0.0076 -0.1192
vn -0.9928 -0.0076 -0.1193
vn 0.9950 0.0253 0.0967
vn 0.0183 0.9627 -0.2701
vn -0.0208 -0.9627 0.2698
vn 0.9950 0.0253 0.0969
vn 0.0210 0.9627 -0.2698
vn -0.0211 -0.9627 0.2698
vn 0.1196 -0.2702 -0.9554
vn -0.0212 -0.9627 0.2698
vn 0.1209 -0.0231 -0.9924
vn -0.0169 -0.9626 0.2703
vn 0.1197 -0.1243 -0.9850
vn 0.0169 0.9626 -0.2703
vn -0.0181 -0.9627 0.2701
vn 0.0181 0.9627 -0.2701
vn -0.0156 -0.9626 0.2704
vn 0.9950 0.0253 0.0966
vn 0.0155 0.9626 -0.2704
vn -0.0154 -0.9626 0.2704
vn -0.1188 0.2702 0.9554
vn -0.0153 -0.9626 0.2704
vn -0.1111 0.5004 0.8586
vn -0.0366 -0.9632 0.2664
vn -0.1134 0.4089 0.9055
vn 0.0366 0.9632 -0.2664
vn -0.0354 -0.9632 0.2665
vn 0.9928 0.0076 0.1193
vn -0.9937 0.0111 -0.1113
vn -0.9937 0.0111 -0.1111
vn -0.9937 0.0111 -0.1112
vn 0.9928 0.0076 0.1192
vn 0.0354 0.9632 -0.2665
vn -0.0377 -0.9632 0.2663
vn 0.0379 0.9632 -0.2662
vn -0.0379 -0.9632 0.2662
vn 0.1205 -0.2689 -0.9556
vn -0.0381 -0.9632 0.2662
vn 0.1260 -0.0217 -0.9918
vn -0.0340 -0.9632 0.2667
vn 0.1243 -0.1229 -0.9846
vn 0.0340 0.9632 -0.2667
vn -0.0352 -0.9632 0.2666
vn -0.9937 0.0111 -0.1114
vn 0.0352 0.9632 -0.2666
vn -0.0328 -0.9632 0.2668
vn 0.0327 0.9632 -0.2669
vn -0.0326 -0.9632 0.2669
vn -0.1210 0.2689 0.9555
vn -0.0324 -0.9632 0.2669
vn -0.9937 0.0110 -0.1114
vn -0.1090 0.4993 0.8596
vn -0.0484 -0.9634 0.2636
vn -0.0848 0.4072 0.9094
vn 0.0484 0.9634 -0.2636
vn -0.0473 -0.9634 0.2637
vn 0.9937 -0.0111 0.1112
vn -0.9974 0.0333 -0.0635
vn -0.9974 0.0334 -0.0632
vn -0.9974 0.0334 -0.0633
vn 0.0473 0.9634 -0.2637
vn -0.0494 -0.9634 0.2636
vn 0.0496 0.9634 -0.2635
vn 0.9937 -0.0111 0.1111
vn -0.0496 -0.9634 0.2635
vn 0.0932 -0.2672 -0.9591
vn -0.0497 -0.9634 0.2635
vn 0.1024 -0.0202 -0.9945
vn -0.0460 -0.9635 0.2639
vn 0.1015 -0.1213 -0.9874
vn 0.0460 0.9635 -0.2639
vn -0.0472 -0.9634 0.2638
vn 0.9937 -0.0111 0.1113
vn -0.9974 0.0332 -0.0638
vn -0.9974 0.0332 -0.0637
vn 0.0472 0.9634 -0.2638
vn -0.0447 -0.9635 0.2640
vn 0.9937 -0.0110 0.1114
vn 0.0445 0.9635 -0.2640
vn 0.9937 -0.0111 0.1114
vn -0.0444 -0.9635 0.2640
vn -0.0965 0.2673 0.9588
vn -0.0442 -0.9635 0.2640
vn -0.9974 0.0332 -0.0639
vn -0.0822 0.4977 0.8635
vn -0.0531 -0.9636 0.2621
vn -0.0054 0.4028 0.9153
vn 0.0531 0.9636 -0.2621
vn -0.0522 -0.9636 0.2621
vn 0.9974 -0.0333 0.0633
vn -0.9964 0.0641 0.0554
vn -0.9964 0.0642 0.0562
vn -0.9964 0.0641 0.0557
vn 0.9974 -0.0333 0.0635
vn 0.0522 0.9636 -0.2621
vn -0.9964 0.0642 0.0561
vn -0.0539 -0.9635 0.2621
vn 0.9974 -0.0334 0.0632
vn 0.0539 0.9635 -0.2621
vn 0.9974 -0.0334 0.0631
vn -0.0540 -0.9635 0.2621
vn 0.0131 -0.2630 -0.9647
vn -0.0541 -0.9635 0.2621
vn -0.9964 0.0642 0.0559
vn 0.0259 -0.0164 -0.9995
vn -0.0510 -0.9637 0.2621
vn 0.0310 -0.1178 -0.9926
vn 0.0510 0.9637 -0.2621
vn -0.0521 -0.9636 0.2621
vn 0.9974 -0.0332 0.0636
vn -0.9965 0.0639 0.0546
vn -0.9964 0.0639 0.0550
vn 0.0521 0.9636 -0.2621
vn -0.0497 -0.9638 0.2621
vn 0.9974 -0.0332 0.0638
vn 0.9974 -0.0332 0.0639
vn 0.0495 0.9638 -0.2621
vn -0.0494 -0.9638 0.2621
vn -0.0259 0.2635 0.9643
vn -0.0492 -0.9638 0.2621
vn -0.9965 0.0638 0.0545
vn -0.0124 0.4937 0.8696
vn -0.0427 -0.9644 0.2608
vn 0.1881 0.3864 0.9029
vn 0.0427 0.9645 -0.2608
vn -0.0425 -0.9645 0.2607
vn 0.9964 -0.0641 -0.0557
vn -0.9374 0.1122 0.3296
vn -0.9369 0.1125 0.3311
vn -0.9372 0.1124 0.3303
vn 0.9964 -0.0640 -0.0554
vn 0.0425 0.9645 -0.2607
vn -0.9369 0.1125 0.3309
vn -0.0429 -0.9644 0.2608
vn 0.9964 -0.0642 -0.0561
vn 0.0429 0.9644 -0.2608
vn 0.9964 -0.0642 -0.0562
vn -0.1851 -0.2471 -0.9511
vn -0.1690 -0.0028 -0.9856
vn -0.0421 -0.9645 0.2607
vn -0.1388 -0.1060 -0.9846
vn 0.0421 0.9645 -0.2607
vn 0.9964 -0.0640 -0.0550
vn -0.9375 0.1122 0.3295
vn -0.9380 0.1119 0.3281
vn -0.9377 0.1121 0.3288
vn 0.9964 -0.0640 -0.0553
vn -0.9380 0.1120 0.3281
vn -0.0414 -0.9646 0.2605
vn 0.9965 -0.0639 -0.0546
vn 0.9965 -0.0638 -0.0545
vn 0.0412 0.9646 -0.2605
vn -0.0412 -0.9646 0.2605
vn 0.1351 0.2510 0.9585
vn -0.0411 -0.9646 0.2605
vn -0.9381 0.1119 0.3279
vn 0.1431 0.4797 0.8656
vn -0.0040 -0.9690 0.2471
vn 0.5638 0.3309 0.7567
vn 0.0040 0.9690 -0.2471
vn -0.0042 -0.9690 0.2472
vn 0.9372 -0.1124 -0.3303
vn -0.6328 0.1602 0.7576
vn -0.6311 0.1604 0.7589
vn -0.6320 0.1603 0.7582
vn 0.9374 -0.1122 -0.3295
vn 0.0042 0.9690 -0.2472
vn -0.6313 0.1604 0.7587
vn -0.0040 -0.9690 0.2470
vn 0.9369 -0.1125 -0.3310
vn 0.9369 -0.1125 -0.3311
vn 0.0039 0.9690 -0.2470
vn -0.0039 -0.9690 0.2470
vn -0.5693 -0.1934 -0.7990
vn -0.5509 0.0445 -0.8334
vn -0.0045 -0.9689 0.2474
vn -0.5008 -0.0625 -0.8633
vn 0.0044 0.9689 -0.2473
vn 0.9377 -0.1121 -0.3288
vn -0.6329 0.1602 0.7575
vn -0.6345 0.1600 0.7562
vn -0.6336 0.1601 0.7569
vn 0.9375 -0.1122 -0.3295
vn -0.6344 0.1600 0.7563
vn -0.0054 -0.9688 0.2480
vn 0.9380 -0.1120 -0.3282
vn 0.9380 -0.1119 -0.3279
vn 0.0052 0.9688 -0.2479
vn 0.9380 -0.1119 -0.3281
vn -0.0058 -0.9687 0.2483
vn 0.4255 0.2138 0.8794
vn -0.0064 -0.9686 0.2487
vn -0.6346 0.1600 0.7561
vn 0.4367 0.4357 0.7870
vn 0.0353 -0.9797 0.1973
vn 0.9008 0.2457 0.3581
vn -0.0353 0.9797 -0.1973
vn 0.0363 -0.9801 0.1951
vn 0.6320 -0.1603 -0.7582
vn -0.1911 0.1690 0.9669
vn -0.1897 0.1690 0.9672
vn -0.1905 0.1690 0.9670
vn 0.6328 -0.1602 -0.7576
vn -0.0363 0.9801 -0.1951
vn -0.1898 0.1690 0.9672
vn 0.0346 -0.9795 0.1987
vn 0.6313 -0.1604 -0.7588
vn 0.6311 -0.1604 -0.7589
vn -0.0346 0.9794 -0.1988
vn 0.0345 -0.9794 0.1988
vn -0.9139 -0.1057 -0.3920
vn 0.0345 -0.9794 0.1990
vn -0.8941 0.1332 -0.4277
vn 0.0389 -0.9811 0.1898
vn -0.9435 0.0527 -0.3271
vn -0.0389 0.9810 -0.1898
vn 0.0365 -0.9802 0.1947
vn 0.6336 -0.1601 -0.7569
vn -0.1913 0.1690 0.9669
vn -0.1926 0.1689 0.9666
vn -0.1919 0.1690 0.9668
vn 0.6328 -0.1602 -0.7575
vn -0.0365 0.9802 -0.1947
vn -0.1926 0.1690 0.9666
vn 0.0466 -0.9837 0.1737
vn 0.6344 -0.1600 -0.7563
vn 0.6346 -0.1600 -0.7561
vn -0.0479 0.9841 -0.1709
vn 0.6345 -0.1600 -0.7562
vn 0.0501 -0.9848 0.1663
vn 0.9714 0.0733 0.2257
vn 0.0540 -0.9859 0.1581
vn -0.1928 0.1689 0.9666
vn 0.9303 0.3092 0.1973
vn 0.0378 -0.9847 0.1701
vn 0.9827 0.1851 -0.0089
vn -0.0378 0.9847 -0.1701
vn 0.0379 -0.9849 0.1687
vn 0.1905 -0.1690 -0.9670
vn 0.0597 0.1770 0.9824
vn 0.0602 0.1770 0.9824
vn 0.0599 0.1770 0.9824
vn 0.1912 -0.1690 -0.9669
vn -0.0379 0.9849 -0.1687
vn 0.0377 -0.9845 0.1711
vn 0.1900 -0.1690 -0.9671
vn 0.1896 -0.1690 -0.9672
vn -0.0377 0.9845 -0.1712
vn 0.1898 -0.1690 -0.9672
vn 0.0377 -0.9845 0.1713
vn -0.9990 -0.0410 -0.0186
vn 0.0377 -0.9845 0.1714
vn 0.0603 0.1770 0.9824
vn -0.9775 0.2024 -0.0600
vn 0.0380 -0.9853 0.1664
vn -0.9935 0.1132 0.0082
vn -0.0380 0.9853 -0.1664
vn 0.0379 -0.9850 0.1685
vn 0.1919 -0.1690 -0.9668
vn 0.0596 0.1770 0.9824
vn 0.0590 0.1770 0.9824
vn 0.0594 0.1770 0.9824
vn 0.1913 -0.1690 -0.9669
vn -0.0379 0.9850 -0.1685
vn 0.0591 0.1770 0.9824
vn 0.0383 -0.9859 0.1629
vn 0.1926 -0.1690 -0.9666
vn 0.1928 -0.1689 -0.9666
vn -0.0383 0.9860 -0.1624
vn 0.1926 -0.1689 -0.9666
vn 0.0383 -0.9860 0.1621
vn 0.9986 0.0295 -0.0449
vn 0.0384 -0.9861 0.1614
vn 0.9593 0.2704 -0.0819
vn 0.0354 -0.9849 0.1696
vn 0.9772 0.1624 -0.1371
vn -0.0354 0.9849 -0.1696
vn 0.0351 -0.9852 0.1676
vn -0.0599 -0.1770 -0.9824
vn 0.2333 0.1878 0.9541
vn 0.2339 0.1878 0.9540
vn 0.2336 0.1878 0.9540
vn -0.0597 -0.1770 -0.9824
vn -0.0351 0.9852 -0.1676
vn 0.2338 0.1878 0.9540
vn 0.0356 -0.9846 0.1712
vn -0.0602 -0.1770 -0.9824
vn -0.0356 0.9846 -0.1713
vn 0.0357 -0.9846 0.1714
vn -0.9933 -0.0168 0.1145
vn 0.0357 -0.9845 0.1716
vn -0.9715 0.2268 0.0686
vn 0.0346 -0.9857 0.1646
vn -0.9904 0.1238 0.0616
vn -0.0346 0.9857 -0.1646
vn 0.0350 -0.9853 0.1673
vn -0.0594 -0.1770 -0.9824
vn 0.2327 0.1877 0.9542
vn 0.2330 0.1877 0.9542
vn -0.0596 -0.1770 -0.9824
vn -0.0350 0.9853 -0.1673
vn 0.0341 -0.9864 0.1610
vn -0.0591 -0.1770 -0.9824
vn -0.0590 -0.1770 -0.9824
vn -0.0340 0.9865 -0.1604
vn 0.0340 -0.9865 0.1602
vn 0.9964 0.0230 -0.0813
vn 0.0339 -0.9866 0.1596
vn 0.2326 0.1877 0.9543
vn 0.9569 0.2652 -0.1186
vn 0.0412 -0.9791 0.1992
vn 0.9155 0.1120 -0.3863
vn -0.0412 0.9791 -0.1992
vn -0.2336 -0.1878 -0.9540
vn 0.4323 0.2033 0.8785
vn 0.4329 0.2033 0.8782
vn 0.4326 0.2033 0.8784
vn -0.2334 -0.1878 -0.9541
vn 0.4328 0.2033 0.8782
vn -0.2338 -0.1877 -0.9540
vn -0.2339 -0.1878 -0.9540
vn -0.2339 -0.1877 -0.9540
vn -0.9325 0.0326 0.3597
vn -0.9141 0.2732 0.2998
vn -0.9191 0.1817 0.3496
vn -0.2330 -0.1878 -0.9542
vn 0.4322 0.2033 0.8785
vn 0.4316 0.2033 0.8789
vn 0.4319 0.2033 0.8787
vn -0.2333 -0.1878 -0.9541
vn -0.2328 -0.1878 -0.9542
vn -0.2327 -0.1878 -0.9543
vn -0.0412 0.9791 -0.1993
vn -0.2327 -0.1877 -0.9542
vn 0.9211 -0.0386 -0.3874
vn 0.4315 0.2033 0.8789
vn 0.8823 0.2036 -0.4245
vn 0.0483 -0.9754 0.2150
vn 0.8404 0.0758 -0.5366
vn -0.0483 0.9754 -0.2150
vn 0.0478 -0.9756 0.2142
vn -0.4326 -0.2033 -0.8784
vn 0.6148 0.2092 0.7604
vn 0.6154 0.2091 0.7600
vn 0.6151 0.2092 0.7602
vn -0.4323 -0.2033 -0.8785
vn -0.0478 0.9756 -0.2142
vn 0.0486 -0.9753 0.2156
vn -0.4329 -0.2033 -0.8782
vn -0.0487 0.9753 -0.2156
vn -0.4330 -0.2033 -0.8782
vn 0.0487 -0.9753 0.2156
vn -0.8568 0.0690 0.5111
vn 0.0487 -0.9752 0.2157
vn 0.6152 0.2092 0.7601
vn -0.8426 0.3074 0.4423
vn 0.0471 -0.9759 0.2131
vn -0.8628 0.2088 0.4605
vn -0.0471 0.9759 -0.2131
vn 0.0477 -0.9756 0.2141
vn -0.4319 -0.2033 -0.8787
vn 0.6142 0.2092 0.7609
vn 0.6145 0.2092 0.7607
vn -0.4322 -0.2033 -0.8785
vn -0.0477 0.9756 -0.2141
vn 0.0461 -0.9763 0.2115
vn -0.4316 -0.2033 -0.8789
vn -0.4315 -0.2033 -0.8789
vn -0.0459 0.9764 -0.2112
vn 0.0458 -0.9764 0.2111
vn 0.8670 -0.0647 -0.4940
vn 0.0456 -0.9765 0.2108
vn 0.6141 0.2092 0.7610
vn 0.8286 0.1777 -0.5309
vn 0.0618 -0.9705 0.2331
vn 0.7001 0.0263 -0.7135
vn -0.0618 0.9705 -0.2331
vn 0.0615 -0.9706 0.2328
vn -0.6151 -0.2092 -0.7602
vn 0.7669 0.2020 0.6091
vn 0.7673 0.2019 0.6086
vn 0.7671 0.2020 0.6089
vn -0.6148 -0.2092 -0.7604
vn -0.0615 0.9706 -0.2328
vn 0.7673 0.2020 0.6087
vn 0.0620 -0.9704 0.2333
vn -0.6154 -0.2091 -0.7600
vn -0.6154 -0.2092 -0.7600
vn -0.0620 0.9704 -0.2334
vn 0.0620 -0.9704 0.2334
vn -0.7173 0.1182 0.6866
vn 0.0621 -0.9704 0.2334
vn 0.7673 0.2020 0.6086
vn -0.7106 0.3540 0.6081
vn 0.0610 -0.9707 0.2323
vn -0.7184 0.2603 0.6451
vn -0.0610 0.9707 -0.2324
vn 0.0614 -0.9706 0.2328
vn -0.6145 -0.2092 -0.7607
vn 0.7669 0.2020 0.6092
vn 0.7664 0.2021 0.6097
vn 0.7666 0.2021 0.6094
vn -0.0614 0.9706 -0.2328
vn 0.0604 -0.9709 0.2317
vn -0.6142 -0.2092 -0.7609
vn -0.6141 -0.2092 -0.7610
vn -0.0603 0.9709 -0.2317
vn 0.0603 -0.9709 0.2316
vn 0.7173 -0.1182 -0.6866
vn 0.0602 -0.9710 0.2315
vn 0.7663 0.2021 0.6099
vn 0.6800 0.1248 -0.7225
vn 0.0749 -0.9669 0.2441
vn 0.5245 -0.0207 -0.8512
vn -0.0749 0.9669 -0.2441
vn 0.0747 -0.9669 0.2439
vn -0.7671 -0.2020 -0.6089
vn 0.8610 0.1861 0.4733
vn 0.8613 0.1860 0.4729
vn 0.8611 0.1861 0.4732
vn -0.7669 -0.2020 -0.6092
vn -0.0747 0.9669 -0.2439
vn 0.8612 0.1861 0.4729
vn 0.0750 -0.9668 0.2442
vn -0.7673 -0.2020 -0.6086
vn -0.0750 0.9668 -0.2442
vn -0.5429 0.1651 0.8234
vn 0.0751 -0.9668 0.2442
vn -0.5445 0.3989 0.7378
vn 0.0744 -0.9670 0.2437
vn -0.5263 0.3110 0.7914
vn -0.0744 0.9670 -0.2437
vn 0.0746 -0.9669 0.2439
vn -0.7666 -0.2021 -0.6094
vn 0.8610 0.1861 0.4734
vn 0.8607 0.1862 0.4738
vn 0.8608 0.1862 0.4736
vn -0.7668 -0.2021 -0.6092
vn -0.0746 0.9669 -0.2439
vn 0.0740 -0.9671 0.2435
vn -0.7664 -0.2021 -0.6097
vn -0.7663 -0.2021 -0.6098
vn -0.0740 0.9671 -0.2435
vn 0.5175 -0.1708 -0.8385
vn 0.0739 -0.9671 0.2434
vn 0.8607 0.1862 0.4739
vn 0.4832 0.0730 -0.8725
vn 0.0797 -0.9656 0.2474
vn 0.4282 -0.0423 -0.9027
vn -0.0797 0.9656 -0.2474
vn 0.0792 -0.9657 0.2471
vn -0.8611 -0.1861 -0.4731
vn 0.9229 0.1663 0.3474
vn 0.9230 0.1662 0.3471
vn 0.9229 0.1663 0.3473
vn -0.8610 -0.1862 -0.4734
vn -0.0792 0.9657 -0.2471
vn 0.9229 0.1663 0.3472
vn 0.0802 -0.9655 0.2476
vn -0.8612 -0.1861 -0.4730
vn -0.8612 -0.1861 -0.4729
vn -0.0802 0.9655 -0.2476
vn -0.8612 -0.1860 -0.4729
vn -0.4450 0.1873 0.8757
vn 0.0803 -0.9655 0.2476
vn -0.4509 0.4204 0.7874
vn 0.0784 -0.9659 0.2468
vn -0.4540 0.3279 0.8285
vn -0.0784 0.9659 -0.2468
vn 0.0791 -0.9658 0.2471
vn -0.8608 -0.1862 -0.4736
vn 0.9228 0.1663 0.3474
vn 0.9227 0.1664 0.3477
vn 0.9228 0.1663 0.3476
vn -0.8610 -0.1861 -0.4733
vn -0.0791 0.9658 -0.2471
vn 0.9227 0.1663 0.3477
vn 0.0775 -0.9661 0.2464
vn -0.8607 -0.1862 -0.4738
vn -0.8607 -0.1862 -0.4739
vn -0.0774 0.9661 -0.2463
vn 0.0774 -0.9661 0.2463
vn 0.4480 -0.1867 -0.8743
vn 0.0772 -0.9661 0.2462
vn 0.9227 0.1664 0.3478
vn 0.4147 0.0579 -0.9081
vn 0.0843 -0.9646 0.2498
vn 0.2912 -0.0679 -0.9543
vn -0.0843 0.9646 -0.2498
vn 0.0838 -0.9647 0.2497
vn -0.9229 -0.1663 -0.3473
vn 0.9548 0.1469 0.2583
vn 0.9549 0.1468 0.2580
vn 0.9549 0.1468 0.2582
vn -0.9228 -0.1663 -0.3474
vn -0.0838 0.9647 -0.2497
vn 0.0847 -0.9645 0.2500
vn -0.9229 -0.1663 -0.3472
vn -0.9230 -0.1662 -0.3471
vn -0.0847 0.9645 -0.2500
vn -0.3079 0.2131 0.9272
vn 0.0848 -0.9645 0.2500
vn -0.3191 0.4453 0.8366
vn 0.0832 -0.9648 0.2495
vn -0.3072 0.3553 0.8828
vn -0.0832 0.9648 -0.2495
vn 0.0837 -0.9647 0.2497
vn -0.9228 -0.1663 -0.3476
vn 0.9547 0.1469 0.2586
vn 0.9548 0.1469 0.2585
vn -0.0837 0.9647 -0.2497
vn 0.0826 -0.9649 0.2493
vn -0.9227 -0.1664 -0.3477
vn -0.9227 -0.1664 -0.3478
vn -0.0825 0.9649 -0.2493
vn 0.0824 -0.9649 0.2492
vn 0.2971 -0.2148 -0.9303
vn 0.9547 0.1470 0.2587
vn 0.2674 0.0306 -0.9631
vn 0.0823 -0.9647 0.2501
vn 0.2262 -0.0786 -0.9709
vn -0.0823 0.9647 -0.2501
vn 0.0817 -0.9648 0.2499
vn -0.9549 -0.1468 -0.2582
vn 0.9743 0.1279 0.1855
vn 0.9743 0.1278 0.1853
vn 0.9743 0.1279 0.1854
vn -0.9548 -0.1469 -0.2583
vn -0.0817 0.9648 -0.2499
vn 0.0829 -0.9646 0.2502
vn -0.9549 -0.1468 -0.2580
vn -0.0830 0.9646 -0.2502
vn 0.0830 -0.9646 0.2502
vn -0.2414 0.2241 0.9442
vn 0.0831 -0.9646 0.2502
vn -0.2543 0.4561 0.8528
vn 0.0809 -0.9649 0.2497
vn -0.2485 0.3651 0.8972
vn -0.0809 0.9649 -0.2497
vn 0.0816 -0.9648 0.2499
vn -0.9548 -0.1469 -0.2585
vn 0.9742 0.1280 0.1857
vn 0.9743 0.1279 0.1856
vn -0.0816 0.9648 -0.2499
vn 0.9742 0.1279 0.1857
vn 0.0801 -0.9650 0.2495
vn -0.9547 -0.1470 -0.2586
vn -0.9547 -0.1470 -0.2587
vn -0.0800 0.9651 -0.2495
vn 0.0800 -0.9651 0.2495
vn 0.2392 -0.2244 -0.9447
vn 0.0799 -0.9651 0.2495
vn 0.2118 0.0216 -0.9771
vn 0.0800 -0.9648 0.2504
vn 0.1593 -0.0882 -0.9833
vn -0.0800 0.9648 -0.2504
vn 0.0794 -0.9649 0.2503
vn -0.9743 -0.1279 -0.1854
vn 0.9851 0.1103 0.1319
vn 0.9851 0.1102 0.1317
vn 0.9851 0.1103 0.1318
vn -0.9743 -0.1279 -0.1855
vn -0.0794 0.9649 -0.2503
vn 0.9851 0.1103 0.1317
vn 0.0805 -0.9648 0.2505
vn -0.9743 -0.1278 -0.1853
vn -0.9743 -0.1279 -0.1853
vn -0.0805 0.9648 -0.2505
vn 0.0806 -0.9648 0.2505
vn -0.1734 0.2339 0.9567
vn -0.1879 0.4657 0.8648
vn 0.0787 -0.9650 0.2502
vn -0.1807 0.3748 0.9093
vn -0.0787 0.9650 -0.2502
vn 0.0793 -0.9649 0.2503
vn -0.9743 -0.1279 -0.1856
vn 0.9851 0.1103 0.1321
vn 0.9851 0.1103 0.1320
vn -0.0793 0.9649 -0.2503
vn 0.9851 0.1104 0.1321
vn 0.0781 -0.9651 0.2501
vn -0.9743 -0.1279 -0.1857
vn -0.9742 -0.1280 -0.1858
vn -0.0780 0.9651 -0.2501
vn -0.9742 -0.1279 -0.1857
vn 0.0779 -0.9651 0.2500
vn 0.1709 -0.2342 -0.9570
vn 0.0778 -0.9651 0.2500
vn 0.1462 0.0122 -0.9892
vn 0.0729 -0.9654 0.2502
vn 0.1134 -0.0941 -0.9891
vn -0.0729 0.9654 -0.2502
vn 0.0723 -0.9655 0.2501
vn -0.9851 -0.1103 -0.1318
vn 0.9914 0.0935 0.0910
vn 0.9915 0.0935 0.0909
vn 0.9915 0.0935 0.0910
vn -0.9851 -0.1103 -0.1319
vn -0.0723 0.9655 -0.2501
vn 0.0736 -0.9654 0.2503
vn -0.9851 -0.1103 -0.1317
vn -0.9851 -0.1102 -0.1317
vn -0.0736 0.9654 -0.2503
vn 0.0737 -0.9654 0.2503
vn -0.1259 0.2400 0.9626
vn -0.1401 0.4718 0.8705
vn 0.0715 -0.9656 0.2500
vn -0.1339 0.3808 0.9149
vn -0.0715 0.9656 -0.2500
vn 0.0722 -0.9655 0.2501
vn -0.9851 -0.1103 -0.1320
vn 0.9914 0.0936 0.0911
vn 0.9914 0.0935 0.0911
vn -0.0722 0.9655 -0.2501
vn 0.0708 -0.9657 0.2500
vn -0.9851 -0.1103 -0.1321
vn -0.9851 -0.1104 -0.1321
vn -0.0707 0.9657 -0.2499
vn 0.0706 -0.9657 0.2499
vn 0.1248 -0.2401 -0.9627
vn 0.0705 -0.9657 0.2499
vn 0.9914 0.0936 0.0912
vn 0.1033 0.0067 -0.9946
vn 0.0670 -0.9658 0.2504
vn 0.0762 -0.0983 -0.9922
vn -0.0670 0.9658 -0.2504
vn 0.0664 -0.9659 0.2504
vn -0.9915 -0.0935 -0.0910
vn 0.9951 0.0775 0.0608
vn 0.9951 0.0775 0.0607
vn -0.9914 -0.0935 -0.0910
vn -0.0664 0.9659 -0.2504
vn 0.0675 -0.9658 0.2505
vn -0.0676 0.9658 -0.2505
vn -0.9915 -0.0935 -0.0909
vn 0.0676 -0.9658 0.2505
vn -0.0874 0.2444 0.9657
vn 0.0677 -0.9657 0.2505
vn -0.1013 0.4762 0.8735
vn 0.0657 -0.9659 0.2503
vn -0.0949 0.3852 0.9180
vn -0.0657 0.9659 -0.2503
vn 0.0663 -0.9659 0.2504
vn -0.9914 -0.0935 -0.0911
vn 0.9951 0.0776 0.0609
vn -0.0663 0.9659 -0.2504
vn 0.0651 -0.9660 0.2503
vn -0.9914 -0.0935 -0.0912
vn -0.9914 -0.0936 -0.0912
vn -0.0650 0.9660 -0.2503
vn 0.0649 -0.9660 0.2503
vn 0.0862 -0.2445 -0.9658
vn 0.9951 0.0776 0.0611
vn 0.0673 0.0026 -0.9977
vn 0.0573 -0.9664 0.2506
vn 0.0530 -0.1009 -0.9935
vn -0.0573 0.9664 -0.2506
vn 0.0567 -0.9664 0.2506
vn -0.9951 -0.0775 -0.0608
vn 0.9974 0.0617 0.0379
vn 0.9974 0.0617 0.0378
vn -0.0567 0.9664 -0.2506
vn 0.0579 -0.9664 0.2506
vn -0.9951 -0.0775 -0.0607
vn -0.0579 0.9664 -0.2506
vn 0.0580 -0.9663 0.2506
vn -0.0624 0.2471 0.9670
vn -0.0747 0.4789 0.8747
vn 0.0559 -0.9665 0.2505
vn -0.0696 0.3879 0.9191
vn -0.0559 0.9665 -0.2505
vn 0.0566 -0.9664 0.2506
vn -0.9951 -0.0776 -0.0609
vn 0.9974 0.0618 0.0379
vn -0.0566 0.9664 -0.2505
vn 0.9974 0.0618 0.0380
vn 0.0553 -0.9665 0.2505
vn -0.9951 -0.0776 -0.0610
vn -0.0552 0.9665 -0.2505
vn 0.0551 -0.9666 0.2505
vn 0.0622 -0.2471 -0.9670
vn 0.0550 -0.9666 0.2505
vn 0.0465 0.0002 -0.9989
vn 0.0462 -0.9669 0.2509
vn 0.0273 -0.1032 -0.9943
vn -0.0462 0.9669 -0.2509
vn 0.0456 -0.9669 0.2509
vn -0.9974 -0.0617 -0.0379
vn 0.9987 0.0462 0.0232
vn 0.9987 0.0461 0.0231
vn -0.0456 0.9669 -0.2509
vn 0.0468 -0.9669 0.2509
vn -0.0468 0.9669 -0.2509
vn -0.9974 -0.0617 -0.0378
vn 0.0469 -0.9669 0.2509
vn -0.0348 0.2495 0.9677
vn 0.0470 -0.9669 0.2509
vn 0.9987 0.0461 0.0232
vn -0.0453 0.4814 0.8753
vn 0.0449 -0.9670 0.2509
vn -0.0403 0.3903 0.9198
vn -0.0449 0.9670 -0.2509
vn 0.0455 -0.9669 0.2509
vn -0.0455 0.9669 -0.2509
vn 0.9987 0.0462 0.0233
vn 0.0442 -0.9670 0.2509
vn -0.9974 -0.0618 -0.0379
vn -0.9974 -0.0618 -0.0380
vn -0.0441 0.9670 -0.2509
vn 0.0441 -0.9670 0.2509
vn 0.0342 -0.2496 -0.9678
vn 0.0440 -0.9670 0.2509
vn 0.0221 -0.0021 -0.9998
vn 0.0379 -0.9671 0.2515
vn 0.0207 -0.1043 -0.9943
vn -0.0379 0.9671 -0.2515
vn 0.0373 -0.9672 0.2514
vn -0.9987 -0.0461 -0.0231
vn 0.9995 0.0303 0.0118
vn 0.9995 0.0303 0.0117
vn -0.9987 -0.0462 -0.0232
vn -0.0373 0.9671 -0.2515
vn 0.0384 -0.9671 0.2515
vn -0.9987 -0.0462 -0.0231
vn -0.9987 -0.0461 -0.0232
vn -0.0385 0.9671 -0.2515
vn 0.0385 -0.9671 0.2515
vn -0.0269 0.2506 0.9677
vn 0.0386 -0.9671 0.2515
vn -0.0355 0.4825 0.8752
vn 0.0367 -0.9672 0.2514
vn -0.0319 0.3914 0.9197
vn -0.0367 0.9672 -0.2514
vn 0.0372 -0.9672 0.2514
vn 0.9995 0.0304 0.0118
vn -0.0372 0.9672 -0.2514
vn 0.0361 -0.9672 0.2514
vn -0.9987 -0.0462 -0.0233
vn -0.0360 0.9672 -0.2514
vn 0.0360 -0.9672 0.2514
vn 0.0269 -0.2506 -0.9677
vn 0.0359 -0.9672 0.2514
vn 0.0171 -0.0030 -0.9998
vn 0.0171 -0.9676 0.2520
vn 0.0049 -0.1055 -0.9944
vn -0.0171 0.9676 -0.2520
vn 0.0165 -0.9676 0.2519
vn -0.9995 -0.0303 -0.0117
vn 0.9999 0.0138 0.0087
vn -0.9995 -0.0303 -0.0118
vn -0.0165 0.9676 -0.2519
vn 0.0177 -0.9676 0.2520
vn -0.0178 0.9676 -0.2520
vn 0.0178 -0.9676 0.2520
vn -0.0078 0.2519 0.9677
vn 0.0179 -0.9676 0.2520
vn -0.0119 0.4839 0.8750
vn 0.0158 -0.9676 0.2519
vn -0.0096 0.3928 0.9196
vn -0.0158 0.9676 -0.2519
vn 0.0164 -0.9676 0.2519
vn -0.0164 0.9676 -0.2519
vn 0.0151 -0.9676 0.2519
vn -0.9995 -0.0304 -0.0118
vn -0.0150 0.9676 -0.2519
vn 0.0150 -0.9676 0.2519
vn 0.0075 -0.2519 -0.9677
vn 0.0149 -0.9676 0.2519
vn 0.9999 0.0139 0.0087
vn 0.0035 -0.0042 -1.0000
vn 0.0153 -0.9674 0.2527
vn 0.0049 -0.1062 -0.9943
vn -0.0153 0.9674 -0.2527
vn 0.0147 -0.9674 0.2526
vn -0.9999 -0.0138 -0.0087
vn 1.0000 -0.0028 0.0061
vn -0.0147 0.9674 -0.2527
vn 0.0158 -0.9674 0.2527
vn -0.0158 0.9674 -0.2527
vn 0.0159 -0.9674 0.2527
vn -0.0074 0.2526 0.9675
vn 0.0160 -0.9674 0.2527
vn -0.0110 0.4845 0.8747
vn 0.0141 -0.9675 0.2526
vn -0.0092 0.3934 0.9193
vn -0.0141 0.9675 -0.2526
vn 1.0000 -0.0028 0.0060
vn -0.0146 0.9674 -0.2526
vn 0.0136 -0.9675 0.2526
vn -0.9999 -0.0139 -0.0087
vn -0.0135 0.9675 -0.2526
vn 0.0135 -0.9675 0.2526
vn 0.0074 -0.2526 -0.9675
vn 0.0134 -0.9675 0.2526
vn 0.0037 -0.0048 -1.0000
vn -0.0219 -0.9672 0.2531
vn 0.0055 -0.1069 -0.9943
vn 0.0219 0.9672 -0.2531
vn -0.0226 -0.9672 0.2531
vn -1.0000 0.0028 -0.0061
vn 0.9997 -0.0218 0.0137
vn 0.0225 0.9672 -0.2531
vn 0.9997 -0.0219 0.0136
vn -0.0213 -0.9672 0.2531
vn 0.0212 0.9672 -0.2531
vn -0.0212 -0.9672 0.2531
vn -0.0025 0.2533 0.9674
vn -0.0211 -0.9672 0.2531
vn 0.0029 0.4851 0.8744
vn -0.0232 -0.9672 0.2531
vn 0.0011 0.3941 0.9191
vn 0.0232 0.9672 -0.2531
vn 0.9997 -0.0218 0.0136
vn 0.0226 0.9672 -0.2531
vn -0.0239 -0.9671 0.2531
vn 0.0239 0.9671 -0.2531
vn -1.0000 0.0028 -0.0060
vn -0.0240 -0.9671 0.2531
vn 0.0026 -0.2533 -0.9674
vn 0.0083 -0.0056 -0.9999
vn -0.0218 -0.9670 0.2539
vn 0.0055 -0.1075 -0.9942
vn 0.0219 0.9670 -0.2539
vn -0.0225 -0.9670 0.2539
vn -0.9997 0.0218 -0.0137
vn 0.9989 -0.0408 0.0212
vn 0.9989 -0.0408 0.0213
vn 0.0225 0.9670 -0.2539
vn -0.0212 -0.9670 0.2539
vn 0.0212 0.9670 -0.2539
vn -0.9997 0.0219 -0.0137
vn -0.0211 -0.9670 0.2539
vn -0.0025 0.2539 0.9672
vn -0.0210 -0.9670 0.2539
vn 0.0029 0.4857 0.8741
vn -0.0232 -0.9670 0.2539
vn 0.0011 0.3947 0.9188
vn 0.0232 0.9670 -0.2539
vn -0.0226 -0.9670 0.2539
vn -0.9997 0.0218 -0.0136
vn 0.0226 0.9670 -0.2539
vn -0.0239 -0.9669 0.2539
vn 0.0240 0.9669 -0.2539
vn -0.0240 -0.9669 0.2539
vn 0.0026 -0.2539 -0.9672
vn -0.0241 -0.9669 0.2539
vn 0.0084 -0.0063 -0.9999
vn -0.0638 -0.9652 0.2538
vn 0.0248 -0.1090 -0.9937
vn 0.0638 0.9652 -0.2538
vn -0.0644 -0.9651 0.2538
vn -0.9989 0.0408 -0.0213
vn 0.9972 -0.0635 0.0386
vn -0.9989 0.0408 -0.0212
vn 0.0644 0.9651 -0.2538
vn -0.0633 -0.9652 0.2538
vn 0.0632 0.9652 -0.2538
vn -0.0632 -0.9652 0.2538
vn -0.0157 0.2552 0.9668
vn -0.0631 -0.9652 0.2538
vn 0.9972 -0.0635 0.0387
vn 0.0006 0.4865 0.8737
vn -0.0650 -0.9651 0.2537
vn -0.0056 0.3956 0.9184
vn 0.0650 0.9651 -0.2537
vn -0.0645 -0.9651 0.2538
vn 0.9972 -0.0634 0.0385
vn 0.9972 -0.0635 0.0385
vn 0.0645 0.9651 -0.2538
vn 0.9972 -0.0634 0.0386
vn -0.0656 -0.9651 0.2537
vn 0.0656 0.9651 -0.2537
vn -0.0657 -0.9650 0.2537
vn 0.0157 -0.2551 -0.9668
vn 0.0313 -0.0079 -0.9995
vn -0.0735 -0.9643 0.2542
vn 0.0290 -0.1099 -0.9935
vn 0.0736 0.9643 -0.2542
vn -0.0743 -0.9643 0.2542
vn -0.9972 0.0635 -0.0386
vn 0.9945 -0.0869 0.0582
vn 0.9945 -0.0870 0.0582
vn 0.0743 0.9643 -0.2542
vn 0.9945 -0.0870 0.0583
vn -0.0727 -0.9644 0.2542
vn -0.9972 0.0635 -0.0387
vn 0.0728 0.9644 -0.2542
vn -0.0726 -0.9644 0.2543
vn -0.0185 0.2560 0.9665
vn -0.0725 -0.9644 0.2543
vn 0.0002 0.4871 0.8733
vn -0.0751 -0.9642 0.2541
vn -0.0074 0.3963 0.9181
vn 0.0752 0.9642 -0.2541
vn -0.0744 -0.9643 0.2542
vn -0.9972 0.0635 -0.0385
vn 0.9945 -0.0869 0.0581
vn 0.0744 0.9643 -0.2542
vn -0.0759 -0.9642 0.2541
vn -0.9972 0.0634 -0.0385
vn 0.0760 0.9642 -0.2541
vn -0.0760 -0.9642 0.2541
vn 0.0190 -0.2560 -0.9665
vn -0.0761 -0.9642 0.2541
vn 0.0372 -0.0090 -0.9993
vn -0.1170 -0.9605 0.2525
vn 0.0606 -0.1134 -0.9917
vn 0.1170 0.9605 -0.2525
vn -0.1176 -0.9604 0.2525
vn -0.9945 0.0870 -0.0582
vn 0.9900 -0.1154 0.0813
vn -0.9945 0.0869 -0.0582
vn 0.1176 0.9604 -0.2525
vn -0.1164 -0.9606 0.2526
vn -0.9945 0.0870 -0.0583
vn 0.1163 0.9606 -0.2526
vn -0.1163 -0.9606 0.2526
vn -0.0439 0.2589 0.9649
vn -0.1162 -0.9606 0.2526
vn 0.9900 -0.1154 0.0815
vn -0.0136 0.4890 0.8722
vn -0.1182 -0.9604 0.2524
vn -0.0255 0.3986 0.9168
vn 0.1182 0.9604 -0.2524
vn -0.1177 -0.9604 0.2525
vn 0.9900 -0.1153 0.0812
vn 0.1177 0.9604 -0.2525
vn -0.1188 -0.9603 0.2524
vn 0.1188 0.9603 -0.2524
vn -0.9945 0.0869 -0.0581
vn -0.1189 -0.9603 0.2524
vn 0.0437 -0.2589 -0.9649
vn -0.1190 -0.9603 0.2524
vn 0.0717 -0.0127 -0.9973
vn -0.1428 -0.9573 0.2513
vn 0.0792 -0.1164 -0.9900
vn 0.1428 0.9573 -0.2513
vn -0.1436 -0.9572 0.2512
vn -0.9900 0.1154 -0.0813
vn 0.9834 -0.1467 0.1064
vn 0.9834 -0.1468 0.1064
vn 0.1436 0.9572 -0.2512
vn 0.9834 -0.1468 0.1065
vn -0.1420 -0.9574 0.2513
vn -0.9900 0.1154 -0.0814
vn 0.1420 0.9574 -0.2513
vn -0.1419 -0.9574 0.2513
vn -0.0589 0.2615 0.9634
vn -0.1417 -0.9575 0.2514
vn 0.9834 -0.1467 0.1065
vn -0.0217 0.4907 0.8710
vn -0.1444 -0.9571 0.2511
vn -0.0365 0.4007 0.9155
vn 0.1444 0.9571 -0.2511
vn -0.1437 -0.9572 0.2512
vn 0.9835 -0.1467 0.1063
vn 0.9834 -0.1467 0.1063
vn 0.1437 0.9572 -0.2512
vn -0.1452 -0.9570 0.2510
vn -0.9900 0.1153 -0.0812
vn -0.9900 0.1153 -0.0813
vn 0.1453 0.9570 -0.2510
vn -0.1453 -0.9570 0.2510
vn 0.0588 -0.2615 -0.9634
vn -0.1454 -0.9570 0.2510
vn 0.9834 -0.1466 0.1064
vn 0.0929 -0.0160 -0.9955
vn -0.1959 -0.9490 0.2471
vn 0.1000 -0.1206 -0.9876
vn 0.1964 0.9489 -0.2470
vn -0.1977 -0.9487 0.2469
vn -0.9834 0.1467 -0.1064
vn 0.9540 -0.2609 0.1475
vn 0.9540 -0.2612 0.1474
vn 0.9540 -0.2610 0.1475
vn 0.1982 0.9486 -0.2468
vn 0.9540 -0.2612 0.1475
vn -0.1941 -0.9493 0.2473
vn -0.9834 0.1468 -0.1064
vn -0.9834 0.1468 -0.1065
vn 0.1954 0.9491 -0.2472
vn -0.1937 -0.9494 0.2473
vn -0.0721 0.2649 0.9616
vn -0.1935 -0.9494 0.2474
vn 0.9539 -0.2612 0.1475
vn -0.0211 0.4925 0.8701
vn -0.1997 -0.9483 0.2466
vn -0.0408 0.4030 0.9143
vn 0.2001 0.9482 -0.2466
vn -0.1980 -0.9486 0.2468
vn -0.9834 0.1467 -0.1063
vn 0.9541 -0.2605 0.1475
vn 0.9541 -0.2607 0.1475
vn 0.1984 0.9485 -0.2468
vn 0.9541 -0.2605 0.1476
vn -0.2015 -0.9480 0.2464
vn -0.9835 0.1467 -0.1063
vn 0.2028 0.9478 -0.2462
vn -0.2018 -0.9479 0.2464
vn 0.0720 -0.2649 -0.9616
vn -0.2020 -0.9479 0.2463
vn 0.1198 -0.0211 -0.9926
vn -0.3683 -0.9024 0.2235
vn 0.1030 -0.1245 -0.9869
vn 0.3682 0.9025 -0.2235
vn -0.3707 -0.9015 0.2232
vn -0.9540 0.2610 -0.1475
vn 0.8991 -0.4219 0.1166
vn 0.8990 -0.4221 0.1163
vn 0.8991 -0.4220 0.1165
vn -0.9540 0.2609 -0.1475
vn 0.3706 0.9016 -0.2232
vn 0.8991 -0.4221 0.1164
vn -0.3661 -0.9033 0.2239
vn -0.9540 0.2612 -0.1475
vn -0.9539 0.2612 -0.1475
vn 0.3658 0.9034 -0.2239
vn -0.9539 0.2612 -0.1474
vn -0.3657 -0.9034 0.2239
vn -0.0495 0.2620 0.9638
vn -0.3654 -0.9035 0.2239
vn 0.0434 0.4777 0.8774
vn -0.3738 -0.9004 0.2227
vn 0.0059 0.3931 0.9195
vn 0.3737 0.9004 -0.2228
vn -0.3711 -0.9014 0.2231
vn -0.9541 0.2607 -0.1475
vn 0.8992 -0.4216 0.1168
vn 0.8992 -0.4217 0.1167
vn 0.3710 0.9014 -0.2232
vn 0.8992 -0.4216 0.1169
vn -0.3770 -0.8992 0.2223
vn -0.9541 0.2606 -0.1475
vn -0.9541 0.2605 -0.1476
vn 0.3767 0.8993 -0.2223
vn -0.9541 0.2605 -0.1475
vn -0.3776 -0.8989 0.2222
vn 0.0516 -0.2627 -0.9635
vn -0.3780 -0.8988 0.2221
vn 0.1431 -0.0308 -0.9892
vn -0.4593 -0.8615 0.2163
vn 0.0143 -0.0869 -0.9961
vn 0.4592 0.8616 -0.2163
vn -0.4623 -0.8600 0.2162
vn -0.8991 0.4220 -0.1165
vn 0.8793 -0.4756 -0.0259
vn 0.8792 -0.4757 -0.0265
vn 0.8792 -0.4757 -0.0262
vn -0.8991 0.4219 -0.1166
vn 0.4623 0.8600 -0.2162
vn -0.4567 -0.8629 0.2165
vn -0.8991 0.4221 -0.1164
vn -0.8990 0.4221 -0.1163
vn 0.4564 0.8630 -0.2165
vn -0.4563 -0.8631 0.2165
vn 0.0538 0.2171 0.9747
vn -0.4560 -0.8632 0.2165
vn 0.1651 0.4235 0.8907
vn -0.4668 -0.8576 0.2159
vn 0.1204 0.3426 0.9317
vn 0.4667 0.8576 -0.2159
vn -0.4628 -0.8597 0.2161
vn -0.8992 0.4217 -0.1167
vn 0.8793 -0.4756 -0.0258
vn 0.8793 -0.4756 -0.0252
vn 0.8793 -0.4756 -0.0256
vn -0.8991 0.4218 -0.1166
vn 0.4628 0.8597 -0.2161
vn 0.8793 -0.4756 -0.0253
vn -0.4720 -0.8548 0.2156
vn -0.8992 0.4216 -0.1169
vn 0.4725 0.8546 -0.2156
vn -0.8992 0.4216 -0.1168
vn -0.4731 -0.8542 0.2155
vn -0.0501 -0.2189 -0.9745
vn -0.4739 -0.8538 0.2155
vn 0.0680 -0.0006 -0.9977
vn -0.4045 -0.8879 0.2189
vn -0.1543 0.0013 -0.9880
vn 0.4046 0.8879 -0.2189
vn -0.4075 -0.8865 0.2194
vn -0.8792 0.4757 0.0262
vn 0.8890 -0.3806 -0.2546
vn 0.8889 -0.3803 -0.2553
vn 0.8890 -0.3805 -0.2549
vn -0.8793 0.4756 0.0258
vn 0.4077 0.8864 -0.2194
vn 0.8889 -0.3803 -0.2552
vn -0.4022 -0.8891 0.2185
vn -0.8792 0.4757 0.0265
vn 0.4021 0.8891 -0.2185
vn -0.4019 -0.8893 0.2185
vn 0.2163 0.1319 0.9674
vn -0.4016 -0.8894 0.2184
vn 0.3096 0.3481 0.8848
vn -0.4121 -0.8842 0.2200
vn 0.2758 0.2613 0.9250
vn 0.4123 0.8840 -0.2201
vn -0.4080 -0.8862 0.2194
vn -0.8793 0.4756 0.0256
vn 0.8891 -0.3808 -0.2538
vn 0.8891 -0.3807 -0.2542
vn -0.8793 0.4756 0.0259
vn 0.4081 0.8861 -0.2194
vn 0.8891 -0.3808 -0.2539
vn -0.4180 -0.8812 0.2210
vn -0.8793 0.4756 0.0253
vn -0.8793 0.4756 0.0252
vn 0.4203 0.8800 -0.2213
vn -0.4194 -0.8805 0.2212
vn -0.2153 -0.1324 -0.9675
vn -0.4204 -0.8799 0.2213
vn 0.8891 -0.3808 -0.2537
vn -0.1048 0.0893 -0.9905
vn -0.2387 -0.9551 0.1755
vn -0.3597 0.0845 -0.9292
vn 0.2385 0.9552 -0.1754
vn -0.2411 -0.9543 0.1765
vn -0.8890 0.3805 0.2549
vn 0.8558 -0.2087 -0.4733
vn 0.8555 -0.2086 -0.4739
vn 0.8557 -0.2087 -0.4736
vn -0.8890 0.3806 0.2546
vn 0.2410 0.9543 -0.1764
vn -0.2368 -0.9557 0.1747
vn -0.8889 0.3804 0.2553
vn -0.8889 0.3803 0.2553
vn 0.2361 0.9560 -0.1744
vn -0.2364 -0.9558 0.1745
vn 0.3993 0.0580 0.9150
vn -0.2362 -0.9559 0.1744
vn 0.4469 0.2936 0.8451
vn -0.2449 -0.9531 0.1780
vn 0.4318 0.1990 0.8797
vn 0.2448 0.9531 -0.1780
vn -0.2415 -0.9542 0.1767
vn -0.8891 0.3807 0.2542
vn 0.8558 -0.2088 -0.4733
vn 0.8561 -0.2089 -0.4727
vn 0.8559 -0.2088 -0.4730
vn 0.2414 0.9542 -0.1766
vn -0.2497 -0.9514 0.1800
vn -0.8891 0.3808 0.2539
vn -0.8892 0.3808 0.2537
vn 0.2506 0.9511 -0.1804
vn -0.8891 0.3808 0.2538
vn -0.2507 -0.9511 0.1805
vn -0.3973 -0.0586 -0.9158
vn -0.2516 -0.9508 0.1808
vn 0.8561 -0.2089 -0.4726
vn -0.3228 0.1787 -0.9294
vn -0.1125 -0.9876 0.1095
vn -0.5512 0.1265 -0.8247
vn 0.1125 0.9876 -0.1095
vn -0.1141 -0.9873 0.1107
vn -0.8557 0.2087 0.4736
vn 0.7454 -0.1089 -0.6576
vn 0.7449 -0.1088 -0.6582
vn 0.7452 -0.1088 -0.6579
vn -0.8558 0.2087 0.4733
vn 0.1141 0.9873 -0.1106
vn -0.1113 -0.9878 0.1087
vn -0.8555 0.2086 0.4738
vn -0.8555 0.2086 0.4739
vn 0.1110 0.9879 -0.1085
vn -0.1111 -0.9879 0.1085
vn 0.5744 0.0196 0.8184
vn -0.1110 -0.9879 0.1084
vn 0.7451 -0.1087 -0.6581
vn 0.5850 0.2633 0.7671
vn -0.1166 -0.9868 0.1124
vn 0.5821 0.1662 0.7960
vn 0.1166 0.9868 -0.1124
vn -0.1144 -0.9872 0.1108
vn -0.8559 0.2088 0.4730
vn 0.7455 -0.1089 -0.6576
vn 0.7460 -0.1091 -0.6570
vn 0.7457 -0.1090 -0.6573
vn -0.8558 0.2088 0.4733
vn 0.1143 0.9872 -0.1108
vn -0.1198 -0.9861 0.1147
vn -0.8561 0.2089 0.4727
vn -0.8561 0.2089 0.4726
vn 0.1205 0.9860 -0.1151
vn -0.1206 -0.9860 0.1152
vn -0.5688 -0.0207 -0.8222
vn -0.1211 -0.9859 0.1156
vn 0.7460 -0.1091 -0.6569
vn -0.5211 0.2231 -0.8238
vn -0.0336 -0.9985 0.0431
vn -0.7261 0.1485 -0.6714
vn 0.0336 0.9985 -0.0430
vn -0.0346 -0.9984 0.0442
vn -0.7452 0.1088 0.6579
vn 0.6019 -0.0110 -0.7985
vn 0.6014 -0.0109 -0.7988
vn 0.6017 -0.0110 -0.7987
vn -0.7454 0.1089 0.6576
vn 0.0346 0.9984 -0.0441
vn 0.6015 -0.0109 -0.7988
vn -0.0328 -0.9986 0.0422
vn -0.7450 0.1088 0.6582
vn -0.7449 0.1087 0.6582
vn 0.0326 0.9986 -0.0420
vn -0.7449 0.1088 0.6582
vn -0.0327 -0.9986 0.0421
vn 0.7391 -0.0008 0.6736
vn -0.0326 -0.9986 0.0420
vn 0.7254 0.2461 0.6428
vn -0.0362 -0.9983 0.0458
vn 0.7424 0.1464 0.6538
vn 0.0361 0.9983 -0.0458
vn -0.0348 -0.9984 0.0443
vn -0.7457 0.1090 0.6573
vn 0.6024 -0.0112 -0.7981
vn 0.6022 -0.0111 -0.7983
vn -0.7455 0.1089 0.6576
vn 0.0347 0.9984 -0.0443
vn 0.6024 -0.0112 -0.7982
vn -0.0381 -0.9981 0.0480
vn -0.7460 0.1091 0.6570
vn -0.7460 0.1091 0.6569
vn 0.0384 0.9981 -0.0483
vn -0.0386 -0.9981 0.0484
vn -0.7446 0.0013 -0.6675
vn -0.0389 -0.9981 0.0488
vn 0.6025 -0.0112 -0.7980
vn -0.7118 0.2476 -0.6573
vn 0.0194 -0.9995 -0.0237
vn -0.8294 0.1468 -0.5390
vn -0.0195 0.9995 0.0237
vn 0.0185 -0.9996 -0.0222
vn -0.6017 0.0110 0.7987
vn 0.5150 0.0555 -0.8554
vn 0.5148 0.0556 -0.8555
vn 0.5149 0.0555 -0.8554
vn -0.6019 0.0110 0.7985
vn -0.0185 0.9996 0.0223
vn 0.5149 0.0556 -0.8554
vn 0.0203 -0.9995 -0.0250
vn -0.6014 0.0109 0.7988
vn -0.6015 0.0109 0.7988
vn -0.0205 0.9995 0.0253
vn 0.0205 -0.9995 -0.0252
vn 0.8354 0.0014 0.5497
vn 0.0206 -0.9995 -0.0253
vn 0.5149 0.0556 -0.8555
vn 0.8049 0.2491 0.5386
vn 0.0171 -0.9996 -0.0203
vn 0.8271 0.1498 0.5417
vn -0.0172 0.9996 0.0203
vn 0.0183 -0.9996 -0.0220
vn -0.6022 0.0111 0.7983
vn 0.5152 0.0554 -0.8553
vn 0.5151 0.0554 -0.8553
vn -0.6020 0.0110 0.7984
vn -0.0183 0.9996 0.0221
vn 0.0157 -0.9997 -0.0182
vn -0.6024 0.0112 0.7982
vn -0.6025 0.0112 0.7981
vn -0.0156 0.9997 0.0180
vn -0.6024 0.0112 0.7981
vn 0.0155 -0.9997 -0.0178
vn -0.8384 -0.0015 -0.5450
vn 0.0153 -0.9997 -0.0175
vn -0.8162 0.2460 -0.5228
vn 0.0459 -0.9970 -0.0623
vn -0.8590 0.1402 -0.4925
vn -0.0459 0.9970 0.0623
vn 0.0446 -0.9972 -0.0602
vn -0.5149 -0.0555 0.8554
vn 0.5218 0.0804 -0.8493
vn 0.5220 0.0804 -0.8492
vn 0.5219 0.0804 -0.8492
vn -0.5150 -0.0555 0.8554
vn -0.0446 0.9972 0.0602
vn 0.0473 -0.9968 -0.0645
vn -0.5149 -0.0556 0.8555
vn -0.0475 0.9968 0.0648
vn 0.0475 -0.9968 -0.0649
vn 0.8613 0.0078 0.5081
vn 0.0477 -0.9967 -0.0652
vn 0.5220 0.0804 -0.8491
vn 0.8229 0.2547 0.5080
vn 0.0432 -0.9974 -0.0578
vn 0.8455 0.1558 0.5107
vn -0.0432 0.9974 0.0578
vn 0.0444 -0.9972 -0.0599
vn -0.5151 -0.0555 0.8553
vn 0.5216 0.0804 -0.8494
vn 0.5217 0.0804 -0.8493
vn -0.0444 0.9972 0.0599
vn 0.0419 -0.9976 -0.0557
vn -0.5152 -0.0554 0.8553
vn -0.5153 -0.0554 0.8552
vn -0.0417 0.9976 0.0555
vn 0.0417 -0.9976 -0.0553
vn -0.8610 -0.0078 -0.5086
vn 0.0415 -0.9976 -0.0550
vn 0.5217 0.0804 -0.8494
vn -0.8447 0.2397 -0.4786
vn 0.0520 -0.9965 -0.0654
vn -0.8296 0.1414 -0.5402
vn -0.0520 0.9965 0.0654
vn 0.0502 -0.9968 -0.0627
vn -0.5219 -0.0804 0.8492
vn 0.6093 0.0678 -0.7900
vn 0.6097 0.0678 -0.7898
vn 0.6095 0.0678 -0.7899
vn -0.5218 -0.0804 0.8493
vn -0.0502 0.9968 0.0627
vn 0.6096 0.0677 -0.7898
vn 0.0543 -0.9962 -0.0687
vn -0.5220 -0.0804 0.8492
vn -0.5220 -0.0804 0.8491
vn -0.0545 0.9961 0.0691
vn 0.0548 -0.9961 -0.0694
vn 0.8308 0.0064 0.5565
vn 0.0551 -0.9960 -0.0698
vn 0.6097 0.0677 -0.7897
vn 0.7917 0.2528 0.5561
vn 0.0484 -0.9970 -0.0602
vn 0.8124 0.1538 0.5625
vn -0.0484 0.9970 0.0602
vn 0.0499 -0.9968 -0.0624
vn -0.5217 -0.0804 0.8493
vn 0.6092 0.0678 -0.7901
vn 0.6089 0.0679 -0.7904
vn 0.6091 0.0678 -0.7902
vn -0.0499 0.9968 0.0624
vn 0.0471 -0.9972 -0.0583
vn -0.5217 -0.0804 0.8494
vn -0.0470 0.9972 0.0581
vn -0.5216 -0.0804 0.8494
vn 0.0469 -0.9972 -0.0580
vn -0.8281 -0.0060 -0.5606
vn 0.0467 -0.9972 -0.0578
vn -0.8140 0.2410 -0.5284
vn 0.0385 -0.9984 -0.0410
vn -0.7450 0.1479 -0.6504
vn -0.0385 0.9984 0.0410
vn 0.0360 -0.9986 -0.0383
vn -0.6095 -0.0678 0.7899
vn 0.7375 0.0283 -0.6748
vn 0.7380 0.0282 -0.6742
vn 0.7377 0.0282 -0.6745
vn -0.6093 -0.0678 0.7901
vn -0.0360 0.9986 0.0383
vn 0.7380 0.0282 -0.6743
vn 0.0423 -0.9981 -0.0451
vn -0.6096 -0.0677 0.7898
vn -0.6097 -0.0678 0.7897
vn -0.0426 0.9981 0.0454
vn -0.6097 -0.0678 0.7898
vn 0.0431 -0.9980 -0.0460
vn 0.7479 -0.0003 0.6639
vn 0.0437 -0.9980 -0.0467
vn 0.7146 0.2464 0.6547
vn 0.0339 -0.9988 -0.0360
vn 0.7296 0.1471 0.6679
vn -0.0338 0.9988 0.0360
vn 0.0357 -0.9986 -0.0379
vn -0.6091 -0.0678 0.7902
vn 0.7374 0.0283 -0.6748
vn 0.7369 0.0283 -0.6754
vn 0.7372 0.0283 -0.6751
vn -0.6092 -0.0678 0.7901
vn -0.0357 0.9986 0.0379
vn 0.0324 -0.9989 -0.0344
vn -0.6089 -0.0679 0.7903
vn -0.6089 -0.0679 0.7904
vn -0.0323 0.9989 0.0343
vn 0.0322 -0.9989 -0.0342
vn -0.7419 0.0007 -0.6705
vn 0.0320 -0.9989 -0.0340
vn -0.7268 0.2474 -0.6408
vt 0.375000 0.750000
vt 0.375000 0.500000
vt 0.625000 0.500000
vt 0.625000 0.750000
vt 0.252193 0.500000
vt 0.252193 0.750000
vt 0.375000 0.377193
vt 0.625000 0.377193
vt 0.625000 0.872807
vt 0.375000 0.872807
vt 0.747807 0.500000
vt 0.747807 0.750000
s 0
usemtl Material
f 4/1/1 2/2/1 7/2/1 5/1/1
f 8/3/2 6/4/2 16/4/2 15/3/2
f 1/3/3 3/4/3 6/4/3 8/3/3
f 9/5/4 2/2/4 4/1/4 11/6/4
f 3/4/5 4/1/5 5/1/5 6/4/5
f 9/7/6 12/8/6 1/3/6 2/2/6
f 14/2/7 15/3/7 19/3/7 18/2/7
f 2/2/8 1/3/8 8/3/8 7/2/8
f 4/1/9 3/4/9 10/9/9 11/10/9
f 1/3/10 12/11/10 10/12/10 3/4/10
f 7/2/7 8/3/7 15/3/7 14/2/7
f 5/1/11 7/2/11 14/2/11 13/1/11
f 6/4/12 5/1/12 13/1/12 16/4/12
f 20/4/13 17/1/13 21/1/13 24/4/13
f 15/3/14 16/4/14 20/4/14 19/3/14
f 16/4/12 13/1/12 17/1/12 20/4/12
f 13/1/15 14/2/15 18/2/15 17/1/15
f 22/2/16 23/3/16 24/4/16 21/1/16
f 17/1/17 18/2/17 22/2/17 21/1/17
f 18/2/18 19/3/18 23/3/18 22/2/18
f 19/3/19 20/4/19 24/4/19 23/3/19
f 28/1/20 29/1/20 31/2/20 26/2/20
f 32/3/21 39/3/21 40/4/21 30/4/21
f 25/3/22 32/3/22 30/4/22 27/4/22
f 33/5/23 35/6/23 28/1/23 26/2/23
f 27/4/24 30/4/24 29/1/24 28/1/24
f 33/7/6 26/2/6 25/3/6 36/8/6
f 38/2/25 42/2/25 43/3/25 39/3/25
f 26/2/26 31/2/26 32/3/26 25/3/26
f 28/1/9 35/10/9 34/9/9 27/4/9
f 25/3/27 27/4/27 34/12/27 36/11/27
f 31/2/28 38/2/28 39/3/28 32/3/28
f 29/1/29 37/1/29 38/2/29 31/2/29
f 30/4/30 40/4/30 37/1/30 29/1/30
f 44/4/31 48/4/31 45/1/31 41/1/31
f 39/3/32 43/3/32 44/4/32 40/4/32
f 40/4/30 44/4/30 41/1/30 37/1/30
f 37/1/33 41/1/33 42/2/33 38/2/33
f 46/2/34 45/1/34 48/4/34 47/3/34
f 41/1/35 45/1/35 46/2/35 42/2/35
f 42/2/28 46/2/28 47/3/28 43/3/28
f 43/3/36 47/3/36 48/4/36 44/4/36
f 52/1/37 50/2/37 55/2/37 53/1/37
f 56/3/38 54/4/38 64/4/38 63/3/38
f 49/3/39 51/4/39 54/4/39 56/3/39
f 57/5/40 50/2/40 52/1/40 59/6/40
f 51/4/41 52/1/41 53/1/41 54/4/41
f 57/7/42 60/8/42 49/3/42 50/2/42
f 62/2/43 63/3/43 67/3/43 66/2/43
f 50/2/44 49/3/44 56/3/44 55/2/44
f 52/1/45 51/4/45 58/9/45 59/10/45
f 49/3/46 60/11/46 58/12/46 51/4/46
f 55/2/47 56/3/47 63/3/47 62/2/47
f 53/1/48 55/2/48 62/2/48 61/1/48
f 54/4/49 53/1/49 61/1/49 64/4/49
f 68/4/50 65/1/50 69/1/50 72/4/50
f 63/3/51 64/4/51 68/4/51 67/3/51
f 64/4/49 61/1/49 65/1/49 68/4/49
f 61/1/52 62/2/52 66/2/52 65/1/52
f 70/2/53 71/3/53 72/4/53 69/1/53
f 65/1/54 66/2/54 70/2/54 69/1/54
f 66/2/55 67/3/55 71/3/55 70/2/55
f 67/3/56 68/4/56 72/4/56 71/3/56
f 76/1/57 77/1/57 79/2/57 74/2/57
f 80/3/58 87/3/58 88/4/58 78/4/58
f 73/3/59 80/3/59 78/4/59 75/4/59
f 81/5/60 83/6/60 76/1/60 74/2/60
f 75/4/61 78/4/61 77/1/61 76/1/61
f 81/7/62 74/2/62 73/3/62 84/8/62
f 86/2/63 90/2/63 91/3/63 87/3/63
f 74/2/64 79/2/64 80/3/64 73/3/64
f 76/1/45 83/10/45 82/9/45 75/4/45
f 73/3/65 75/4/65 82/12/65 84/11/65
f 79/2/66 86/2/66 87/3/66 80/3/66
f 77/1/67 85/1/67 86/2/67 79/2/67
f 78/4/68 88/4/68 85/1/68 77/1/68
f 92/4/68 96/4/68 93/1/68 89/1/68
f 87/3/69 91/3/69 92/4/69 88/4/69
f 88/4/70 92/4/70 89/1/70 85/1/70
f 85/1/71 89/1/71 90/2/71 86/2/71
f 94/2/72 93/1/72 96/4/72 95/3/72
f 89/1/73 93/1/73 94/2/73 90/2/73
f 90/2/74 94/2/74 95/3/74 91/3/74
f 91/3/75 95/3/75 96/4/75 92/4/75
f 100/1/76 98/2/76 103/2/76 101/1/76
f 104/3/77 102/4/77 112/4/77 111/3/77
f 97/3/78 99/4/78 102/4/78 104/3/78
f 105/5/79 98/2/79 100/1/79 107/6/79
f 99/4/80 100/1/80 101/1/80 102/4/80
f 105/7/81 108/8/81 97/3/81 98/2/81
f 110/2/82 111/3/82 115/3/82 114/2/82
f 98/2/83 97/3/83 104/3/83 103/2/83
f 100/1/84 99/4/84 106/9/84 107/10/84
f 97/3/85 108/11/85 106/12/85 99/4/85
f 103/2/86 104/3/86 111/3/86 110/2/86
f 101/1/87 103/2/87 110/2/87 109/1/87
f 102/4/88 101/1/88 109/1/88 112/4/88
f 116/4/89 113/1/89 117/1/89 120/4/89
f 111/3/90 112/4/90 116/4/90 115/3/90
f 112/4/91 109/1/91 113/1/91 116/4/91
f 109/1/92 110/2/92 114/2/92 113/1/92
f 118/2/93 119/3/93 120/4/93 117/1/93
f 113/1/94 114/2/94 118/2/94 117/1/94
f 114/2/95 115/3/95 119/3/95 118/2/95
f 115/3/96 116/4/96 120/4/96 119/3/96
f 124/1/97 125/1/97 127/2/97 122/2/97
f 128/3/98 135/3/98 136/4/98 126/4/98
f 121/3/99 128/3/99 126/4/99 123/4/99
f 129/5/100 131/6/100 124/1/100 122/2/100
f 123/4/101 126/4/101 125/1/101 124/1/101
f 129/7/81 122/2/81 121/3/81 132/8/81
f 134/2/102 138/2/102 139/3/102 135/3/102
f 122/2/103 127/2/103 128/3/103 121/3/103
f 124/1/104 131/10/104 130/9/104 123/4/104
f 121/3/105 123/4/105 130/12/105 132/11/105
f 127/2/102 134/2/102 135/3/102 128/3/102
f 125/1/106 133/1/106 134/2/106 127/2/106
f 126/4/107 136/4/107 133/1/107 125/1/107
f 140/4/108 144/4/108 141/1/108 137/1/108
f 135/3/109 139/3/109 140/4/109 136/4/109
f 136/4/110 140/4/110 137/1/110 133/1/110
f 133/1/111 137/1/111 138/2/111 134/2/111
f 142/2/112 141/1/112 144/4/112 143/3/112
f 137/1/113 141/1/113 142/2/113 138/2/113
f 138/2/114 142/2/114 143/3/114 139/3/114
f 139/3/115 143/3/115 144/4/115 140/4/115
f 148/1/116 146/2/116 151/2/116 149/1/116
f 152/3/117 150/4/117 160/4/117 159/3/117
f 145/3/118 147/4/118 150/4/118 152/3/118
f 153/5/119 146/2/119 148/1/119 155/6/119
f 147/4/120 148/1/120 149/1/120 150/4/120
f 153/7/121 156/8/121 145/3/121 146/2/121
f 158/2/122 159/3/122 163/3/122 162/2/122
f 146/2/121 145/3/121 152/3/121 151/2/121
f 148/1/123 147/4/123 154/9/123 155/10/123
f 145/3/124 156/11/124 154/12/124 147/4/124
f 151/2/121 152/3/121 159/3/121 158/2/121
f 149/1/125 151/2/125 158/2/125 157/1/125
f 150/4/126 149/1/126 157/1/126 160/4/126
f 164/4/127 161/1/127 165/1/127 168/4/127
f 159/3/128 160/4/128 164/4/128 163/3/128
f 160/4/129 157/1/129 161/1/129 164/4/129
f 157/1/130 158/2/130 162/2/130 161/1/130
f 166/2/131 167/3/131 168/4/131 165/1/131
f 161/1/132 162/2/132 166/2/132 165/1/132
f 162/2/122 163/3/122 167/3/122 166/2/122
f 163/3/133 164/4/133 168/4/133 167/3/133
f 172/1/134 173/1/134 175/2/134 170/2/134
f 176/3/135 183/3/135 184/4/135 174/4/135
f 169/3/136 176/3/136 174/4/136 171/4/136
f 177/5/137 179/6/137 172/1/137 170/2/137
f 171/4/138 174/4/138 173/1/138 172/1/138
f 177/7/121 170/2/121 169/3/121 180/8/121
f 182/2/139 186/2/139 187/3/139 183/3/139
f 170/2/121 175/2/121 176/3/121 169/3/121
f 172/1/123 179/10/123 178/9/123 171/4/123
f 169/3/140 171/4/140 178/12/140 180/11/140
f 175/2/139 182/2/139 183/3/139 176/3/139
f 173/1/141 181/1/141 182/2/141 175/2/141
f 174/4/142 184/4/142 181/1/142 173/1/142
f 188/4/143 192/4/143 189/1/143 185/1/143
f 183/3/144 187/3/144 188/4/144 184/4/144
f 184/4/142 188/4/142 185/1/142 181/1/142
f 181/1/145 185/1/145 186/2/145 182/2/145
f 190/2/146 189/1/146 192/4/146 191/3/146
f 185/1/147 189/1/147 190/2/147 186/2/147
f 186/2/121 190/2/121 191/3/121 187/3/121
f 187/3/148 191/3/148 192/4/148 188/4/148
f 196/1/149 194/2/149 199/2/149 197/1/149
f 200/3/150 198/4/150 208/4/150 207/3/150
f 193/3/151 195/4/151 198/4/151 200/3/151
f 201/5/152 194/2/152 196/1/152 203/6/152
f 195/4/153 196/1/153 197/1/153 198/4/153
f 201/7/154 204/8/154 193/3/154 194/2/154
f 206/2/155 207/3/155 211/3/155 210/2/155
f 194/2/154 193/3/154 200/3/154 199/2/154
f 196/1/153 195/4/153 202/9/153 203/10/153
f 193/3/156 204/11/156 202/12/156 195/4/156
f 199/2/155 200/3/155 207/3/155 206/2/155
f 197/1/157 199/2/157 206/2/157 205/1/157
f 198/4/153 197/1/153 205/1/153 208/4/153
f 212/4/158 209/1/158 213/1/158 216/4/158
f 207/3/159 208/4/159 212/4/159 211/3/159
f 208/4/158 205/1/158 209/1/158 212/4/158
f 205/1/160 206/2/160 210/2/160 209/1/160
f 214/2/161 215/3/161 216/4/161 213/1/161
f 209/1/162 210/2/162 214/2/162 213/1/162
f 210/2/163 211/3/163 215/3/163 214/2/163
f 211/3/164 212/4/164 216/4/164 215/3/164
f 220/1/165 221/1/165 223/2/165 218/2/165
f 224/3/166 231/3/166 232/4/166 222/4/166
f 217/3/167 224/3/167 222/4/167 219/4/167
f 225/5/168 227/6/168 220/1/168 218/2/168
f 219/4/153 222/4/153 221/1/153 220/1/153
f 225/7/154 218/2/154 217/3/154 228/8/154
f 230/2/169 234/2/169 235/3/169 231/3/169
f 218/2/169 223/2/169 224/3/169 217/3/169
f 220/1/153 227/10/153 226/9/153 219/4/153
f 217/3/170 219/4/170 226/12/170 228/11/170
f 223/2/171 230/2/171 231/3/171 224/3/171
f 221/1/172 229/1/172 230/2/172 223/2/172
f 222/4/173 232/4/173 229/1/173 221/1/173
f 236/4/153 240/4/153 237/1/153 233/1/153
f 231/3/174 235/3/174 236/4/174 232/4/174
f 232/4/173 236/4/173 233/1/173 229/1/173
f 229/1/175 233/1/175 234/2/175 230/2/175
f 238/2/176 237/1/176 240/4/176 239/3/176
f 233/1/177 237/1/177 238/2/177 234/2/177
f 234/2/178 238/2/178 239/3/178 235/3/178
f 235/3/179 239/3/179 240/4/179 236/4/179
f 244/1/180 242/2/180 247/2/180 245/1/180
f 248/3/181 246/4/181 256/4/181 255/3/181
f 241/3/182 243/4/182 246/4/182 248/3/182
f 249/5/183 242/2/183 244/1/183 251/6/183
f 243/4/184 244/1/184 245/1/184 246/4/184
f 249/7/185 252/8/185 241/3/185 242/2/185
f 254/2/186 255/3/186 259/3/186 258/2/186
f 242/2/187 241/3/187 248/3/187 247/2/187
f 244/1/184 243/4/184 250/9/184 251/10/184
f 241/3/188 252/11/188 250/12/188 243/4/188
f 247/2/189 248/3/189 255/3/189 254/2/189
f 245/1/190 247/2/190 254/2/190 253/1/190
f 246/4/191 245/1/191 253/1/191 256/4/191
f 260/4/192 257/1/192 261/1/192 264/4/192
f 255/3/193 256/4/193 260/4/193 259/3/193
f 256/4/191 253/1/191 257/1/191 260/4/191
f 253/1/194 254/2/194 258/2/194 257/1/194
f 262/2/195 263/3/195 264/4/195 261/1/195
f 257/1/196 258/2/196 262/2/196 261/1/196
f 258/2/186 259/3/186 263/3/186 262/2/186
f 259/3/197 260/4/197 264/4/197 263/3/197
f 268/1/198 269/1/198 271/2/198 266/2/198
f 272/3/199 279/3/199 280/4/199 270/4/199
f 265/3/200 272/3/200 270/4/200 267/4/200
f 273/5/201 275/6/201 268/1/201 266/2/201
f 267/4/202 270/4/202 269/1/202 268/1/202
f 273/7/203 266/2/203 265/3/203 276/8/203
f 278/2/204 282/2/204 283/3/204 279/3/204
f 266/2/205 271/2/205 272/3/205 265/3/205
f 268/1/184 275/10/184 274/9/184 267/4/184
f 265/3/206 267/4/206 274/12/206 276/11/206
f 271/2/204 278/2/204 279/3/204 272/3/204
f 269/1/207 277/1/207 278/2/207 271/2/207
f 270/4/208 280/4/208 277/1/208 269/1/208
f 284/4/209 288/4/209 285/1/209 281/1/209
f 279/3/210 283/3/210 284/4/210 280/4/210
f 280/4/202 284/4/202 281/1/202 277/1/202
f 277/1/211 281/1/211 282/2/211 278/2/211
f 286/2/212 285/1/212 288/4/212 287/3/212
f 281/1/213 285/1/213 286/2/213 282/2/213
f 282/2/204 286/2/204 287/3/204 283/3/204
f 283/3/214 287/3/214 288/4/214 284/4/214
f 292/1/215 290/2/215 295/2/215 293/1/215
f 296/3/216 294/4/216 304/4/216 303/3/216
f 289/3/217 291/4/217 294/4/217 296/3/217
f 297/5/218 290/2/218 292/1/218 299/6/218
f 291/4/219 292/1/219 293/1/219 294/4/219
f 297/7/220 300/8/220 289/3/220 290/2/220
f 302/2/221 303/3/221 307/3/221 306/2/221
f 290/2/222 289/3/222 296/3/222 295/2/222
f 292/1/223 291/4/223 298/9/223 299/10/223
f 289/3/224 300/11/224 298/12/224 291/4/224
f 295/2/221 296/3/221 303/3/221 302/2/221
f 293/1/225 295/2/225 302/2/225 301/1/225
f 294/4/226 293/1/226 301/1/226 304/4/226
f 308/4/226 305/1/226 309/1/226 312/4/226
f 303/3/227 304/4/227 308/4/227 307/3/227
f 304/4/228 301/1/228 305/1/228 308/4/228
f 301/1/229 302/2/229 306/2/229 305/1/229
f 310/2/230 311/3/230 312/4/230 309/1/230
f 305/1/231 306/2/231 310/2/231 309/1/231
f 306/2/221 307/3/221 311/3/221 310/2/221
f 307/3/232 308/4/232 312/4/232 311/3/232
f 316/1/233 317/1/233 319/2/233 314/2/233
f 320/3/234 327/3/234 328/4/234 318/4/234
f 313/3/235 320/3/235 318/4/235 315/4/235
f 321/5/236 323/6/236 316/1/236 314/2/236
f 315/4/237 318/4/237 317/1/237 316/1/237
f 321/7/238 314/2/238 313/3/238 324/8/238
f 326/2/239 330/2/239 331/3/239 327/3/239
f 314/2/240 319/2/240 320/3/240 313/3/240
f 316/1/241 323/10/241 322/9/241 315/4/241
f 313/3/242 315/4/242 322/12/242 324/11/242
f 319/2/243 326/2/243 327/3/243 320/3/243
f 317/1/244 325/1/244 326/2/244 319/2/244
f 318/4/245 328/4/245 325/1/245 317/1/245
f 332/4/245 336/4/245 333/1/245 329/1/245
f 327/3/246 331/3/246 332/4/246 328/4/246
f 328/4/245 332/4/245 329/1/245 325/1/245
f 325/1/247 329/1/247 330/2/247 326/2/247
f 334/2/248 333/1/248 336/4/248 335/3/248
f 329/1/249 333/1/249 334/2/249 330/2/249
f 330/2/250 334/2/250 335/3/250 331/3/250
f 331/3/251 335/3/251 336/4/251 332/4/251
f 340/1/252 338/2/252 343/2/252 341/1/252
f 344/3/253 342/4/253 352/4/253 351/3/253
f 337/3/254 339/4/254 342/4/254 344/3/254
f 345/5/255 338/2/255 340/1/255 347/6/255
f 339/4/256 340/1/256 341/1/256 342/4/256
f 345/7/257 348/8/257 337/3/257 338/2/257
f 350/2/258 351/3/258 355/3/258 354/2/258
f 338/2/259 337/3/259 344/3/259 343/2/259
f 340/1/260 339/4/260 346/9/260 347/10/260
f 337/3/261 348/11/261 346/12/261 339/4/261
f 343/2/262 344/3/262 351/3/262 350/2/262
f 341/1/263 343/2/263 350/2/263 349/1/263
f 342/4/264 341/1/264 349/1/264 352/4/264
f 356/4/264 353/1/264 357/1/264 360/4/264
f 351/3/265 352/4/265 356/4/265 355/3/265
f 352/4/264 349/1/264 353/1/264 356/4/264
f 349/1/266 350/2/266 354/2/266 353/1/266
f 358/2/267 359/3/267 360/4/267 357/1/267
f 353/1/268 354/2/268 358/2/268 357/1/268
f 354/2/269 355/3/269 359/3/269 358/2/269
f 355/3/270 356/4/270 360/4/270 359/3/270
f 364/1/271 365/1/271 367/2/271 362/2/271
f 368/3/272 375/3/272 376/4/272 366/4/272
f 361/3/273 368/3/273 366/4/273 363/4/273
f 369/5/274 371/6/274 364/1/274 362/2/274
f 363/4/275 366/4/275 365/1/275 364/1/275
f 369/7/276 362/2/276 361/3/276 372/8/276
f 374/2/277 378/2/277 379/3/277 375/3/277
f 362/2/278 367/2/278 368/3/278 361/3/278
f 364/1/279 371/10/279 370/9/279 363/4/279
f 361/3/280 363/4/280 370/12/280 372/11/280
f 367/2/281 374/2/281 375/3/281 368/3/281
f 365/1/282 373/1/282 374/2/282 367/2/282
f 366/4/283 376/4/283 373/1/283 365/1/283
f 380/4/284 384/4/284 381/1/284 377/1/284
f 375/3/285 379/3/285 380/4/285 376/4/285
f 376/4/286 380/4/286 377/1/286 373/1/286
f 373/1/287 377/1/287 378/2/287 374/2/287
f 382/2/288 381/1/288 384/4/288 383/3/288
f 377/1/289 381/1/289 382/2/289 378/2/289
f 378/2/290 382/2/290 383/3/290 379/3/290
f 379/3/291 383/3/291 384/4/291 380/4/291
f 388/1/292 386/2/292 391/2/292 389/1/292
f 392/3/293 390/4/293 400/4/293 399/3/293
f 385/3/294 387/4/294 390/4/294 392/3/294
f 393/5/295 386/2/295 388/1/295 395/6/295
f 387/4/296 388/1/296 389/1/296 390/4/296
f 393/7/297 396/8/297 385/3/297 386/2/297
f 398/2/298 399/3/298 403/3/298 402/2/298
f 386/2/299 385/3/299 392/3/299 391/2/299
f 388/1/300 387/4/300 394/9/300 395/10/300
f 385/3/301 396/11/301 394/12/301 387/4/301
f 391/2/302 392/3/302 399/3/302 398/2/302
f 389/1/303 391/2/303 398/2/303 397/1/303
f 390/4/304 389/1/304 397/1/304 400/4/304
f 404/4/305 401/1/305 405/1/305 408/4/305
f 399/3/306 400/4/306 404/4/306 403/3/306
f 400/4/307 397/1/307 401/1/307 404/4/307
f 397/1/308 398/2/308 402/2/308 401/1/308
f 406/2/309 407/3/309 408/4/309 405/1/309
f 401/1/310 402/2/310 406/2/310 405/1/310
f 402/2/298 403/3/298 407/3/298 406/2/298
f 403/3/311 404/4/311 408/4/311 407/3/311
f 412/1/312 413/1/312 415/2/312 410/2/312
f 416/3/313 423/3/313 424/4/313 414/4/313
f 409/3/314 416/3/314 414/4/314 411/4/314
f 417/5/315 419/6/315 412/1/315 410/2/315
f 411/4/316 414/4/316 413/1/316 412/1/316
f 417/7/317 410/2/317 409/3/317 420/8/317
f 422/2/318 426/2/318 427/3/318 423/3/318
f 410/2/319 415/2/319 416/3/319 409/3/319
f 412/1/320 419/10/320 418/9/320 411/4/320
f 409/3/321 411/4/321 418/12/321 420/11/321
f 415/2/322 422/2/322 423/3/322 416/3/322
f 413/1/323 421/1/323 422/2/323 415/2/323
f 414/4/324 424/4/324 421/1/324 413/1/324
f 428/4/325 432/4/325 429/1/325 425/1/325
f 423/3/326 427/3/326 428/4/326 424/4/326
f 424/4/327 428/4/327 425/1/327 421/1/327
f 421/1/328 425/1/328 426/2/328 422/2/328
f 430/2/329 429/1/329 432/4/329 431/3/329
f 425/1/330 429/1/330 430/2/330 426/2/330
f 426/2/331 430/2/331 431/3/331 427/3/331
f 427/3/332 431/3/332 432/4/332 428/4/332
f 436/1/333 434/2/333 439/2/333 437/1/333
f 440/3/334 438/4/334 448/4/334 447/3/334
f 433/3/335 435/4/335 438/4/335 440/3/335
f 441/5/336 434/2/336 436/1/336 443/6/336
f 435/4/337 436/1/337 437/1/337 438/4/337
f 441/7/338 444/8/338 433/3/338 434/2/338
f 446/2/339 447/3/339 451/3/339 450/2/339
f 434/2/340 433/3/340 440/3/340 439/2/340
f 436/1/341 435/4/341 442/9/341 443/10/341
f 433/3/342 444/11/342 442/12/342 435/4/342
f 439/2/339 440/3/339 447/3/339 446/2/339
f 437/1/343 439/2/343 446/2/343 445/1/343
f 438/4/344 437/1/344 445/1/344 448/4/344
f 452/4/345 449/1/345 453/1/345 456/4/345
f 447/3/346 448/4/346 452/4/346 451/3/346
f 448/4/345 445/1/345 449/1/345 452/4/345
f 445/1/347 446/2/347 450/2/347 449/1/347
f 454/2/348 455/3/348 456/4/348 453/1/348
f 449/1/349 450/2/349 454/2/349 453/1/349
f 450/2/350 451/3/350 455/3/350 454/2/350
f 451/3/351 452/4/351 456/4/351 455/3/351
f 460/1/352 461/1/352 463/2/352 458/2/352
f 464/3/353 471/3/353 472/4/353 462/4/353
f 457/3/354 464/3/354 462/4/354 459/4/354
f 465/5/355 467/6/355 460/1/355 458/2/355
f 459/4/356 462/4/356 461/1/356 460/1/356
f 465/7/357 458/2/357 457/3/357 468/8/357
f 470/2/358 474/2/358 475/3/358 471/3/358
f 458/2/359 463/2/359 464/3/359 457/3/359
f 460/1/360 467/10/360 466/9/360 459/4/360
f 457/3/361 459/4/361 466/12/361 468/11/361
f 463/2/362 470/2/362 471/3/362 464/3/362
f 461/1/363 469/1/363 470/2/363 463/2/363
f 462/4/364 472/4/364 469/1/364 461/1/364
f 476/4/365 480/4/365 477/1/365 473/1/365
f 471/3/366 475/3/366 476/4/366 472/4/366
f 472/4/367 476/4/367 473/1/367 469/1/367
f 469/1/368 473/1/368 474/2/368 470/2/368
f 478/2/369 477/1/369 480/4/369 479/3/369
f 473/1/370 477/1/370 478/2/370 474/2/370
f 474/2/371 478/2/371 479/3/371 475/3/371
f 475/3/372 479/3/372 480/4/372 476/4/372
f 484/1/373 482/2/373 487/2/373 485/1/373
f 488/3/374 486/4/374 496/4/374 495/3/374
f 481/3/375 483/4/375 486/4/375 488/3/375
f 489/5/376 482/2/376 484/1/376 491/6/376
f 483/4/377 484/1/377 485/1/377 486/4/377
f 489/7/378 492/8/378 481/3/378 482/2/378
f 494/2/379 495/3/379 499/3/379 498/2/379
f 482/2/380 481/3/380 488/3/380 487/2/380
f 484/1/381 483/4/381 490/9/381 491/10/381
f 481/3/382 492/11/382 490/12/382 483/4/382
f 487/2/383 488/3/383 495/3/383 494/2/383
f 485/1/384 487/2/384 494/2/384 493/1/384
f 486/4/385 485/1/385 493/1/385 496/4/385
f 500/4/386 497/1/386 501/1/386 504/4/386
f 495/3/387 496/4/387 500/4/387 499/3/387
f 496/4/385 493/1/385 497/1/385 500/4/385
f 493/1/388 494/2/388 498/2/388 497/1/388
f 502/2/389 503/3/389 504/4/389 501/1/389
f 497/1/390 498/2/390 502/2/390 501/1/390
f 498/2/391 499/3/391 503/3/391 502/2/391
f 499/3/392 500/4/392 504/4/392 503/3/392
f 508/1/393 509/1/393 511/2/393 506/2/393
f 512/3/394 519/3/394 520/4/394 510/4/394
f 505/3/395 512/3/395 510/4/395 507/4/395
f 513/5/396 515/6/396 508/1/396 506/2/396
f 507/4/397 510/4/397 509/1/397 508/1/397
f 513/7/398 506/2/398 505/3/398 516/8/398
f 518/2/399 522/2/399 523/3/399 519/3/399
f 506/2/400 511/2/400 512/3/400 505/3/400
f 508/1/401 515/10/401 514/9/401 507/4/401
f 505/3/402 507/4/402 514/12/402 516/11/402
f 511/2/403 518/2/403 519/3/403 512/3/403
f 509/1/404 517/1/404 518/2/404 511/2/404
f 510/4/405 520/4/405 517/1/405 509/1/405
f 524/4/406 528/4/406 525/1/406 521/1/406
f 519/3/407 523/3/407 524/4/407 520/4/407
f 520/4/408 524/4/408 521/1/408 517/1/408
f 517/1/409 521/1/409 522/2/409 518/2/409
f 526/2/410 525/1/410 528/4/410 527/3/410
f 521/1/411 525/1/411 526/2/411 522/2/411
f 522/2/412 526/2/412 527/3/412 523/3/412
f 523/3/413 527/3/413 528/4/413 524/4/413
f 532/1/414 530/2/414 535/2/414 533/1/414
f 536/3/415 534/4/415 544/4/415 543/3/415
f 529/3/416 531/4/416 534/4/416 536/3/416
f 537/5/417 530/2/417 532/1/417 539/6/417
f 531/4/418 532/1/418 533/1/418 534/4/418
f 537/7/419 540/8/419 529/3/419 530/2/419
f 542/2/420 543/3/420 547/3/420 546/2/420
f 530/2/421 529/3/421 536/3/421 535/2/421
f 532/1/422 531/4/422 538/9/422 539/10/422
f 529/3/423 540/11/423 538/12/423 531/4/423
f 535/2/424 536/3/424 543/3/424 542/2/424
f 533/1/425 535/2/425 542/2/425 541/1/425
f 534/4/426 533/1/426 541/1/426 544/4/426
f 548/4/427 545/1/427 549/1/427 552/4/427
f 543/3/428 544/4/428 548/4/428 547/3/428
f 544/4/429 541/1/429 545/1/429 548/4/429
f 541/1/430 542/2/430 546/2/430 545/1/430
f 550/2/431 551/3/431 552/4/431 549/1/431
f 545/1/432 546/2/432 550/2/432 549/1/432
f 546/2/420 547/3/420 551/3/420 550/2/420
f 547/3/433 548/4/433 552/4/433 551/3/433
f 556/1/434 557/1/434 559/2/434 554/2/434
f 560/3/435 567/3/435 568/4/435 558/4/435
f 553/3/436 560/3/436 558/4/436 555/4/436
f 561/5/437 563/6/437 556/1/437 554/2/437
f 555/4/438 558/4/438 557/1/438 556/1/438
f 561/7/439 554/2/439 553/3/439 564/8/439
f 566/2/440 570/2/440 571/3/440 567/3/440
f 554/2/441 559/2/441 560/3/441 553/3/441
f 556/1/442 563/10/442 562/9/442 555/4/442
f 553/3/443 555/4/443 562/12/443 564/11/443
f 559/2/444 566/2/444 567/3/444 560/3/444
f 557/1/445 565/1/445 566/2/445 559/2/445
f 558/4/446 568/4/446 565/1/446 557/1/446
f 572/4/447 576/4/447 573/1/447 569/1/447
f 567/3/448 571/3/448 572/4/448 568/4/448
f 568/4/449 572/4/449 569/1/449 565/1/449
f 565/1/450 569/1/450 570/2/450 566/2/450
f 574/2/451 573/1/451 576/4/451 575/3/451
f 569/1/452 573/1/452 574/2/452 570/2/452
f 570/2/453 574/2/453 575/3/453 571/3/453
f 571/3/454 575/3/454 576/4/454 572/4/454
f 580/1/455 578/2/455 583/2/455 581/1/455
f 584/3/456 582/4/456 592/4/456 591/3/456
f 577/3/457 579/4/457 582/4/457 584/3/457
f 585/5/458 578/2/458 580/1/458 587/6/458
f 579/4/459 580/1/459 581/1/459 582/4/459
f 585/7/460 588/8/460 577/3/460 578/2/460
f 590/2/461 591/3/461 595/3/461 594/2/461
f 578/2/462 577/3/462 584/3/462 583/2/462
f 580/1/463 579/4/463 586/9/463 587/10/463
f 577/3/464 588/11/464 586/12/464 579/4/464
f 583/2/465 584/3/465 591/3/465 590/2/465
f 581/1/466 583/2/466 590/2/466 589/1/466
f 582/4/467 581/1/467 589/1/467 592/4/467
f 596/4/468 593/1/468 597/1/468 600/4/468
f 591/3/469 592/4/469 596/4/469 595/3/469
f 592/4/468 589/1/468 593/1/468 596/4/468
f 589/1/470 590/2/470 594/2/470 593/1/470
f 598/2/471 599/3/471 600/4/471 597/1/471
f 593/1/472 594/2/472 598/2/472 597/1/472
f 594/2/473 595/3/473 599/3/473 598/2/473
f 595/3/474 596/4/474 600/4/474 599/3/474
f 604/1/475 605/1/475 607/2/475 602/2/475
f 608/3/476 615/3/476 616/4/476 606/4/476
f 601/3/477 608/3/477 606/4/477 603/4/477
f 609/5/478 611/6/478 604/1/478 602/2/478
f 603/4/479 606/4/479 605/1/479 604/1/479
f 609/7/460 602/2/460 601/3/460 612/8/460
f 614/2/480 618/2/480 619/3/480 615/3/480
f 602/2/481 607/2/481 608/3/481 601/3/481
f 604/1/482 611/10/482 610/9/482 603/4/482
f 601/3/483 603/4/483 610/12/483 612/11/483
f 607/2/480 614/2/480 615/3/480 608/3/480
f 605/1/484 613/1/484 614/2/484 607/2/484
f 606/4/485 616/4/485 613/1/485 605/1/485
f 620/4/486 624/4/486 621/1/486 617/1/486
f 615/3/487 619/3/487 620/4/487 616/4/487
f 616/4/485 620/4/485 617/1/485 613/1/485
f 613/1/488 617/1/488 618/2/488 614/2/488
f 622/2/489 621/1/489 624/4/489 623/3/489
f 617/1/490 621/1/490 622/2/490 618/2/490
f 618/2/491 622/2/491 623/3/491 619/3/491
f 619/3/492 623/3/492 624/4/492 620/4/492
f 628/1/493 626/2/493 631/2/493 629/1/493
f 632/3/494 630/4/494 640/4/494 639/3/494
f 625/3/495 627/4/495 630/4/495 632/3/495
f 633/5/496 626/2/496 628/1/496 635/6/496
f 627/4/497 628/1/497 629/1/497 630/4/497
f 633/7/498 636/8/498 625/3/498 626/2/498
f 638/2/499 639/3/499 643/3/499 642/2/499
f 626/2/499 625/3/499 632/3/499 631/2/499
f 628/1/500 627/4/500 634/9/500 635/10/500
f 625/3/501 636/11/501 634/12/501 627/4/501
f 631/2/498 632/3/498 639/3/498 638/2/498
f 629/1/502 631/2/502 638/2/502 637/1/502
f 630/4/503 629/1/503 637/1/503 640/4/503
f 644/4/504 641/1/504 645/1/504 648/4/504
f 639/3/505 640/4/505 644/4/505 643/3/505
f 640/4/506 637/1/506 641/1/506 644/4/506
f 637/1/507 638/2/507 642/2/507 641/1/507
f 646/2/508 647/3/508 648/4/508 645/1/508
f 641/1/509 642/2/509 646/2/509 645/1/509
f 642/2/499 643/3/499 647/3/499 646/2/499
f 643/3/510 644/4/510 648/4/510 647/3/510
f 652/1/511 653/1/511 655/2/511 650/2/511
f 656/3/512 663/3/512 664/4/512 654/4/512
f 649/3/513 656/3/513 654/4/513 651/4/513
f 657/5/514 659/6/514 652/1/514 650/2/514
f 651/4/515 654/4/515 653/1/515 652/1/515
f 657/7/499 650/2/499 649/3/499 660/8/499
f 662/2/516 666/2/516 667/3/516 663/3/516
f 650/2/498 655/2/498 656/3/498 649/3/498
f 652/1/517 659/10/517 658/9/517 651/4/517
f 649/3/518 651/4/518 658/12/518 660/11/518
f 655/2/516 662/2/516 663/3/516 656/3/516
f 653/1/519 661/1/519 662/2/519 655/2/519
f 654/4/520 664/4/520 661/1/520 653/1/520
f 668/4/521 672/4/521 669/1/521 665/1/521
f 663/3/522 667/3/522 668/4/522 664/4/522
f 664/4/520 668/4/520 665/1/520 661/1/520
f 661/1/523 665/1/523 666/2/523 662/2/523
f 670/2/524 669/1/524 672/4/524 671/3/524
f 665/1/525 669/1/525 670/2/525 666/2/525
f 666/2/498 670/2/498 671/3/498 667/3/498
f 667/3/526 671/3/526 672/4/526 668/4/526
f 676/1/527 674/2/527 679/2/527 677/1/527
f 680/3/528 678/4/528 688/4/528 687/3/528
f 673/3/529 675/4/529 678/4/529 680/3/529
f 681/5/530 674/2/530 676/1/530 683/6/530
f 675/4/531 676/1/531 677/1/531 678/4/531
f 681/7/532 684/8/532 673/3/532 674/2/532
f 686/2/533 687/3/533 691/3/533 690/2/533
f 674/2/534 673/3/534 680/3/534 679/2/534
f 676/1/535 675/4/535 682/9/535 683/10/535
f 673/3/536 684/11/536 682/12/536 675/4/536
f 679/2/533 680/3/533 687/3/533 686/2/533
f 677/1/537 679/2/537 686/2/537 685/1/537
f 678/4/535 677/1/535 685/1/535 688/4/535
f 692/4/535 689/1/535 693/1/535 696/4/535
f 687/3/538 688/4/538 692/4/538 691/3/538
f 688/4/531 685/1/531 689/1/531 692/4/531
f 685/1/539 686/2/539 690/2/539 689/1/539
f 694/2/540 695/3/540 696/4/540 693/1/540
f 689/1/541 690/2/541 694/2/541 693/1/541
f 690/2/542 691/3/542 695/3/542 694/2/542
f 691/3/543 692/4/543 696/4/543 695/3/543
f 700/1/544 701/1/544 703/2/544 698/2/544
f 704/3/545 711/3/545 712/4/545 702/4/545
f 697/3/546 704/3/546 702/4/546 699/4/546
f 705/5/547 707/6/547 700/1/547 698/2/547
f 699/4/535 702/4/535 701/1/535 700/1/535
f 705/7/548 698/2/548 697/3/548 708/8/548
f 710/2/549 714/2/549 715/3/549 711/3/549
f 698/2/548 703/2/548 704/3/548 697/3/548
f 700/1/535 707/10/535 706/9/535 699/4/535
f 697/3/550 699/4/550 706/12/550 708/11/550
f 703/2/551 710/2/551 711/3/551 704/3/551
f 701/1/552 709/1/552 710/2/552 703/2/552
f 702/4/535 712/4/535 709/1/535 701/1/535
f 716/4/535 720/4/535 717/1/535 713/1/535
f 711/3/553 715/3/553 716/4/553 712/4/553
f 712/4/554 716/4/554 713/1/554 709/1/554
f 709/1/555 713/1/555 714/2/555 710/2/555
f 718/2/556 717/1/556 720/4/556 719/3/556
f 713/1/557 717/1/557 718/2/557 714/2/557
f 714/2/558 718/2/558 719/3/558 715/3/558
f 715/3/559 719/3/559 720/4/559 716/4/559
f 724/1/560 722/2/560 727/2/560 725/1/560
f 728/3/561 726/4/561 736/4/561 735/3/561
f 721/3/562 723/4/562 726/4/562 728/3/562
f 729/5/563 722/2/563 724/1/563 731/6/563
f 723/4/564 724/1/564 725/1/564 726/4/564
f 729/7/565 732/8/565 721/3/565 722/2/565
f 734/2/566 735/3/566 739/3/566 738/2/566
f 722/2/567 721/3/567 728/3/567 727/2/567
f 724/1/568 723/4/568 730/9/568 731/10/568
f 721/3/569 732/11/569 730/12/569 723/4/569
f 727/2/570 728/3/570 735/3/570 734/2/570
f 725/1/571 727/2/571 734/2/571 733/1/571
f 726/4/572 725/1/572 733/1/572 736/4/572
f 740/4/573 737/1/573 741/1/573 744/4/573
f 735/3/574 736/4/574 740/4/574 739/3/574
f 736/4/572 733/1/572 737/1/572 740/4/572
f 733/1/575 734/2/575 738/2/575 737/1/575
f 742/2/576 743/3/576 744/4/576 741/1/576
f 737/1/577 738/2/577 742/2/577 741/1/577
f 738/2/566 739/3/566 743/3/566 742/2/566
f 739/3/578 740/4/578 744/4/578 743/3/578
f 748/1/579 749/1/579 751/2/579 746/2/579
f 752/3/580 759/3/580 760/4/580 750/4/580
f 745/3/581 752/3/581 750/4/581 747/4/581
f 753/5/582 755/6/582 748/1/582 746/2/582
f 747/4/583 750/4/583 749/1/583 748/1/583
f 753/7/584 746/2/584 745/3/584 756/8/584
f 758/2/585 762/2/585 763/3/585 759/3/585
f 746/2/586 751/2/586 752/3/586 745/3/586
f 748/1/583 755/10/583 754/9/583 747/4/583
f 745/3/587 747/4/587 754/12/587 756/11/587
f 751/2/585 758/2/585 759/3/585 752/3/585
f 749/1/588 757/1/588 758/2/588 751/2/588
f 750/4/589 760/4/589 757/1/589 749/1/589
f 764/4/590 768/4/590 765/1/590 761/1/590
f 759/3/591 763/3/591 764/4/591 760/4/591
f 760/4/592 764/4/592 761/1/592 757/1/592
f 757/1/593 761/1/593 762/2/593 758/2/593
f 766/2/594 765/1/594 768/4/594 767/3/594
f 761/1/595 765/1/595 766/2/595 762/2/595
f 762/2/585 766/2/585 767/3/585 763/3/585
f 763/3/596 767/3/596 768/4/596 764/4/596
f 772/1/597 770/2/597 775/2/597 773/1/597
f 776/3/598 774/4/598 784/4/598 783/3/598
f 769/3/599 771/4/599 774/4/599 776/3/599
f 777/5/600 770/2/600 772/1/600 779/6/600
f 771/4/601 772/1/601 773/1/601 774/4/601
f 777/7/602 780/8/602 769/3/602 770/2/602
f 782/2/603 783/3/603 787/3/603 786/2/603
f 770/2/604 769/3/604 776/3/604 775/2/604
f 772/1/605 771/4/605 778/9/605 779/10/605
f 769/3/606 780/11/606 778/12/606 771/4/606
f 775/2/607 776/3/607 783/3/607 782/2/607
f 773/1/608 775/2/608 782/2/608 781/1/608
f 774/4/609 773/1/609 781/1/609 784/4/609
f 788/4/610 785/1/610 789/1/610 792/4/610
f 783/3/611 784/4/611 788/4/611 787/3/611
f 784/4/610 781/1/610 785/1/610 788/4/610
f 781/1/612 782/2/612 786/2/612 785/1/612
f 790/2/613 791/3/613 792/4/613 789/1/613
f 785/1/614 786/2/614 790/2/614 789/1/614
f 786/2/603 787/3/603 791/3/603 790/2/603
f 787/3/615 788/4/615 792/4/615 791/3/615
f 796/1/616 797/1/616 799/2/616 794/2/616
f 800/3/617 807/3/617 808/4/617 798/4/617
f 793/3/618 800/3/618 798/4/618 795/4/618
f 801/5/619 803/6/619 796/1/619 794/2/619
f 795/4/620 798/4/620 797/1/620 796/1/620
f 801/7/621 794/2/621 793/3/621 804/8/621
f 806/2/622 810/2/622 811/3/622 807/3/622
f 794/2/623 799/2/623 800/3/623 793/3/623
f 796/1/624 803/10/624 802/9/624 795/4/624
f 793/3/625 795/4/625 802/12/625 804/11/625
f 799/2/626 806/2/626 807/3/626 800/3/626
f 797/1/627 805/1/627 806/2/627 799/2/627
f 798/4/628 808/4/628 805/1/628 797/1/628
f 812/4/628 816/4/628 813/1/628 809/1/628
f 807/3/629 811/3/629 812/4/629 808/4/629
f 808/4/628 812/4/628 809/1/628 805/1/628
f 805/1/630 809/1/630 810/2/630 806/2/630
f 814/2/631 813/1/631 816/4/631 815/3/631
f 809/1/632 813/1/632 814/2/632 810/2/632
f 810/2/622 814/2/622 815/3/622 811/3/622
f 811/3/633 815/3/633 816/4/633 812/4/633
f 820/1/634 818/2/634 823/2/634 821/1/634
f 824/3/635 822/4/635 832/4/635 831/3/635
f 817/3/636 819/4/636 822/4/636 824/3/636
f 825/5/637 818/2/637 820/1/637 827/6/637
f 819/4/638 820/1/638 821/1/638 822/4/638
f 825/7/639 828/8/639 817/3/639 818/2/639
f 830/2/640 831/3/640 835/3/640 834/2/640
f 818/2/641 817/3/641 824/3/641 823/2/641
f 820/1/642 819/4/642 826/9/642 827/10/642
f 817/3/643 828/11/643 826/12/643 819/4/643
f 823/2/640 824/3/640 831/3/640 830/2/640
f 821/1/644 823/2/644 830/2/644 829/1/644
f 822/4/645 821/1/645 829/1/645 832/4/645
f 836/4/646 833/1/646 837/1/646 840/4/646
f 831/3/647 832/4/647 836/4/647 835/3/647
f 832/4/646 829/1/646 833/1/646 836/4/646
f 829/1/648 830/2/648 834/2/648 833/1/648
f 838/2/649 839/3/649 840/4/649 837/1/649
f 833/1/650 834/2/650 838/2/650 837/1/650
f 834/2/640 835/3/640 839/3/640 838/2/640
f 835/3/651 836/4/651 840/4/651 839/3/651
f 844/1/652 845/1/652 847/2/652 842/2/652
f 848/3/653 855/3/653 856/4/653 846/4/653
f 841/3/654 848/3/654 846/4/654 843/4/654
f 849/5/655 851/6/655 844/1/655 842/2/655
f 843/4/656 846/4/656 845/1/656 844/1/656
f 849/7/639 842/2/639 841/3/639 852/8/639
f 854/2/657 858/2/657 859/3/657 855/3/657
f 842/2/658 847/2/658 848/3/658 841/3/658
f 844/1/659 851/10/659 850/9/659 843/4/659
f 841/3/660 843/4/660 850/12/660 852/11/660
f 847/2/661 854/2/661 855/3/661 848/3/661
f 845/1/662 853/1/662 854/2/662 847/2/662
f 846/4/663 856/4/663 853/1/663 845/1/663
f 860/4/664 864/4/664 861/1/664 857/1/664
f 855/3/665 859/3/665 860/4/665 856/4/665
f 856/4/664 860/4/664 857/1/664 853/1/664
f 853/1/666 857/1/666 858/2/666 854/2/666
f 862/2/667 861/1/667 864/4/667 863/3/667
f 857/1/668 861/1/668 862/2/668 858/2/668
f 858/2/669 862/2/669 863/3/669 859/3/669
f 859/3/670 863/3/670 864/4/670 860/4/670
f 868/1/671 866/2/671 871/2/671 869/1/671
f 872/3/672 870/4/672 880/4/672 879/3/672
f 865/3/673 867/4/673 870/4/673 872/3/673
f 873/5/674 866/2/674 868/1/674 875/6/674
f 867/4/675 868/1/675 869/1/675 870/4/675
f 873/7/676 876/8/676 865/3/676 866/2/676
f 878/2/677 879/3/677 883/3/677 882/2/677
f 866/2/678 865/3/678 872/3/678 871/2/678
f 868/1/679 867/4/679 874/9/679 875/10/679
f 865/3/680 876/11/680 874/12/680 867/4/680
f 871/2/681 872/3/681 879/3/681 878/2/681
f 869/1/682 871/2/682 878/2/682 877/1/682
f 870/4/683 869/1/683 877/1/683 880/4/683
f 884/4/683 881/1/683 885/1/683 888/4/683
f 879/3/684 880/4/684 884/4/684 883/3/684
f 880/4/683 877/1/683 881/1/683 884/4/683
f 877/1/685 878/2/685 882/2/685 881/1/685
f 886/2/686 887/3/686 888/4/686 885/1/686
f 881/1/687 882/2/687 886/2/687 885/1/687
f 882/2/688 883/3/688 887/3/688 886/2/688
f 883/3/689 884/4/689 888/4/689 887/3/689
f 892/1/690 893/1/690 895/2/690 890/2/690
f 896/3/691 903/3/691 904/4/691 894/4/691
f 889/3/692 896/3/692 894/4/692 891/4/692
f 897/5/693 899/6/693 892/1/693 890/2/693
f 891/4/694 894/4/694 893/1/694 892/1/694
f 897/7/676 890/2/676 889/3/676 900/8/676
f 902/2/695 906/2/695 907/3/695 903/3/695
f 890/2/696 895/2/696 896/3/696 889/3/696
f 892/1/679 899/10/679 898/9/679 891/4/679
f 889/3/697 891/4/697 898/12/697 900/11/697
f 895/2/698 902/2/698 903/3/698 896/3/698
f 893/1/699 901/1/699 902/2/699 895/2/699
f 894/4/700 904/4/700 901/1/700 893/1/700
f 908/4/701 912/4/701 909/1/701 905/1/701
f 903/3/702 907/3/702 908/4/702 904/4/702
f 904/4/703 908/4/703 905/1/703 901/1/703
f 901/1/704 905/1/704 906/2/704 902/2/704
f 910/2/705 909/1/705 912/4/705 911/3/705
f 905/1/706 909/1/706 910/2/706 906/2/706
f 906/2/695 910/2/695 911/3/695 907/3/695
f 907/3/707 911/3/707 912/4/707 908/4/707
f 916/1/708 914/2/708 919/2/708 917/1/708
f 920/3/709 918/4/709 928/4/709 927/3/709
f 913/3/710 915/4/710 918/4/710 920/3/710
f 921/5/711 914/2/711 916/1/711 923/6/711
f 915/4/712 916/1/712 917/1/712 918/4/712
f 921/7/713 924/8/713 913/3/713 914/2/713
f 926/2/714 927/3/714 931/3/714 930/2/714
f 914/2/715 913/3/715 920/3/715 919/2/715
f 916/1/716 915/4/716 922/9/716 923/10/716
f 913/3/717 924/11/717 922/12/717 915/4/717
f 919/2/714 920/3/714 927/3/714 926/2/714
f 917/1/718 919/2/718 926/2/718 925/1/718
f 918/4/719 917/1/719 925/1/719 928/4/719
f 932/4/720 929/1/720 933/1/720 936/4/720
f 927/3/721 928/4/721 932/4/721 931/3/721
f 928/4/722 925/1/722 929/1/722 932/4/722
f 925/1/723 926/2/723 930/2/723 929/1/723
f 934/2/724 935/3/724 936/4/724 933/1/724
f 929/1/725 930/2/725 934/2/725 933/1/725
f 930/2/726 931/3/726 935/3/726 934/2/726
f 931/3/727 932/4/727 936/4/727 935/3/727
f 940/1/728 941/1/728 943/2/728 938/2/728
f 944/3/729 951/3/729 952/4/729 942/4/729
f 937/3/730 944/3/730 942/4/730 939/4/730
f 945/5/731 947/6/731 940/1/731 938/2/731
f 939/4/732 942/4/732 941/1/732 940/1/732
f 945/7/713 938/2/713 937/3/713 948/8/713
f 950/2/733 954/2/733 955/3/733 951/3/733
f 938/2/734 943/2/734 944/3/734 937/3/734
f 940/1/716 947/10/716 946/9/716 939/4/716
f 937/3/735 939/4/735 946/12/735 948/11/735
f 943/2/736 950/2/736 951/3/736 944/3/736
f 941/1/737 949/1/737 950/2/737 943/2/737
f 942/4/738 952/4/738 949/1/738 941/1/738
f 956/4/739 960/4/739 957/1/739 953/1/739
f 951/3/740 955/3/740 956/4/740 952/4/740
f 952/4/739 956/4/739 953/1/739 949/1/739
f 949/1/741 953/1/741 954/2/741 950/2/741
f 958/2/742 957/1/742 960/4/742 959/3/742
f 953/1/743 957/1/743 958/2/743 954/2/743
f 954/2/736 958/2/736 959/3/736 955/3/736
f 955/3/744 959/3/744 960/4/744 956/4/744
f 964/1/745 962/2/745 967/2/745 965/1/745
f 968/3/746 966/4/746 976/4/746 975/3/746
f 961/3/747 963/4/747 966/4/747 968/3/747
f 969/5/748 962/2/748 964/1/748 971/6/748
f 963/4/749 964/1/749 965/1/749 966/4/749
f 969/7/750 972/8/750 961/3/750 962/2/750
f 974/2/751 975/3/751 979/3/751 978/2/751
f 962/2/750 961/3/750 968/3/750 967/2/750
f 964/1/752 963/4/752 970/9/752 971/10/752
f 961/3/753 972/11/753 970/12/753 963/4/753
f 967/2/751 968/3/751 975/3/751 974/2/751
f 965/1/754 967/2/754 974/2/754 973/1/754
f 966/4/755 965/1/755 973/1/755 976/4/755
f 980/4/756 977/1/756 981/1/756 984/4/756
f 975/3/757 976/4/757 980/4/757 979/3/757
f 976/4/755 973/1/755 977/1/755 980/4/755
f 973/1/758 974/2/758 978/2/758 977/1/758
f 982/2/759 983/3/759 984/4/759 981/1/759
f 977/1/760 978/2/760 982/2/760 981/1/760
f 978/2/751 979/3/751 983/3/751 982/2/751
f 979/3/761 980/4/761 984/4/761 983/3/761
f 988/1/762 989/1/762 991/2/762 986/2/762
f 992/3/763 999/3/763 1000/4/763 990/4/763
f 985/3/764 992/3/764 990/4/764 987/4/764
f 993/5/765 995/6/765 988/1/765 986/2/765
f 987/4/766 990/4/766 989/1/766 988/1/766
f 993/7/750 986/2/750 985/3/750 996/8/750
f 998/2/767 1002/2/767 1003/3/767 999/3/767
f 986/2/768 991/2/768 992/3/768 985/3/768
f 988/1/752 995/10/752 994/9/752 987/4/752
f 985/3/769 987/4/769 994/12/769 996/11/769
f 991/2/767 998/2/767 999/3/767 992/3/767
f 989/1/770 997/1/770 998/2/770 991/2/770
f 990/4/771 1000/4/771 997/1/771 989/1/771
f 1004/4/771 1008/4/771 1005/1/771 1001/1/771
f 999/3/772 1003/3/772 1004/4/772 1000/4/772
f 1000/4/773 1004/4/773 1001/1/773 997/1/773
f 997/1/774 1001/1/774 1002/2/774 998/2/774
f 1006/2/775 1005/1/775 1008/4/775 1007/3/775
f 1001/1/776 1005/1/776 1006/2/776 1002/2/776
f 1002/2/767 1006/2/767 1007/3/767 1003/3/767
f 1003/3/777 1007/3/777 1008/4/777 1004/4/777
f 1012/1/778 1010/2/778 1015/2/778 1013/1/778
f 1016/3/779 1014/4/779 1024/4/779 1023/3/779
f 1009/3/780 1011/4/780 1014/4/780 1016/3/780
f 1017/5/781 1010/2/781 1012/1/781 1019/6/781
f 1011/4/782 1012/1/782 1013/1/782 1014/4/782
f 1017/7/783 1020/8/783 1009/3/783 1010/2/783
f 1022/2/784 1023/3/784 1027/3/784 1026/2/784
f 1010/2/785 1009/3/785 1016/3/785 1015/2/785
f 1012/1/782 1011/4/782 1018/9/782 1019/10/782
f 1009/3/786 1020/11/786 1018/12/786 1011/4/786
f 1015/2/785 1016/3/785 1023/3/785 1022/2/785
f 1013/1/787 1015/2/787 1022/2/787 1021/1/787
f 1014/4/788 1013/1/788 1021/1/788 1024/4/788
f 1028/4/788 1025/1/788 1029/1/788 1032/4/788
f 1023/3/789 1024/4/789 1028/4/789 1027/3/789
f 1024/4/788 1021/1/788 1025/1/788 1028/4/788
f 1021/1/790 1022/2/790 1026/2/790 1025/1/790
f 1030/2/791 1031/3/791 1032/4/791 1029/1/791
f 1025/1/792 1026/2/792 1030/2/792 1029/1/792
f 1026/2/785 1027/3/785 1031/3/785 1030/2/785
f 1027/3/793 1028/4/793 1032/4/793 1031/3/793
f 1036/1/794 1037/1/794 1039/2/794 1034/2/794
f 1040/3/795 1047/3/795 1048/4/795 1038/4/795
f 1033/3/796 1040/3/796 1038/4/796 1035/4/796
f 1041/5/797 1043/6/797 1036/1/797 1034/2/797
f 1035/4/798 1038/4/798 1037/1/798 1036/1/798
f 1041/7/799 1034/2/799 1033/3/799 1044/8/799
f 1046/2/800 1050/2/800 1051/3/800 1047/3/800
f 1034/2/799 1039/2/799 1040/3/799 1033/3/799
f 1036/1/782 1043/10/782 1042/9/782 1035/4/782
f 1033/3/801 1035/4/801 1042/12/801 1044/11/801
f 1039/2/800 1046/2/800 1047/3/800 1040/3/800
f 1037/1/802 1045/1/802 1046/2/802 1039/2/802
f 1038/4/803 1048/4/803 1045/1/803 1037/1/803
f 1052/4/803 1056/4/803 1053/1/803 1049/1/803
f 1047/3/804 1051/3/804 1052/4/804 1048/4/804
f 1048/4/803 1052/4/803 1049/1/803 1045/1/803
f 1045/1/805 1049/1/805 1050/2/805 1046/2/805
f 1054/2/806 1053/1/806 1056/4/806 1055/3/806
f 1049/1/807 1053/1/807 1054/2/807 1050/2/807
f 1050/2/808 1054/2/808 1055/3/808 1051/3/808
f 1051/3/809 1055/3/809 1056/4/809 1052/4/809
f 1060/1/810 1058/2/810 1063/2/810 1061/1/810
f 1064/3/811 1062/4/811 1072/4/811 1071/3/811
f 1057/3/812 1059/4/812 1062/4/812 1064/3/812
f 1065/5/813 1058/2/813 1060/1/813 1067/6/813
f 1059/4/814 1060/1/814 1061/1/814 1062/4/814
f 1065/7/815 1068/8/815 1057/3/815 1058/2/815
f 1070/2/816 1071/3/816 1075/3/816 1074/2/816
f 1058/2/815 1057/3/815 1064/3/815 1063/2/815
f 1060/1/817 1059/4/817 1066/9/817 1067/10/817
f 1057/3/818 1068/11/818 1066/12/818 1059/4/818
f 1063/2/816 1064/3/816 1071/3/816 1070/2/816
f 1061/1/819 1063/2/819 1070/2/819 1069/1/819
f 1062/4/814 1061/1/814 1069/1/814 1072/4/814
f 1076/4/814 1073/1/814 1077/1/814 1080/4/814
f 1071/3/820 1072/4/820 1076/4/820 1075/3/820
f 1072/4/821 1069/1/821 1073/1/821 1076/4/821
f 1069/1/822 1070/2/822 1074/2/822 1073/1/822
f 1078/2/823 1079/3/823 1080/4/823 1077/1/823
f 1073/1/824 1074/2/824 1078/2/824 1077/1/824
f 1074/2/825 1075/3/825 1079/3/825 1078/2/825
f 1075/3/826 1076/4/826 1080/4/826 1079/3/826
f 1084/1/827 1085/1/827 1087/2/827 1082/2/827
f 1088/3/828 1095/3/828 1096/4/828 1086/4/828
f 1081/3/829 1088/3/829 1086/4/829 1083/4/829
f 1089/5/830 1091/6/830 1084/1/830 1082/2/830
f 1083/4/831 1086/4/831 1085/1/831 1084/1/831
f 1089/7/815 1082/2/815 1081/3/815 1092/8/815
f 1094/2/832 1098/2/832 1099/3/832 1095/3/832
f 1082/2/833 1087/2/833 1088/3/833 1081/3/833
f 1084/1/831 1091/10/831 1090/9/831 1083/4/831
f 1081/3/834 1083/4/834 1090/12/834 1092/11/834
f 1087/2/832 1094/2/832 1095/3/832 1088/3/832
f 1085/1/835 1093/1/835 1094/2/835 1087/2/835
f 1086/4/836 1096/4/836 1093/1/836 1085/1/836
f 1100/4/837 1104/4/837 1101/1/837 1097/1/837
f 1095/3/838 1099/3/838 1100/4/838 1096/4/838
f 1096/4/836 1100/4/836 1097/1/836 1093/1/836
f 1093/1/839 1097/1/839 1098/2/839 1094/2/839
f 1102/2/840 1101/1/840 1104/4/840 1103/3/840
f 1097/1/841 1101/1/841 1102/2/841 1098/2/841
f 1098/2/832 1102/2/832 1103/3/832 1099/3/832
f 1099/3/842 1103/3/842 1104/4/842 1100/4/842
f 1108/1/843 1106/2/843 1111/2/843 1109/1/843
f 1112/3/844 1110/4/844 1120/4/844 1119/3/844
f 1105/3/845 1107/4/845 1110/4/845 1112/3/845
f 1113/5/846 1106/2/846 1108/1/846 1115/6/846
f 1107/4/847 1108/1/847 1109/1/847 1110/4/847
f 1113/7/848 1116/8/848 1105/3/848 1106/2/848
f 1118/2/849 1119/3/849 1123/3/849 1122/2/849
f 1106/2/850 1105/3/850 1112/3/850 1111/2/850
f 1108/1/847 1107/4/847 1114/9/847 1115/10/847
f 1105/3/851 1116/11/851 1114/12/851 1107/4/851
f 1111/2/852 1112/3/852 1119/3/852 1118/2/852
f 1109/1/853 1111/2/853 1118/2/853 1117/1/853
f 1110/4/854 1109/1/854 1117/1/854 1120/4/854
f 1124/4/855 1121/1/855 1125/1/855 1128/4/855
f 1119/3/856 1120/4/856 1124/4/856 1123/3/856
f 1120/4/854 1117/1/854 1121/1/854 1124/4/854
f 1117/1/857 1118/2/857 1122/2/857 1121/1/857
f 1126/2/858 1127/3/858 1128/4/858 1125/1/858
f 1121/1/859 1122/2/859 1126/2/859 1125/1/859
f 1122/2/860 1123/3/860 1127/3/860 1126/2/860
f 1123/3/861 1124/4/861 1128/4/861 1127/3/861
f 1132/1/862 1133/1/862 1135/2/862 1130/2/862
f 1136/3/863 1143/3/863 1144/4/863 1134/4/863
f 1129/3/864 1136/3/864 1134/4/864 1131/4/864
f 1137/5/865 1139/6/865 1132/1/865 1130/2/865
f 1131/4/866 1134/4/866 1133/1/866 1132/1/866
f 1137/7/848 1130/2/848 1129/3/848 1140/8/848
f 1142/2/867 1146/2/867 1147/3/867 1143/3/867
f 1130/2/868 1135/2/868 1136/3/868 1129/3/868
f 1132/1/847 1139/10/847 1138/9/847 1131/4/847
f 1129/3/869 1131/4/869 1138/12/869 1140/11/869
f 1135/2/870 1142/2/870 1143/3/870 1136/3/870
f 1133/1/871 1141/1/871 1142/2/871 1135/2/871
f 1134/4/872 1144/4/872 1141/1/872 1133/1/872
f 1148/4/873 1152/4/873 1149/1/873 1145/1/873
f 1143/3/874 1147/3/874 1148/4/874 1144/4/874
f 1144/4/872 1148/4/872 1145/1/872 1141/1/872
f 1141/1/875 1145/1/875 1146/2/875 1142/2/875
f 1150/2/876 1149/1/876 1152/4/876 1151/3/876
f 1145/1/877 1149/1/877 1150/2/877 1146/2/877
f 1146/2/867 1150/2/867 1151/3/867 1147/3/867
f 1147/3/878 1151/3/878 1152/4/878 1148/4/878
f 1156/1/879 1154/2/879 1159/2/879 1157/1/879
f 1160/3/880 1158/4/880 1168/4/880 1167/3/880
f 1153/3/881 1155/4/881 1158/4/881 1160/3/881
f 1161/5/882 1154/2/882 1156/1/882 1163/6/882
f 1155/4/883 1156/1/883 1157/1/883 1158/4/883
f 1161/7/884 1164/8/884 1153/3/884 1154/2/884
f 1166/2/885 1167/3/885 1171/3/885 1170/2/885
f 1154/2/886 1153/3/886 1160/3/886 1159/2/886
f 1156/1/887 1155/4/887 1162/9/887 1163/10/887
f 1153/3/888 1164/11/888 1162/12/888 1155/4/888
f 1159/2/889 1160/3/889 1167/3/889 1166/2/889
f 1157/1/890 1159/2/890 1166/2/890 1165/1/890
f 1158/4/891 1157/1/891 1165/1/891 1168/4/891
f 1172/4/892 1169/1/892 1173/1/892 1176/4/892
f 1167/3/893 1168/4/893 1172/4/893 1171/3/893
f 1168/4/894 1165/1/894 1169/1/894 1172/4/894
f 1165/1/895 1166/2/895 1170/2/895 1169/1/895
f 1174/2/896 1175/3/896 1176/4/896 1173/1/896
f 1169/1/897 1170/2/897 1174/2/897 1173/1/897
f 1170/2/898 1171/3/898 1175/3/898 1174/2/898
f 1171/3/899 1172/4/899 1176/4/899 1175/3/899
f 1180/1/900 1181/1/900 1183/2/900 1178/2/900
f 1184/3/901 1191/3/901 1192/4/901 1182/4/901
f 1177/3/902 1184/3/902 1182/4/902 1179/4/902
f 1185/5/903 1187/6/903 1180/1/903 1178/2/903
f 1179/4/904 1182/4/904 1181/1/904 1180/1/904
f 1185/7/905 1178/2/905 1177/3/905 1188/8/905
f 1190/2/906 1194/2/906 1195/3/906 1191/3/906
f 1178/2/907 1183/2/907 1184/3/907 1177/3/907
f 1180/1/887 1187/10/887 1186/9/887 1179/4/887
f 1177/3/908 1179/4/908 1186/12/908 1188/11/908
f 1183/2/906 1190/2/906 1191/3/906 1184/3/906
f 1181/1/909 1189/1/909 1190/2/909 1183/2/909
f 1182/4/910 1192/4/910 1189/1/910 1181/1/910
f 1196/4/911 1200/4/911 1197/1/911 1193/1/911
f 1191/3/912 1195/3/912 1196/4/912 1192/4/912
f 1192/4/911 1196/4/911 1193/1/911 1189/1/911
f 1189/1/913 1193/1/913 1194/2/913 1190/2/913
f 1198/2/914 1197/1/914 1200/4/914 1199/3/914
f 1193/1/915 1197/1/915 1198/2/915 1194/2/915
f 1194/2/916 1198/2/916 1199/3/916 1195/3/916
f 1195/3/917 1199/3/917 1200/4/917 1196/4/917
f 1204/1/918 1202/2/918 1207/2/918 1205/1/918
f 1208/3/919 1206/4/919 1216/4/919 1215/3/919
f 1201/3/920 1203/4/920 1206/4/920 1208/3/920
f 1209/5/921 1202/2/921 1204/1/921 1211/6/921
f 1203/4/922 1204/1/922 1205/1/922 1206/4/922
f 1209/7/923 1212/8/923 1201/3/923 1202/2/923
f 1214/2/924 1215/3/924 1219/3/924 1218/2/924
f 1202/2/925 1201/3/925 1208/3/925 1207/2/925
f 1204/1/926 1203/4/926 1210/9/926 1211/10/926
f 1201/3/927 1212/11/927 1210/12/927 1203/4/927
f 1207/2/928 1208/3/928 1215/3/928 1214/2/928
f 1205/1/929 1207/2/929 1214/2/929 1213/1/929
f 1206/4/930 1205/1/930 1213/1/930 1216/4/930
f 1220/4/931 1217/1/931 1221/1/931 1224/4/931
f 1215/3/932 1216/4/932 1220/4/932 1219/3/932
f 1216/4/933 1213/1/933 1217/1/933 1220/4/933
f 1213/1/934 1214/2/934 1218/2/934 1217/1/934
f 1222/2/935 1223/3/935 1224/4/935 1221/1/935
f 1217/1/936 1218/2/936 1222/2/936 1221/1/936
f 1218/2/937 1219/3/937 1223/3/937 1222/2/937
f 1219/3/938 1220/4/938 1224/4/938 1223/3/938
f 1228/1/939 1229/1/939 1231/2/939 1226/2/939
f 1232/3/940 1239/3/940 1240/4/940 1230/4/940
f 1225/3/941 1232/3/941 1230/4/941 1227/4/941
f 1233/5/942 1235/6/942 1228/1/942 1226/2/942
f 1227/4/943 1230/4/943 1229/1/943 1228/1/943
f 1233/7/923 1226/2/923 1225/3/923 1236/8/923
f 1238/2/944 1242/2/944 1243/3/944 1239/3/944
f 1226/2/945 1231/2/945 1232/3/945 1225/3/945
f 1228/1/946 1235/10/946 1234/9/946 1227/4/946
f 1225/3/947 1227/4/947 1234/12/947 1236/11/947
f 1231/2/948 1238/2/948 1239/3/948 1232/3/948
f 1229/1/949 1237/1/949 1238/2/949 1231/2/949
f 1230/4/950 1240/4/950 1237/1/950 1229/1/950
f 1244/4/951 1248/4/951 1245/1/951 1241/1/951
f 1239/3/952 1243/3/952 1244/4/952 1240/4/952
f 1240/4/950 1244/4/950 1241/1/950 1237/1/950
f 1237/1/953 1241/1/953 1242/2/953 1238/2/953
f 1246/2/954 1245/1/954 1248/4/954 1247/3/954
f 1241/1/955 1245/1/955 1246/2/955 1242/2/955
f 1242/2/944 1246/2/944 1247/3/944 1243/3/944
f 1243/3/956 1247/3/956 1248/4/956 1244/4/956
f 1252/1/957 1250/2/957 1255/2/957 1253/1/957
f 1256/3/958 1254/4/958 1264/4/958 1263/3/958
f 1249/3/959 1251/4/959 1254/4/959 1256/3/959
f 1257/5/960 1250/2/960 1252/1/960 1259/6/960
f 1251/4/961 1252/1/961 1253/1/961 1254/4/961
f 1257/7/962 1260/8/962 1249/3/962 1250/2/962
f 1262/2/963 1263/3/963 1267/3/963 1266/2/963
f 1250/2/964 1249/3/964 1256/3/964 1255/2/964
f 1252/1/965 1251/4/965 1258/9/965 1259/10/965
f 1249/3/966 1260/11/966 1258/12/966 1251/4/966
f 1255/2/963 1256/3/963 1263/3/963 1262/2/963
f 1253/1/967 1255/2/967 1262/2/967 1261/1/967
f 1254/4/968 1253/1/968 1261/1/968 1264/4/968
f 1268/4/969 1265/1/969 1269/1/969 1272/4/969
f 1263/3/970 1264/4/970 1268/4/970 1267/3/970
f 1264/4/971 1261/1/971 1265/1/971 1268/4/971
f 1261/1/972 1262/2/972 1266/2/972 1265/1/972
f 1270/2/973 1271/3/973 1272/4/973 1269/1/973
f 1265/1/974 1266/2/974 1270/2/974 1269/1/974
f 1266/2/975 1267/3/975 1271/3/975 1270/2/975
f 1267/3/976 1268/4/976 1272/4/976 1271/3/976
f 1276/1/977 1277/1/977 1279/2/977 1274/2/977
f 1280/3/978 1287/3/978 1288/4/978 1278/4/978
f 1273/3/979 1280/3/979 1278/4/979 1275/4/979
f 1281/5/980 1283/6/980 1276/1/980 1274/2/980
f 1275/4/981 1278/4/981 1277/1/981 1276/1/981
f 1281/7/962 1274/2/962 1273/3/962 1284/8/962
f 1286/2/982 1290/2/982 1291/3/982 1287/3/982
f 1274/2/983 1279/2/983 1280/3/983 1273/3/983
f 1276/1/965 1283/10/965 1282/9/965 1275/4/965
f 1273/3/984 1275/4/984 1282/12/984 1284/11/984
f 1279/2/985 1286/2/985 1287/3/985 1280/3/985
f 1277/1/986 1285/1/986 1286/2/986 1279/2/986
f 1278/4/987 1288/4/987 1285/1/987 1277/1/987
f 1292/4/988 1296/4/988 1293/1/988 1289/1/988
f 1287/3/989 1291/3/989 1292/4/989 1288/4/989
f 1288/4/988 1292/4/988 1289/1/988 1285/1/988
f 1285/1/990 1289/1/990 1290/2/990 1286/2/990
f 1294/2/991 1293/1/991 1296/4/991 1295/3/991
f 1289/1/992 1293/1/992 1294/2/992 1290/2/992
f 1290/2/993 1294/2/993 1295/3/993 1291/3/993
f 1291/3/994 1295/3/994 1296/4/994 1292/4/994
f 1300/1/995 1298/2/995 1303/2/995 1301/1/995
f 1304/3/996 1302/4/996 1312/4/996 1311/3/996
f 1297/3/997 1299/4/997 1302/4/997 1304/3/997
f 1305/5/998 1298/2/998 1300/1/998 1307/6/998
f 1299/4/999 1300/1/999 1301/1/999 1302/4/999
f 1305/7/1000 1308/8/1000 1297/3/1000 1298/2/1000
f 1310/2/1001 1311/3/1001 1315/3/1001 1314/2/1001
f 1298/2/1002 1297/3/1002 1304/3/1002 1303/2/1002
f 1300/1/1003 1299/4/1003 1306/9/1003 1307/10/1003
f 1297/3/1004 1308/11/1004 1306/12/1004 1299/4/1004
f 1303/2/1002 1304/3/1002 1311/3/1002 1310/2/1002
f 1301/1/1005 1303/2/1005 1310/2/1005 1309/1/1005
f 1302/4/1006 1301/1/1006 1309/1/1006 1312/4/1006
f 1316/4/1007 1313/1/1007 1317/1/1007 1320/4/1007
f 1311/3/1008 1312/4/1008 1316/4/1008 1315/3/1008
f 1312/4/1006 1309/1/1006 1313/1/1006 1316/4/1006
f 1309/1/1009 1310/2/1009 1314/2/1009 1313/1/1009
f 1318/2/1010 1319/3/1010 1320/4/1010 1317/1/1010
f 1313/1/1011 1314/2/1011 1318/2/1011 1317/1/1011
f 1314/2/1012 1315/3/1012 1319/3/1012 1318/2/1012
f 1315/3/1013 1316/4/1013 1320/4/1013 1319/3/1013
f 1324/1/1014 1325/1/1014 1327/2/1014 1322/2/1014
f 1328/3/1015 1335/3/1015 1336/4/1015 1326/4/1015
f 1321/3/1016 1328/3/1016 1326/4/1016 1323/4/1016
f 1329/5/1017 1331/6/1017 1324/1/1017 1322/2/1017
f 1323/4/1018 1326/4/1018 1325/1/1018 1324/1/1018
f 1329/7/1019 1322/2/1019 1321/3/1019 1332/8/1019
f 1334/2/1020 1338/2/1020 1339/3/1020 1335/3/1020
f 1322/2/1021 1327/2/1021 1328/3/1021 1321/3/1021
f 1324/1/1003 1331/10/1003 1330/9/1003 1323/4/1003
f 1321/3/1022 1323/4/1022 1330/12/1022 1332/11/1022
f 1327/2/1023 1334/2/1023 1335/3/1023 1328/3/1023
f 1325/1/1024 1333/1/1024 1334/2/1024 1327/2/1024
f 1326/4/1025 1336/4/1025 1333/1/1025 1325/1/1025
f 1340/4/1026 1344/4/1026 1341/1/1026 1337/1/1026
f 1335/3/1027 1339/3/1027 1340/4/1027 1336/4/1027
f 1336/4/1028 1340/4/1028 1337/1/1028 1333/1/1028
f 1333/1/1029 1337/1/1029 1338/2/1029 1334/2/1029
f 1342/2/1030 1341/1/1030 1344/4/1030 1343/3/1030
f 1337/1/1031 1341/1/1031 1342/2/1031 1338/2/1031
f 1338/2/1032 1342/2/1032 1343/3/1032 1339/3/1032
f 1339/3/1033 1343/3/1033 1344/4/1033 1340/4/1033
f 1348/1/1034 1346/2/1034 1351/2/1034 1349/1/1034
f 1352/3/1035 1350/4/1035 1360/4/1035 1359/3/1035
f 1345/3/1036 1347/4/1036 1350/4/1036 1352/3/1036
f 1353/5/1037 1346/2/1037 1348/1/1037 1355/6/1037
f 1347/4/1038 1348/1/1038 1349/1/1038 1350/4/1038
f 1353/7/1039 1356/8/1039 1345/3/1039 1346/2/1039
f 1358/2/1040 1359/3/1040 1363/3/1040 1362/2/1040
f 1346/2/1041 1345/3/1041 1352/3/1041 1351/2/1041
f 1348/1/1042 1347/4/1042 1354/9/1042 1355/10/1042
f 1345/3/1043 1356/11/1043 1354/12/1043 1347/4/1043
f 1351/2/1044 1352/3/1044 1359/3/1044 1358/2/1044
f 1349/1/1045 1351/2/1045 1358/2/1045 1357/1/1045
f 1350/4/1046 1349/1/1046 1357/1/1046 1360/4/1046
f 1364/4/1047 1361/1/1047 1365/1/1047 1368/4/1047
f 1359/3/1048 1360/4/1048 1364/4/1048 1363/3/1048
f 1360/4/1046 1357/1/1046 1361/1/1046 1364/4/1046
f 1357/1/1049 1358/2/1049 1362/2/1049 1361/1/1049
f 1366/2/1050 1367/3/1050 1368/4/1050 1365/1/1050
f 1361/1/1051 1362/2/1051 1366/2/1051 1365/1/1051
f 1362/2/1052 1363/3/1052 1367/3/1052 1366/2/1052
f 1363/3/1053 1364/4/1053 1368/4/1053 1367/3/1053
f 1372/1/1054 1373/1/1054 1375/2/1054 1370/2/1054
f 1376/3/1055 1383/3/1055 1384/4/1055 1374/4/1055
f 1369/3/1056 1376/3/1056 1374/4/1056 1371/4/1056
f 1377/5/1057 1379/6/1057 1372/1/1057 1370/2/1057
f 1371/4/1058 1374/4/1058 1373/1/1058 1372/1/1058
f 1377/7/1039 1370/2/1039 1369/3/1039 1380/8/1039
f 1382/2/1059 1386/2/1059 1387/3/1059 1383/3/1059
f 1370/2/1039 1375/2/1039 1376/3/1039 1369/3/1039
f 1372/1/1060 1379/10/1060 1378/9/1060 1371/4/1060
f 1369/3/1061 1371/4/1061 1378/12/1061 1380/11/1061
f 1375/2/1059 1382/2/1059 1383/3/1059 1376/3/1059
f 1373/1/1062 1381/1/1062 1382/2/1062 1375/2/1062
f 1374/4/1063 1384/4/1063 1381/1/1063 1373/1/1063
f 1388/4/1063 1392/4/1063 1389/1/1063 1385/1/1063
f 1383/3/1064 1387/3/1064 1388/4/1064 1384/4/1064
f 1384/4/1065 1388/4/1065 1385/1/1065 1381/1/1065
f 1381/1/1066 1385/1/1066 1386/2/1066 1382/2/1066
f 1390/2/1067 1389/1/1067 1392/4/1067 1391/3/1067
f 1385/1/1068 1389/1/1068 1390/2/1068 1386/2/1068
f 1386/2/1069 1390/2/1069 1391/3/1069 1387/3/1069
f 1387/3/1070 1391/3/1070 1392/4/1070 1388/4/1070
f 1396/1/1071 1394/2/1071 1399/2/1071 1397/1/1071
f 1400/3/1072 1398/4/1072 1408/4/1072 1407/3/1072
f 1393/3/1073 1395/4/1073 1398/4/1073 1400/3/1073
f 1401/5/1074 1394/2/1074 1396/1/1074 1403/6/1074
f 1395/4/1075 1396/1/1075 1397/1/1075 1398/4/1075
f 1401/7/1076 1404/8/1076 1393/3/1076 1394/2/1076
f 1406/2/1077 1407/3/1077 1411/3/1077 1410/2/1077
f 1394/2/1078 1393/3/1078 1400/3/1078 1399/2/1078
f 1396/1/1079 1395/4/1079 1402/9/1079 1403/10/1079
f 1393/3/1080 1404/11/1080 1402/12/1080 1395/4/1080
f 1399/2/1077 1400/3/1077 1407/3/1077 1406/2/1077
f 1397/1/1081 1399/2/1081 1406/2/1081 1405/1/1081
f 1398/4/1082 1397/1/1082 1405/1/1082 1408/4/1082
f 1412/4/1083 1409/1/1083 1413/1/1083 1416/4/1083
f 1407/3/1084 1408/4/1084 1412/4/1084 1411/3/1084
f 1408/4/1082 1405/1/1082 1409/1/1082 1412/4/1082
f 1405/1/1085 1406/2/1085 1410/2/1085 1409/1/1085
f 1414/2/1086 1415/3/1086 1416/4/1086 1413/1/1086
f 1409/1/1087 1410/2/1087 1414/2/1087 1413/1/1087
f 1410/2/1088 1411/3/1088 1415/3/1088 1414/2/1088
f 1411/3/1089 1412/4/1089 1416/4/1089 1415/3/1089
f 1420/1/1090 1421/1/1090 1423/2/1090 1418/2/1090
f 1424/3/1091 1431/3/1091 1432/4/1091 1422/4/1091
f 1417/3/1092 1424/3/1092 1422/4/1092 1419/4/1092
f 1425/5/1093 1427/6/1093 1420/1/1093 1418/2/1093
f 1419/4/1079 1422/4/1079 1421/1/1079 1420/1/1079
f 1425/7/1076 1418/2/1076 1417/3/1076 1428/8/1076
f 1430/2/1094 1434/2/1094 1435/3/1094 1431/3/1094
f 1418/2/1076 1423/2/1076 1424/3/1076 1417/3/1076
f 1420/1/1079 1427/10/1079 1426/9/1079 1419/4/1079
f 1417/3/1095 1419/4/1095 1426/12/1095 1428/11/1095
f 1423/2/1076 1430/2/1076 1431/3/1076 1424/3/1076
f 1421/1/1096 1429/1/1096 1430/2/1096 1423/2/1096
f 1422/4/1097 1432/4/1097 1429/1/1097 1421/1/1097
f 1436/4/1098 1440/4/1098 1437/1/1098 1433/1/1098
f 1431/3/1099 1435/3/1099 1436/4/1099 1432/4/1099
f 1432/4/1100 1436/4/1100 1433/1/1100 1429/1/1100
f 1429/1/1101 1433/1/1101 1434/2/1101 1430/2/1101
f 1438/2/1102 1437/1/1102 1440/4/1102 1439/3/1102
f 1433/1/1103 1437/1/1103 1438/2/1103 1434/2/1103
f 1434/2/1076 1438/2/1076 1439/3/1076 1435/3/1076
f 1435/3/1104 1439/3/1104 1440/4/1104 1436/4/1104
f 1444/1/1105 1442/2/1105 1447/2/1105 1445/1/1105
f 1448/3/1106 1446/4/1106 1456/4/1106 1455/3/1106
f 1441/3/1107 1443/4/1107 1446/4/1107 1448/3/1107
f 1449/5/1108 1442/2/1108 1444/1/1108 1451/6/1108
f 1443/4/1109 1444/1/1109 1445/1/1109 1446/4/1109
f 1449/7/1110 1452/8/1110 1441/3/1110 1442/2/1110
f 1454/2/1111 1455/3/1111 1459/3/1111 1458/2/1111
f 1442/2/1112 1441/3/1112 1448/3/1112 1447/2/1112
f 1444/1/1113 1443/4/1113 1450/9/1113 1451/10/1113
f 1441/3/1114 1452/11/1114 1450/12/1114 1443/4/1114
f 1447/2/1115 1448/3/1115 1455/3/1115 1454/2/1115
f 1445/1/1116 1447/2/1116 1454/2/1116 1453/1/1116
f 1446/4/1117 1445/1/1117 1453/1/1117 1456/4/1117
f 1460/4/1118 1457/1/1118 1461/1/1118 1464/4/1118
f 1455/3/1119 1456/4/1119 1460/4/1119 1459/3/1119
f 1456/4/1117 1453/1/1117 1457/1/1117 1460/4/1117
f 1453/1/1120 1454/2/1120 1458/2/1120 1457/1/1120
f 1462/2/1121 1463/3/1121 1464/4/1121 1461/1/1121
f 1457/1/1122 1458/2/1122 1462/2/1122 1461/1/1122
f 1458/2/1123 1459/3/1123 1463/3/1123 1462/2/1123
f 1459/3/1124 1460/4/1124 1464/4/1124 1463/3/1124
f 1468/1/1125 1469/1/1125 1471/2/1125 1466/2/1125
f 1472/3/1126 1479/3/1126 1480/4/1126 1470/4/1126
f 1465/3/1127 1472/3/1127 1470/4/1127 1467/4/1127
f 1473/5/1128 1475/6/1128 1468/1/1128 1466/2/1128
f 1467/4/1113 1470/4/1113 1469/1/1113 1468/1/1113
f 1473/7/1129 1466/2/1129 1465/3/1129 1476/8/1129
f 1478/2/1130 1482/2/1130 1483/3/1130 1479/3/1130
f 1466/2/1131 1471/2/1131 1472/3/1131 1465/3/1131
f 1468/1/1132 1475/10/1132 1474/9/1132 1467/4/1132
f 1465/3/1133 1467/4/1133 1474/12/1133 1476/11/1133
f 1471/2/1130 1478/2/1130 1479/3/1130 1472/3/1130
f 1469/1/1134 1477/1/1134 1478/2/1134 1471/2/1134
f 1470/4/1113 1480/4/1113 1477/1/1113 1469/1/1113
f 1484/4/1113 1488/4/1113 1485/1/1113 1481/1/1113
f 1479/3/1135 1483/3/1135 1484/4/1135 1480/4/1135
f 1480/4/1136 1484/4/1136 1481/1/1136 1477/1/1136
f 1477/1/1137 1481/1/1137 1482/2/1137 1478/2/1137
f 1486/2/1138 1485/1/1138 1488/4/1138 1487/3/1138
f 1481/1/1139 1485/1/1139 1486/2/1139 1482/2/1139
f 1482/2/1140 1486/2/1140 1487/3/1140 1483/3/1140
f 1483/3/1141 1487/3/1141 1488/4/1141 1484/4/1141
f 1492/1/1142 1490/2/1142 1495/2/1142 1493/1/1142
f 1496/3/1143 1494/4/1143 1504/4/1143 1503/3/1143
f 1489/3/1144 1491/4/1144 1494/4/1144 1496/3/1144
f 1497/5/1145 1490/2/1145 1492/1/1145 1499/6/1145
f 1491/4/1146 1492/1/1146 1493/1/1146 1494/4/1146
f 1497/7/1147 1500/8/1147 1489/3/1147 1490/2/1147
f 1502/2/1148 1503/3/1148 1507/3/1148 1506/2/1148
f 1490/2/1149 1489/3/1149 1496/3/1149 1495/2/1149
f 1492/1/1150 1491/4/1150 1498/9/1150 1499/10/1150
f 1489/3/1151 1500/11/1151 1498/12/1151 1491/4/1151
f 1495/2/1152 1496/3/1152 1503/3/1152 1502/2/1152
f 1493/1/1153 1495/2/1153 1502/2/1153 1501/1/1153
f 1494/4/1154 1493/1/1154 1501/1/1154 1504/4/1154
f 1508/4/1155 1505/1/1155 1509/1/1155 1512/4/1155
f 1503/3/1156 1504/4/1156 1508/4/1156 1507/3/1156
f 1504/4/1157 1501/1/1157 1505/1/1157 1508/4/1157
f 1501/1/1158 1502/2/1158 1506/2/1158 1505/1/1158
f 1510/2/1159 1511/3/1159 1512/4/1159 1509/1/1159
f 1505/1/1160 1506/2/1160 1510/2/1160 1509/1/1160
f 1506/2/1161 1507/3/1161 1511/3/1161 1510/2/1161
f 1507/3/1162 1508/4/1162 1512/4/1162 1511/3/1162
f 1516/1/1163 1517/1/1163 1519/2/1163 1514/2/1163
f 1520/3/1164 1527/3/1164 1528/4/1164 1518/4/1164
f 1513/3/1165 1520/3/1165 1518/4/1165 1515/4/1165
f 1521/5/1166 1523/6/1166 1516/1/1166 1514/2/1166
f 1515/4/1167 1518/4/1167 1517/1/1167 1516/1/1167
f 1521/7/1168 1514/2/1168 1513/3/1168 1524/8/1168
f 1526/2/1169 1530/2/1169 1531/3/1169 1527/3/1169
f 1514/2/1170 1519/2/1170 1520/3/1170 1513/3/1170
f 1516/1/1171 1523/10/1171 1522/9/1171 1515/4/1171
f 1513/3/1172 1515/4/1172 1522/12/1172 1524/11/1172
f 1519/2/1173 1526/2/1173 1527/3/1173 1520/3/1173
f 1517/1/1174 1525/1/1174 1526/2/1174 1519/2/1174
f 1518/4/1175 1528/4/1175 1525/1/1175 1517/1/1175
f 1532/4/1176 1536/4/1176 1533/1/1176 1529/1/1176
f 1527/3/1177 1531/3/1177 1532/4/1177 1528/4/1177
f 1528/4/1178 1532/4/1178 1529/1/1178 1525/1/1178
f 1525/1/1179 1529/1/1179 1530/2/1179 1526/2/1179
f 1534/2/1180 1533/1/1180 1536/4/1180 1535/3/1180
f 1529/1/1181 1533/1/1181 1534/2/1181 1530/2/1181
f 1530/2/1169 1534/2/1169 1535/3/1169 1531/3/1169
f 1531/3/1182 1535/3/1182 1536/4/1182 1532/4/1182
f 1540/1/1183 1538/2/1183 1543/2/1183 1541/1/1183
f 1544/3/1184 1542/4/1184 1552/4/1184 1551/3/1184
f 1537/3/1185 1539/4/1185 1542/4/1185 1544/3/1185
f 1545/5/1186 1538/2/1186 1540/1/1186 1547/6/1186
f 1539/4/1187 1540/1/1187 1541/1/1187 1542/4/1187
f 1545/7/1188 1548/8/1188 1537/3/1188 1538/2/1188
f 1550/2/1189 1551/3/1189 1555/3/1189 1554/2/1189
f 1538/2/1190 1537/3/1190 1544/3/1190 1543/2/1190
f 1540/1/1191 1539/4/1191 1546/9/1191 1547/10/1191
f 1537/3/1192 1548/11/1192 1546/12/1192 1539/4/1192
f 1543/2/1189 1544/3/1189 1551/3/1189 1550/2/1189
f 1541/1/1193 1543/2/1193 1550/2/1193 1549/1/1193
f 1542/4/1194 1541/1/1194 1549/1/1194 1552/4/1194
f 1556/4/1195 1553/1/1195 1557/1/1195 1560/4/1195
f 1551/3/1196 1552/4/1196 1556/4/1196 1555/3/1196
f 1552/4/1197 1549/1/1197 1553/1/1197 1556/4/1197
f 1549/1/1198 1550/2/1198 1554/2/1198 1553/1/1198
f 1558/2/1199 1559/3/1199 1560/4/1199 1557/1/1199
f 1553/1/1200 1554/2/1200 1558/2/1200 1557/1/1200
f 1554/2/1201 1555/3/1201 1559/3/1201 1558/2/1201
f 1555/3/1202 1556/4/1202 1560/4/1202 1559/3/1202
f 1564/1/1203 1565/1/1203 1567/2/1203 1562/2/1203
f 1568/3/1204 1575/3/1204 1576/4/1204 1566/4/1204
f 1561/3/1205 1568/3/1205 1566/4/1205 1563/4/1205
f 1569/5/1206 1571/6/1206 1564/1/1206 1562/2/1206
f 1563/4/1207 1566/4/1207 1565/1/1207 1564/1/1207
f 1569/7/1208 1562/2/1208 1561/3/1208 1572/8/1208
f 1574/2/1209 1578/2/1209 1579/3/1209 1575/3/1209
f 1562/2/1210 1567/2/1210 1568/3/1210 1561/3/1210
f 1564/1/1191 1571/10/1191 1570/9/1191 1563/4/1191
f 1561/3/1211 1563/4/1211 1570/12/1211 1572/11/1211
f 1567/2/1212 1574/2/1212 1575/3/1212 1568/3/1212
f 1565/1/1213 1573/1/1213 1574/2/1213 1567/2/1213
f 1566/4/1214 1576/4/1214 1573/1/1214 1565/1/1214
f 1580/4/1215 1584/4/1215 1581/1/1215 1577/1/1215
f 1575/3/1216 1579/3/1216 1580/4/1216 1576/4/1216
f 1576/4/1217 1580/4/1217 1577/1/1217 1573/1/1217
f 1573/1/1218 1577/1/1218 1578/2/1218 1574/2/1218
f 1582/2/1219 1581/1/1219 1584/4/1219 1583/3/1219
f 1577/1/1220 1581/1/1220 1582/2/1220 1578/2/1220
f 1578/2/1212 1582/2/1212 1583/3/1212 1579/3/1212
f 1579/3/1221 1583/3/1221 1584/4/1221 1580/4/1221
f 1588/1/1222 1586/2/1222 1591/2/1222 1589/1/1222
f 1592/3/1223 1590/4/1223 1600/4/1223 1599/3/1223
f 1585/3/1224 1587/4/1224 1590/4/1224 1592/3/1224
f 1593/5/1225 1586/2/1225 1588/1/1225 1595/6/1225
f 1587/4/1226 1588/1/1226 1589/1/1226 1590/4/1226
f 1593/7/1227 1596/8/1227 1585/3/1227 1586/2/1227
f 1598/2/1228 1599/3/1228 1603/3/1228 1602/2/1228
f 1586/2/1229 1585/3/1229 1592/3/1229 1591/2/1229
f 1588/1/1230 1587/4/1230 1594/9/1230 1595/10/1230
f 1585/3/1231 1596/11/1231 1594/12/1231 1587/4/1231
f 1591/2/1232 1592/3/1232 1599/3/1232 1598/2/1232
f 1589/1/1233 1591/2/1233 1598/2/1233 1597/1/1233
f 1590/4/1234 1589/1/1234 1597/1/1234 1600/4/1234
f 1604/4/1235 1601/1/1235 1605/1/1235 1608/4/1235
f 1599/3/1236 1600/4/1236 1604/4/1236 1603/3/1236
f 1600/4/1237 1597/1/1237 1601/1/1237 1604/4/1237
f 1597/1/1238 1598/2/1238 1602/2/1238 1601/1/1238
f 1606/2/1239 1607/3/1239 1608/4/1239 1605/1/1239
f 1601/1/1240 1602/2/1240 1606/2/1240 1605/1/1240
f 1602/2/1241 1603/3/1241 1607/3/1241 1606/2/1241
f 1603/3/1242 1604/4/1242 1608/4/1242 1607/3/1242
f 1612/1/1243 1613/1/1243 1615/2/1243 1610/2/1243
f 1616/3/1244 1623/3/1244 1624/4/1244 1614/4/1244
f 1609/3/1245 1616/3/1245 1614/4/1245 1611/4/1245
f 1617/5/1246 1619/6/1246 1612/1/1246 1610/2/1246
f 1611/4/1247 1614/4/1247 1613/1/1247 1612/1/1247
f 1617/7/1227 1610/2/1227 1609/3/1227 1620/8/1227
f 1622/2/1248 1626/2/1248 1627/3/1248 1623/3/1248
f 1610/2/1249 1615/2/1249 1616/3/1249 1609/3/1249
f 1612/1/1250 1619/10/1250 1618/9/1250 1611/4/1250
f 1609/3/1251 1611/4/1251 1618/12/1251 1620/11/1251
f 1615/2/1252 1622/2/1252 1623/3/1252 1616/3/1252
f 1613/1/1253 1621/1/1253 1622/2/1253 1615/2/1253
f 1614/4/1254 1624/4/1254 1621/1/1254 1613/1/1254
f 1628/4/1254 1632/4/1254 1629/1/1254 1625/1/1254
f 1623/3/1255 1627/3/1255 1628/4/1255 1624/4/1255
f 1624/4/1256 1628/4/1256 1625/1/1256 1621/1/1256
f 1621/1/1257 1625/1/1257 1626/2/1257 1622/2/1257
f 1630/2/1258 1629/1/1258 1632/4/1258 1631/3/1258
f 1625/1/1259 1629/1/1259 1630/2/1259 1626/2/1259
f 1626/2/1248 1630/2/1248 1631/3/1248 1627/3/1248
f 1627/3/1260 1631/3/1260 1632/4/1260 1628/4/1260
f 1636/1/1261 1634/2/1261 1639/2/1261 1637/1/1261
f 1640/3/1262 1638/4/1262 1648/4/1262 1647/3/1262
f 1633/3/1263 1635/4/1263 1638/4/1263 1640/3/1263
f 1641/5/1264 1634/2/1264 1636/1/1264 1643/6/1264
f 1635/4/1265 1636/1/1265 1637/1/1265 1638/4/1265
f 1641/7/1266 1644/8/1266 1633/3/1266 1634/2/1266
f 1646/2/1267 1647/3/1267 1651/3/1267 1650/2/1267
f 1634/2/1268 1633/3/1268 1640/3/1268 1639/2/1268
f 1636/1/1269 1635/4/1269 1642/9/1269 1643/10/1269
f 1633/3/1270 1644/11/1270 1642/12/1270 1635/4/1270
f 1639/2/1267 1640/3/1267 1647/3/1267 1646/2/1267
f 1637/1/1271 1639/2/1271 1646/2/1271 1645/1/1271
f 1638/4/1272 1637/1/1272 1645/1/1272 1648/4/1272
f 1652/4/1273 1649/1/1273 1653/1/1273 1656/4/1273
f 1647/3/1274 1648/4/1274 1652/4/1274 1651/3/1274
f 1648/4/1275 1645/1/1275 1649/1/1275 1652/4/1275
f 1645/1/1276 1646/2/1276 1650/2/1276 1649/1/1276
f 1654/2/1277 1655/3/1277 1656/4/1277 1653/1/1277
f 1649/1/1278 1650/2/1278 1654/2/1278 1653/1/1278
f 1650/2/1267 1651/3/1267 1655/3/1267 1654/2/1267
f 1651/3/1279 1652/4/1279 1656/4/1279 1655/3/1279
f 1660/1/1280 1661/1/1280 1663/2/1280 1658/2/1280
f 1664/3/1281 1671/3/1281 1672/4/1281 1662/4/1281
f 1657/3/1282 1664/3/1282 1662/4/1282 1659/4/1282
f 1665/5/1283 1667/6/1283 1660/1/1283 1658/2/1283
f 1659/4/1284 1662/4/1284 1661/1/1284 1660/1/1284
f 1665/7/1285 1658/2/1285 1657/3/1285 1668/8/1285
f 1670/2/1286 1674/2/1286 1675/3/1286 1671/3/1286
f 1658/2/1287 1663/2/1287 1664/3/1287 1657/3/1287
f 1660/1/1269 1667/10/1269 1666/9/1269 1659/4/1269
f 1657/3/1288 1659/4/1288 1666/12/1288 1668/11/1288
f 1663/2/1286 1670/2/1286 1671/3/1286 1664/3/1286
f 1661/1/1289 1669/1/1289 1670/2/1289 1663/2/1289
f 1662/4/1290 1672/4/1290 1669/1/1290 1661/1/1290
f 1676/4/1291 1680/4/1291 1677/1/1291 1673/1/1291
f 1671/3/1292 1675/3/1292 1676/4/1292 1672/4/1292
f 1672/4/1293 1676/4/1293 1673/1/1293 1669/1/1293
f 1669/1/1294 1673/1/1294 1674/2/1294 1670/2/1294
f 1678/2/1295 1677/1/1295 1680/4/1295 1679/3/1295
f 1673/1/1296 1677/1/1296 1678/2/1296 1674/2/1296
f 1674/2/1297 1678/2/1297 1679/3/1297 1675/3/1297
f 1675/3/1298 1679/3/1298 1680/4/1298 1676/4/1298
f 1684/1/1299 1682/2/1299 1687/2/1299 1685/1/1299
f 1688/3/1300 1686/4/1300 1696/4/1300 1695/3/1300
f 1681/3/1301 1683/4/1301 1686/4/1301 1688/3/1301
f 1689/5/1302 1682/2/1302 1684/1/1302 1691/6/1302
f 1683/4/1303 1684/1/1303 1685/1/1303 1686/4/1303
f 1689/7/1304 1692/8/1304 1681/3/1304 1682/2/1304
f 1694/2/1305 1695/3/1305 1699/3/1305 1698/2/1305
f 1682/2/1306 1681/3/1306 1688/3/1306 1687/2/1306
f 1684/1/1307 1683/4/1307 1690/9/1307 1691/10/1307
f 1681/3/1308 1692/11/1308 1690/12/1308 1683/4/1308
f 1687/2/1305 1688/3/1305 1695/3/1305 1694/2/1305
f 1685/1/1309 1687/2/1309 1694/2/1309 1693/1/1309
f 1686/4/1310 1685/1/1310 1693/1/1310 1696/4/1310
f 1700/4/1311 1697/1/1311 1701/1/1311 1704/4/1311
f 1695/3/1312 1696/4/1312 1700/4/1312 1699/3/1312
f 1696/4/1310 1693/1/1310 1697/1/1310 1700/4/1310
f 1693/1/1313 1694/2/1313 1698/2/1313 1697/1/1313
f 1702/2/1314 1703/3/1314 1704/4/1314 1701/1/1314
f 1697/1/1315 1698/2/1315 1702/2/1315 1701/1/1315
f 1698/2/1305 1699/3/1305 1703/3/1305 1702/2/1305
f 1699/3/1316 1700/4/1316 1704/4/1316 1703/3/1316
f 1708/1/1317 1709/1/1317 1711/2/1317 1706/2/1317
f 1712/3/1318 1719/3/1318 1720/4/1318 1710/4/1318
f 1705/3/1319 1712/3/1319 1710/4/1319 1707/4/1319
f 1713/5/1320 1715/6/1320 1708/1/1320 1706/2/1320
f 1707/4/1321 1710/4/1321 1709/1/1321 1708/1/1321
f 1713/7/1304 1706/2/1304 1705/3/1304 1716/8/1304
f 1718/2/1322 1722/2/1322 1723/3/1322 1719/3/1322
f 1706/2/1323 1711/2/1323 1712/3/1323 1705/3/1323
f 1708/1/1324 1715/10/1324 1714/9/1324 1707/4/1324
f 1705/3/1325 1707/4/1325 1714/12/1325 1716/11/1325
f 1711/2/1326 1718/2/1326 1719/3/1326 1712/3/1326
f 1709/1/1327 1717/1/1327 1718/2/1327 1711/2/1327
f 1710/4/1328 1720/4/1328 1717/1/1328 1709/1/1328
f 1724/4/1329 1728/4/1329 1725/1/1329 1721/1/1329
f 1719/3/1330 1723/3/1330 1724/4/1330 1720/4/1330
f 1720/4/1328 1724/4/1328 1721/1/1328 1717/1/1328
f 1717/1/1331 1721/1/1331 1722/2/1331 1718/2/1331
f 1726/2/1332 1725/1/1332 1728/4/1332 1727/3/1332
f 1721/1/1333 1725/1/1333 1726/2/1333 1722/2/1333
f 1722/2/1334 1726/2/1334 1727/3/1334 1723/3/1334
f 1723/3/1335 1727/3/1335 1728/4/1335 1724/4/1335
f 1732/1/1336 1730/2/1336 1735/2/1336 1733/1/1336
f 1736/3/1337 1734/4/1337 1744/4/1337 1743/3/1337
f 1729/3/1338 1731/4/1338 1734/4/1338 1736/3/1338
f 1737/5/1339 1730/2/1339 1732/1/1339 1739/6/1339
f 1731/4/1340 1732/1/1340 1733/1/1340 1734/4/1340
f 1737/7/1341 1740/8/1341 1729/3/1341 1730/2/1341
f 1742/2/1342 1743/3/1342 1747/3/1342 1746/2/1342
f 1730/2/1343 1729/3/1343 1736/3/1343 1735/2/1343
f 1732/1/1344 1731/4/1344 1738/9/1344 1739/10/1344
f 1729/3/1345 1740/11/1345 1738/12/1345 1731/4/1345
f 1735/2/1346 1736/3/1346 1743/3/1346 1742/2/1346
f 1733/1/1347 1735/2/1347 1742/2/1347 1741/1/1347
f 1734/4/1348 1733/1/1348 1741/1/1348 1744/4/1348
f 1748/4/1348 1745/1/1348 1749/1/1348 1752/4/1348
f 1743/3/1349 1744/4/1349 1748/4/1349 1747/3/1349
f 1744/4/1350 1741/1/1350 1745/1/1350 1748/4/1350
f 1741/1/1351 1742/2/1351 1746/2/1351 1745/1/1351
f 1750/2/1352 1751/3/1352 1752/4/1352 1749/1/1352
f 1745/1/1353 1746/2/1353 1750/2/1353 1749/1/1353
f 1746/2/1342 1747/3/1342 1751/3/1342 1750/2/1342
f 1747/3/1354 1748/4/1354 1752/4/1354 1751/3/1354
f 1756/1/1355 1757/1/1355 1759/2/1355 1754/2/1355
f 1760/3/1356 1767/3/1356 1768/4/1356 1758/4/1356
f 1753/3/1357 1760/3/1357 1758/4/1357 1755/4/1357
f 1761/5/1358 1763/6/1358 1756/1/1358 1754/2/1358
f 1755/4/1359 1758/4/1359 1757/1/1359 1756/1/1359
f 1761/7/1341 1754/2/1341 1753/3/1341 1764/8/1341
f 1766/2/1360 1770/2/1360 1771/3/1360 1767/3/1360
f 1754/2/1361 1759/2/1361 1760/3/1361 1753/3/1361
f 1756/1/1344 1763/10/1344 1762/9/1344 1755/4/1344
f 1753/3/1362 1755/4/1362 1762/12/1362 1764/11/1362
f 1759/2/1363 1766/2/1363 1767/3/1363 1760/3/1363
f 1757/1/1364 1765/1/1364 1766/2/1364 1759/2/1364
f 1758/4/1365 1768/4/1365 1765/1/1365 1757/1/1365
f 1772/4/1366 1776/4/1366 1773/1/1366 1769/1/1366
f 1767/3/1367 1771/3/1367 1772/4/1367 1768/4/1367
f 1768/4/1365 1772/4/1365 1769/1/1365 1765/1/1365
f 1765/1/1368 1769/1/1368 1770/2/1368 1766/2/1368
f 1774/2/1369 1773/1/1369 1776/4/1369 1775/3/1369
f 1769/1/1370 1773/1/1370 1774/2/1370 1770/2/1370
f 1770/2/1360 1774/2/1360 1775/3/1360 1771/3/1360
f 1771/3/1371 1775/3/1371 1776/4/1371 1772/4/1371
f 1780/1/1372 1778/2/1372 1783/2/1372 1781/1/1372
f 1784/3/1373 1782/4/1373 1792/4/1373 1791/3/1373
f 1777/3/1374 1779/4/1374 1782/4/1374 1784/3/1374
f 1785/5/1375 1778/2/1375 1780/1/1375 1787/6/1375
f 1779/4/1376 1780/1/1376 1781/1/1376 1782/4/1376
f 1785/7/1377 1788/8/1377 1777/3/1377 1778/2/1377
f 1790/2/1378 1791/3/1378 1795/3/1378 1794/2/1378
f 1778/2/1379 1777/3/1379 1784/3/1379 1783/2/1379
f 1780/1/1380 1779/4/1380 1786/9/1380 1787/10/1380
f 1777/3/1381 1788/11/1381 1786/12/1381 1779/4/1381
f 1783/2/1382 1784/3/1382 1791/3/1382 1790/2/1382
f 1781/1/1383 1783/2/1383 1790/2/1383 1789/1/1383
f 1782/4/1384 1781/1/1384 1789/1/1384 1792/4/1384
f 1796/4/1385 1793/1/1385 1797/1/1385 1800/4/1385
f 1791/3/1386 1792/4/1386 1796/4/1386 1795/3/1386
f 1792/4/1387 1789/1/1387 1793/1/1387 1796/4/1387
f 1789/1/1388 1790/2/1388 1794/2/1388 1793/1/1388
f 1798/2/1389 1799/3/1389 1800/4/1389 1797/1/1389
f 1793/1/1390 1794/2/1390 1798/2/1390 1797/1/1390
f 1794/2/1391 1795/3/1391 1799/3/1391 1798/2/1391
f 1795/3/1392 1796/4/1392 1800/4/1392 1799/3/1392
f 1804/1/1393 1805/1/1393 1807/2/1393 1802/2/1393
f 1808/3/1394 1815/3/1394 1816/4/1394 1806/4/1394
f 1801/3/1395 1808/3/1395 1806/4/1395 1803/4/1395
f 1809/5/1396 1811/6/1396 1804/1/1396 1802/2/1396
f 1803/4/1397 1806/4/1397 1805/1/1397 1804/1/1397
f 1809/7/1398 1802/2/1398 1801/3/1398 1812/8/1398
f 1814/2/1399 1818/2/1399 1819/3/1399 1815/3/1399
f 1802/2/1400 1807/2/1400 1808/3/1400 1801/3/1400
f 1804/1/1380 1811/10/1380 1810/9/1380 1803/4/1380
f 1801/3/1401 1803/4/1401 1810/12/1401 1812/11/1401
f 1807/2/1399 1814/2/1399 1815/3/1399 1808/3/1399
f 1805/1/1402 1813/1/1402 1814/2/1402 1807/2/1402
f 1806/4/1403 1816/4/1403 1813/1/1403 1805/1/1403
f 1820/4/1403 1824/4/1403 1821/1/1403 1817/1/1403
f 1815/3/1404 1819/3/1404 1820/4/1404 1816/4/1404
f 1816/4/1405 1820/4/1405 1817/1/1405 1813/1/1405
f 1813/1/1406 1817/1/1406 1818/2/1406 1814/2/1406
f 1822/2/1407 1821/1/1407 1824/4/1407 1823/3/1407
f 1817/1/1408 1821/1/1408 1822/2/1408 1818/2/1408
f 1818/2/1409 1822/2/1409 1823/3/1409 1819/3/1409
f 1819/3/1410 1823/3/1410 1824/4/1410 1820/4/1410
f 1828/1/1411 1826/2/1411 1831/2/1411 1829/1/1411
f 1832/3/1412 1830/4/1412 1840/4/1412 1839/3/1412
f 1825/3/1413 1827/4/1413 1830/4/1413 1832/3/1413
f 1833/5/1414 1826/2/1414 1828/1/1414 1835/6/1414
f 1827/4/1415 1828/1/1415 1829/1/1415 1830/4/1415
f 1833/7/1416 1836/8/1416 1825/3/1416 1826/2/1416
f 1838/2/1417 1839/3/1417 1843/3/1417 1842/2/1417
f 1826/2/1418 1825/3/1418 1832/3/1418 1831/2/1418
f 1828/1/1419 1827/4/1419 1834/9/1419 1835/10/1419
f 1825/3/1420 1836/11/1420 1834/12/1420 1827/4/1420
f 1831/2/1417 1832/3/1417 1839/3/1417 1838/2/1417
f 1829/1/1421 1831/2/1421 1838/2/1421 1837/1/1421
f 1830/4/1422 1829/1/1422 1837/1/1422 1840/4/1422
f 1844/4/1423 1841/1/1423 1845/1/1423 1848/4/1423
f 1839/3/1424 1840/4/1424 1844/4/1424 1843/3/1424
f 1840/4/1425 1837/1/1425 1841/1/1425 1844/4/1425
f 1837/1/1426 1838/2/1426 1842/2/1426 1841/1/1426
f 1846/2/1427 1847/3/1427 1848/4/1427 1845/1/1427
f 1841/1/1428 1842/2/1428 1846/2/1428 1845/1/1428
f 1842/2/1429 1843/3/1429 1847/3/1429 1846/2/1429
f 1843/3/1430 1844/4/1430 1848/4/1430 1847/3/1430
f 1852/1/1431 1853/1/1431 1855/2/1431 1850/2/1431
f 1856/3/1432 1863/3/1432 1864/4/1432 1854/4/1432
f 1849/3/1433 1856/3/1433 1854/4/1433 1851/4/1433
f 1857/5/1434 1859/6/1434 1852/1/1434 1850/2/1434
f 1851/4/1435 1854/4/1435 1853/1/1435 1852/1/1435
f 1857/7/1416 1850/2/1416 1849/3/1416 1860/8/1416
f 1862/2/1436 1866/2/1436 1867/3/1436 1863/3/1436
f 1850/2/1437 1855/2/1437 1856/3/1437 1849/3/1437
f 1852/1/1419 1859/10/1419 1858/9/1419 1851/4/1419
f 1849/3/1438 1851/4/1438 1858/12/1438 1860/11/1438
f 1855/2/1439 1862/2/1439 1863/3/1439 1856/3/1439
f 1853/1/1440 1861/1/1440 1862/2/1440 1855/2/1440
f 1854/4/1441 1864/4/1441 1861/1/1441 1853/1/1441
f 1868/4/1441 1872/4/1441 1869/1/1441 1865/1/1441
f 1863/3/1442 1867/3/1442 1868/4/1442 1864/4/1442
f 1864/4/1441 1868/4/1441 1865/1/1441 1861/1/1441
f 1861/1/1443 1865/1/1443 1866/2/1443 1862/2/1443
f 1870/2/1444 1869/1/1444 1872/4/1444 1871/3/1444
f 1865/1/1445 1869/1/1445 1870/2/1445 1866/2/1445
f 1866/2/1446 1870/2/1446 1871/3/1446 1867/3/1446
f 1867/3/1447 1871/3/1447 1872/4/1447 1868/4/1447
f 1876/1/1448 1874/2/1448 1879/2/1448 1877/1/1448
f 1880/3/1449 1878/4/1449 1888/4/1449 1887/3/1449
f 1873/3/1450 1875/4/1450 1878/4/1450 1880/3/1450
f 1881/5/1451 1874/2/1451 1876/1/1451 1883/6/1451
f 1875/4/1452 1876/1/1452 1877/1/1452 1878/4/1452
f 1881/7/1453 1884/8/1453 1873/3/1453 1874/2/1453
f 1886/2/1454 1887/3/1454 1891/3/1454 1890/2/1454
f 1874/2/1455 1873/3/1455 1880/3/1455 1879/2/1455
f 1876/1/1456 1875/4/1456 1882/9/1456 1883/10/1456
f 1873/3/1457 1884/11/1457 1882/12/1457 1875/4/1457
f 1879/2/1458 1880/3/1458 1887/3/1458 1886/2/1458
f 1877/1/1459 1879/2/1459 1886/2/1459 1885/1/1459
f 1878/4/1460 1877/1/1460 1885/1/1460 1888/4/1460
f 1892/4/1461 1889/1/1461 1893/1/1461 1896/4/1461
f 1887/3/1462 1888/4/1462 1892/4/1462 1891/3/1462
f 1888/4/1460 1885/1/1460 1889/1/1460 1892/4/1460
f 1885/1/1463 1886/2/1463 1890/2/1463 1889/1/1463
f 1894/2/1464 1895/3/1464 1896/4/1464 1893/1/1464
f 1889/1/1465 1890/2/1465 1894/2/1465 1893/1/1465
f 1890/2/1466 1891/3/1466 1895/3/1466 1894/2/1466
f 1891/3/1467 1892/4/1467 1896/4/1467 1895/3/1467
f 1900/1/1468 1901/1/1468 1903/2/1468 1898/2/1468
f 1904/3/1469 1911/3/1469 1912/4/1469 1902/4/1469
f 1897/3/1470 1904/3/1470 1902/4/1470 1899/4/1470
f 1905/5/1471 1907/6/1471 1900/1/1471 1898/2/1471
f 1899/4/1472 1902/4/1472 1901/1/1472 1900/1/1472
f 1905/7/1473 1898/2/1473 1897/3/1473 1908/8/1473
f 1910/2/1474 1914/2/1474 1915/3/1474 1911/3/1474
f 1898/2/1475 1903/2/1475 1904/3/1475 1897/3/1475
f 1900/1/1476 1907/10/1476 1906/9/1476 1899/4/1476
f 1897/3/1477 1899/4/1477 1906/12/1477 1908/11/1477
f 1903/2/1474 1910/2/1474 1911/3/1474 1904/3/1474
f 1901/1/1478 1909/1/1478 1910/2/1478 1903/2/1478
f 1902/4/1479 1912/4/1479 1909/1/1479 1901/1/1479
f 1916/4/1480 1920/4/1480 1917/1/1480 1913/1/1480
f 1911/3/1481 1915/3/1481 1916/4/1481 1912/4/1481
f 1912/4/1482 1916/4/1482 1913/1/1482 1909/1/1482
f 1909/1/1483 1913/1/1483 1914/2/1483 1910/2/1483
f 1918/2/1484 1917/1/1484 1920/4/1484 1919/3/1484
f 1913/1/1485 1917/1/1485 1918/2/1485 1914/2/1485
f 1914/2/1486 1918/2/1486 1919/3/1486 1915/3/1486
f 1915/3/1487 1919/3/1487 1920/4/1487 1916/4/1487
f 1924/1/1488 1922/2/1488 1927/2/1488 1925/1/1488
f 1928/3/1489 1926/4/1489 1936/4/1489 1935/3/1489
f 1921/3/1490 1923/4/1490 1926/4/1490 1928/3/1490
f 1929/5/1491 1922/2/1491 1924/1/1491 1931/6/1491
f 1923/4/1492 1924/1/1492 1925/1/1492 1926/4/1492
f 1929/7/1493 1932/8/1493 1921/3/1493 1922/2/1493
f 1934/2/1494 1935/3/1494 1939/3/1494 1938/2/1494
f 1922/2/1495 1921/3/1495 1928/3/1495 1927/2/1495
f 1924/1/1496 1923/4/1496 1930/9/1496 1931/10/1496
f 1921/3/1497 1932/11/1497 1930/12/1497 1923/4/1497
f 1927/2/1498 1928/3/1498 1935/3/1498 1934/2/1498
f 1925/1/1499 1927/2/1499 1934/2/1499 1933/1/1499
f 1926/4/1500 1925/1/1500 1933/1/1500 1936/4/1500
f 1940/4/1501 1937/1/1501 1941/1/1501 1944/4/1501
f 1935/3/1502 1936/4/1502 1940/4/1502 1939/3/1502
f 1936/4/1503 1933/1/1503 1937/1/1503 1940/4/1503
f 1933/1/1504 1934/2/1504 1938/2/1504 1937/1/1504
f 1942/2/1505 1943/3/1505 1944/4/1505 1941/1/1505
f 1937/1/1506 1938/2/1506 1942/2/1506 1941/1/1506
f 1938/2/1498 1939/3/1498 1943/3/1498 1942/2/1498
f 1939/3/1507 1940/4/1507 1944/4/1507 1943/3/1507
f 1948/1/1508 1949/1/1508 1951/2/1508 1946/2/1508
f 1952/3/1509 1959/3/1509 1960/4/1509 1950/4/1509
f 1945/3/1510 1952/3/1510 1950/4/1510 1947/4/1510
f 1953/5/1511 1955/6/1511 1948/1/1511 1946/2/1511
f 1947/4/1512 1950/4/1512 1949/1/1512 1948/1/1512
f 1953/7/1493 1946/2/1493 1945/3/1493 1956/8/1493
f 1958/2/1513 1962/2/1513 1963/3/1513 1959/3/1513
f 1946/2/1514 1951/2/1514 1952/3/1514 1945/3/1514
f 1948/1/1496 1955/10/1496 1954/9/1496 1947/4/1496
f 1945/3/1515 1947/4/1515 1954/12/1515 1956/11/1515
f 1951/2/1516 1958/2/1516 1959/3/1516 1952/3/1516
f 1949/1/1517 1957/1/1517 1958/2/1517 1951/2/1517
f 1950/4/1518 1960/4/1518 1957/1/1518 1949/1/1518
f 1964/4/1519 1968/4/1519 1965/1/1519 1961/1/1519
f 1959/3/1520 1963/3/1520 1964/4/1520 1960/4/1520
f 1960/4/1521 1964/4/1521 1961/1/1521 1957/1/1521
f 1957/1/1522 1961/1/1522 1962/2/1522 1958/2/1522
f 1966/2/1523 1965/1/1523 1968/4/1523 1967/3/1523
f 1961/1/1524 1965/1/1524 1966/2/1524 1962/2/1524
f 1962/2/1513 1966/2/1513 1967/3/1513 1963/3/1513
f 1963/3/1525 1967/3/1525 1968/4/1525 1964/4/1525
f 1972/1/1526 1970/2/1526 1975/2/1526 1973/1/1526
f 1976/3/1527 1974/4/1527 1984/4/1527 1983/3/1527
f 1969/3/1528 1971/4/1528 1974/4/1528 1976/3/1528
f 1977/5/1529 1970/2/1529 1972/1/1529 1979/6/1529
f 1971/4/1530 1972/1/1530 1973/1/1530 1974/4/1530
f 1977/7/1531 1980/8/1531 1969/3/1531 1970/2/1531
f 1982/2/1532 1983/3/1532 1987/3/1532 1986/2/1532
f 1970/2/1533 1969/3/1533 1976/3/1533 1975/2/1533
f 1972/1/1534 1971/4/1534 1978/9/1534 1979/10/1534
f 1969/3/1535 1980/11/1535 1978/12/1535 1971/4/1535
f 1975/2/1536 1976/3/1536 1983/3/1536 1982/2/1536
f 1973/1/1537 1975/2/1537 1982/2/1537 1981/1/1537
f 1974/4/1538 1973/1/1538 1981/1/1538 1984/4/1538
f 1988/4/1539 1985/1/1539 1989/1/1539 1992/4/1539
f 1983/3/1540 1984/4/1540 1988/4/1540 1987/3/1540
f 1984/4/1538 1981/1/1538 1985/1/1538 1988/4/1538
f 1981/1/1537 1982/2/1537 1986/2/1537 1985/1/1537
f 1990/2/1541 1991/3/1541 1992/4/1541 1989/1/1541
f 1985/1/1537 1986/2/1537 1990/2/1537 1989/1/1537
f 1986/2/1542 1987/3/1542 1991/3/1542 1990/2/1542
f 1987/3/1543 1988/4/1543 1992/4/1543 1991/3/1543
f 1996/1/1544 1997/1/1544 1999/2/1544 1994/2/1544
f 2000/3/1545 2007/3/1545 2008/4/1545 1998/4/1545
f 1993/3/1546 2000/3/1546 1998/4/1546 1995/4/1546
f 2001/5/1547 2003/6/1547 1996/1/1547 1994/2/1547
f 1995/4/1548 1998/4/1548 1997/1/1548 1996/1/1548
f 2001/7/1549 1994/2/1549 1993/3/1549 2004/8/1549
f 2006/2/1550 2010/2/1550 2011/3/1550 2007/3/1550
f 1994/2/1551 1999/2/1551 2000/3/1551 1993/3/1551
f 1996/1/1552 2003/10/1552 2002/9/1552 1995/4/1552
f 1993/3/1535 1995/4/1535 2002/12/1535 2004/11/1535
f 1999/2/1553 2006/2/1553 2007/3/1553 2000/3/1553
f 1997/1/1554 2005/1/1554 2006/2/1554 1999/2/1554
f 1998/4/1555 2008/4/1555 2005/1/1555 1997/1/1555
f 2012/4/1556 2016/4/1556 2013/1/1556 2009/1/1556
f 2007/3/1557 2011/3/1557 2012/4/1557 2008/4/1557
f 2008/4/1558 2012/4/1558 2009/1/1558 2005/1/1558
f 2005/1/1559 2009/1/1559 2010/2/1559 2006/2/1559
f 2014/2/1560 2013/1/1560 2016/4/1560 2015/3/1560
f 2009/1/1561 2013/1/1561 2014/2/1561 2010/2/1561
f 2010/2/1562 2014/2/1562 2015/3/1562 2011/3/1562
f 2011/3/1563 2015/3/1563 2016/4/1563 2012/4/1563
f 2020/1/1564 2018/2/1564 2023/2/1564 2021/1/1564
f 2024/3/1565 2022/4/1565 2032/4/1565 2031/3/1565
f 2017/3/1566 2019/4/1566 2022/4/1566 2024/3/1566
f 2025/5/1567 2018/2/1567 2020/1/1567 2027/6/1567
f 2019/4/1568 2020/1/1568 2021/1/1568 2022/4/1568
f 2025/7/1569 2028/8/1569 2017/3/1569 2018/2/1569
f 2030/2/1570 2031/3/1570 2035/3/1570 2034/2/1570
f 2018/2/1571 2017/3/1571 2024/3/1571 2023/2/1571
f 2020/1/1572 2019/4/1572 2026/9/1572 2027/10/1572
f 2017/3/1573 2028/11/1573 2026/12/1573 2019/4/1573
f 2023/2/1574 2024/3/1574 2031/3/1574 2030/2/1574
f 2021/1/1575 2023/2/1575 2030/2/1575 2029/1/1575
f 2022/4/1576 2021/1/1576 2029/1/1576 2032/4/1576
f 2036/4/1577 2033/1/1577 2037/1/1577 2040/4/1577
f 2031/3/1578 2032/4/1578 2036/4/1578 2035/3/1578
f 2032/4/1579 2029/1/1579 2033/1/1579 2036/4/1579
f 2029/1/1580 2030/2/1580 2034/2/1580 2033/1/1580
f 2038/2/1581 2039/3/1581 2040/4/1581 2037/1/1581
f 2033/1/1582 2034/2/1582 2038/2/1582 2037/1/1582
f 2034/2/1583 2035/3/1583 2039/3/1583 2038/2/1583
f 2035/3/1584 2036/4/1584 2040/4/1584 2039/3/1584
f 2044/1/1585 2045/1/1585 2047/2/1585 2042/2/1585
f 2048/3/1586 2055/3/1586 2056/4/1586 2046/4/1586
f 2041/3/1587 2048/3/1587 2046/4/1587 2043/4/1587
f 2049/5/1588 2051/6/1588 2044/1/1588 2042/2/1588
f 2043/4/1589 2046/4/1589 2045/1/1589 2044/1/1589
f 2049/7/1590 2042/2/1590 2041/3/1590 2052/8/1590
f 2054/2/1591 2058/2/1591 2059/3/1591 2055/3/1591
f 2042/2/1592 2047/2/1592 2048/3/1592 2041/3/1592
f 2044/1/1593 2051/10/1593 2050/9/1593 2043/4/1593
f 2041/3/1594 2043/4/1594 2050/12/1594 2052/11/1594
f 2047/2/1591 2054/2/1591 2055/3/1591 2048/3/1591
f 2045/1/1595 2053/1/1595 2054/2/1595 2047/2/1595
f 2046/4/1596 2056/4/1596 2053/1/1596 2045/1/1596
f 2060/4/1597 2064/4/1597 2061/1/1597 2057/1/1597
f 2055/3/1598 2059/3/1598 2060/4/1598 2056/4/1598
f 2056/4/1596 2060/4/1596 2057/1/1596 2053/1/1596
f 2053/1/1599 2057/1/1599 2058/2/1599 2054/2/1599
f 2062/2/1600 2061/1/1600 2064/4/1600 2063/3/1600
f 2057/1/1601 2061/1/1601 2062/2/1601 2058/2/1601
f 2058/2/1602 2062/2/1602 2063/3/1602 2059/3/1602
f 2059/3/1603 2063/3/1603 2064/4/1603 2060/4/1603
f 2068/1/1604 2066/2/1604 2071/2/1604 2069/1/1604
f 2072/3/1605 2070/4/1605 2080/4/1605 2079/3/1605
f 2065/3/1606 2067/4/1606 2070/4/1606 2072/3/1606
f 2073/5/1607 2066/2/1607 2068/1/1607 2075/6/1607
f 2067/4/1608 2068/1/1608 2069/1/1608 2070/4/1608
f 2073/7/1609 2076/8/1609 2065/3/1609 2066/2/1609
f 2078/2/1610 2079/3/1610 2083/3/1610 2082/2/1610
f 2066/2/1611 2065/3/1611 2072/3/1611 2071/2/1611
f 2068/1/1612 2067/4/1612 2074/9/1612 2075/10/1612
f 2065/3/1613 2076/11/1613 2074/12/1613 2067/4/1613
f 2071/2/1611 2072/3/1611 2079/3/1611 2078/2/1611
f 2069/1/1614 2071/2/1614 2078/2/1614 2077/1/1614
f 2070/4/1615 2069/1/1615 2077/1/1615 2080/4/1615
f 2084/4/1616 2081/1/1616 2085/1/1616 2088/4/1616
f 2079/3/1617 2080/4/1617 2084/4/1617 2083/3/1617
f 2080/4/1618 2077/1/1618 2081/1/1618 2084/4/1618
f 2077/1/1619 2078/2/1619 2082/2/1619 2081/1/1619
f 2086/2/1620 2087/3/1620 2088/4/1620 2085/1/1620
f 2081/1/1621 2082/2/1621 2086/2/1621 2085/1/1621
f 2082/2/1622 2083/3/1622 2087/3/1622 2086/2/1622
f 2083/3/1623 2084/4/1623 2088/4/1623 2087/3/1623
f 2092/1/1624 2093/1/1624 2095/2/1624 2090/2/1624
f 2096/3/1625 2103/3/1625 2104/4/1625 2094/4/1625
f 2089/3/1626 2096/3/1626 2094/4/1626 2091/4/1626
f 2097/5/1627 2099/6/1627 2092/1/1627 2090/2/1627
f 2091/4/1628 2094/4/1628 2093/1/1628 2092/1/1628
f 2097/7/1609 2090/2/1609 2089/3/1609 2100/8/1609
f 2102/2/1629 2106/2/1629 2107/3/1629 2103/3/1629
f 2090/2/1630 2095/2/1630 2096/3/1630 2089/3/1630
f 2092/1/1612 2099/10/1612 2098/9/1612 2091/4/1612
f 2089/3/1631 2091/4/1631 2098/12/1631 2100/11/1631
f 2095/2/1629 2102/2/1629 2103/3/1629 2096/3/1629
f 2093/1/1632 2101/1/1632 2102/2/1632 2095/2/1632
f 2094/4/1633 2104/4/1633 2101/1/1633 2093/1/1633
f 2108/4/1634 2112/4/1634 2109/1/1634 2105/1/1634
f 2103/3/1635 2107/3/1635 2108/4/1635 2104/4/1635
f 2104/4/1636 2108/4/1636 2105/1/1636 2101/1/1636
f 2101/1/1637 2105/1/1637 2106/2/1637 2102/2/1637
f 2110/2/1638 2109/1/1638 2112/4/1638 2111/3/1638
f 2105/1/1639 2109/1/1639 2110/2/1639 2106/2/1639
f 2106/2/1629 2110/2/1629 2111/3/1629 2107/3/1629
f 2107/3/1640 2111/3/1640 2112/4/1640 2108/4/1640
f 2116/1/1641 2114/2/1641 2119/2/1641 2117/1/1641
f 2120/3/1642 2118/4/1642 2128/4/1642 2127/3/1642
f 2113/3/1643 2115/4/1643 2118/4/1643 2120/3/1643
f 2121/5/1644 2114/2/1644 2116/1/1644 2123/6/1644
f 2115/4/1645 2116/1/1645 2117/1/1645 2118/4/1645
f 2121/7/1646 2124/8/1646 2113/3/1646 2114/2/1646
f 2126/2/1647 2127/3/1647 2131/3/1647 2130/2/1647
f 2114/2/1648 2113/3/1648 2120/3/1648 2119/2/1648
f 2116/1/1649 2115/4/1649 2122/9/1649 2123/10/1649
f 2113/3/1650 2124/11/1650 2122/12/1650 2115/4/1650
f 2119/2/1647 2120/3/1647 2127/3/1647 2126/2/1647
f 2117/1/1651 2119/2/1651 2126/2/1651 2125/1/1651
f 2118/4/1652 2117/1/1652 2125/1/1652 2128/4/1652
f 2132/4/1653 2129/1/1653 2133/1/1653 2136/4/1653
f 2127/3/1654 2128/4/1654 2132/4/1654 2131/3/1654
f 2128/4/1652 2125/1/1652 2129/1/1652 2132/4/1652
f 2125/1/1655 2126/2/1655 2130/2/1655 2129/1/1655
f 2134/2/1656 2135/3/1656 2136/4/1656 2133/1/1656
f 2129/1/1657 2130/2/1657 2134/2/1657 2133/1/1657
f 2130/2/1658 2131/3/1658 2135/3/1658 2134/2/1658
f 2131/3/1659 2132/4/1659 2136/4/1659 2135/3/1659
f 2140/1/1660 2141/1/1660 2143/2/1660 2138/2/1660
f 2144/3/1661 2151/3/1661 2152/4/1661 2142/4/1661
f 2137/3/1662 2144/3/1662 2142/4/1662 2139/4/1662
f 2145/5/1663 2147/6/1663 2140/1/1663 2138/2/1663
f 2139/4/1664 2142/4/1664 2141/1/1664 2140/1/1664
f 2145/7/1646 2138/2/1646 2137/3/1646 2148/8/1646
f 2150/2/1646 2154/2/1646 2155/3/1646 2151/3/1646
f 2138/2/1646 2143/2/1646 2144/3/1646 2137/3/1646
f 2140/1/1664 2147/10/1664 2146/9/1664 2139/4/1664
f 2137/3/1665 2139/4/1665 2146/12/1665 2148/11/1665
f 2143/2/1666 2150/2/1666 2151/3/1666 2144/3/1666
f 2141/1/1667 2149/1/1667 2150/2/1667 2143/2/1667
f 2142/4/1668 2152/4/1668 2149/1/1668 2141/1/1668
f 2156/4/1668 2160/4/1668 2157/1/1668 2153/1/1668
f 2151/3/1669 2155/3/1669 2156/4/1669 2152/4/1669
f 2152/4/1668 2156/4/1668 2153/1/1668 2149/1/1668
f 2149/1/1670 2153/1/1670 2154/2/1670 2150/2/1670
f 2158/2/1671 2157/1/1671 2160/4/1671 2159/3/1671
f 2153/1/1672 2157/1/1672 2158/2/1672 2154/2/1672
f 2154/2/1673 2158/2/1673 2159/3/1673 2155/3/1673
f 2155/3/1674 2159/3/1674 2160/4/1674 2156/4/1674
f 2164/1/1675 2162/2/1675 2167/2/1675 2165/1/1675
f 2168/3/1676 2166/4/1676 2176/4/1676 2175/3/1676
f 2161/3/1677 2163/4/1677 2166/4/1677 2168/3/1677
f 2169/5/1678 2162/2/1678 2164/1/1678 2171/6/1678
f 2163/4/1679 2164/1/1679 2165/1/1679 2166/4/1679
f 2169/7/1680 2172/8/1680 2161/3/1680 2162/2/1680
f 2174/2/1681 2175/3/1681 2179/3/1681 2178/2/1681
f 2162/2/1682 2161/3/1682 2168/3/1682 2167/2/1682
f 2164/1/1683 2163/4/1683 2170/9/1683 2171/10/1683
f 2161/3/1684 2172/11/1684 2170/12/1684 2163/4/1684
f 2167/2/1682 2168/3/1682 2175/3/1682 2174/2/1682
f 2165/1/1685 2167/2/1685 2174/2/1685 2173/1/1685
f 2166/4/1679 2165/1/1679 2173/1/1679 2176/4/1679
f 2180/4/1679 2177/1/1679 2181/1/1679 2184/4/1679
f 2175/3/1686 2176/4/1686 2180/4/1686 2179/3/1686
f 2176/4/1687 2173/1/1687 2177/1/1687 2180/4/1687
f 2173/1/1688 2174/2/1688 2178/2/1688 2177/1/1688
f 2182/2/1689 2183/3/1689 2184/4/1689 2181/1/1689
f 2177/1/1690 2178/2/1690 2182/2/1690 2181/1/1690
f 2178/2/1691 2179/3/1691 2183/3/1691 2182/2/1691
f 2179/3/1692 2180/4/1692 2184/4/1692 2183/3/1692
f 2188/1/1693 2189/1/1693 2191/2/1693 2186/2/1693
f 2192/3/1694 2199/3/1694 2200/4/1694 2190/4/1694
f 2185/3/1695 2192/3/1695 2190/4/1695 2187/4/1695
f 2193/5/1696 2195/6/1696 2188/1/1696 2186/2/1696
f 2187/4/1683 2190/4/1683 2189/1/1683 2188/1/1683
f 2193/7/1682 2186/2/1682 2185/3/1682 2196/8/1682
f 2198/2/1697 2202/2/1697 2203/3/1697 2199/3/1697
f 2186/2/1680 2191/2/1680 2192/3/1680 2185/3/1680
f 2188/1/1683 2195/10/1683 2194/9/1683 2187/4/1683
f 2185/3/1698 2187/4/1698 2194/12/1698 2196/11/1698
f 2191/2/1680 2198/2/1680 2199/3/1680 2192/3/1680
f 2189/1/1699 2197/1/1699 2198/2/1699 2191/2/1699
f 2190/4/1683 2200/4/1683 2197/1/1683 2189/1/1683
f 2204/4/1683 2208/4/1683 2205/1/1683 2201/1/1683
f 2199/3/1700 2203/3/1700 2204/4/1700 2200/4/1700
f 2200/4/1683 2204/4/1683 2201/1/1683 2197/1/1683
f 2197/1/1701 2201/1/1701 2202/2/1701 2198/2/1701
f 2206/2/1702 2205/1/1702 2208/4/1702 2207/3/1702
f 2201/1/1703 2205/1/1703 2206/2/1703 2202/2/1703
f 2202/2/1680 2206/2/1680 2207/3/1680 2203/3/1680
f 2203/3/1704 2207/3/1704 2208/4/1704 2204/4/1704
f 2212/1/1705 2210/2/1705 2215/2/1705 2213/1/1705
f 2216/3/1706 2214/4/1706 2224/4/1706 2223/3/1706
f 2209/3/1707 2211/4/1707 2214/4/1707 2216/3/1707
f 2217/5/1708 2210/2/1708 2212/1/1708 2219/6/1708
f 2211/4/1709 2212/1/1709 2213/1/1709 2214/4/1709
f 2217/7/1710 2220/8/1710 2209/3/1710 2210/2/1710
f 2222/2/1711 2223/3/1711 2227/3/1711 2226/2/1711
f 2210/2/1710 2209/3/1710 2216/3/1710 2215/2/1710
f 2212/1/1712 2211/4/1712 2218/9/1712 2219/10/1712
f 2209/3/1713 2220/11/1713 2218/12/1713 2211/4/1713
f 2215/2/1711 2216/3/1711 2223/3/1711 2222/2/1711
f 2213/1/1714 2215/2/1714 2222/2/1714 2221/1/1714
f 2214/4/1709 2213/1/1709 2221/1/1709 2224/4/1709
f 2228/4/1715 2225/1/1715 2229/1/1715 2232/4/1715
f 2223/3/1716 2224/4/1716 2228/4/1716 2227/3/1716
f 2224/4/1715 2221/1/1715 2225/1/1715 2228/4/1715
f 2221/1/1717 2222/2/1717 2226/2/1717 2225/1/1717
f 2230/2/1718 2231/3/1718 2232/4/1718 2229/1/1718
f 2225/1/1719 2226/2/1719 2230/2/1719 2229/1/1719
f 2226/2/1711 2227/3/1711 2231/3/1711 2230/2/1711
f 2227/3/1720 2228/4/1720 2232/4/1720 2231/3/1720
f 2236/1/1721 2237/1/1721 2239/2/1721 2234/2/1721
f 2240/3/1722 2247/3/1722 2248/4/1722 2238/4/1722
f 2233/3/1723 2240/3/1723 2238/4/1723 2235/4/1723
f 2241/5/1724 2243/6/1724 2236/1/1724 2234/2/1724
f 2235/4/1712 2238/4/1712 2237/1/1712 2236/1/1712
f 2241/7/1725 2234/2/1725 2233/3/1725 2244/8/1725
f 2246/2/1726 2250/2/1726 2251/3/1726 2247/3/1726
f 2234/2/1727 2239/2/1727 2240/3/1727 2233/3/1727
f 2236/1/1712 2243/10/1712 2242/9/1712 2235/4/1712
f 2233/3/1728 2235/4/1728 2242/12/1728 2244/11/1728
f 2239/2/1729 2246/2/1729 2247/3/1729 2240/3/1729
f 2237/1/1730 2245/1/1730 2246/2/1730 2239/2/1730
f 2238/4/1712 2248/4/1712 2245/1/1712 2237/1/1712
f 2252/4/1712 2256/4/1712 2253/1/1712 2249/1/1712
f 2247/3/1731 2251/3/1731 2252/4/1731 2248/4/1731
f 2248/4/1732 2252/4/1732 2249/1/1732 2245/1/1732
f 2245/1/1733 2249/1/1733 2250/2/1733 2246/2/1733
f 2254/2/1734 2253/1/1734 2256/4/1734 2255/3/1734
f 2249/1/1735 2253/1/1735 2254/2/1735 2250/2/1735
f 2250/2/1736 2254/2/1736 2255/3/1736 2251/3/1736
f 2251/3/1737 2255/3/1737 2256/4/1737 2252/4/1737
f 2260/1/1738 2258/2/1738 2263/2/1738 2261/1/1738
f 2264/3/1739 2262/4/1739 2272/4/1739 2271/3/1739
f 2257/3/1740 2259/4/1740 2262/4/1740 2264/3/1740
f 2265/5/1741 2258/2/1741 2260/1/1741 2267/6/1741
f 2259/4/1742 2260/1/1742 2261/1/1742 2262/4/1742
f 2265/7/1743 2268/8/1743 2257/3/1743 2258/2/1743
f 2270/2/1744 2271/3/1744 2275/3/1744 2274/2/1744
f 2258/2/1745 2257/3/1745 2264/3/1745 2263/2/1745
f 2260/1/1742 2259/4/1742 2266/9/1742 2267/10/1742
f 2257/3/1746 2268/11/1746 2266/12/1746 2259/4/1746
f 2263/2/1744 2264/3/1744 2271/3/1744 2270/2/1744
f 2261/1/1747 2263/2/1747 2270/2/1747 2269/1/1747
f 2262/4/1748 2261/1/1748 2269/1/1748 2272/4/1748
f 2276/4/1749 2273/1/1749 2277/1/1749 2280/4/1749
f 2271/3/1750 2272/4/1750 2276/4/1750 2275/3/1750
f 2272/4/1748 2269/1/1748 2273/1/1748 2276/4/1748
f 2269/1/1751 2270/2/1751 2274/2/1751 2273/1/1751
f 2278/2/1752 2279/3/1752 2280/4/1752 2277/1/1752
f 2273/1/1753 2274/2/1753 2278/2/1753 2277/1/1753
f 2274/2/1744 2275/3/1744 2279/3/1744 2278/2/1744
f 2275/3/1754 2276/4/1754 2280/4/1754 2279/3/1754
f 2284/1/1755 2285/1/1755 2287/2/1755 2282/2/1755
f 2288/3/1756 2295/3/1756 2296/4/1756 2286/4/1756
f 2281/3/1757 2288/3/1757 2286/4/1757 2283/4/1757
f 2289/5/1758 2291/6/1758 2284/1/1758 2282/2/1758
f 2283/4/1759 2286/4/1759 2285/1/1759 2284/1/1759
f 2289/7/1760 2282/2/1760 2281/3/1760 2292/8/1760
f 2294/2/1761 2298/2/1761 2299/3/1761 2295/3/1761
f 2282/2/1762 2287/2/1762 2288/3/1762 2281/3/1762
f 2284/1/1763 2291/10/1763 2290/9/1763 2283/4/1763
f 2281/3/1764 2283/4/1764 2290/12/1764 2292/11/1764
f 2287/2/1761 2294/2/1761 2295/3/1761 2288/3/1761
f 2285/1/1765 2293/1/1765 2294/2/1765 2287/2/1765
f 2286/4/1766 2296/4/1766 2293/1/1766 2285/1/1766
f 2300/4/1767 2304/4/1767 2301/1/1767 2297/1/1767
f 2295/3/1768 2299/3/1768 2300/4/1768 2296/4/1768
f 2296/4/1766 2300/4/1766 2297/1/1766 2293/1/1766
f 2293/1/1769 2297/1/1769 2298/2/1769 2294/2/1769
f 2302/2/1770 2301/1/1770 2304/4/1770 2303/3/1770
f 2297/1/1771 2301/1/1771 2302/2/1771 2298/2/1771
f 2298/2/1772 2302/2/1772 2303/3/1772 2299/3/1772
f 2299/3/1773 2303/3/1773 2304/4/1773 2300/4/1773
f 2308/1/1774 2306/2/1774 2311/2/1774 2309/1/1774
f 2312/3/1775 2310/4/1775 2320/4/1775 2319/3/1775
f 2305/3/1776 2307/4/1776 2310/4/1776 2312/3/1776
f 2313/5/1777 2306/2/1777 2308/1/1777 2315/6/1777
f 2307/4/1778 2308/1/1778 2309/1/1778 2310/4/1778
f 2313/7/1779 2316/8/1779 2305/3/1779 2306/2/1779
f 2318/2/1780 2319/3/1780 2323/3/1780 2322/2/1780
f 2306/2/1781 2305/3/1781 2312/3/1781 2311/2/1781
f 2308/1/1782 2307/4/1782 2314/9/1782 2315/10/1782
f 2305/3/1783 2316/11/1783 2314/12/1783 2307/4/1783
f 2311/2/1784 2312/3/1784 2319/3/1784 2318/2/1784
f 2309/1/1785 2311/2/1785 2318/2/1785 2317/1/1785
f 2310/4/1786 2309/1/1786 2317/1/1786 2320/4/1786
f 2324/4/1786 2321/1/1786 2325/1/1786 2328/4/1786
f 2319/3/1787 2320/4/1787 2324/4/1787 2323/3/1787
f 2320/4/1786 2317/1/1786 2321/1/1786 2324/4/1786
f 2317/1/1788 2318/2/1788 2322/2/1788 2321/1/1788
f 2326/2/1789 2327/3/1789 2328/4/1789 2325/1/1789
f 2321/1/1790 2322/2/1790 2326/2/1790 2325/1/1790
f 2322/2/1791 2323/3/1791 2327/3/1791 2326/2/1791
f 2323/3/1792 2324/4/1792 2328/4/1792 2327/3/1792
f 2332/1/1793 2333/1/1793 2335/2/1793 2330/2/1793
f 2336/3/1794 2343/3/1794 2344/4/1794 2334/4/1794
f 2329/3/1795 2336/3/1795 2334/4/1795 2331/4/1795
f 2337/5/1796 2339/6/1796 2332/1/1796 2330/2/1796
f 2331/4/1797 2334/4/1797 2333/1/1797 2332/1/1797
f 2337/7/1779 2330/2/1779 2329/3/1779 2340/8/1779
f 2342/2/1798 2346/2/1798 2347/3/1798 2343/3/1798
f 2330/2/1799 2335/2/1799 2336/3/1799 2329/3/1799
f 2332/1/1782 2339/10/1782 2338/9/1782 2331/4/1782
f 2329/3/1800 2331/4/1800 2338/12/1800 2340/11/1800
f 2335/2/1801 2342/2/1801 2343/3/1801 2336/3/1801
f 2333/1/1802 2341/1/1802 2342/2/1802 2335/2/1802
f 2334/4/1803 2344/4/1803 2341/1/1803 2333/1/1803
f 2348/4/1804 2352/4/1804 2349/1/1804 2345/1/1804
f 2343/3/1805 2347/3/1805 2348/4/1805 2344/4/1805
f 2344/4/1804 2348/4/1804 2345/1/1804 2341/1/1804
f 2341/1/1806 2345/1/1806 2346/2/1806 2342/2/1806
f 2350/2/1807 2349/1/1807 2352/4/1807 2351/3/1807
f 2345/1/1808 2349/1/1808 2350/2/1808 2346/2/1808
f 2346/2/1798 2350/2/1798 2351/3/1798 2347/3/1798
f 2347/3/1809 2351/3/1809 2352/4/1809 2348/4/1809
f 2356/1/1810 2354/2/1810 2359/2/1810 2357/1/1810
f 2360/3/1811 2358/4/1811 2368/4/1811 2367/3/1811
f 2353/3/1812 2355/4/1812 2358/4/1812 2360/3/1812
f 2361/5/1813 2354/2/1813 2356/1/1813 2363/6/1813
f 2355/4/1814 2356/1/1814 2357/1/1814 2358/4/1814
f 2361/7/1815 2364/8/1815 2353/3/1815 2354/2/1815
f 2366/2/1816 2367/3/1816 2371/3/1816 2370/2/1816
f 2354/2/1817 2353/3/1817 2360/3/1817 2359/2/1817
f 2356/1/1818 2355/4/1818 2362/9/1818 2363/10/1818
f 2353/3/1819 2364/11/1819 2362/12/1819 2355/4/1819
f 2359/2/1820 2360/3/1820 2367/3/1820 2366/2/1820
f 2357/1/1821 2359/2/1821 2366/2/1821 2365/1/1821
f 2358/4/1822 2357/1/1822 2365/1/1822 2368/4/1822
f 2372/4/1823 2369/1/1823 2373/1/1823 2376/4/1823
f 2367/3/1824 2368/4/1824 2372/4/1824 2371/3/1824
f 2368/4/1822 2365/1/1822 2369/1/1822 2372/4/1822
f 2365/1/1825 2366/2/1825 2370/2/1825 2369/1/1825
f 2374/2/1826 2375/3/1826 2376/4/1826 2373/1/1826
f 2369/1/1827 2370/2/1827 2374/2/1827 2373/1/1827
f 2370/2/1816 2371/3/1816 2375/3/1816 2374/2/1816
f 2371/3/1828 2372/4/1828 2376/4/1828 2375/3/1828
f 2380/1/1829 2381/1/1829 2383/2/1829 2378/2/1829
f 2384/3/1830 2391/3/1830 2392/4/1830 2382/4/1830
f 2377/3/1831 2384/3/1831 2382/4/1831 2379/4/1831
f 2385/5/1832 2387/6/1832 2380/1/1832 2378/2/1832
f 2379/4/1833 2382/4/1833 2381/1/1833 2380/1/1833
f 2385/7/1815 2378/2/1815 2377/3/1815 2388/8/1815
f 2390/2/1834 2394/2/1834 2395/3/1834 2391/3/1834
f 2378/2/1835 2383/2/1835 2384/3/1835 2377/3/1835
f 2380/1/1818 2387/10/1818 2386/9/1818 2379/4/1818
f 2377/3/1836 2379/4/1836 2386/12/1836 2388/11/1836
f 2383/2/1837 2390/2/1837 2391/3/1837 2384/3/1837
f 2381/1/1838 2389/1/1838 2390/2/1838 2383/2/1838
f 2382/4/1839 2392/4/1839 2389/1/1839 2381/1/1839
f 2396/4/1840 2400/4/1840 2397/1/1840 2393/1/1840
f 2391/3/1841 2395/3/1841 2396/4/1841 2392/4/1841
f 2392/4/1839 2396/4/1839 2393/1/1839 2389/1/1839
f 2389/1/1842 2393/1/1842 2394/2/1842 2390/2/1842
f 2398/2/1843 2397/1/1843 2400/4/1843 2399/3/1843
f 2393/1/1842 2397/1/1842 2398/2/1842 2394/2/1842
f 2394/2/1844 2398/2/1844 2399/3/1844 2395/3/1844
f 2395/3/1845 2399/3/1845 2400/4/1845 2396/4/1845
f 2404/1/1846 2402/2/1846 2407/2/1846 2405/1/1846
f 2408/3/1847 2406/4/1847 2416/4/1847 2415/3/1847
f 2401/3/1848 2403/4/1848 2406/4/1848 2408/3/1848
f 2409/5/1849 2402/2/1849 2404/1/1849 2411/6/1849
f 2403/4/1850 2404/1/1850 2405/1/1850 2406/4/1850
f 2409/7/1851 2412/8/1851 2401/3/1851 2402/2/1851
f 2414/2/1852 2415/3/1852 2419/3/1852 2418/2/1852
f 2402/2/1853 2401/3/1853 2408/3/1853 2407/2/1853
f 2404/1/1854 2403/4/1854 2410/9/1854 2411/10/1854
f 2401/3/1855 2412/11/1855 2410/12/1855 2403/4/1855
f 2407/2/1856 2408/3/1856 2415/3/1856 2414/2/1856
f 2405/1/1857 2407/2/1857 2414/2/1857 2413/1/1857
f 2406/4/1858 2405/1/1858 2413/1/1858 2416/4/1858
f 2420/4/1859 2417/1/1859 2421/1/1859 2424/4/1859
f 2415/3/1860 2416/4/1860 2420/4/1860 2419/3/1860
f 2416/4/1861 2413/1/1861 2417/1/1861 2420/4/1861
f 2413/1/1862 2414/2/1862 2418/2/1862 2417/1/1862
f 2422/2/1863 2423/3/1863 2424/4/1863 2421/1/1863
f 2417/1/1864 2418/2/1864 2422/2/1864 2421/1/1864
f 2418/2/1865 2419/3/1865 2423/3/1865 2422/2/1865
f 2419/3/1866 2420/4/1866 2424/4/1866 2423/3/1866
f 2428/1/1867 2429/1/1867 2431/2/1867 2426/2/1867
f 2432/3/1868 2439/3/1868 2440/4/1868 2430/4/1868
f 2425/3/1869 2432/3/1869 2430/4/1869 2427/4/1869
f 2433/5/1870 2435/6/1870 2428/1/1870 2426/2/1870
f 2427/4/1871 2430/4/1871 2429/1/1871 2428/1/1871
f 2433/7/1851 2426/2/1851 2425/3/1851 2436/8/1851
f 2438/2/1872 2442/2/1872 2443/3/1872 2439/3/1872
f 2426/2/1873 2431/2/1873 2432/3/1873 2425/3/1873
f 2428/1/1854 2435/10/1854 2434/9/1854 2427/4/1854
f 2425/3/1874 2427/4/1874 2434/12/1874 2436/11/1874
f 2431/2/1875 2438/2/1875 2439/3/1875 2432/3/1875
f 2429/1/1876 2437/1/1876 2438/2/1876 2431/2/1876
f 2430/4/1877 2440/4/1877 2437/1/1877 2429/1/1877
f 2444/4/1878 2448/4/1878 2445/1/1878 2441/1/1878
f 2439/3/1879 2443/3/1879 2444/4/1879 2440/4/1879
f 2440/4/1880 2444/4/1880 2441/1/1880 2437/1/1880
f 2437/1/1881 2441/1/1881 2442/2/1881 2438/2/1881
f 2446/2/1882 2445/1/1882 2448/4/1882 2447/3/1882
f 2441/1/1883 2445/1/1883 2446/2/1883 2442/2/1883
f 2442/2/1884 2446/2/1884 2447/3/1884 2443/3/1884
f 2443/3/1885 2447/3/1885 2448/4/1885 2444/4/1885
f 2452/1/1886 2450/2/1886 2455/2/1886 2453/1/1886
f 2456/3/1887 2454/4/1887 2464/4/1887 2463/3/1887
f 2449/3/1888 2451/4/1888 2454/4/1888 2456/3/1888
f 2457/5/1889 2450/2/1889 2452/1/1889 2459/6/1889
f 2451/4/1890 2452/1/1890 2453/1/1890 2454/4/1890
f 2457/7/1891 2460/8/1891 2449/3/1891 2450/2/1891
f 2462/2/1892 2463/3/1892 2467/3/1892 2466/2/1892
f 2450/2/1893 2449/3/1893 2456/3/1893 2455/2/1893
f 2452/1/1894 2451/4/1894 2458/9/1894 2459/10/1894
f 2449/3/1895 2460/11/1895 2458/12/1895 2451/4/1895
f 2455/2/1896 2456/3/1896 2463/3/1896 2462/2/1896
f 2453/1/1897 2455/2/1897 2462/2/1897 2461/1/1897
f 2454/4/1898 2453/1/1898 2461/1/1898 2464/4/1898
f 2468/4/1899 2465/1/1899 2469/1/1899 2472/4/1899
f 2463/3/1900 2464/4/1900 2468/4/1900 2467/3/1900
f 2464/4/1899 2461/1/1899 2465/1/1899 2468/4/1899
f 2461/1/1901 2462/2/1901 2466/2/1901 2465/1/1901
f 2470/2/1902 2471/3/1902 2472/4/1902 2469/1/1902
f 2465/1/1903 2466/2/1903 2470/2/1903 2469/1/1903
f 2466/2/1892 2467/3/1892 2471/3/1892 2470/2/1892
f 2467/3/1904 2468/4/1904 2472/4/1904 2471/3/1904
f 2476/1/1905 2477/1/1905 2479/2/1905 2474/2/1905
f 2480/3/1906 2487/3/1906 2488/4/1906 2478/4/1906
f 2473/3/1907 2480/3/1907 2478/4/1907 2475/4/1907
f 2481/5/1908 2483/6/1908 2476/1/1908 2474/2/1908
f 2475/4/1909 2478/4/1909 2477/1/1909 2476/1/1909
f 2481/7/1910 2474/2/1910 2473/3/1910 2484/8/1910
f 2486/2/1911 2490/2/1911 2491/3/1911 2487/3/1911
f 2474/2/1912 2479/2/1912 2480/3/1912 2473/3/1912
f 2476/1/1913 2483/10/1913 2482/9/1913 2475/4/1913
f 2473/3/1914 2475/4/1914 2482/12/1914 2484/11/1914
f 2479/2/1915 2486/2/1915 2487/3/1915 2480/3/1915
f 2477/1/1916 2485/1/1916 2486/2/1916 2479/2/1916
f 2478/4/1917 2488/4/1917 2485/1/1917 2477/1/1917
f 2492/4/1918 2496/4/1918 2493/1/1918 2489/1/1918
f 2487/3/1919 2491/3/1919 2492/4/1919 2488/4/1919
f 2488/4/1918 2492/4/1918 2489/1/1918 2485/1/1918
f 2485/1/1920 2489/1/1920 2490/2/1920 2486/2/1920
f 2494/2/1921 2493/1/1921 2496/4/1921 2495/3/1921
f 2489/1/1922 2493/1/1922 2494/2/1922 2490/2/1922
f 2490/2/1911 2494/2/1911 2495/3/1911 2491/3/1911
f 2491/3/1923 2495/3/1923 2496/4/1923 2492/4/1923
f 2500/1/1924 2498/2/1924 2503/2/1924 2501/1/1924
f 2504/3/1925 2502/4/1925 2512/4/1925 2511/3/1925
f 2497/3/1926 2499/4/1926 2502/4/1926 2504/3/1926
f 2505/5/1927 2498/2/1927 2500/1/1927 2507/6/1927
f 2499/4/1928 2500/1/1928 2501/1/1928 2502/4/1928
f 2505/7/1929 2508/8/1929 2497/3/1929 2498/2/1929
f 2510/2/1930 2511/3/1930 2515/3/1930 2514/2/1930
f 2498/2/1931 2497/3/1931 2504/3/1931 2503/2/1931
f 2500/1/1932 2499/4/1932 2506/9/1932 2507/10/1932
f 2497/3/1933 2508/11/1933 2506/12/1933 2499/4/1933
f 2503/2/1934 2504/3/1934 2511/3/1934 2510/2/1934
f 2501/1/1935 2503/2/1935 2510/2/1935 2509/1/1935
f 2502/4/1936 2501/1/1936 2509/1/1936 2512/4/1936
f 2516/4/1937 2513/1/1937 2517/1/1937 2520/4/1937
f 2511/3/1938 2512/4/1938 2516/4/1938 2515/3/1938
f 2512/4/1936 2509/1/1936 2513/1/1936 2516/4/1936
f 2509/1/1939 2510/2/1939 2514/2/1939 2513/1/1939
f 2518/2/1940 2519/3/1940 2520/4/1940 2517/1/1940
f 2513/1/1941 2514/2/1941 2518/2/1941 2517/1/1941
f 2514/2/1930 2515/3/1930 2519/3/1930 2518/2/1930
f 2515/3/1942 2516/4/1942 2520/4/1942 2519/3/1942
f 2524/1/1943 2525/1/1943 2527/2/1943 2522/2/1943
f 2528/3/1944 2535/3/1944 2536/4/1944 2526/4/1944
f 2521/3/1945 2528/3/1945 2526/4/1945 2523/4/1945
f 2529/5/1946 2531/6/1946 2524/1/1946 2522/2/1946
f 2523/4/1947 2526/4/1947 2525/1/1947 2524/1/1947
f 2529/7/1929 2522/2/1929 2521/3/1929 2532/8/1929
f 2534/2/1948 2538/2/1948 2539/3/1948 2535/3/1948
f 2522/2/1949 2527/2/1949 2528/3/1949 2521/3/1949
f 2524/1/1950 2531/10/1950 2530/9/1950 2523/4/1950
f 2521/3/1951 2523/4/1951 2530/12/1951 2532/11/1951
f 2527/2/1948 2534/2/1948 2535/3/1948 2528/3/1948
f 2525/1/1952 2533/1/1952 2534/2/1952 2527/2/1952
f 2526/4/1953 2536/4/1953 2533/1/1953 2525/1/1953
f 2540/4/1954 2544/4/1954 2541/1/1954 2537/1/1954
f 2535/3/1955 2539/3/1955 2540/4/1955 2536/4/1955
f 2536/4/1953 2540/4/1953 2537/1/1953 2533/1/1953
f 2533/1/1956 2537/1/1956 2538/2/1956 2534/2/1956
f 2542/2/1957 2541/1/1957 2544/4/1957 2543/3/1957
f 2537/1/1958 2541/1/1958 2542/2/1958 2538/2/1958
f 2538/2/1959 2542/2/1959 2543/3/1959 2539/3/1959
f 2539/3/1960 2543/3/1960 2544/4/1960 2540/4/1960
f 2548/1/1961 2546/2/1961 2551/2/1961 2549/1/1961
f 2552/3/1962 2550/4/1962 2560/4/1962 2559/3/1962
f 2545/3/1963 2547/4/1963 2550/4/1963 2552/3/1963
f 2553/5/1964 2546/2/1964 2548/1/1964 2555/6/1964
f 2547/4/1965 2548/1/1965 2549/1/1965 2550/4/1965
f 2553/7/1966 2556/8/1966 2545/3/1966 2546/2/1966
f 2558/2/1967 2559/3/1967 2563/3/1967 2562/2/1967
f 2546/2/1968 2545/3/1968 2552/3/1968 2551/2/1968
f 2548/1/1969 2547/4/1969 2554/9/1969 2555/10/1969
f 2545/3/1970 2556/11/1970 2554/12/1970 2547/4/1970
f 2551/2/1971 2552/3/1971 2559/3/1971 2558/2/1971
f 2549/1/1972 2551/2/1972 2558/2/1972 2557/1/1972
f 2550/4/1973 2549/1/1973 2557/1/1973 2560/4/1973
f 2564/4/1974 2561/1/1974 2565/1/1974 2568/4/1974
f 2559/3/1975 2560/4/1975 2564/4/1975 2563/3/1975
f 2560/4/1976 2557/1/1976 2561/1/1976 2564/4/1976
f 2557/1/1977 2558/2/1977 2562/2/1977 2561/1/1977
f 2566/2/1978 2567/3/1978 2568/4/1978 2565/1/1978
f 2561/1/1979 2562/2/1979 2566/2/1979 2565/1/1979
f 2562/2/1980 2563/3/1980 2567/3/1980 2566/2/1980
f 2563/3/1981 2564/4/1981 2568/4/1981 2567/3/1981
f 2572/1/1982 2573/1/1982 2575/2/1982 2570/2/1982
f 2576/3/1983 2583/3/1983 2584/4/1983 2574/4/1983
f 2569/3/1984 2576/3/1984 2574/4/1984 2571/4/1984
f 2577/5/1985 2579/6/1985 2572/1/1985 2570/2/1985
f 2571/4/1986 2574/4/1986 2573/1/1986 2572/1/1986
f 2577/7/1966 2570/2/1966 2569/3/1966 2580/8/1966
f 2582/2/1987 2586/2/1987 2587/3/1987 2583/3/1987
f 2570/2/1988 2575/2/1988 2576/3/1988 2569/3/1988
f 2572/1/1969 2579/10/1969 2578/9/1969 2571/4/1969
f 2569/3/1989 2571/4/1989 2578/12/1989 2580/11/1989
f 2575/2/1990 2582/2/1990 2583/3/1990 2576/3/1990
f 2573/1/1991 2581/1/1991 2582/2/1991 2575/2/1991
f 2574/4/1992 2584/4/1992 2581/1/1992 2573/1/1992
f 2588/4/1993 2592/4/1993 2589/1/1993 2585/1/1993
f 2583/3/1994 2587/3/1994 2588/4/1994 2584/4/1994
f 2584/4/1992 2588/4/1992 2585/1/1992 2581/1/1992
f 2581/1/1995 2585/1/1995 2586/2/1995 2582/2/1995
f 2590/2/1996 2589/1/1996 2592/4/1996 2591/3/1996
f 2585/1/1997 2589/1/1997 2590/2/1997 2586/2/1997
f 2586/2/1987 2590/2/1987 2591/3/1987 2587/3/1987
f 2587/3/1998 2591/3/1998 2592/4/1998 2588/4/1998
f 2596/1/1999 2594/2/1999 2599/2/1999 2597/1/1999
f 2600/3/2000 2598/4/2000 2608/4/2000 2607/3/2000
f 2593/3/2001 2595/4/2001 2598/4/2001 2600/3/2001
f 2601/5/2002 2594/2/2002 2596/1/2002 2603/6/2002
f 2595/4/2003 2596/1/2003 2597/1/2003 2598/4/2003
f 2601/7/2004 2604/8/2004 2593/3/2004 2594/2/2004
f 2606/2/2005 2607/3/2005 2611/3/2005 2610/2/2005
f 2594/2/2006 2593/3/2006 2600/3/2006 2599/2/2006
f 2596/1/2007 2595/4/2007 2602/9/2007 2603/10/2007
f 2593/3/2008 2604/11/2008 2602/12/2008 2595/4/2008
f 2599/2/2009 2600/3/2009 2607/3/2009 2606/2/2009
f 2597/1/2010 2599/2/2010 2606/2/2010 2605/1/2010
f 2598/4/2011 2597/1/2011 2605/1/2011 2608/4/2011
f 2612/4/2012 2609/1/2012 2613/1/2012 2616/4/2012
f 2607/3/2013 2608/4/2013 2612/4/2013 2611/3/2013
f 2608/4/2012 2605/1/2012 2609/1/2012 2612/4/2012
f 2605/1/2014 2606/2/2014 2610/2/2014 2609/1/2014
f 2614/2/2015 2615/3/2015 2616/4/2015 2613/1/2015
f 2609/1/2016 2610/2/2016 2614/2/2016 2613/1/2016
f 2610/2/2005 2611/3/2005 2615/3/2005 2614/2/2005
f 2611/3/2017 2612/4/2017 2616/4/2017 2615/3/2017
f 2620/1/2018 2621/1/2018 2623/2/2018 2618/2/2018
f 2624/3/2019 2631/3/2019 2632/4/2019 2622/4/2019
f 2617/3/2020 2624/3/2020 2622/4/2020 2619/4/2020
f 2625/5/2021 2627/6/2021 2620/1/2021 2618/2/2021
f 2619/4/2022 2622/4/2022 2621/1/2022 2620/1/2022
f 2625/7/2023 2618/2/2023 2617/3/2023 2628/8/2023
f 2630/2/2024 2634/2/2024 2635/3/2024 2631/3/2024
f 2618/2/2025 2623/2/2025 2624/3/2025 2617/3/2025
f 2620/1/2026 2627/10/2026 2626/9/2026 2619/4/2026
f 2617/3/2027 2619/4/2027 2626/12/2027 2628/11/2027
f 2623/2/2024 2630/2/2024 2631/3/2024 2624/3/2024
f 2621/1/2028 2629/1/2028 2630/2/2028 2623/2/2028
f 2622/4/2029 2632/4/2029 2629/1/2029 2621/1/2029
f 2636/4/2029 2640/4/2029 2637/1/2029 2633/1/2029
f 2631/3/2030 2635/3/2030 2636/4/2030 2632/4/2030
f 2632/4/2029 2636/4/2029 2633/1/2029 2629/1/2029
f 2629/1/2031 2633/1/2031 2634/2/2031 2630/2/2031
f 2638/2/2032 2637/1/2032 2640/4/2032 2639/3/2032
f 2633/1/2033 2637/1/2033 2638/2/2033 2634/2/2033
f 2634/2/2034 2638/2/2034 2639/3/2034 2635/3/2034
f 2635/3/2035 2639/3/2035 2640/4/2035 2636/4/2035
f 2644/1/2036 2642/2/2036 2647/2/2036 2645/1/2036
f 2648/3/2037 2646/4/2037 2656/4/2037 2655/3/2037
f 2641/3/2038 2643/4/2038 2646/4/2038 2648/3/2038
f 2649/5/2039 2642/2/2039 2644/1/2039 2651/6/2039
f 2643/4/2040 2644/1/2040 2645/1/2040 2646/4/2040
f 2649/7/2041 2652/8/2041 2641/3/2041 2642/2/2041
f 2654/2/2042 2655/3/2042 2659/3/2042 2658/2/2042
f 2642/2/2043 2641/3/2043 2648/3/2043 2647/2/2043
f 2644/1/2044 2643/4/2044 2650/9/2044 2651/10/2044
f 2641/3/2045 2652/11/2045 2650/12/2045 2643/4/2045
f 2647/2/2042 2648/3/2042 2655/3/2042 2654/2/2042
f 2645/1/2046 2647/2/2046 2654/2/2046 2653/1/2046
f 2646/4/2047 2645/1/2047 2653/1/2047 2656/4/2047
f 2660/4/2048 2657/1/2048 2661/1/2048 2664/4/2048
f 2655/3/2049 2656/4/2049 2660/4/2049 2659/3/2049
f 2656/4/2047 2653/1/2047 2657/1/2047 2660/4/2047
f 2653/1/2050 2654/2/2050 2658/2/2050 2657/1/2050
f 2662/2/2051 2663/3/2051 2664/4/2051 2661/1/2051
f 2657/1/2052 2658/2/2052 2662/2/2052 2661/1/2052
f 2658/2/2042 2659/3/2042 2663/3/2042 2662/2/2042
f 2659/3/2053 2660/4/2053 2664/4/2053 2663/3/2053
f 2668/1/2054 2669/1/2054 2671/2/2054 2666/2/2054
f 2672/3/2055 2679/3/2055 2680/4/2055 2670/4/2055
f 2665/3/2056 2672/3/2056 2670/4/2056 2667/4/2056
f 2673/5/2057 2675/6/2057 2668/1/2057 2666/2/2057
f 2667/4/2058 2670/4/2058 2669/1/2058 2668/1/2058
f 2673/7/2041 2666/2/2041 2665/3/2041 2676/8/2041
f 2678/2/2059 2682/2/2059 2683/3/2059 2679/3/2059
f 2666/2/2060 2671/2/2060 2672/3/2060 2665/3/2060
f 2668/1/2044 2675/10/2044 2674/9/2044 2667/4/2044
f 2665/3/2061 2667/4/2061 2674/12/2061 2676/11/2061
f 2671/2/2062 2678/2/2062 2679/3/2062 2672/3/2062
f 2669/1/2063 2677/1/2063 2678/2/2063 2671/2/2063
f 2670/4/2064 2680/4/2064 2677/1/2064 2669/1/2064
f 2684/4/2064 2688/4/2064 2685/1/2064 2681/1/2064
f 2679/3/2065 2683/3/2065 2684/4/2065 2680/4/2065
f 2680/4/2064 2684/4/2064 2681/1/2064 2677/1/2064
f 2677/1/2066 2681/1/2066 2682/2/2066 2678/2/2066
f 2686/2/2067 2685/1/2067 2688/4/2067 2687/3/2067
f 2681/1/2068 2685/1/2068 2686/2/2068 2682/2/2068
f 2682/2/2062 2686/2/2062 2687/3/2062 2683/3/2062
f 2683/3/2069 2687/3/2069 2688/4/2069 2684/4/2069
f 2692/1/2070 2690/2/2070 2695/2/2070 2693/1/2070
f 2696/3/2071 2694/4/2071 2704/4/2071 2703/3/2071
f 2689/3/2072 2691/4/2072 2694/4/2072 2696/3/2072
f 2697/5/2073 2690/2/2073 2692/1/2073 2699/6/2073
f 2691/4/2074 2692/1/2074 2693/1/2074 2694/4/2074
f 2697/7/2075 2700/8/2075 2689/3/2075 2690/2/2075
f 2702/2/2076 2703/3/2076 2707/3/2076 2706/2/2076
f 2690/2/2077 2689/3/2077 2696/3/2077 2695/2/2077
f 2692/1/2078 2691/4/2078 2698/9/2078 2699/10/2078
f 2689/3/2079 2700/11/2079 2698/12/2079 2691/4/2079
f 2695/2/2076 2696/3/2076 2703/3/2076 2702/2/2076
f 2693/1/2080 2695/2/2080 2702/2/2080 2701/1/2080
f 2694/4/2081 2693/1/2081 2701/1/2081 2704/4/2081
f 2708/4/2081 2705/1/2081 2709/1/2081 2712/4/2081
f 2703/3/2082 2704/4/2082 2708/4/2082 2707/3/2082
f 2704/4/2081 2701/1/2081 2705/1/2081 2708/4/2081
f 2701/1/2083 2702/2/2083 2706/2/2083 2705/1/2083
f 2710/2/2084 2711/3/2084 2712/4/2084 2709/1/2084
f 2705/1/2085 2706/2/2085 2710/2/2085 2709/1/2085
f 2706/2/2076 2707/3/2076 2711/3/2076 2710/2/2076
f 2707/3/2086 2708/4/2086 2712/4/2086 2711/3/2086
f 2716/1/2087 2717/1/2087 2719/2/2087 2714/2/2087
f 2720/3/2088 2727/3/2088 2728/4/2088 2718/4/2088
f 2713/3/2089 2720/3/2089 2718/4/2089 2715/4/2089
f 2721/5/2090 2723/6/2090 2716/1/2090 2714/2/2090
f 2715/4/2091 2718/4/2091 2717/1/2091 2716/1/2091
f 2721/7/2075 2714/2/2075 2713/3/2075 2724/8/2075
f 2726/2/2092 2730/2/2092 2731/3/2092 2727/3/2092
f 2714/2/2075 2719/2/2075 2720/3/2075 2713/3/2075
f 2716/1/2093 2723/10/2093 2722/9/2093 2715/4/2093
f 2713/3/2094 2715/4/2094 2722/12/2094 2724/11/2094
f 2719/2/2092 2726/2/2092 2727/3/2092 2720/3/2092
f 2717/1/2095 2725/1/2095 2726/2/2095 2719/2/2095
f 2718/4/2096 2728/4/2096 2725/1/2096 2717/1/2096
f 2732/4/2097 2736/4/2097 2733/1/2097 2729/1/2097
f 2727/3/2098 2731/3/2098 2732/4/2098 2728/4/2098
f 2728/4/2097 2732/4/2097 2729/1/2097 2725/1/2097
f 2725/1/2099 2729/1/2099 2730/2/2099 2726/2/2099
f 2734/2/2100 2733/1/2100 2736/4/2100 2735/3/2100
f 2729/1/2101 2733/1/2101 2734/2/2101 2730/2/2101
f 2730/2/2092 2734/2/2092 2735/3/2092 2731/3/2092
f 2731/3/2102 2735/3/2102 2736/4/2102 2732/4/2102
f 2740/1/2103 2738/2/2103 2743/2/2103 2741/1/2103
f 2744/3/2104 2742/4/2104 2752/4/2104 2751/3/2104
f 2737/3/2105 2739/4/2105 2742/4/2105 2744/3/2105
f 2745/5/2106 2738/2/2106 2740/1/2106 2747/6/2106
f 2739/4/2107 2740/1/2107 2741/1/2107 2742/4/2107
f 2745/7/2108 2748/8/2108 2737/3/2108 2738/2/2108
f 2750/2/2109 2751/3/2109 2755/3/2109 2754/2/2109
f 2738/2/2109 2737/3/2109 2744/3/2109 2743/2/2109
f 2740/1/2110 2739/4/2110 2746/9/2110 2747/10/2110
f 2737/3/2111 2748/11/2111 2746/12/2111 2739/4/2111
f 2743/2/2109 2744/3/2109 2751/3/2109 2750/2/2109
f 2741/1/2112 2743/2/2112 2750/2/2112 2749/1/2112
f 2742/4/2113 2741/1/2113 2749/1/2113 2752/4/2113
f 2756/4/2113 2753/1/2113 2757/1/2113 2760/4/2113
f 2751/3/2114 2752/4/2114 2756/4/2114 2755/3/2114
f 2752/4/2113 2749/1/2113 2753/1/2113 2756/4/2113
f 2749/1/2115 2750/2/2115 2754/2/2115 2753/1/2115
f 2758/2/2116 2759/3/2116 2760/4/2116 2757/1/2116
f 2753/1/2117 2754/2/2117 2758/2/2117 2757/1/2117
f 2754/2/2109 2755/3/2109 2759/3/2109 2758/2/2109
f 2755/3/2118 2756/4/2118 2760/4/2118 2759/3/2118
f 2764/1/2119 2765/1/2119 2767/2/2119 2762/2/2119
f 2768/3/2120 2775/3/2120 2776/4/2120 2766/4/2120
f 2761/3/2121 2768/3/2121 2766/4/2121 2763/4/2121
f 2769/5/2122 2771/6/2122 2764/1/2122 2762/2/2122
f 2763/4/2110 2766/4/2110 2765/1/2110 2764/1/2110
f 2769/7/2109 2762/2/2109 2761/3/2109 2772/8/2109
f 2774/2/2108 2778/2/2108 2779/3/2108 2775/3/2108
f 2762/2/2108 2767/2/2108 2768/3/2108 2761/3/2108
f 2764/1/2110 2771/10/2110 2770/9/2110 2763/4/2110
f 2761/3/2123 2763/4/2123 2770/12/2123 2772/11/2123
f 2767/2/2108 2774/2/2108 2775/3/2108 2768/3/2108
f 2765/1/2124 2773/1/2124 2774/2/2124 2767/2/2124
f 2766/4/2125 2776/4/2125 2773/1/2125 2765/1/2125
f 2780/4/2125 2784/4/2125 2781/1/2125 2777/1/2125
f 2775/3/2126 2779/3/2126 2780/4/2126 2776/4/2126
f 2776/4/2125 2780/4/2125 2777/1/2125 2773/1/2125
f 2773/1/2127 2777/1/2127 2778/2/2127 2774/2/2127
f 2782/2/2128 2781/1/2128 2784/4/2128 2783/3/2128
f 2777/1/2129 2781/1/2129 2782/2/2129 2778/2/2129
f 2778/2/2109 2782/2/2109 2783/3/2109 2779/3/2109
f 2779/3/2130 2783/3/2130 2784/4/2130 2780/4/2130
f 2788/1/2131 2786/2/2131 2791/2/2131 2789/1/2131
f 2792/3/2132 2790/4/2132 2800/4/2132 2799/3/2132
f 2785/3/2133 2787/4/2133 2790/4/2133 2792/3/2133
f 2793/5/2134 2786/2/2134 2788/1/2134 2795/6/2134
f 2787/4/2135 2788/1/2135 2789/1/2135 2790/4/2135
f 2793/7/2136 2796/8/2136 2785/3/2136 2786/2/2136
f 2798/2/2137 2799/3/2137 2803/3/2137 2802/2/2137
f 2786/2/2138 2785/3/2138 2792/3/2138 2791/2/2138
f 2788/1/2139 2787/4/2139 2794/9/2139 2795/10/2139
f 2785/3/2140 2796/11/2140 2794/12/2140 2787/4/2140
f 2791/2/2138 2792/3/2138 2799/3/2138 2798/2/2138
f 2789/1/2141 2791/2/2141 2798/2/2141 2797/1/2141
f 2790/4/2139 2789/1/2139 2797/1/2139 2800/4/2139
f 2804/4/2135 2801/1/2135 2805/1/2135 2808/4/2135
f 2799/3/2142 2800/4/2142 2804/4/2142 2803/3/2142
f 2800/4/2135 2797/1/2135 2801/1/2135 2804/4/2135
f 2797/1/2143 2798/2/2143 2802/2/2143 2801/1/2143
f 2806/2/2144 2807/3/2144 2808/4/2144 2805/1/2144
f 2801/1/2145 2802/2/2145 2806/2/2145 2805/1/2145
f 2802/2/2138 2803/3/2138 2807/3/2138 2806/2/2138
f 2803/3/2146 2804/4/2146 2808/4/2146 2807/3/2146
f 2812/1/2147 2813/1/2147 2815/2/2147 2810/2/2147
f 2816/3/2148 2823/3/2148 2824/4/2148 2814/4/2148
f 2809/3/2149 2816/3/2149 2814/4/2149 2811/4/2149
f 2817/5/2150 2819/6/2150 2812/1/2150 2810/2/2150
f 2811/4/2139 2814/4/2139 2813/1/2139 2812/1/2139
f 2817/7/2136 2810/2/2136 2809/3/2136 2820/8/2136
f 2822/2/2151 2826/2/2151 2827/3/2151 2823/3/2151
f 2810/2/2136 2815/2/2136 2816/3/2136 2809/3/2136
f 2812/1/2135 2819/10/2135 2818/9/2135 2811/4/2135
f 2809/3/2152 2811/4/2152 2818/12/2152 2820/11/2152
f 2815/2/2136 2822/2/2136 2823/3/2136 2816/3/2136
f 2813/1/2153 2821/1/2153 2822/2/2153 2815/2/2153
f 2814/4/2139 2824/4/2139 2821/1/2139 2813/1/2139
f 2828/4/2139 2832/4/2139 2829/1/2139 2825/1/2139
f 2823/3/2154 2827/3/2154 2828/4/2154 2824/4/2154
f 2824/4/2139 2828/4/2139 2825/1/2139 2821/1/2139
f 2821/1/2155 2825/1/2155 2826/2/2155 2822/2/2155
f 2830/2/2156 2829/1/2156 2832/4/2156 2831/3/2156
f 2825/1/2157 2829/1/2157 2830/2/2157 2826/2/2157
f 2826/2/2158 2830/2/2158 2831/3/2158 2827/3/2158
f 2827/3/2159 2831/3/2159 2832/4/2159 2828/4/2159
f 2836/1/2160 2834/2/2160 2839/2/2160 2837/1/2160
f 2840/3/2161 2838/4/2161 2848/4/2161 2847/3/2161
f 2833/3/2162 2835/4/2162 2838/4/2162 2840/3/2162
f 2841/5/2163 2834/2/2163 2836/1/2163 2843/6/2163
f 2835/4/2164 2836/1/2164 2837/1/2164 2838/4/2164
f 2841/7/2165 2844/8/2165 2833/3/2165 2834/2/2165
f 2846/2/2166 2847/3/2166 2851/3/2166 2850/2/2166
f 2834/2/2167 2833/3/2167 2840/3/2167 2839/2/2167
f 2836/1/2164 2835/4/2164 2842/9/2164 2843/10/2164
f 2833/3/2168 2844/11/2168 2842/12/2168 2835/4/2168
f 2839/2/2166 2840/3/2166 2847/3/2166 2846/2/2166
f 2837/1/2169 2839/2/2169 2846/2/2169 2845/1/2169
f 2838/4/2164 2837/1/2164 2845/1/2164 2848/4/2164
f 2852/4/2164 2849/1/2164 2853/1/2164 2856/4/2164
f 2847/3/2170 2848/4/2170 2852/4/2170 2851/3/2170
f 2848/4/2171 2845/1/2171 2849/1/2171 2852/4/2171
f 2845/1/2172 2846/2/2172 2850/2/2172 2849/1/2172
f 2854/2/2173 2855/3/2173 2856/4/2173 2853/1/2173
f 2849/1/2174 2850/2/2174 2854/2/2174 2853/1/2174
f 2850/2/2166 2851/3/2166 2855/3/2166 2854/2/2166
f 2851/3/2175 2852/4/2175 2856/4/2175 2855/3/2175
f 2860/1/2176 2861/1/2176 2863/2/2176 2858/2/2176
f 2864/3/2177 2871/3/2177 2872/4/2177 2862/4/2177
f 2857/3/2178 2864/3/2178 2862/4/2178 2859/4/2178
f 2865/5/2179 2867/6/2179 2860/1/2179 2858/2/2179
f 2859/4/2180 2862/4/2180 2861/1/2180 2860/1/2180
f 2865/7/2165 2858/2/2165 2857/3/2165 2868/8/2165
f 2870/2/2181 2874/2/2181 2875/3/2181 2871/3/2181
f 2858/2/2182 2863/2/2182 2864/3/2182 2857/3/2182
f 2860/1/2180 2867/10/2180 2866/9/2180 2859/4/2180
f 2857/3/2183 2859/4/2183 2866/12/2183 2868/11/2183
f 2863/2/2181 2870/2/2181 2871/3/2181 2864/3/2181
f 2861/1/2184 2869/1/2184 2870/2/2184 2863/2/2184
f 2862/4/2180 2872/4/2180 2869/1/2180 2861/1/2180
f 2876/4/2185 2880/4/2185 2877/1/2185 2873/1/2185
f 2871/3/2186 2875/3/2186 2876/4/2186 2872/4/2186
f 2872/4/2187 2876/4/2187 2873/1/2187 2869/1/2187
f 2869/1/2188 2873/1/2188 2874/2/2188 2870/2/2188
f 2878/2/2189 2877/1/2189 2880/4/2189 2879/3/2189
f 2873/1/2190 2877/1/2190 2878/2/2190 2874/2/2190
f 2874/2/2191 2878/2/2191 2879/3/2191 2875/3/2191
f 2875/3/2192 2879/3/2192 2880/4/2192 2876/4/2192
f 2884/1/2193 2882/2/2193 2887/2/2193 2885/1/2193
f 2888/3/2194 2886/4/2194 2896/4/2194 2895/3/2194
f 2881/3/2195 2883/4/2195 2886/4/2195 2888/3/2195
f 2889/5/2196 2882/2/2196 2884/1/2196 2891/6/2196
f 2883/4/2197 2884/1/2197 2885/1/2197 2886/4/2197
f 2889/7/2198 2892/8/2198 2881/3/2198 2882/2/2198
f 2894/2/2199 2895/3/2199 2899/3/2199 2898/2/2199
f 2882/2/2200 2881/3/2200 2888/3/2200 2887/2/2200
f 2884/1/2201 2883/4/2201 2890/9/2201 2891/10/2201
f 2881/3/2202 2892/11/2202 2890/12/2202 2883/4/2202
f 2887/2/2203 2888/3/2203 2895/3/2203 2894/2/2203
f 2885/1/2204 2887/2/2204 2894/2/2204 2893/1/2204
f 2886/4/2205 2885/1/2205 2893/1/2205 2896/4/2205
f 2900/4/2205 2897/1/2205 2901/1/2205 2904/4/2205
f 2895/3/2206 2896/4/2206 2900/4/2206 2899/3/2206
f 2896/4/2207 2893/1/2207 2897/1/2207 2900/4/2207
f 2893/1/2208 2894/2/2208 2898/2/2208 2897/1/2208
f 2902/2/2209 2903/3/2209 2904/4/2209 2901/1/2209
f 2897/1/2210 2898/2/2210 2902/2/2210 2901/1/2210
f 2898/2/2211 2899/3/2211 2903/3/2211 2902/2/2211
f 2899/3/2212 2900/4/2212 2904/4/2212 2903/3/2212
f 2908/1/2213 2909/1/2213 2911/2/2213 2906/2/2213
f 2912/3/2214 2919/3/2214 2920/4/2214 2910/4/2214
f 2905/3/2215 2912/3/2215 2910/4/2215 2907/4/2215
f 2913/5/2216 2915/6/2216 2908/1/2216 2906/2/2216
f 2907/4/2217 2910/4/2217 2909/1/2217 2908/1/2217
f 2913/7/2198 2906/2/2198 2905/3/2198 2916/8/2198
f 2918/2/2218 2922/2/2218 2923/3/2218 2919/3/2218
f 2906/2/2219 2911/2/2219 2912/3/2219 2905/3/2219
f 2908/1/2201 2915/10/2201 2914/9/2201 2907/4/2201
f 2905/3/2220 2907/4/2220 2914/12/2220 2916/11/2220
f 2911/2/2218 2918/2/2218 2919/3/2218 2912/3/2218
f 2909/1/2221 2917/1/2221 2918/2/2221 2911/2/2221
f 2910/4/2222 2920/4/2222 2917/1/2222 2909/1/2222
f 2924/4/2223 2928/4/2223 2925/1/2223 2921/1/2223
f 2919/3/2224 2923/3/2224 2924/4/2224 2920/4/2224
f 2920/4/2222 2924/4/2222 2921/1/2222 2917/1/2222
f 2917/1/2225 2921/1/2225 2922/2/2225 2918/2/2225
f 2926/2/2226 2925/1/2226 2928/4/2226 2927/3/2226
f 2921/1/2227 2925/1/2227 2926/2/2227 2922/2/2227
f 2922/2/2228 2926/2/2228 2927/3/2228 2923/3/2228
f 2923/3/2229 2927/3/2229 2928/4/2229 2924/4/2229
f 2932/1/2230 2930/2/2230 2935/2/2230 2933/1/2230
f 2936/3/2231 2934/4/2231 2944/4/2231 2943/3/2231
f 2929/3/2232 2931/4/2232 2934/4/2232 2936/3/2232
f 2937/5/2233 2930/2/2233 2932/1/2233 2939/6/2233
f 2931/4/2234 2932/1/2234 2933/1/2234 2934/4/2234
f 2937/7/2235 2940/8/2235 2929/3/2235 2930/2/2235
f 2942/2/2236 2943/3/2236 2947/3/2236 2946/2/2236
f 2930/2/2237 2929/3/2237 2936/3/2237 2935/2/2237
f 2932/1/2238 2931/4/2238 2938/9/2238 2939/10/2238
f 2929/3/2239 2940/11/2239 2938/12/2239 2931/4/2239
f 2935/2/2240 2936/3/2240 2943/3/2240 2942/2/2240
f 2933/1/2241 2935/2/2241 2942/2/2241 2941/1/2241
f 2934/4/2242 2933/1/2242 2941/1/2242 2944/4/2242
f 2948/4/2242 2945/1/2242 2949/1/2242 2952/4/2242
f 2943/3/2243 2944/4/2243 2948/4/2243 2947/3/2243
f 2944/4/2244 2941/1/2244 2945/1/2244 2948/4/2244
f 2941/1/2241 2942/2/2241 2946/2/2241 2945/1/2241
f 2950/2/2245 2951/3/2245 2952/4/2245 2949/1/2245
f 2945/1/2241 2946/2/2241 2950/2/2241 2949/1/2241
f 2946/2/2236 2947/3/2236 2951/3/2236 2950/2/2236
f 2947/3/2246 2948/4/2246 2952/4/2246 2951/3/2246
f 2956/1/2247 2957/1/2247 2959/2/2247 2954/2/2247
f 2960/3/2248 2967/3/2248 2968/4/2248 2958/4/2248
f 2953/3/2249 2960/3/2249 2958/4/2249 2955/4/2249
f 2961/5/2233 2963/6/2233 2956/1/2233 2954/2/2233
f 2955/4/2250 2958/4/2250 2957/1/2250 2956/1/2250
f 2961/7/2251 2954/2/2251 2953/3/2251 2964/8/2251
f 2966/2/2252 2970/2/2252 2971/3/2252 2967/3/2252
f 2954/2/2253 2959/2/2253 2960/3/2253 2953/3/2253
f 2956/1/2254 2963/10/2254 2962/9/2254 2955/4/2254
f 2953/3/2239 2955/4/2239 2962/12/2239 2964/11/2239
f 2959/2/2255 2966/2/2255 2967/3/2255 2960/3/2255
f 2957/1/2256 2965/1/2256 2966/2/2256 2959/2/2256
f 2958/4/2257 2968/4/2257 2965/1/2257 2957/1/2257
f 2972/4/2258 2976/4/2258 2973/1/2258 2969/1/2258
f 2967/3/2259 2971/3/2259 2972/4/2259 2968/4/2259
f 2968/4/2257 2972/4/2257 2969/1/2257 2965/1/2257
f 2965/1/2260 2969/1/2260 2970/2/2260 2966/2/2260
f 2974/2/2261 2973/1/2261 2976/4/2261 2975/3/2261
f 2969/1/2262 2973/1/2262 2974/2/2262 2970/2/2262
f 2970/2/2263 2974/2/2263 2975/3/2263 2971/3/2263
f 2971/3/2264 2975/3/2264 2976/4/2264 2972/4/2264
f 2980/1/2265 2978/2/2265 2983/2/2265 2981/1/2265
f 2984/3/2266 2982/4/2266 2992/4/2266 2991/3/2266
f 2977/3/2267 2979/4/2267 2982/4/2267 2984/3/2267
f 2985/5/2268 2978/2/2268 2980/1/2268 2987/6/2268
f 2979/4/2269 2980/1/2269 2981/1/2269 2982/4/2269
f 2985/7/2270 2988/8/2270 2977/3/2270 2978/2/2270
f 2990/2/2271 2991/3/2271 2995/3/2271 2994/2/2271
f 2978/2/2272 2977/3/2272 2984/3/2272 2983/2/2272
f 2980/1/2273 2979/4/2273 2986/9/2273 2987/10/2273
f 2977/3/2274 2988/11/2274 2986/12/2274 2979/4/2274
f 2983/2/2275 2984/3/2275 2991/3/2275 2990/2/2275
f 2981/1/2276 2983/2/2276 2990/2/2276 2989/1/2276
f 2982/4/2277 2981/1/2277 2989/1/2277 2992/4/2277
f 2996/4/2278 2993/1/2278 2997/1/2278 3000/4/2278
f 2991/3/2279 2992/4/2279 2996/4/2279 2995/3/2279
f 2992/4/2277 2989/1/2277 2993/1/2277 2996/4/2277
f 2989/1/2280 2990/2/2280 2994/2/2280 2993/1/2280
f 2998/2/2281 2999/3/2281 3000/4/2281 2997/1/2281
f 2993/1/2280 2994/2/2280 2998/2/2280 2997/1/2280
f 2994/2/2271 2995/3/2271 2999/3/2271 2998/2/2271
f 2995/3/2282 2996/4/2282 3000/4/2282 2999/3/2282
f 3004/1/2283 3005/1/2283 3007/2/2283 3002/2/2283
f 3008/3/2284 3015/3/2284 3016/4/2284 3006/4/2284
f 3001/3/2285 3008/3/2285 3006/4/2285 3003/4/2285
f 3009/5/2268 3011/6/2268 3004/1/2268 3002/2/2268
f 3003/4/2286 3006/4/2286 3005/1/2286 3004/1/2286
f 3009/7/2287 3002/2/2287 3001/3/2287 3012/8/2287
f 3014/2/2288 3018/2/2288 3019/3/2288 3015/3/2288
f 3002/2/2289 3007/2/2289 3008/3/2289 3001/3/2289
f 3004/1/2290 3011/10/2290 3010/9/2290 3003/4/2290
f 3001/3/2274 3003/4/2274 3010/12/2274 3012/11/2274
f 3007/2/2291 3014/2/2291 3015/3/2291 3008/3/2291
f 3005/1/2292 3013/1/2292 3014/2/2292 3007/2/2292
f 3006/4/2293 3016/4/2293 3013/1/2293 3005/1/2293
f 3020/4/2294 3024/4/2294 3021/1/2294 3017/1/2294
f 3015/3/2295 3019/3/2295 3020/4/2295 3016/4/2295
f 3016/4/2296 3020/4/2296 3017/1/2296 3013/1/2296
f 3013/1/2297 3017/1/2297 3018/2/2297 3014/2/2297
f 3022/2/2298 3021/1/2298 3024/4/2298 3023/3/2298
f 3017/1/2299 3021/1/2299 3022/2/2299 3018/2/2299
f 3018/2/2300 3022/2/2300 3023/3/2300 3019/3/2300
f 3019/3/2301 3023/3/2301 3024/4/2301 3020/4/2301
f 3028/1/2302 3026/2/2302 3031/2/2302 3029/1/2302
f 3032/3/2303 3030/4/2303 3040/4/2303 3039/3/2303
f 3025/3/2304 3027/4/2304 3030/4/2304 3032/3/2304
f 3033/5/2305 3026/2/2305 3028/1/2305 3035/6/2305
f 3027/4/2306 3028/1/2306 3029/1/2306 3030/4/2306
f 3033/7/2307 3036/8/2307 3025/3/2307 3026/2/2307
f 3038/2/2308 3039/3/2308 3043/3/2308 3042/2/2308
f 3026/2/2309 3025/3/2309 3032/3/2309 3031/2/2309
f 3028/1/2310 3027/4/2310 3034/9/2310 3035/10/2310
f 3025/3/2311 3036/11/2311 3034/12/2311 3027/4/2311
f 3031/2/2312 3032/3/2312 3039/3/2312 3038/2/2312
f 3029/1/2313 3031/2/2313 3038/2/2313 3037/1/2313
f 3030/4/2314 3029/1/2314 3037/1/2314 3040/4/2314
f 3044/4/2315 3041/1/2315 3045/1/2315 3048/4/2315
f 3039/3/2316 3040/4/2316 3044/4/2316 3043/3/2316
f 3040/4/2315 3037/1/2315 3041/1/2315 3044/4/2315
f 3037/1/2317 3038/2/2317 3042/2/2317 3041/1/2317
f 3046/2/2318 3047/3/2318 3048/4/2318 3045/1/2318
f 3041/1/2319 3042/2/2319 3046/2/2319 3045/1/2319
f 3042/2/2312 3043/3/2312 3047/3/2312 3046/2/2312
f 3043/3/2320 3044/4/2320 3048/4/2320 3047/3/2320
f 3052/1/2321 3053/1/2321 3055/2/2321 3050/2/2321
f 3056/3/2322 3063/3/2322 3064/4/2322 3054/4/2322
f 3049/3/2323 3056/3/2323 3054/4/2323 3051/4/2323
f 3057/5/2324 3059/6/2324 3052/1/2324 3050/2/2324
f 3051/4/2325 3054/4/2325 3053/1/2325 3052/1/2325
f 3057/7/2326 3050/2/2326 3049/3/2326 3060/8/2326
f 3062/2/2327 3066/2/2327 3067/3/2327 3063/3/2327
f 3050/2/2328 3055/2/2328 3056/3/2328 3049/3/2328
f 3052/1/2329 3059/10/2329 3058/9/2329 3051/4/2329
f 3049/3/2330 3051/4/2330 3058/12/2330 3060/11/2330
f 3055/2/2331 3062/2/2331 3063/3/2331 3056/3/2331
f 3053/1/2332 3061/1/2332 3062/2/2332 3055/2/2332
f 3054/4/2333 3064/4/2333 3061/1/2333 3053/1/2333
f 3068/4/2334 3072/4/2334 3069/1/2334 3065/1/2334
f 3063/3/2335 3067/3/2335 3068/4/2335 3064/4/2335
f 3064/4/2336 3068/4/2336 3065/1/2336 3061/1/2336
f 3061/1/2337 3065/1/2337 3066/2/2337 3062/2/2337
f 3070/2/2338 3069/1/2338 3072/4/2338 3071/3/2338
f 3065/1/2339 3069/1/2339 3070/2/2339 3066/2/2339
f 3066/2/2340 3070/2/2340 3071/3/2340 3067/3/2340
f 3067/3/2341 3071/3/2341 3072/4/2341 3068/4/2341
f 3076/1/2342 3074/2/2342 3079/2/2342 3077/1/2342
f 3080/3/2343 3078/4/2343 3088/4/2343 3087/3/2343
f 3073/3/2344 3075/4/2344 3078/4/2344 3080/3/2344
f 3081/5/2345 3074/2/2345 3076/1/2345 3083/6/2345
f 3075/4/2346 3076/1/2346 3077/1/2346 3078/4/2346
f 3081/7/2347 3084/8/2347 3073/3/2347 3074/2/2347
f 3086/2/2348 3087/3/2348 3091/3/2348 3090/2/2348
f 3074/2/2349 3073/3/2349 3080/3/2349 3079/2/2349
f 3076/1/2350 3075/4/2350 3082/9/2350 3083/10/2350
f 3073/3/2351 3084/11/2351 3082/12/2351 3075/4/2351
f 3079/2/2348 3080/3/2348 3087/3/2348 3086/2/2348
f 3077/1/2352 3079/2/2352 3086/2/2352 3085/1/2352
f 3078/4/2353 3077/1/2353 3085/1/2353 3088/4/2353
f 3092/4/2354 3089/1/2354 3093/1/2354 3096/4/2354
f 3087/3/2355 3088/4/2355 3092/4/2355 3091/3/2355
f 3088/4/2356 3085/1/2356 3089/1/2356 3092/4/2356
f 3085/1/2357 3086/2/2357 3090/2/2357 3089/1/2357
f 3094/2/2358 3095/3/2358 3096/4/2358 3093/1/2358
f 3089/1/2359 3090/2/2359 3094/2/2359 3093/1/2359
f 3090/2/2360 3091/3/2360 3095/3/2360 3094/2/2360
f 3091/3/2361 3092/4/2361 3096/4/2361 3095/3/2361
f 3100/1/2362 3101/1/2362 3103/2/2362 3098/2/2362
f 3104/3/2363 3111/3/2363 3112/4/2363 3102/4/2363
f 3097/3/2364 3104/3/2364 3102/4/2364 3099/4/2364
f 3105/5/2365 3107/6/2365 3100/1/2365 3098/2/2365
f 3099/4/2366 3102/4/2366 3101/1/2366 3100/1/2366
f 3105/7/2367 3098/2/2367 3097/3/2367 3108/8/2367
f 3110/2/2368 3114/2/2368 3115/3/2368 3111/3/2368
f 3098/2/2369 3103/2/2369 3104/3/2369 3097/3/2369
f 3100/1/2370 3107/10/2370 3106/9/2370 3099/4/2370
f 3097/3/2371 3099/4/2371 3106/12/2371 3108/11/2371
f 3103/2/2372 3110/2/2372 3111/3/2372 3104/3/2372
f 3101/1/2373 3109/1/2373 3110/2/2373 3103/2/2373
f 3102/4/2374 3112/4/2374 3109/1/2374 3101/1/2374
f 3116/4/2375 3120/4/2375 3117/1/2375 3113/1/2375
f 3111/3/2376 3115/3/2376 3116/4/2376 3112/4/2376
f 3112/4/2377 3116/4/2377 3113/1/2377 3109/1/2377
f 3109/1/2378 3113/1/2378 3114/2/2378 3110/2/2378
f 3118/2/2379 3117/1/2379 3120/4/2379 3119/3/2379
f 3113/1/2380 3117/1/2380 3118/2/2380 3114/2/2380
f 3114/2/2368 3118/2/2368 3119/3/2368 3115/3/2368
f 3115/3/2381 3119/3/2381 3120/4/2381 3116/4/2381
f 3124/1/2382 3122/2/2382 3127/2/2382 3125/1/2382
f 3128/3/2383 3126/4/2383 3136/4/2383 3135/3/2383
f 3121/3/2384 3123/4/2384 3126/4/2384 3128/3/2384
f 3129/5/2385 3122/2/2385 3124/1/2385 3131/6/2385
f 3123/4/2386 3124/1/2386 3125/1/2386 3126/4/2386
f 3129/7/2387 3132/8/2387 3121/3/2387 3122/2/2387
f 3134/2/2388 3135/3/2388 3139/3/2388 3138/2/2388
f 3122/2/2389 3121/3/2389 3128/3/2389 3127/2/2389
f 3124/1/2390 3123/4/2390 3130/9/2390 3131/10/2390
f 3121/3/2391 3132/11/2391 3130/12/2391 3123/4/2391
f 3127/2/2392 3128/3/2392 3135/3/2392 3134/2/2392
f 3125/1/2393 3127/2/2393 3134/2/2393 3133/1/2393
f 3126/4/2394 3125/1/2394 3133/1/2394 3136/4/2394
f 3140/4/2394 3137/1/2394 3141/1/2394 3144/4/2394
f 3135/3/2395 3136/4/2395 3140/4/2395 3139/3/2395
f 3136/4/2394 3133/1/2394 3137/1/2394 3140/4/2394
f 3133/1/2396 3134/2/2396 3138/2/2396 3137/1/2396
f 3142/2/2397 3143/3/2397 3144/4/2397 3141/1/2397
f 3137/1/2398 3138/2/2398 3142/2/2398 3141/1/2398
f 3138/2/2388 3139/3/2388 3143/3/2388 3142/2/2388
f 3139/3/2399 3140/4/2399 3144/4/2399 3143/3/2399
f 3148/1/2400 3149/1/2400 3151/2/2400 3146/2/2400
f 3152/3/2401 3159/3/2401 3160/4/2401 3150/4/2401
f 3145/3/2402 3152/3/2402 3150/4/2402 3147/4/2402
f 3153/5/2403 3155/6/2403 3148/1/2403 3146/2/2403
f 3147/4/2404 3150/4/2404 3149/1/2404 3148/1/2404
f 3153/7/2387 3146/2/2387 3145/3/2387 3156/8/2387
f 3158/2/2405 3162/2/2405 3163/3/2405 3159/3/2405
f 3146/2/2406 3151/2/2406 3152/3/2406 3145/3/2406
f 3148/1/2407 3155/10/2407 3154/9/2407 3147/4/2407
f 3145/3/2408 3147/4/2408 3154/12/2408 3156/11/2408
f 3151/2/2405 3158/2/2405 3159/3/2405 3152/3/2405
f 3149/1/2409 3157/1/2409 3158/2/2409 3151/2/2409
f 3150/4/2410 3160/4/2410 3157/1/2410 3149/1/2410
f 3164/4/2411 3168/4/2411 3165/1/2411 3161/1/2411
f 3159/3/2412 3163/3/2412 3164/4/2412 3160/4/2412
f 3160/4/2411 3164/4/2411 3161/1/2411 3157/1/2411
f 3157/1/2413 3161/1/2413 3162/2/2413 3158/2/2413
f 3166/2/2414 3165/1/2414 3168/4/2414 3167/3/2414
f 3161/1/2415 3165/1/2415 3166/2/2415 3162/2/2415
f 3162/2/2416 3166/2/2416 3167/3/2416 3163/3/2416
f 3163/3/2417 3167/3/2417 3168/4/2417 3164/4/2417
f 3172/1/2418 3170/2/2418 3175/2/2418 3173/1/2418
f 3176/3/2419 3174/4/2419 3184/4/2419 3183/3/2419
f 3169/3/2420 3171/4/2420 3174/4/2420 3176/3/2420
f 3177/5/2418 3170/2/2418 3172/1/2418 3179/6/2418
f 3171/4/2421 3172/1/2421 3173/1/2421 3174/4/2421
f 3177/7/2422 3180/8/2422 3169/3/2422 3170/2/2422
f 3182/2/2423 3183/3/2423 3187/3/2423 3186/2/2423
f 3170/2/2424 3169/3/2424 3176/3/2424 3175/2/2424
f 3172/1/2425 3171/4/2425 3178/9/2425 3179/10/2425
f 3169/3/2420 3180/11/2420 3178/12/2420 3171/4/2420
f 3175/2/2426 3176/3/2426 3183/3/2426 3182/2/2426
f 3173/1/2418 3175/2/2418 3182/2/2418 3181/1/2418
f 3174/4/2427 3173/1/2427 3181/1/2427 3184/4/2427
f 3188/4/2428 3185/1/2428 3189/1/2428 3192/4/2428
f 3183/3/2420 3184/4/2420 3188/4/2420 3187/3/2420
f 3184/4/2429 3181/1/2429 3185/1/2429 3188/4/2429
f 3181/1/2418 3182/2/2418 3186/2/2418 3185/1/2418
f 3190/2/2430 3191/3/2430 3192/4/2430 3189/1/2430
f 3185/1/2418 3186/2/2418 3190/2/2418 3189/1/2418
f 3186/2/2423 3187/3/2423 3191/3/2423 3190/2/2423
f 3187/3/2431 3188/4/2431 3192/4/2431 3191/3/2431
f 3196/1/2418 3197/1/2418 3199/2/2418 3194/2/2418
f 3200/3/2432 3207/3/2432 3208/4/2432 3198/4/2432
f 3193/3/2420 3200/3/2420 3198/4/2420 3195/4/2420
f 3201/5/2418 3203/6/2418 3196/1/2418 3194/2/2418
f 3195/4/2433 3198/4/2433 3197/1/2433 3196/1/2433
f 3201/7/2434 3194/2/2434 3193/3/2434 3204/8/2434
f 3206/2/2435 3210/2/2435 3211/3/2435 3207/3/2435
f 3194/2/2436 3199/2/2436 3200/3/2436 3193/3/2436
f 3196/1/2437 3203/10/2437 3202/9/2437 3195/4/2437
f 3193/3/2420 3195/4/2420 3202/12/2420 3204/11/2420
f 3199/2/2435 3206/2/2435 3207/3/2435 3200/3/2435
f 3197/1/2418 3205/1/2418 3206/2/2418 3199/2/2418
f 3198/4/2438 3208/4/2438 3205/1/2438 3197/1/2438
f 3212/4/2439 3216/4/2439 3213/1/2439 3209/1/2439
f 3207/3/2440 3211/3/2440 3212/4/2440 3208/4/2440
f 3208/4/2441 3212/4/2441 3209/1/2441 3205/1/2441
f 3205/1/2418 3209/1/2418 3210/2/2418 3206/2/2418
f 3214/2/2442 3213/1/2442 3216/4/2442 3215/3/2442
f 3209/1/2418 3213/1/2418 3214/2/2418 3210/2/2418
f 3210/2/2443 3214/2/2443 3215/3/2443 3211/3/2443
f 3211/3/2444 3215/3/2444 3216/4/2444 3212/4/2444
f 3220/1/2445 3218/2/2445 3223/2/2445 3221/1/2445
f 3224/3/2446 3222/4/2446 3232/4/2446 3231/3/2446
f 3217/3/2447 3219/4/2447 3222/4/2447 3224/3/2447
f 3225/5/2448 3218/2/2448 3220/1/2448 3227/6/2448
f 3219/4/2449 3220/1/2449 3221/1/2449 3222/4/2449
f 3225/7/2450 3228/8/2450 3217/3/2450 3218/2/2450
f 3230/2/2451 3231/3/2451 3235/3/2451 3234/2/2451
f 3218/2/2452 3217/3/2452 3224/3/2452 3223/2/2452
f 3220/1/2453 3219/4/2453 3226/9/2453 3227/10/2453
f 3217/3/2454 3228/11/2454 3226/12/2454 3219/4/2454
f 3223/2/2451 3224/3/2451 3231/3/2451 3230/2/2451
f 3221/1/2455 3223/2/2455 3230/2/2455 3229/1/2455
f 3222/4/2456 3221/1/2456 3229/1/2456 3232/4/2456
f 3236/4/2456 3233/1/2456 3237/1/2456 3240/4/2456
f 3231/3/2457 3232/4/2457 3236/4/2457 3235/3/2457
f 3232/4/2458 3229/1/2458 3233/1/2458 3236/4/2458
f 3229/1/2459 3230/2/2459 3234/2/2459 3233/1/2459
f 3238/2/2460 3239/3/2460 3240/4/2460 3237/1/2460
f 3233/1/2461 3234/2/2461 3238/2/2461 3237/1/2461
f 3234/2/2462 3235/3/2462 3239/3/2462 3238/2/2462
f 3235/3/2463 3236/4/2463 3240/4/2463 3239/3/2463
f 3244/1/2464 3245/1/2464 3247/2/2464 3242/2/2464
f 3248/3/2465 3255/3/2465 3256/4/2465 3246/4/2465
f 3241/3/2466 3248/3/2466 3246/4/2466 3243/4/2466
f 3249/5/2467 3251/6/2467 3244/1/2467 3242/2/2467
f 3243/4/2468 3246/4/2468 3245/1/2468 3244/1/2468
f 3249/7/2450 3242/2/2450 3241/3/2450 3252/8/2450
f 3254/2/2469 3258/2/2469 3259/3/2469 3255/3/2469
f 3242/2/2470 3247/2/2470 3248/3/2470 3241/3/2470
f 3244/1/2471 3251/10/2471 3250/9/2471 3243/4/2471
f 3241/3/2472 3243/4/2472 3250/12/2472 3252/11/2472
f 3247/2/2469 3254/2/2469 3255/3/2469 3248/3/2469
f 3245/1/2473 3253/1/2473 3254/2/2473 3247/2/2473
f 3246/4/2474 3256/4/2474 3253/1/2474 3245/1/2474
f 3260/4/2475 3264/4/2475 3261/1/2475 3257/1/2475
f 3255/3/2476 3259/3/2476 3260/4/2476 3256/4/2476
f 3256/4/2474 3260/4/2474 3257/1/2474 3253/1/2474
f 3253/1/2477 3257/1/2477 3258/2/2477 3254/2/2477
f 3262/2/2478 3261/1/2478 3264/4/2478 3263/3/2478
f 3257/1/2479 3261/1/2479 3262/2/2479 3258/2/2479
f 3258/2/2480 3262/2/2480 3263/3/2480 3259/3/2480
f 3259/3/2481 3263/3/2481 3264/4/2481 3260/4/2481
f 3268/1/2482 3266/2/2482 3271/2/2482 3269/1/2482
f 3272/3/2483 3270/4/2483 3280/4/2483 3279/3/2483
f 3265/3/2484 3267/4/2484 3270/4/2484 3272/3/2484
f 3273/5/2485 3266/2/2485 3268/1/2485 3275/6/2485
f 3267/4/2486 3268/1/2486 3269/1/2486 3270/4/2486
f 3273/7/2487 3276/8/2487 3265/3/2487 3266/2/2487
f 3278/2/2488 3279/3/2488 3283/3/2488 3282/2/2488
f 3266/2/2489 3265/3/2489 3272/3/2489 3271/2/2489
f 3268/1/2490 3267/4/2490 3274/9/2490 3275/10/2490
f 3265/3/2491 3276/11/2491 3274/12/2491 3267/4/2491
f 3271/2/2492 3272/3/2492 3279/3/2492 3278/2/2492
f 3269/1/2493 3271/2/2493 3278/2/2493 3277/1/2493
f 3270/4/2494 3269/1/2494 3277/1/2494 3280/4/2494
f 3284/4/2495 3281/1/2495 3285/1/2495 3288/4/2495
f 3279/3/2496 3280/4/2496 3284/4/2496 3283/3/2496
f 3280/4/2494 3277/1/2494 3281/1/2494 3284/4/2494
f 3277/1/2497 3278/2/2497 3282/2/2497 3281/1/2497
f 3286/2/2498 3287/3/2498 3288/4/2498 3285/1/2498
f 3281/1/2499 3282/2/2499 3286/2/2499 3285/1/2499
f 3282/2/2500 3283/3/2500 3287/3/2500 3286/2/2500
f 3283/3/2501 3284/4/2501 3288/4/2501 3287/3/2501
f 3292/1/2502 3293/1/2502 3295/2/2502 3290/2/2502
f 3296/3/2503 3303/3/2503 3304/4/2503 3294/4/2503
f 3289/3/2504 3296/3/2504 3294/4/2504 3291/4/2504
f 3297/5/2505 3299/6/2505 3292/1/2505 3290/2/2505
f 3291/4/2506 3294/4/2506 3293/1/2506 3292/1/2506
f 3297/7/2507 3290/2/2507 3289/3/2507 3300/8/2507
f 3302/2/2508 3306/2/2508 3307/3/2508 3303/3/2508
f 3290/2/2509 3295/2/2509 3296/3/2509 3289/3/2509
f 3292/1/2490 3299/10/2490 3298/9/2490 3291/4/2490
f 3289/3/2510 3291/4/2510 3298/12/2510 3300/11/2510
f 3295/2/2508 3302/2/2508 3303/3/2508 3296/3/2508
f 3293/1/2511 3301/1/2511 3302/2/2511 3295/2/2511
f 3294/4/2512 3304/4/2512 3301/1/2512 3293/1/2512
f 3308/4/2513 3312/4/2513 3309/1/2513 3305/1/2513
f 3303/3/2514 3307/3/2514 3308/4/2514 3304/4/2514
f 3304/4/2512 3308/4/2512 3305/1/2512 3301/1/2512
f 3301/1/2515 3305/1/2515 3306/2/2515 3302/2/2515
f 3310/2/2516 3309/1/2516 3312/4/2516 3311/3/2516
f 3305/1/2517 3309/1/2517 3310/2/2517 3306/2/2517
f 3306/2/2518 3310/2/2518 3311/3/2518 3307/3/2518
f 3307/3/2519 3311/3/2519 3312/4/2519 3308/4/2519
f 3316/1/2520 3314/2/2520 3319/2/2520 3317/1/2520
f 3320/3/2521 3318/4/2521 3328/4/2521 3327/3/2521
f 3313/3/2522 3315/4/2522 3318/4/2522 3320/3/2522
f 3321/5/2523 3314/2/2523 3316/1/2523 3323/6/2523
f 3315/4/2524 3316/1/2524 3317/1/2524 3318/4/2524
f 3321/7/2525 3324/8/2525 3313/3/2525 3314/2/2525
f 3326/2/2526 3327/3/2526 3331/3/2526 3330/2/2526
f 3314/2/2527 3313/3/2527 3320/3/2527 3319/2/2527
f 3316/1/2528 3315/4/2528 3322/9/2528 3323/10/2528
f 3313/3/2529 3324/11/2529 3322/12/2529 3315/4/2529
f 3319/2/2530 3320/3/2530 3327/3/2530 3326/2/2530
f 3317/1/2531 3319/2/2531 3326/2/2531 3325/1/2531
f 3318/4/2532 3317/1/2532 3325/1/2532 3328/4/2532
f 3332/4/2532 3329/1/2532 3333/1/2532 3336/4/2532
f 3327/3/2533 3328/4/2533 3332/4/2533 3331/3/2533
f 3328/4/2532 3325/1/2532 3329/1/2532 3332/4/2532
f 3325/1/2531 3326/2/2531 3330/2/2531 3329/1/2531
f 3334/2/2534 3335/3/2534 3336/4/2534 3333/1/2534
f 3329/1/2535 3330/2/2535 3334/2/2535 3333/1/2535
f 3330/2/2530 3331/3/2530 3335/3/2530 3334/2/2530
f 3331/3/2536 3332/4/2536 3336/4/2536 3335/3/2536
f 3340/1/2537 3341/1/2537 3343/2/2537 3338/2/2537
f 3344/3/2538 3351/3/2538 3352/4/2538 3342/4/2538
f 3337/3/2539 3344/3/2539 3342/4/2539 3339/4/2539
f 3345/5/2540 3347/6/2540 3340/1/2540 3338/2/2540
f 3339/4/2541 3342/4/2541 3341/1/2541 3340/1/2541
f 3345/7/2542 3338/2/2542 3337/3/2542 3348/8/2542
f 3350/2/2543 3354/2/2543 3355/3/2543 3351/3/2543
f 3338/2/2544 3343/2/2544 3344/3/2544 3337/3/2544
f 3340/1/2545 3347/10/2545 3346/9/2545 3339/4/2545
f 3337/3/2546 3339/4/2546 3346/12/2546 3348/11/2546
f 3343/2/2543 3350/2/2543 3351/3/2543 3344/3/2543
f 3341/1/2547 3349/1/2547 3350/2/2547 3343/2/2547
f 3342/4/2548 3352/4/2548 3349/1/2548 3341/1/2548
f 3356/4/2549 3360/4/2549 3357/1/2549 3353/1/2549
f 3351/3/2550 3355/3/2550 3356/4/2550 3352/4/2550
f 3352/4/2548 3356/4/2548 3353/1/2548 3349/1/2548
f 3349/1/2547 3353/1/2547 3354/2/2547 3350/2/2547
f 3358/2/2551 3357/1/2551 3360/4/2551 3359/3/2551
f 3353/1/2552 3357/1/2552 3358/2/2552 3354/2/2552
f 3354/2/2553 3358/2/2553 3359/3/2553 3355/3/2553
f 3355/3/2554 3359/3/2554 3360/4/2554 3356/4/2554
f 3364/1/2555 3362/2/2555 3367/2/2555 3365/1/2555
f 3368/3/2556 3366/4/2556 3376/4/2556 3375/3/2556
f 3361/3/2557 3363/4/2557 3366/4/2557 3368/3/2557
f 3369/5/2558 3362/2/2558 3364/1/2558 3371/6/2558
f 3363/4/2559 3364/1/2559 3365/1/2559 3366/4/2559
f 3369/7/2560 3372/8/2560 3361/3/2560 3362/2/2560
f 3374/2/2561 3375/3/2561 3379/3/2561 3378/2/2561
f 3362/2/2562 3361/3/2562 3368/3/2562 3367/2/2562
f 3364/1/2563 3363/4/2563 3370/9/2563 3371/10/2563
f 3361/3/2564 3372/11/2564 3370/12/2564 3363/4/2564
f 3367/2/2565 3368/3/2565 3375/3/2565 3374/2/2565
f 3365/1/2566 3367/2/2566 3374/2/2566 3373/1/2566
f 3366/4/2567 3365/1/2567 3373/1/2567 3376/4/2567
f 3380/4/2568 3377/1/2568 3381/1/2568 3384/4/2568
f 3375/3/2569 3376/4/2569 3380/4/2569 3379/3/2569
f 3376/4/2570 3373/1/2570 3377/1/2570 3380/4/2570
f 3373/1/2566 3374/2/2566 3378/2/2566 3377/1/2566
f 3382/2/2571 3383/3/2571 3384/4/2571 3381/1/2571
f 3377/1/2572 3378/2/2572 3382/2/2572 3381/1/2572
f 3378/2/2561 3379/3/2561 3383/3/2561 3382/2/2561
f 3379/3/2573 3380/4/2573 3384/4/2573 3383/3/2573
f 3388/1/2574 3389/1/2574 3391/2/2574 3386/2/2574
f 3392/3/2575 3399/3/2575 3400/4/2575 3390/4/2575
f 3385/3/2576 3392/3/2576 3390/4/2576 3387/4/2576
f 3393/5/2577 3395/6/2577 3388/1/2577 3386/2/2577
f 3387/4/2578 3390/4/2578 3389/1/2578 3388/1/2578
f 3393/7/2579 3386/2/2579 3385/3/2579 3396/8/2579
f 3398/2/2580 3402/2/2580 3403/3/2580 3399/3/2580
f 3386/2/2581 3391/2/2581 3392/3/2581 3385/3/2581
f 3388/1/2582 3395/10/2582 3394/9/2582 3387/4/2582
f 3385/3/2583 3387/4/2583 3394/12/2583 3396/11/2583
f 3391/2/2584 3398/2/2584 3399/3/2584 3392/3/2584
f 3389/1/2585 3397/1/2585 3398/2/2585 3391/2/2585
f 3390/4/2586 3400/4/2586 3397/1/2586 3389/1/2586
f 3404/4/2587 3408/4/2587 3405/1/2587 3401/1/2587
f 3399/3/2588 3403/3/2588 3404/4/2588 3400/4/2588
f 3400/4/2586 3404/4/2586 3401/1/2586 3397/1/2586
f 3397/1/2589 3401/1/2589 3402/2/2589 3398/2/2589
f 3406/2/2590 3405/1/2590 3408/4/2590 3407/3/2590
f 3401/1/2591 3405/1/2591 3406/2/2591 3402/2/2591
f 3402/2/2592 3406/2/2592 3407/3/2592 3403/3/2592
f 3403/3/2593 3407/3/2593 3408/4/2593 3404/4/2593
f 3412/1/2594 3410/2/2594 3415/2/2594 3413/1/2594
f 3416/3/2595 3414/4/2595 3424/4/2595 3423/3/2595
f 3409/3/2596 3411/4/2596 3414/4/2596 3416/3/2596
f 3417/5/2597 3410/2/2597 3412/1/2597 3419/6/2597
f 3411/4/2598 3412/1/2598 3413/1/2598 3414/4/2598
f 3417/7/2599 3420/8/2599 3409/3/2599 3410/2/2599
f 3422/2/2600 3423/3/2600 3427/3/2600 3426/2/2600
f 3410/2/2601 3409/3/2601 3416/3/2601 3415/2/2601
f 3412/1/2602 3411/4/2602 3418/9/2602 3419/10/2602
f 3409/3/2603 3420/11/2603 3418/12/2603 3411/4/2603
f 3415/2/2600 3416/3/2600 3423/3/2600 3422/2/2600
f 3413/1/2604 3415/2/2604 3422/2/2604 3421/1/2604
f 3414/4/2605 3413/1/2605 3421/1/2605 3424/4/2605
f 3428/4/2606 3425/1/2606 3429/1/2606 3432/4/2606
f 3423/3/2607 3424/4/2607 3428/4/2607 3427/3/2607
f 3424/4/2606 3421/1/2606 3425/1/2606 3428/4/2606
f 3421/1/2604 3422/2/2604 3426/2/2604 3425/1/2604
f 3430/2/2608 3431/3/2608 3432/4/2608 3429/1/2608
f 3425/1/2609 3426/2/2609 3430/2/2609 3429/1/2609
f 3426/2/2600 3427/3/2600 3431/3/2600 3430/2/2600
f 3427/3/2610 3428/4/2610 3432/4/2610 3431/3/2610
f 3436/1/2611 3437/1/2611 3439/2/2611 3434/2/2611
f 3440/3/2612 3447/3/2612 3448/4/2612 3438/4/2612
f 3433/3/2613 3440/3/2613 3438/4/2613 3435/4/2613
f 3441/5/2614 3443/6/2614 3436/1/2614 3434/2/2614
f 3435/4/2615 3438/4/2615 3437/1/2615 3436/1/2615
f 3441/7/2599 3434/2/2599 3433/3/2599 3444/8/2599
f 3446/2/2616 3450/2/2616 3451/3/2616 3447/3/2616
f 3434/2/2617 3439/2/2617 3440/3/2617 3433/3/2617
f 3436/1/2602 3443/10/2602 3442/9/2602 3435/4/2602
f 3433/3/2618 3435/4/2618 3442/12/2618 3444/11/2618
f 3439/2/2616 3446/2/2616 3447/3/2616 3440/3/2616
f 3437/1/2619 3445/1/2619 3446/2/2619 3439/2/2619
f 3438/4/2620 3448/4/2620 3445/1/2620 3437/1/2620
f 3452/4/2621 3456/4/2621 3453/1/2621 3449/1/2621
f 3447/3/2622 3451/3/2622 3452/4/2622 3448/4/2622
f 3448/4/2620 3452/4/2620 3449/1/2620 3445/1/2620
f 3445/1/2623 3449/1/2623 3450/2/2623 3446/2/2623
f 3454/2/2624 3453/1/2624 3456/4/2624 3455/3/2624
f 3449/1/2623 3453/1/2623 3454/2/2623 3450/2/2623
f 3450/2/2625 3454/2/2625 3455/3/2625 3451/3/2625
f 3451/3/2626 3455/3/2626 3456/4/2626 3452/4/2626
f 3460/1/2627 3458/2/2627 3463/2/2627 3461/1/2627
f 3464/3/2628 3462/4/2628 3472/4/2628 3471/3/2628
f 3457/3/2629 3459/4/2629 3462/4/2629 3464/3/2629
f 3465/5/2630 3458/2/2630 3460/1/2630 3467/6/2630
f 3459/4/2631 3460/1/2631 3461/1/2631 3462/4/2631
f 3465/7/2632 3468/8/2632 3457/3/2632 3458/2/2632
f 3470/2/2633 3471/3/2633 3475/3/2633 3474/2/2633
f 3458/2/2634 3457/3/2634 3464/3/2634 3463/2/2634
f 3460/1/2635 3459/4/2635 3466/9/2635 3467/10/2635
f 3457/3/2636 3468/11/2636 3466/12/2636 3459/4/2636
f 3463/2/2633 3464/3/2633 3471/3/2633 3470/2/2633
f 3461/1/2637 3463/2/2637 3470/2/2637 3469/1/2637
f 3462/4/2638 3461/1/2638 3469/1/2638 3472/4/2638
f 3476/4/2638 3473/1/2638 3477/1/2638 3480/4/2638
f 3471/3/2639 3472/4/2639 3476/4/2639 3475/3/2639
f 3472/4/2638 3469/1/2638 3473/1/2638 3476/4/2638
f 3469/1/2640 3470/2/2640 3474/2/2640 3473/1/2640
f 3478/2/2641 3479/3/2641 3480/4/2641 3477/1/2641
f 3473/1/2642 3474/2/2642 3478/2/2642 3477/1/2642
f 3474/2/2633 3475/3/2633 3479/3/2633 3478/2/2633
f 3475/3/2643 3476/4/2643 3480/4/2643 3479/3/2643
f 3484/1/2644 3485/1/2644 3487/2/2644 3482/2/2644
f 3488/3/2645 3495/3/2645 3496/4/2645 3486/4/2645
f 3481/3/2646 3488/3/2646 3486/4/2646 3483/4/2646
f 3489/5/2647 3491/6/2647 3484/1/2647 3482/2/2647
f 3483/4/2648 3486/4/2648 3485/1/2648 3484/1/2648
f 3489/7/2632 3482/2/2632 3481/3/2632 3492/8/2632
f 3494/2/2649 3498/2/2649 3499/3/2649 3495/3/2649
f 3482/2/2650 3487/2/2650 3488/3/2650 3481/3/2650
f 3484/1/2635 3491/10/2635 3490/9/2635 3483/4/2635
f 3481/3/2651 3483/4/2651 3490/12/2651 3492/11/2651
f 3487/2/2652 3494/2/2652 3495/3/2652 3488/3/2652
f 3485/1/2653 3493/1/2653 3494/2/2653 3487/2/2653
f 3486/4/2654 3496/4/2654 3493/1/2654 3485/1/2654
f 3500/4/2655 3504/4/2655 3501/1/2655 3497/1/2655
f 3495/3/2656 3499/3/2656 3500/4/2656 3496/4/2656
f 3496/4/2654 3500/4/2654 3497/1/2654 3493/1/2654
f 3493/1/2657 3497/1/2657 3498/2/2657 3494/2/2657
f 3502/2/2658 3501/1/2658 3504/4/2658 3503/3/2658
f 3497/1/2659 3501/1/2659 3502/2/2659 3498/2/2659
f 3498/2/2649 3502/2/2649 3503/3/2649 3499/3/2649
f 3499/3/2660 3503/3/2660 3504/4/2660 3500/4/2660
f 3508/1/2661 3506/2/2661 3511/2/2661 3509/1/2661
f 3512/3/2662 3510/4/2662 3520/4/2662 3519/3/2662
f 3505/3/2663 3507/4/2663 3510/4/2663 3512/3/2663
f 3513/5/2664 3506/2/2664 3508/1/2664 3515/6/2664
f 3507/4/2665 3508/1/2665 3509/1/2665 3510/4/2665
f 3513/7/2666 3516/8/2666 3505/3/2666 3506/2/2666
f 3518/2/2667 3519/3/2667 3523/3/2667 3522/2/2667
f 3506/2/2668 3505/3/2668 3512/3/2668 3511/2/2668
f 3508/1/2669 3507/4/2669 3514/9/2669 3515/10/2669
f 3505/3/2670 3516/11/2670 3514/12/2670 3507/4/2670
f 3511/2/2671 3512/3/2671 3519/3/2671 3518/2/2671
f 3509/1/2672 3511/2/2672 3518/2/2672 3517/1/2672
f 3510/4/2673 3509/1/2673 3517/1/2673 3520/4/2673
f 3524/4/2674 3521/1/2674 3525/1/2674 3528/4/2674
f 3519/3/2675 3520/4/2675 3524/4/2675 3523/3/2675
f 3520/4/2674 3517/1/2674 3521/1/2674 3524/4/2674
f 3517/1/2676 3518/2/2676 3522/2/2676 3521/1/2676
f 3526/2/2677 3527/3/2677 3528/4/2677 3525/1/2677
f 3521/1/2676 3522/2/2676 3526/2/2676 3525/1/2676
f 3522/2/2667 3523/3/2667 3527/3/2667 3526/2/2667
f 3523/3/2678 3524/4/2678 3528/4/2678 3527/3/2678
f 3532/1/2679 3533/1/2679 3535/2/2679 3530/2/2679
f 3536/3/2680 3543/3/2680 3544/4/2680 3534/4/2680
f 3529/3/2681 3536/3/2681 3534/4/2681 3531/4/2681
f 3537/5/2682 3539/6/2682 3532/1/2682 3530/2/2682
f 3531/4/2683 3534/4/2683 3533/1/2683 3532/1/2683
f 3537/7/2666 3530/2/2666 3529/3/2666 3540/8/2666
f 3542/2/2684 3546/2/2684 3547/3/2684 3543/3/2684
f 3530/2/2685 3535/2/2685 3536/3/2685 3529/3/2685
f 3532/1/2669 3539/10/2669 3538/9/2669 3531/4/2669
f 3529/3/2686 3531/4/2686 3538/12/2686 3540/11/2686
f 3535/2/2687 3542/2/2687 3543/3/2687 3536/3/2687
f 3533/1/2688 3541/1/2688 3542/2/2688 3535/2/2688
f 3534/4/2689 3544/4/2689 3541/1/2689 3533/1/2689
f 3548/4/2690 3552/4/2690 3549/1/2690 3545/1/2690
f 3543/3/2691 3547/3/2691 3548/4/2691 3544/4/2691
f 3544/4/2692 3548/4/2692 3545/1/2692 3541/1/2692
f 3541/1/2693 3545/1/2693 3546/2/2693 3542/2/2693
f 3550/2/2694 3549/1/2694 3552/4/2694 3551/3/2694
f 3545/1/2695 3549/1/2695 3550/2/2695 3546/2/2695
f 3546/2/2687 3550/2/2687 3551/3/2687 3547/3/2687
f 3547/3/2696 3551/3/2696 3552/4/2696 3548/4/2696
f 3556/1/2697 3554/2/2697 3559/2/2697 3557/1/2697
f 3560/3/2698 3558/4/2698 3568/4/2698 3567/3/2698
f 3553/3/2699 3555/4/2699 3558/4/2699 3560/3/2699
f 3561/5/2700 3554/2/2700 3556/1/2700 3563/6/2700
f 3555/4/2701 3556/1/2701 3557/1/2701 3558/4/2701
f 3561/7/2702 3564/8/2702 3553/3/2702 3554/2/2702
f 3566/2/2703 3567/3/2703 3571/3/2703 3570/2/2703
f 3554/2/2704 3553/3/2704 3560/3/2704 3559/2/2704
f 3556/1/2705 3555/4/2705 3562/9/2705 3563/10/2705
f 3553/3/2706 3564/11/2706 3562/12/2706 3555/4/2706
f 3559/2/2703 3560/3/2703 3567/3/2703 3566/2/2703
f 3557/1/2707 3559/2/2707 3566/2/2707 3565/1/2707
f 3558/4/2708 3557/1/2708 3565/1/2708 3568/4/2708
f 3572/4/2709 3569/1/2709 3573/1/2709 3576/4/2709
f 3567/3/2710 3568/4/2710 3572/4/2710 3571/3/2710
f 3568/4/2709 3565/1/2709 3569/1/2709 3572/4/2709
f 3565/1/2711 3566/2/2711 3570/2/2711 3569/1/2711
f 3574/2/2712 3575/3/2712 3576/4/2712 3573/1/2712
f 3569/1/2711 3570/2/2711 3574/2/2711 3573/1/2711
f 3570/2/2704 3571/3/2704 3575/3/2704 3574/2/2704
f 3571/3/2713 3572/4/2713 3576/4/2713 3575/3/2713
f 3580/1/2714 3581/1/2714 3583/2/2714 3578/2/2714
f 3584/3/2715 3591/3/2715 3592/4/2715 3582/4/2715
f 3577/3/2716 3584/3/2716 3582/4/2716 3579/4/2716
f 3585/5/2717 3587/6/2717 3580/1/2717 3578/2/2717
f 3579/4/2718 3582/4/2718 3581/1/2718 3580/1/2718
f 3585/7/2702 3578/2/2702 3577/3/2702 3588/8/2702
f 3590/2/2719 3594/2/2719 3595/3/2719 3591/3/2719
f 3578/2/2720 3583/2/2720 3584/3/2720 3577/3/2720
f 3580/1/2705 3587/10/2705 3586/9/2705 3579/4/2705
f 3577/3/2721 3579/4/2721 3586/12/2721 3588/11/2721
f 3583/2/2719 3590/2/2719 3591/3/2719 3584/3/2719
f 3581/1/2722 3589/1/2722 3590/2/2722 3583/2/2722
f 3582/4/2723 3592/4/2723 3589/1/2723 3581/1/2723
f 3596/4/2724 3600/4/2724 3597/1/2724 3593/1/2724
f 3591/3/2725 3595/3/2725 3596/4/2725 3592/4/2725
f 3592/4/2723 3596/4/2723 3593/1/2723 3589/1/2723
f 3589/1/2726 3593/1/2726 3594/2/2726 3590/2/2726
f 3598/2/2727 3597/1/2727 3600/4/2727 3599/3/2727
f 3593/1/2728 3597/1/2728 3598/2/2728 3594/2/2728
f 3594/2/2729 3598/2/2729 3599/3/2729 3595/3/2729
f 3595/3/2730 3599/3/2730 3600/4/2730 3596/4/2730
f 3604/1/2731 3602/2/2731 3607/2/2731 3605/1/2731
f 3608/3/2732 3606/4/2732 3616/4/2732 3615/3/2732
f 3601/3/2733 3603/4/2733 3606/4/2733 3608/3/2733
f 3609/5/2734 3602/2/2734 3604/1/2734 3611/6/2734
f 3603/4/2735 3604/1/2735 3605/1/2735 3606/4/2735
f 3609/7/2736 3612/8/2736 3601/3/2736 3602/2/2736
f 3614/2/2737 3615/3/2737 3619/3/2737 3618/2/2737
f 3602/2/2736 3601/3/2736 3608/3/2736 3607/2/2736
f 3604/1/2738 3603/4/2738 3610/9/2738 3611/10/2738
f 3601/3/2739 3612/11/2739 3610/12/2739 3603/4/2739
f 3607/2/2736 3608/3/2736 3615/3/2736 3614/2/2736
f 3605/1/2740 3607/2/2740 3614/2/2740 3613/1/2740
f 3606/4/2735 3605/1/2735 3613/1/2735 3616/4/2735
f 3620/4/2735 3617/1/2735 3621/1/2735 3624/4/2735
f 3615/3/2741 3616/4/2741 3620/4/2741 3619/3/2741
f 3616/4/2742 3613/1/2742 3617/1/2742 3620/4/2742
f 3613/1/2743 3614/2/2743 3618/2/2743 3617/1/2743
f 3622/2/2744 3623/3/2744 3624/4/2744 3621/1/2744
f 3617/1/2745 3618/2/2745 3622/2/2745 3621/1/2745
f 3618/2/2736 3619/3/2736 3623/3/2736 3622/2/2736
f 3619/3/2746 3620/4/2746 3624/4/2746 3623/3/2746
f 3628/1/2747 3629/1/2747 3631/2/2747 3626/2/2747
f 3632/3/2748 3639/3/2748 3640/4/2748 3630/4/2748
f 3625/3/2749 3632/3/2749 3630/4/2749 3627/4/2749
f 3633/5/2750 3635/6/2750 3628/1/2750 3626/2/2750
f 3627/4/2751 3630/4/2751 3629/1/2751 3628/1/2751
f 3633/7/2736 3626/2/2736 3625/3/2736 3636/8/2736
f 3638/2/2752 3642/2/2752 3643/3/2752 3639/3/2752
f 3626/2/2752 3631/2/2752 3632/3/2752 3625/3/2752
f 3628/1/2738 3635/10/2738 3634/9/2738 3627/4/2738
f 3625/3/2753 3627/4/2753 3634/12/2753 3636/11/2753
f 3631/2/2752 3638/2/2752 3639/3/2752 3632/3/2752
f 3629/1/2754 3637/1/2754 3638/2/2754 3631/2/2754
f 3630/4/2755 3640/4/2755 3637/1/2755 3629/1/2755
f 3644/4/2756 3648/4/2756 3645/1/2756 3641/1/2756
f 3639/3/2757 3643/3/2757 3644/4/2757 3640/4/2757
f 3640/4/2751 3644/4/2751 3641/1/2751 3637/1/2751
f 3637/1/2758 3641/1/2758 3642/2/2758 3638/2/2758
f 3646/2/2759 3645/1/2759 3648/4/2759 3647/3/2759
f 3641/1/2758 3645/1/2758 3646/2/2758 3642/2/2758
f 3642/2/2760 3646/2/2760 3647/3/2760 3643/3/2760
f 3643/3/2761 3647/3/2761 3648/4/2761 3644/4/2761
f 3652/1/2762 3650/2/2762 3655/2/2762 3653/1/2762
f 3656/3/2763 3654/4/2763 3664/4/2763 3663/3/2763
f 3649/3/2764 3651/4/2764 3654/4/2764 3656/3/2764
f 3657/5/2765 3650/2/2765 3652/1/2765 3659/6/2765
f 3651/4/2766 3652/1/2766 3653/1/2766 3654/4/2766
f 3657/7/2767 3660/8/2767 3649/3/2767 3650/2/2767
f 3662/2/2768 3663/3/2768 3667/3/2768 3666/2/2768
f 3650/2/2767 3649/3/2767 3656/3/2767 3655/2/2767
f 3652/1/2766 3651/4/2766 3658/9/2766 3659/10/2766
f 3649/3/2769 3660/11/2769 3658/12/2769 3651/4/2769
f 3655/2/2767 3656/3/2767 3663/3/2767 3662/2/2767
f 3653/1/2770 3655/2/2770 3662/2/2770 3661/1/2770
f 3654/4/2771 3653/1/2771 3661/1/2771 3664/4/2771
f 3668/4/2766 3665/1/2766 3669/1/2766 3672/4/2766
f 3663/3/2772 3664/4/2772 3668/4/2772 3667/3/2772
f 3664/4/2771 3661/1/2771 3665/1/2771 3668/4/2771
f 3661/1/2773 3662/2/2773 3666/2/2773 3665/1/2773
f 3670/2/2774 3671/3/2774 3672/4/2774 3669/1/2774
f 3665/1/2773 3666/2/2773 3670/2/2773 3669/1/2773
f 3666/2/2767 3667/3/2767 3671/3/2767 3670/2/2767
f 3667/3/2775 3668/4/2775 3672/4/2775 3671/3/2775
f 3676/1/2776 3677/1/2776 3679/2/2776 3674/2/2776
f 3680/3/2777 3687/3/2777 3688/4/2777 3678/4/2777
f 3673/3/2778 3680/3/2778 3678/4/2778 3675/4/2778
f 3681/5/2779 3683/6/2779 3676/1/2779 3674/2/2779
f 3675/4/2780 3678/4/2780 3677/1/2780 3676/1/2780
f 3681/7/2767 3674/2/2767 3673/3/2767 3684/8/2767
f 3686/2/2781 3690/2/2781 3691/3/2781 3687/3/2781
f 3674/2/2767 3679/2/2767 3680/3/2767 3673/3/2767
f 3676/1/2780 3683/10/2780 3682/9/2780 3675/4/2780
f 3673/3/2782 3675/4/2782 3682/12/2782 3684/11/2782
f 3679/2/2783 3686/2/2783 3687/3/2783 3680/3/2783
f 3677/1/2784 3685/1/2784 3686/2/2784 3679/2/2784
f 3678/4/2780 3688/4/2780 3685/1/2780 3677/1/2780
f 3692/4/2785 3696/4/2785 3693/1/2785 3689/1/2785
f 3687/3/2786 3691/3/2786 3692/4/2786 3688/4/2786
f 3688/4/2785 3692/4/2785 3689/1/2785 3685/1/2785
f 3685/1/2787 3689/1/2787 3690/2/2787 3686/2/2787
f 3694/2/2788 3693/1/2788 3696/4/2788 3695/3/2788
f 3689/1/2789 3693/1/2789 3694/2/2789 3690/2/2789
f 3690/2/2783 3694/2/2783 3695/3/2783 3691/3/2783
f 3691/3/2790 3695/3/2790 3696/4/2790 3692/4/2790
f 3700/1/2791 3698/2/2791 3703/2/2791 3701/1/2791
f 3704/3/2792 3702/4/2792 3712/4/2792 3711/3/2792
f 3697/3/2793 3699/4/2793 3702/4/2793 3704/3/2793
f 3705/5/2794 3698/2/2794 3700/1/2794 3707/6/2794
f 3699/4/2795 3700/1/2795 3701/1/2795 3702/4/2795
f 3705/7/2796 3708/8/2796 3697/3/2796 3698/2/2796
f 3710/2/2797 3711/3/2797 3715/3/2797 3714/2/2797
f 3698/2/2797 3697/3/2797 3704/3/2797 3703/2/2797
f 3700/1/2795 3699/4/2795 3706/9/2795 3707/10/2795
f 3697/3/2798 3708/11/2798 3706/12/2798 3699/4/2798
f 3703/2/2796 3704/3/2796 3711/3/2796 3710/2/2796
f 3701/1/2799 3703/2/2799 3710/2/2799 3709/1/2799
f 3702/4/2795 3701/1/2795 3709/1/2795 3712/4/2795
f 3716/4/2795 3713/1/2795 3717/1/2795 3720/4/2795
f 3711/3/2800 3712/4/2800 3716/4/2800 3715/3/2800
f 3712/4/2801 3709/1/2801 3713/1/2801 3716/4/2801
f 3709/1/2802 3710/2/2802 3714/2/2802 3713/1/2802
f 3718/2/2803 3719/3/2803 3720/4/2803 3717/1/2803
f 3713/1/2804 3714/2/2804 3718/2/2804 3717/1/2804
f 3714/2/2805 3715/3/2805 3719/3/2805 3718/2/2805
f 3715/3/2806 3716/4/2806 3720/4/2806 3719/3/2806
f 3724/1/2807 3725/1/2807 3727/2/2807 3722/2/2807
f 3728/3/2808 3735/3/2808 3736/4/2808 3726/4/2808
f 3721/3/2809 3728/3/2809 3726/4/2809 3723/4/2809
f 3729/5/2810 3731/6/2810 3724/1/2810 3722/2/2810
f 3723/4/2795 3726/4/2795 3725/1/2795 3724/1/2795
f 3729/7/2796 3722/2/2796 3721/3/2796 3732/8/2796
f 3734/2/2796 3738/2/2796 3739/3/2796 3735/3/2796
f 3722/2/2796 3727/2/2796 3728/3/2796 3721/3/2796
f 3724/1/2795 3731/10/2795 3730/9/2795 3723/4/2795
f 3721/3/2811 3723/4/2811 3730/12/2811 3732/11/2811
f 3727/2/2812 3734/2/2812 3735/3/2812 3728/3/2812
f 3725/1/2813 3733/1/2813 3734/2/2813 3727/2/2813
f 3726/4/2814 3736/4/2814 3733/1/2814 3725/1/2814
f 3740/4/2815 3744/4/2815 3741/1/2815 3737/1/2815
f 3735/3/2816 3739/3/2816 3740/4/2816 3736/4/2816
f 3736/4/2814 3740/4/2814 3737/1/2814 3733/1/2814
f 3733/1/2817 3737/1/2817 3738/2/2817 3734/2/2817
f 3742/2/2818 3741/1/2818 3744/4/2818 3743/3/2818
f 3737/1/2819 3741/1/2819 3742/2/2819 3738/2/2819
f 3738/2/2812 3742/2/2812 3743/3/2812 3739/3/2812
f 3739/3/2820 3743/3/2820 3744/4/2820 3740/4/2820
f 3748/1/2821 3746/2/2821 3751/2/2821 3749/1/2821
f 3752/3/2822 3750/4/2822 3760/4/2822 3759/3/2822
f 3745/3/2823 3747/4/2823 3750/4/2823 3752/3/2823
f 3753/5/2824 3746/2/2824 3748/1/2824 3755/6/2824
f 3747/4/2825 3748/1/2825 3749/1/2825 3750/4/2825
f 3753/7/2826 3756/8/2826 3745/3/2826 3746/2/2826
f 3758/2/2827 3759/3/2827 3763/3/2827 3762/2/2827
f 3746/2/2827 3745/3/2827 3752/3/2827 3751/2/2827
f 3748/1/2828 3747/4/2828 3754/9/2828 3755/10/2828
f 3745/3/2829 3756/11/2829 3754/12/2829 3747/4/2829
f 3751/2/2827 3752/3/2827 3759/3/2827 3758/2/2827
f 3749/1/2830 3751/2/2830 3758/2/2830 3757/1/2830
f 3750/4/2831 3749/1/2831 3757/1/2831 3760/4/2831
f 3764/4/2832 3761/1/2832 3765/1/2832 3768/4/2832
f 3759/3/2833 3760/4/2833 3764/4/2833 3763/3/2833
f 3760/4/2825 3757/1/2825 3761/1/2825 3764/4/2825
f 3757/1/2834 3758/2/2834 3762/2/2834 3761/1/2834
f 3766/2/2835 3767/3/2835 3768/4/2835 3765/1/2835
f 3761/1/2836 3762/2/2836 3766/2/2836 3765/1/2836
f 3762/2/2826 3763/3/2826 3767/3/2826 3766/2/2826
f 3763/3/2837 3764/4/2837 3768/4/2837 3767/3/2837
f 3772/1/2838 3773/1/2838 3775/2/2838 3770/2/2838
f 3776/3/2839 3783/3/2839 3784/4/2839 3774/4/2839
f 3769/3/2840 3776/3/2840 3774/4/2840 3771/4/2840
f 3777/5/2841 3779/6/2841 3772/1/2841 3770/2/2841
f 3771/4/2828 3774/4/2828 3773/1/2828 3772/1/2828
f 3777/7/2827 3770/2/2827 3769/3/2827 3780/8/2827
f 3782/2/2842 3786/2/2842 3787/3/2842 3783/3/2842
f 3770/2/2826 3775/2/2826 3776/3/2826 3769/3/2826
f 3772/1/2828 3779/10/2828 3778/9/2828 3771/4/2828
f 3769/3/2843 3771/4/2843 3778/12/2843 3780/11/2843
f 3775/2/2827 3782/2/2827 3783/3/2827 3776/3/2827
f 3773/1/2844 3781/1/2844 3782/2/2844 3775/2/2844
f 3774/4/2845 3784/4/2845 3781/1/2845 3773/1/2845
f 3788/4/2845 3792/4/2845 3789/1/2845 3785/1/2845
f 3783/3/2846 3787/3/2846 3788/4/2846 3784/4/2846
f 3784/4/2828 3788/4/2828 3785/1/2828 3781/1/2828
f 3781/1/2847 3785/1/2847 3786/2/2847 3782/2/2847
f 3790/2/2848 3789/1/2848 3792/4/2848 3791/3/2848
f 3785/1/2849 3789/1/2849 3790/2/2849 3786/2/2849
f 3786/2/2842 3790/2/2842 3791/3/2842 3787/3/2842
f 3787/3/2850 3791/3/2850 3792/4/2850 3788/4/2850
f 3796/1/2851 3794/2/2851 3799/2/2851 3797/1/2851
f 3800/3/2852 3798/4/2852 3808/4/2852 3807/3/2852
f 3793/3/2853 3795/4/2853 3798/4/2853 3800/3/2853
f 3801/5/2854 3794/2/2854 3796/1/2854 3803/6/2854
f 3795/4/2855 3796/1/2855 3797/1/2855 3798/4/2855
f 3801/7/2856 3804/8/2856 3793/3/2856 3794/2/2856
f 3806/2/2856 3807/3/2856 3811/3/2856 3810/2/2856
f 3794/2/2856 3793/3/2856 3800/3/2856 3799/2/2856
f 3796/1/2857 3795/4/2857 3802/9/2857 3803/10/2857
f 3793/3/2858 3804/11/2858 3802/12/2858 3795/4/2858
f 3799/2/2856 3800/3/2856 3807/3/2856 3806/2/2856
f 3797/1/2859 3799/2/2859 3806/2/2859 3805/1/2859
f 3798/4/2855 3797/1/2855 3805/1/2855 3808/4/2855
f 3812/4/2855 3809/1/2855 3813/1/2855 3816/4/2855
f 3807/3/2860 3808/4/2860 3812/4/2860 3811/3/2860
f 3808/4/2855 3805/1/2855 3809/1/2855 3812/4/2855
f 3805/1/2861 3806/2/2861 3810/2/2861 3809/1/2861
f 3814/2/2862 3815/3/2862 3816/4/2862 3813/1/2862
f 3809/1/2863 3810/2/2863 3814/2/2863 3813/1/2863
f 3810/2/2856 3811/3/2856 3815/3/2856 3814/2/2856
f 3811/3/2864 3812/4/2864 3816/4/2864 3815/3/2864
f 3820/1/2865 3821/1/2865 3823/2/2865 3818/2/2865
f 3824/3/2866 3831/3/2866 3832/4/2866 3822/4/2866
f 3817/3/2867 3824/3/2867 3822/4/2867 3819/4/2867
f 3825/5/2868 3827/6/2868 3820/1/2868 3818/2/2868
f 3819/4/2857 3822/4/2857 3821/1/2857 3820/1/2857
f 3825/7/2856 3818/2/2856 3817/3/2856 3828/8/2856
f 3830/2/2856 3834/2/2856 3835/3/2856 3831/3/2856
f 3818/2/2856 3823/2/2856 3824/3/2856 3817/3/2856
f 3820/1/2857 3827/10/2857 3826/9/2857 3819/4/2857
f 3817/3/2869 3819/4/2869 3826/12/2869 3828/11/2869
f 3823/2/2856 3830/2/2856 3831/3/2856 3824/3/2856
f 3821/1/2870 3829/1/2870 3830/2/2870 3823/2/2870
f 3822/4/2871 3832/4/2871 3829/1/2871 3821/1/2871
f 3836/4/2871 3840/4/2871 3837/1/2871 3833/1/2871
f 3831/3/2872 3835/3/2872 3836/4/2872 3832/4/2872
f 3832/4/2871 3836/4/2871 3833/1/2871 3829/1/2871
f 3829/1/2873 3833/1/2873 3834/2/2873 3830/2/2873
f 3838/2/2874 3837/1/2874 3840/4/2874 3839/3/2874
f 3833/1/2875 3837/1/2875 3838/2/2875 3834/2/2875
f 3834/2/2876 3838/2/2876 3839/3/2876 3835/3/2876
f 3835/3/2877 3839/3/2877 3840/4/2877 3836/4/2877
f 3844/1/2878 3842/2/2878 3847/2/2878 3845/1/2878
f 3848/3/2879 3846/4/2879 3856/4/2879 3855/3/2879
f 3841/3/2880 3843/4/2880 3846/4/2880 3848/3/2880
f 3849/5/2881 3842/2/2881 3844/1/2881 3851/6/2881
f 3843/4/2882 3844/1/2882 3845/1/2882 3846/4/2882
f 3849/7/2883 3852/8/2883 3841/3/2883 3842/2/2883
f 3854/2/2883 3855/3/2883 3859/3/2883 3858/2/2883
f 3842/2/2883 3841/3/2883 3848/3/2883 3847/2/2883
f 3844/1/2882 3843/4/2882 3850/9/2882 3851/10/2882
f 3841/3/2884 3852/11/2884 3850/12/2884 3843/4/2884
f 3847/2/2883 3848/3/2883 3855/3/2883 3854/2/2883
f 3845/1/2885 3847/2/2885 3854/2/2885 3853/1/2885
f 3846/4/2882 3845/1/2882 3853/1/2882 3856/4/2882
f 3860/4/2882 3857/1/2882 3861/1/2882 3864/4/2882
f 3855/3/2886 3856/4/2886 3860/4/2886 3859/3/2886
f 3856/4/2882 3853/1/2882 3857/1/2882 3860/4/2882
f 3853/1/2887 3854/2/2887 3858/2/2887 3857/1/2887
f 3862/2/2888 3863/3/2888 3864/4/2888 3861/1/2888
f 3857/1/2889 3858/2/2889 3862/2/2889 3861/1/2889
f 3858/2/2883 3859/3/2883 3863/3/2883 3862/2/2883
f 3859/3/2890 3860/4/2890 3864/4/2890 3863/3/2890
f 3868/1/2891 3869/1/2891 3871/2/2891 3866/2/2891
f 3872/3/2892 3879/3/2892 3880/4/2892 3870/4/2892
f 3865/3/2893 3872/3/2893 3870/4/2893 3867/4/2893
f 3873/5/2881 3875/6/2881 3868/1/2881 3866/2/2881
f 3867/4/2882 3870/4/2882 3869/1/2882 3868/1/2882
f 3873/7/2883 3866/2/2883 3865/3/2883 3876/8/2883
f 3878/2/2894 3882/2/2894 3883/3/2894 3879/3/2894
f 3866/2/2883 3871/2/2883 3872/3/2883 3865/3/2883
f 3868/1/2882 3875/10/2882 3874/9/2882 3867/4/2882
f 3865/3/2895 3867/4/2895 3874/12/2895 3876/11/2895
f 3871/2/2883 3878/2/2883 3879/3/2883 3872/3/2883
f 3869/1/2896 3877/1/2896 3878/2/2896 3871/2/2896
f 3870/4/2882 3880/4/2882 3877/1/2882 3869/1/2882
f 3884/4/2897 3888/4/2897 3885/1/2897 3881/1/2897
f 3879/3/2898 3883/3/2898 3884/4/2898 3880/4/2898
f 3880/4/2882 3884/4/2882 3881/1/2882 3877/1/2882
f 3877/1/2899 3881/1/2899 3882/2/2899 3878/2/2899
f 3886/2/2900 3885/1/2900 3888/4/2900 3887/3/2900
f 3881/1/2901 3885/1/2901 3886/2/2901 3882/2/2901
f 3882/2/2883 3886/2/2883 3887/3/2883 3883/3/2883
f 3883/3/2902 3887/3/2902 3888/4/2902 3884/4/2902
f 3892/1/2903 3890/2/2903 3895/2/2903 3893/1/2903
f 3896/3/2904 3894/4/2904 3904/4/2904 3903/3/2904
f 3889/3/2905 3891/4/2905 3894/4/2905 3896/3/2905
f 3897/5/2906 3890/2/2906 3892/1/2906 3899/6/2906
f 3891/4/2907 3892/1/2907 3893/1/2907 3894/4/2907
f 3897/7/2908 3900/8/2908 3889/3/2908 3890/2/2908
f 3902/2/2908 3903/3/2908 3907/3/2908 3906/2/2908
f 3890/2/2908 3889/3/2908 3896/3/2908 3895/2/2908
f 3892/1/2907 3891/4/2907 3898/9/2907 3899/10/2907
f 3889/3/2909 3900/11/2909 3898/12/2909 3891/4/2909
f 3895/2/2910 3896/3/2910 3903/3/2910 3902/2/2910
f 3893/1/2911 3895/2/2911 3902/2/2911 3901/1/2911
f 3894/4/2907 3893/1/2907 3901/1/2907 3904/4/2907
f 3908/4/2907 3905/1/2907 3909/1/2907 3912/4/2907
f 3903/3/2912 3904/4/2912 3908/4/2912 3907/3/2912
f 3904/4/2907 3901/1/2907 3905/1/2907 3908/4/2907
f 3901/1/2913 3902/2/2913 3906/2/2913 3905/1/2913
f 3910/2/2914 3911/3/2914 3912/4/2914 3909/1/2914
f 3905/1/2915 3906/2/2915 3910/2/2915 3909/1/2915
f 3906/2/2908 3907/3/2908 3911/3/2908 3910/2/2908
f 3907/3/2916 3908/4/2916 3912/4/2916 3911/3/2916
f 3916/1/2917 3917/1/2917 3919/2/2917 3914/2/2917
f 3920/3/2918 3927/3/2918 3928/4/2918 3918/4/2918
f 3913/3/2919 3920/3/2919 3918/4/2919 3915/4/2919
f 3921/5/2906 3923/6/2906 3916/1/2906 3914/2/2906
f 3915/4/2907 3918/4/2907 3917/1/2907 3916/1/2907
f 3921/7/2920 3914/2/2920 3913/3/2920 3924/8/2920
f 3926/2/2920 3930/2/2920 3931/3/2920 3927/3/2920
f 3914/2/2920 3919/2/2920 3920/3/2920 3913/3/2920
f 3916/1/2907 3923/10/2907 3922/9/2907 3915/4/2907
f 3913/3/2921 3915/4/2921 3922/12/2921 3924/11/2921
f 3919/2/2920 3926/2/2920 3927/3/2920 3920/3/2920
f 3917/1/2922 3925/1/2922 3926/2/2922 3919/2/2922
f 3918/4/2907 3928/4/2907 3925/1/2907 3917/1/2907
f 3932/4/2907 3936/4/2907 3933/1/2907 3929/1/2907
f 3927/3/2923 3931/3/2923 3932/4/2923 3928/4/2923
f 3928/4/2924 3932/4/2924 3929/1/2924 3925/1/2924
f 3925/1/2925 3929/1/2925 3930/2/2925 3926/2/2925
f 3934/2/2926 3933/1/2926 3936/4/2926 3935/3/2926
f 3929/1/2925 3933/1/2925 3934/2/2925 3930/2/2925
f 3930/2/2920 3934/2/2920 3935/3/2920 3931/3/2920
f 3931/3/2927 3935/3/2927 3936/4/2927 3932/4/2927
f 3940/1/2928 3938/2/2928 3943/2/2928 3941/1/2928
f 3944/3/2929 3942/4/2929 3952/4/2929 3951/3/2929
f 3937/3/2930 3939/4/2930 3942/4/2930 3944/3/2930
f 3945/5/2931 3938/2/2931 3940/1/2931 3947/6/2931
f 3939/4/2932 3940/1/2932 3941/1/2932 3942/4/2932
f 3945/7/2933 3948/8/2933 3937/3/2933 3938/2/2933
f 3950/2/2934 3951/3/2934 3955/3/2934 3954/2/2934
f 3938/2/2934 3937/3/2934 3944/3/2934 3943/2/2934
f 3940/1/2932 3939/4/2932 3946/9/2932 3947/10/2932
f 3937/3/2935 3948/11/2935 3946/12/2935 3939/4/2935
f 3943/2/2933 3944/3/2933 3951/3/2933 3950/2/2933
f 3941/1/2936 3943/2/2936 3950/2/2936 3949/1/2936
f 3942/4/2932 3941/1/2932 3949/1/2932 3952/4/2932
f 3956/4/2932 3953/1/2932 3957/1/2932 3960/4/2932
f 3951/3/2937 3952/4/2937 3956/4/2937 3955/3/2937
f 3952/4/2938 3949/1/2938 3953/1/2938 3956/4/2938
f 3949/1/2939 3950/2/2939 3954/2/2939 3953/1/2939
f 3958/2/2940 3959/3/2940 3960/4/2940 3957/1/2940
f 3953/1/2941 3954/2/2941 3958/2/2941 3957/1/2941
f 3954/2/2934 3955/3/2934 3959/3/2934 3958/2/2934
f 3955/3/2942 3956/4/2942 3960/4/2942 3959/3/2942
f 3964/1/2943 3965/1/2943 3967/2/2943 3962/2/2943
f 3968/3/2944 3975/3/2944 3976/4/2944 3966/4/2944
f 3961/3/2945 3968/3/2945 3966/4/2945 3963/4/2945
f 3969/5/2946 3971/6/2946 3964/1/2946 3962/2/2946
f 3963/4/2947 3966/4/2947 3965/1/2947 3964/1/2947
f 3969/7/2934 3962/2/2934 3961/3/2934 3972/8/2934
f 3974/2/2933 3978/2/2933 3979/3/2933 3975/3/2933
f 3962/2/2933 3967/2/2933 3968/3/2933 3961/3/2933
f 3964/1/2947 3971/10/2947 3970/9/2947 3963/4/2947
f 3961/3/2948 3963/4/2948 3970/12/2948 3972/11/2948
f 3967/2/2933 3974/2/2933 3975/3/2933 3968/3/2933
f 3965/1/2949 3973/1/2949 3974/2/2949 3967/2/2949
f 3966/4/2932 3976/4/2932 3973/1/2932 3965/1/2932
f 3980/4/2932 3984/4/2932 3981/1/2932 3977/1/2932
f 3975/3/2950 3979/3/2950 3980/4/2950 3976/4/2950
f 3976/4/2947 3980/4/2947 3977/1/2947 3973/1/2947
f 3973/1/2951 3977/1/2951 3978/2/2951 3974/2/2951
f 3982/2/2952 3981/1/2952 3984/4/2952 3983/3/2952
f 3977/1/2953 3981/1/2953 3982/2/2953 3978/2/2953
f 3978/2/2934 3982/2/2934 3983/3/2934 3979/3/2934
f 3979/3/2954 3983/3/2954 3984/4/2954 3980/4/2954
f 3988/1/2955 3986/2/2955 3991/2/2955 3989/1/2955
f 3992/3/2956 3990/4/2956 4000/4/2956 3999/3/2956
f 3985/3/2957 3987/4/2957 3990/4/2957 3992/3/2957
f 3993/5/2958 3986/2/2958 3988/1/2958 3995/6/2958
f 3987/4/2959 3988/1/2959 3989/1/2959 3990/4/2959
f 3993/7/2960 3996/8/2960 3985/3/2960 3986/2/2960
f 3998/2/2960 3999/3/2960 4003/3/2960 4002/2/2960
f 3986/2/2960 3985/3/2960 3992/3/2960 3991/2/2960
f 3988/1/2961 3987/4/2961 3994/9/2961 3995/10/2961
f 3985/3/2962 3996/11/2962 3994/12/2962 3987/4/2962
f 3991/2/2960 3992/3/2960 3999/3/2960 3998/2/2960
f 3989/1/2963 3991/2/2963 3998/2/2963 3997/1/2963
f 3990/4/2961 3989/1/2961 3997/1/2961 4000/4/2961
f 4004/4/2959 4001/1/2959 4005/1/2959 4008/4/2959
f 3999/3/2964 4000/4/2964 4004/4/2964 4003/3/2964
f 4000/4/2959 3997/1/2959 4001/1/2959 4004/4/2959
f 3997/1/2965 3998/2/2965 4002/2/2965 4001/1/2965
f 4006/2/2966 4007/3/2966 4008/4/2966 4005/1/2966
f 4001/1/2967 4002/2/2967 4006/2/2967 4005/1/2967
f 4002/2/2968 4003/3/2968 4007/3/2968 4006/2/2968
f 4003/3/2969 4004/4/2969 4008/4/2969 4007/3/2969
f 4012/1/2970 4013/1/2970 4015/2/2970 4010/2/2970
f 4016/3/2971 4023/3/2971 4024/4/2971 4014/4/2971
f 4009/3/2972 4016/3/2972 4014/4/2972 4011/4/2972
f 4017/5/2973 4019/6/2973 4012/1/2973 4010/2/2973
f 4011/4/2961 4014/4/2961 4013/1/2961 4012/1/2961
f 4017/7/2960 4010/2/2960 4009/3/2960 4020/8/2960
f 4022/2/2974 4026/2/2974 4027/3/2974 4023/3/2974
f 4010/2/2975 4015/2/2975 4016/3/2975 4009/3/2975
f 4012/1/2961 4019/10/2961 4018/9/2961 4011/4/2961
f 4009/3/2976 4011/4/2976 4018/12/2976 4020/11/2976
f 4015/2/2977 4022/2/2977 4023/3/2977 4016/3/2977
f 4013/1/2978 4021/1/2978 4022/2/2978 4015/2/2978
f 4014/4/2961 4024/4/2961 4021/1/2961 4013/1/2961
f 4028/4/2959 4032/4/2959 4029/1/2959 4025/1/2959
f 4023/3/2979 4027/3/2979 4028/4/2979 4024/4/2979
f 4024/4/2961 4028/4/2961 4025/1/2961 4021/1/2961
f 4021/1/2980 4025/1/2980 4026/2/2980 4022/2/2980
f 4030/2/2981 4029/1/2981 4032/4/2981 4031/3/2981
f 4025/1/2980 4029/1/2980 4030/2/2980 4026/2/2980
f 4026/2/2974 4030/2/2974 4031/3/2974 4027/3/2974
f 4027/3/2982 4031/3/2982 4032/4/2982 4028/4/2982
f 4036/1/2983 4034/2/2983 4039/2/2983 4037/1/2983
f 4040/3/2984 4038/4/2984 4048/4/2984 4047/3/2984
f 4033/3/2985 4035/4/2985 4038/4/2985 4040/3/2985
f 4041/5/2986 4034/2/2986 4036/1/2986 4043/6/2986
f 4035/4/2987 4036/1/2987 4037/1/2987 4038/4/2987
f 4041/7/2988 4044/8/2988 4033/3/2988 4034/2/2988
f 4046/2/2989 4047/3/2989 4051/3/2989 4050/2/2989
f 4034/2/2989 4033/3/2989 4040/3/2989 4039/2/2989
f 4036/1/2987 4035/4/2987 4042/9/2987 4043/10/2987
f 4033/3/2990 4044/11/2990 4042/12/2990 4035/4/2990
f 4039/2/2991 4040/3/2991 4047/3/2991 4046/2/2991
f 4037/1/2992 4039/2/2992 4046/2/2992 4045/1/2992
f 4038/4/2987 4037/1/2987 4045/1/2987 4048/4/2987
f 4052/4/2993 4049/1/2993 4053/1/2993 4056/4/2993
f 4047/3/2994 4048/4/2994 4052/4/2994 4051/3/2994
f 4048/4/2987 4045/1/2987 4049/1/2987 4052/4/2987
f 4045/1/2995 4046/2/2995 4050/2/2995 4049/1/2995
f 4054/2/2996 4055/3/2996 4056/4/2996 4053/1/2996
f 4049/1/2997 4050/2/2997 4054/2/2997 4053/1/2997
f 4050/2/2991 4051/3/2991 4055/3/2991 4054/2/2991
f 4051/3/2998 4052/4/2998 4056/4/2998 4055/3/2998
f 4060/1/2999 4061/1/2999 4063/2/2999 4058/2/2999
f 4064/3/3000 4071/3/3000 4072/4/3000 4062/4/3000
f 4057/3/3001 4064/3/3001 4062/4/3001 4059/4/3001
f 4065/5/3002 4067/6/3002 4060/1/3002 4058/2/3002
f 4059/4/3003 4062/4/3003 4061/1/3003 4060/1/3003
f 4065/7/2988 4058/2/2988 4057/3/2988 4068/8/2988
f 4070/2/3004 4074/2/3004 4075/3/3004 4071/3/3004
f 4058/2/2988 4063/2/2988 4064/3/2988 4057/3/2988
f 4060/1/2987 4067/10/2987 4066/9/2987 4059/4/2987
f 4057/3/3005 4059/4/3005 4066/12/3005 4068/11/3005
f 4063/2/2988 4070/2/2988 4071/3/2988 4064/3/2988
f 4061/1/3006 4069/1/3006 4070/2/3006 4063/2/3006
f 4062/4/3007 4072/4/3007 4069/1/3007 4061/1/3007
f 4076/4/3007 4080/4/3007 4077/1/3007 4073/1/3007
f 4071/3/3008 4075/3/3008 4076/4/3008 4072/4/3008
f 4072/4/3007 4076/4/3007 4073/1/3007 4069/1/3007
f 4069/1/3009 4073/1/3009 4074/2/3009 4070/2/3009
f 4078/2/3010 4077/1/3010 4080/4/3010 4079/3/3010
f 4073/1/3011 4077/1/3011 4078/2/3011 4074/2/3011
f 4074/2/2988 4078/2/2988 4079/3/2988 4075/3/2988
f 4075/3/3012 4079/3/3012 4080/4/3012 4076/4/3012
f 4084/1/3013 4082/2/3013 4087/2/3013 4085/1/3013
f 4088/3/3014 4086/4/3014 4096/4/3014 4095/3/3014
f 4081/3/3015 4083/4/3015 4086/4/3015 4088/3/3015
f 4089/5/3016 4082/2/3016 4084/1/3016 4091/6/3016
f 4083/4/3017 4084/1/3017 4085/1/3017 4086/4/3017
f 4089/7/3018 4092/8/3018 4081/3/3018 4082/2/3018
f 4094/2/3018 4095/3/3018 4099/3/3018 4098/2/3018
f 4082/2/3018 4081/3/3018 4088/3/3018 4087/2/3018
f 4084/1/3019 4083/4/3019 4090/9/3019 4091/10/3019
f 4081/3/3020 4092/11/3020 4090/12/3020 4083/4/3020
f 4087/2/3018 4088/3/3018 4095/3/3018 4094/2/3018
f 4085/1/3021 4087/2/3021 4094/2/3021 4093/1/3021
f 4086/4/3022 4085/1/3022 4093/1/3022 4096/4/3022
f 4100/4/3022 4097/1/3022 4101/1/3022 4104/4/3022
f 4095/3/3023 4096/4/3023 4100/4/3023 4099/3/3023
f 4096/4/3017 4093/1/3017 4097/1/3017 4100/4/3017
f 4093/1/3024 4094/2/3024 4098/2/3024 4097/1/3024
f 4102/2/3025 4103/3/3025 4104/4/3025 4101/1/3025
f 4097/1/3026 4098/2/3026 4102/2/3026 4101/1/3026
f 4098/2/3027 4099/3/3027 4103/3/3027 4102/2/3027
f 4099/3/3028 4100/4/3028 4104/4/3028 4103/3/3028
f 4108/1/3029 4109/1/3029 4111/2/3029 4106/2/3029
f 4112/3/3030 4119/3/3030 4120/4/3030 4110/4/3030
f 4105/3/3031 4112/3/3031 4110/4/3031 4107/4/3031
f 4113/5/3032 4115/6/3032 4108/1/3032 4106/2/3032
f 4107/4/3019 4110/4/3019 4109/1/3019 4108/1/3019
f 4113/7/3018 4106/2/3018 4105/3/3018 4116/8/3018
f 4118/2/3033 4122/2/3033 4123/3/3033 4119/3/3033
f 4106/2/3018 4111/2/3018 4112/3/3018 4105/3/3018
f 4108/1/3019 4115/10/3019 4114/9/3019 4107/4/3019
f 4105/3/3034 4107/4/3034 4114/12/3034 4116/11/3034
f 4111/2/3033 4118/2/3033 4119/3/3033 4112/3/3033
f 4109/1/3035 4117/1/3035 4118/2/3035 4111/2/3035
f 4110/4/3019 4120/4/3019 4117/1/3019 4109/1/3019
f 4124/4/3019 4128/4/3019 4125/1/3019 4121/1/3019
f 4119/3/3036 4123/3/3036 4124/4/3036 4120/4/3036
f 4120/4/3037 4124/4/3037 4121/1/3037 4117/1/3037
f 4117/1/3038 4121/1/3038 4122/2/3038 4118/2/3038
f 4126/2/3039 4125/1/3039 4128/4/3039 4127/3/3039
f 4121/1/3040 4125/1/3040 4126/2/3040 4122/2/3040
f 4122/2/3033 4126/2/3033 4127/3/3033 4123/3/3033
f 4123/3/3041 4127/3/3041 4128/4/3041 4124/4/3041
f 4132/1/3042 4130/2/3042 4135/2/3042 4133/1/3042
f 4136/3/3043 4134/4/3043 4144/4/3043 4143/3/3043
f 4129/3/3044 4131/4/3044 4134/4/3044 4136/3/3044
f 4137/5/3045 4130/2/3045 4132/1/3045 4139/6/3045
f 4131/4/3046 4132/1/3046 4133/1/3046 4134/4/3046
f 4137/7/3047 4140/8/3047 4129/3/3047 4130/2/3047
f 4142/2/3048 4143/3/3048 4147/3/3048 4146/2/3048
f 4130/2/3047 4129/3/3047 4136/3/3047 4135/2/3047
f 4132/1/3046 4131/4/3046 4138/9/3046 4139/10/3046
f 4129/3/3049 4140/11/3049 4138/12/3049 4131/4/3049
f 4135/2/3050 4136/3/3050 4143/3/3050 4142/2/3050
f 4133/1/3051 4135/2/3051 4142/2/3051 4141/1/3051
f 4134/4/3046 4133/1/3046 4141/1/3046 4144/4/3046
f 4148/4/3052 4145/1/3052 4149/1/3052 4152/4/3052
f 4143/3/3053 4144/4/3053 4148/4/3053 4147/3/3053
f 4144/4/3046 4141/1/3046 4145/1/3046 4148/4/3046
f 4141/1/3054 4142/2/3054 4146/2/3054 4145/1/3054
f 4150/2/3055 4151/3/3055 4152/4/3055 4149/1/3055
f 4145/1/3056 4146/2/3056 4150/2/3056 4149/1/3056
f 4146/2/3057 4147/3/3057 4151/3/3057 4150/2/3057
f 4147/3/3058 4148/4/3058 4152/4/3058 4151/3/3058
f 4156/1/3059 4157/1/3059 4159/2/3059 4154/2/3059
f 4160/3/3060 4167/3/3060 4168/4/3060 4158/4/3060
f 4153/3/3061 4160/3/3061 4158/4/3061 4155/4/3061
f 4161/5/3062 4163/6/3062 4156/1/3062 4154/2/3062
f 4155/4/3046 4158/4/3046 4157/1/3046 4156/1/3046
f 4161/7/3047 4154/2/3047 4153/3/3047 4164/8/3047
f 4166/2/3063 4170/2/3063 4171/3/3063 4167/3/3063
f 4154/2/3064 4159/2/3064 4160/3/3064 4153/3/3064
f 4156/1/3046 4163/10/3046 4162/9/3046 4155/4/3046
f 4153/3/3065 4155/4/3065 4162/12/3065 4164/11/3065
f 4159/2/3063 4166/2/3063 4167/3/3063 4160/3/3063
f 4157/1/3066 4165/1/3066 4166/2/3066 4159/2/3066
f 4158/4/3067 4168/4/3067 4165/1/3067 4157/1/3067
f 4172/4/3068 4176/4/3068 4173/1/3068 4169/1/3068
f 4167/3/3069 4171/3/3069 4172/4/3069 4168/4/3069
f 4168/4/3067 4172/4/3067 4169/1/3067 4165/1/3067
f 4165/1/3070 4169/1/3070 4170/2/3070 4166/2/3070
f 4174/2/3071 4173/1/3071 4176/4/3071 4175/3/3071
f 4169/1/3072 4173/1/3072 4174/2/3072 4170/2/3072
f 4170/2/3073 4174/2/3073 4175/3/3073 4171/3/3073
f 4171/3/3074 4175/3/3074 4176/4/3074 4172/4/3074
f 4180/1/3075 4178/2/3075 4183/2/3075 4181/1/3075
f 4184/3/3076 4182/4/3076 4192/4/3076 4191/3/3076
f 4177/3/3077 4179/4/3077 4182/4/3077 4184/3/3077
f 4185/5/3078 4178/2/3078 4180/1/3078 4187/6/3078
f 4179/4/3079 4180/1/3079 4181/1/3079 4182/4/3079
f 4185/7/3080 4188/8/3080 4177/3/3080 4178/2/3080
f 4190/2/3081 4191/3/3081 4195/3/3081 4194/2/3081
f 4178/2/3082 4177/3/3082 4184/3/3082 4183/2/3082
f 4180/1/3079 4179/4/3079 4186/9/3079 4187/10/3079
f 4177/3/3083 4188/11/3083 4186/12/3083 4179/4/3083
f 4183/2/3084 4184/3/3084 4191/3/3084 4190/2/3084
f 4181/1/3085 4183/2/3085 4190/2/3085 4189/1/3085
f 4182/4/3086 4181/1/3086 4189/1/3086 4192/4/3086
f 4196/4/3087 4193/1/3087 4197/1/3087 4200/4/3087
f 4191/3/3088 4192/4/3088 4196/4/3088 4195/3/3088
f 4192/4/3087 4189/1/3087 4193/1/3087 4196/4/3087
f 4189/1/3089 4190/2/3089 4194/2/3089 4193/1/3089
f 4198/2/3090 4199/3/3090 4200/4/3090 4197/1/3090
f 4193/1/3091 4194/2/3091 4198/2/3091 4197/1/3091
f 4194/2/3092 4195/3/3092 4199/3/3092 4198/2/3092
f 4195/3/3093 4196/4/3093 4200/4/3093 4199/3/3093
f 4204/1/3094 4205/1/3094 4207/2/3094 4202/2/3094
f 4208/3/3095 4215/3/3095 4216/4/3095 4206/4/3095
f 4201/3/3096 4208/3/3096 4206/4/3096 4203/4/3096
f 4209/5/3097 4211/6/3097 4204/1/3097 4202/2/3097
f 4203/4/3098 4206/4/3098 4205/1/3098 4204/1/3098
f 4209/7/3080 4202/2/3080 4201/3/3080 4212/8/3080
f 4214/2/3099 4218/2/3099 4219/3/3099 4215/3/3099
f 4202/2/3100 4207/2/3100 4208/3/3100 4201/3/3100
f 4204/1/3079 4211/10/3079 4210/9/3079 4203/4/3079
f 4201/3/3101 4203/4/3101 4210/12/3101 4212/11/3101
f 4207/2/3102 4214/2/3102 4215/3/3102 4208/3/3102
f 4205/1/3103 4213/1/3103 4214/2/3103 4207/2/3103
f 4206/4/3104 4216/4/3104 4213/1/3104 4205/1/3104
f 4220/4/3104 4224/4/3104 4221/1/3104 4217/1/3104
f 4215/3/3105 4219/3/3105 4220/4/3105 4216/4/3105
f 4216/4/3104 4220/4/3104 4217/1/3104 4213/1/3104
f 4213/1/3106 4217/1/3106 4218/2/3106 4214/2/3106
f 4222/2/3107 4221/1/3107 4224/4/3107 4223/3/3107
f 4217/1/3108 4221/1/3108 4222/2/3108 4218/2/3108
f 4218/2/3102 4222/2/3102 4223/3/3102 4219/3/3102
f 4219/3/3109 4223/3/3109 4224/4/3109 4220/4/3109
f 4228/1/3110 4226/2/3110 4231/2/3110 4229/1/3110
f 4232/3/3111 4230/4/3111 4240/4/3111 4239/3/3111
f 4225/3/3112 4227/4/3112 4230/4/3112 4232/3/3112
f 4233/5/3113 4226/2/3113 4228/1/3113 4235/6/3113
f 4227/4/3114 4228/1/3114 4229/1/3114 4230/4/3114
f 4233/7/3115 4236/8/3115 4225/3/3115 4226/2/3115
f 4238/2/3116 4239/3/3116 4243/3/3116 4242/2/3116
f 4226/2/3117 4225/3/3117 4232/3/3117 4231/2/3117
f 4228/1/3118 4227/4/3118 4234/9/3118 4235/10/3118
f 4225/3/3119 4236/11/3119 4234/12/3119 4227/4/3119
f 4231/2/3120 4232/3/3120 4239/3/3120 4238/2/3120
f 4229/1/3121 4231/2/3121 4238/2/3121 4237/1/3121
f 4230/4/3122 4229/1/3122 4237/1/3122 4240/4/3122
f 4244/4/3123 4241/1/3123 4245/1/3123 4248/4/3123
f 4239/3/3124 4240/4/3124 4244/4/3124 4243/3/3124
f 4240/4/3125 4237/1/3125 4241/1/3125 4244/4/3125
f 4237/1/3126 4238/2/3126 4242/2/3126 4241/1/3126
f 4246/2/3127 4247/3/3127 4248/4/3127 4245/1/3127
f 4241/1/3128 4242/2/3128 4246/2/3128 4245/1/3128
f 4242/2/3116 4243/3/3116 4247/3/3116 4246/2/3116
f 4243/3/3129 4244/4/3129 4248/4/3129 4247/3/3129
f 4252/1/3130 4253/1/3130 4255/2/3130 4250/2/3130
f 4256/3/3131 4263/3/3131 4264/4/3131 4254/4/3131
f 4249/3/3132 4256/3/3132 4254/4/3132 4251/4/3132
f 4257/5/3133 4259/6/3133 4252/1/3133 4250/2/3133
f 4251/4/3134 4254/4/3134 4253/1/3134 4252/1/3134
f 4257/7/3115 4250/2/3115 4249/3/3115 4260/8/3115
f 4262/2/3135 4266/2/3135 4267/3/3135 4263/3/3135
f 4250/2/3136 4255/2/3136 4256/3/3136 4249/3/3136
f 4252/1/3118 4259/10/3118 4258/9/3118 4251/4/3118
f 4249/3/3137 4251/4/3137 4258/12/3137 4260/11/3137
f 4255/2/3138 4262/2/3138 4263/3/3138 4256/3/3138
f 4253/1/3139 4261/1/3139 4262/2/3139 4255/2/3139
f 4254/4/3140 4264/4/3140 4261/1/3140 4253/1/3140
f 4268/4/3141 4272/4/3141 4269/1/3141 4265/1/3141
f 4263/3/3142 4267/3/3142 4268/4/3142 4264/4/3142
f 4264/4/3143 4268/4/3143 4265/1/3143 4261/1/3143
f 4261/1/3144 4265/1/3144 4266/2/3144 4262/2/3144
f 4270/2/3145 4269/1/3145 4272/4/3145 4271/3/3145
f 4265/1/3146 4269/1/3146 4270/2/3146 4266/2/3146
f 4266/2/3138 4270/2/3138 4271/3/3138 4267/3/3138
f 4267/3/3147 4271/3/3147 4272/4/3147 4268/4/3147
f 4276/1/3148 4274/2/3148 4279/2/3148 4277/1/3148
f 4280/3/3149 4278/4/3149 4288/4/3149 4287/3/3149
f 4273/3/3150 4275/4/3150 4278/4/3150 4280/3/3150
f 4281/5/3151 4274/2/3151 4276/1/3151 4283/6/3151
f 4275/4/3152 4276/1/3152 4277/1/3152 4278/4/3152
f 4281/7/3153 4284/8/3153 4273/3/3153 4274/2/3153
f 4286/2/3154 4287/3/3154 4291/3/3154 4290/2/3154
f 4274/2/3155 4273/3/3155 4280/3/3155 4279/2/3155
f 4276/1/3156 4275/4/3156 4282/9/3156 4283/10/3156
f 4273/3/3157 4284/11/3157 4282/12/3157 4275/4/3157
f 4279/2/3154 4280/3/3154 4287/3/3154 4286/2/3154
f 4277/1/3158 4279/2/3158 4286/2/3158 4285/1/3158
f 4278/4/3159 4277/1/3159 4285/1/3159 4288/4/3159
f 4292/4/3160 4289/1/3160 4293/1/3160 4296/4/3160
f 4287/3/3161 4288/4/3161 4292/4/3161 4291/3/3161
f 4288/4/3160 4285/1/3160 4289/1/3160 4292/4/3160
f 4285/1/3162 4286/2/3162 4290/2/3162 4289/1/3162
f 4294/2/3163 4295/3/3163 4296/4/3163 4293/1/3163
f 4289/1/3164 4290/2/3164 4294/2/3164 4293/1/3164
f 4290/2/3154 4291/3/3154 4295/3/3154 4294/2/3154
f 4291/3/3165 4292/4/3165 4296/4/3165 4295/3/3165
f 4300/1/3166 4301/1/3166 4303/2/3166 4298/2/3166
f 4304/3/3167 4311/3/3167 4312/4/3167 4302/4/3167
f 4297/3/3168 4304/3/3168 4302/4/3168 4299/4/3168
f 4305/5/3169 4307/6/3169 4300/1/3169 4298/2/3169
f 4299/4/3170 4302/4/3170 4301/1/3170 4300/1/3170
f 4305/7/3171 4298/2/3171 4297/3/3171 4308/8/3171
f 4310/2/3172 4314/2/3172 4315/3/3172 4311/3/3172
f 4298/2/3173 4303/2/3173 4304/3/3173 4297/3/3173
f 4300/1/3174 4307/10/3174 4306/9/3174 4299/4/3174
f 4297/3/3175 4299/4/3175 4306/12/3175 4308/11/3175
f 4303/2/3176 4310/2/3176 4311/3/3176 4304/3/3176
f 4301/1/3177 4309/1/3177 4310/2/3177 4303/2/3177
f 4302/4/3178 4312/4/3178 4309/1/3178 4301/1/3178
f 4316/4/3178 4320/4/3178 4317/1/3178 4313/1/3178
f 4311/3/3179 4315/3/3179 4316/4/3179 4312/4/3179
f 4312/4/3180 4316/4/3180 4313/1/3180 4309/1/3180
f 4309/1/3181 4313/1/3181 4314/2/3181 4310/2/3181
f 4318/2/3182 4317/1/3182 4320/4/3182 4319/3/3182
f 4313/1/3183 4317/1/3183 4318/2/3183 4314/2/3183
f 4314/2/3172 4318/2/3172 4319/3/3172 4315/3/3172
f 4315/3/3184 4319/3/3184 4320/4/3184 4316/4/3184
f 4324/1/3185 4322/2/3185 4327/2/3185 4325/1/3185
f 4328/3/3186 4326/4/3186 4336/4/3186 4335/3/3186
f 4321/3/3187 4323/4/3187 4326/4/3187 4328/3/3187
f 4329/5/3188 4322/2/3188 4324/1/3188 4331/6/3188
f 4323/4/3189 4324/1/3189 4325/1/3189 4326/4/3189
f 4329/7/3190 4332/8/3190 4321/3/3190 4322/2/3190
f 4334/2/3191 4335/3/3191 4339/3/3191 4338/2/3191
f 4322/2/3192 4321/3/3192 4328/3/3192 4327/2/3192
f 4324/1/3193 4323/4/3193 4330/9/3193 4331/10/3193
f 4321/3/3194 4332/11/3194 4330/12/3194 4323/4/3194
f 4327/2/3195 4328/3/3195 4335/3/3195 4334/2/3195
f 4325/1/3196 4327/2/3196 4334/2/3196 4333/1/3196
f 4326/4/3197 4325/1/3197 4333/1/3197 4336/4/3197
f 4340/4/3197 4337/1/3197 4341/1/3197 4344/4/3197
f 4335/3/3198 4336/4/3198 4340/4/3198 4339/3/3198
f 4336/4/3197 4333/1/3197 4337/1/3197 4340/4/3197
f 4333/1/3199 4334/2/3199 4338/2/3199 4337/1/3199
f 4342/2/3200 4343/3/3200 4344/4/3200 4341/1/3200
f 4337/1/3201 4338/2/3201 4342/2/3201 4341/1/3201
f 4338/2/3191 4339/3/3191 4343/3/3191 4342/2/3191
f 4339/3/3202 4340/4/3202 4344/4/3202 4343/3/3202
f 4348/1/3203 4349/1/3203 4351/2/3203 4346/2/3203
f 4352/3/3204 4359/3/3204 4360/4/3204 4350/4/3204
f 4345/3/3205 4352/3/3205 4350/4/3205 4347/4/3205
f 4353/5/3206 4355/6/3206 4348/1/3206 4346/2/3206
f 4347/4/3207 4350/4/3207 4349/1/3207 4348/1/3207
f 4353/7/3190 4346/2/3190 4345/3/3190 4356/8/3190
f 4358/2/3208 4362/2/3208 4363/3/3208 4359/3/3208
f 4346/2/3209 4351/2/3209 4352/3/3209 4345/3/3209
f 4348/1/3210 4355/10/3210 4354/9/3210 4347/4/3210
f 4345/3/3211 4347/4/3211 4354/12/3211 4356/11/3211
f 4351/2/3212 4358/2/3212 4359/3/3212 4352/3/3212
f 4349/1/3213 4357/1/3213 4358/2/3213 4351/2/3213
f 4350/4/3214 4360/4/3214 4357/1/3214 4349/1/3214
f 4364/4/3215 4368/4/3215 4365/1/3215 4361/1/3215
f 4359/3/3216 4363/3/3216 4364/4/3216 4360/4/3216
f 4360/4/3215 4364/4/3215 4361/1/3215 4357/1/3215
f 4357/1/3217 4361/1/3217 4362/2/3217 4358/2/3217
f 4366/2/3218 4365/1/3218 4368/4/3218 4367/3/3218
f 4361/1/3219 4365/1/3219 4366/2/3219 4362/2/3219
f 4362/2/3220 4366/2/3220 4367/3/3220 4363/3/3220
f 4363/3/3221 4367/3/3221 4368/4/3221 4364/4/3221
f 4372/1/3222 4370/2/3222 4375/2/3222 4373/1/3222
f 4376/3/3223 4374/4/3223 4384/4/3223 4383/3/3223
f 4369/3/3224 4371/4/3224 4374/4/3224 4376/3/3224
f 4377/5/3225 4370/2/3225 4372/1/3225 4379/6/3225
f 4371/4/3226 4372/1/3226 4373/1/3226 4374/4/3226
f 4377/7/3227 4380/8/3227 4369/3/3227 4370/2/3227
f 4382/2/3228 4383/3/3228 4387/3/3228 4386/2/3228
f 4370/2/3229 4369/3/3229 4376/3/3229 4375/2/3229
f 4372/1/3230 4371/4/3230 4378/9/3230 4379/10/3230
f 4369/3/3231 4380/11/3231 4378/12/3231 4371/4/3231
f 4375/2/3228 4376/3/3228 4383/3/3228 4382/2/3228
f 4373/1/3232 4375/2/3232 4382/2/3232 4381/1/3232
f 4374/4/3233 4373/1/3233 4381/1/3233 4384/4/3233
f 4388/4/3234 4385/1/3234 4389/1/3234 4392/4/3234
f 4383/3/3235 4384/4/3235 4388/4/3235 4387/3/3235
f 4384/4/3233 4381/1/3233 4385/1/3233 4388/4/3233
f 4381/1/3236 4382/2/3236 4386/2/3236 4385/1/3236
f 4390/2/3237 4391/3/3237 4392/4/3237 4389/1/3237
f 4385/1/3238 4386/2/3238 4390/2/3238 4389/1/3238
f 4386/2/3228 4387/3/3228 4391/3/3228 4390/2/3228
f 4387/3/3239 4388/4/3239 4392/4/3239 4391/3/3239
f 4396/1/3240 4397/1/3240 4399/2/3240 4394/2/3240
f 4400/3/3241 4407/3/3241 4408/4/3241 4398/4/3241
f 4393/3/3242 4400/3/3242 4398/4/3242 4395/4/3242
f 4401/5/3243 4403/6/3243 4396/1/3243 4394/2/3243
f 4395/4/3244 4398/4/3244 4397/1/3244 4396/1/3244
f 4401/7/3245 4394/2/3245 4393/3/3245 4404/8/3245
f 4406/2/3246 4410/2/3246 4411/3/3246 4407/3/3246
f 4394/2/3247 4399/2/3247 4400/3/3247 4393/3/3247
f 4396/1/3230 4403/10/3230 4402/9/3230 4395/4/3230
f 4393/3/3248 4395/4/3248 4402/12/3248 4404/11/3248
f 4399/2/3246 4406/2/3246 4407/3/3246 4400/3/3246
f 4397/1/3249 4405/1/3249 4406/2/3249 4399/2/3249
f 4398/4/3250 4408/4/3250 4405/1/3250 4397/1/3250
f 4412/4/3251 4416/4/3251 4413/1/3251 4409/1/3251
f 4407/3/3252 4411/3/3252 4412/4/3252 4408/4/3252
f 4408/4/3253 4412/4/3253 4409/1/3253 4405/1/3253
f 4405/1/3254 4409/1/3254 4410/2/3254 4406/2/3254
f 4414/2/3255 4413/1/3255 4416/4/3255 4415/3/3255
f 4409/1/3256 4413/1/3256 4414/2/3256 4410/2/3256
f 4410/2/3257 4414/2/3257 4415/3/3257 4411/3/3257
f 4411/3/3258 4415/3/3258 4416/4/3258 4412/4/3258
f 4420/1/3259 4418/2/3259 4423/2/3259 4421/1/3259
f 4424/3/3260 4422/4/3260 4432/4/3260 4431/3/3260
f 4417/3/3261 4419/4/3261 4422/4/3261 4424/3/3261
f 4425/5/3262 4418/2/3262 4420/1/3262 4427/6/3262
f 4419/4/3263 4420/1/3263 4421/1/3263 4422/4/3263
f 4425/7/3264 4428/8/3264 4417/3/3264 4418/2/3264
f 4430/2/3265 4431/3/3265 4435/3/3265 4434/2/3265
f 4418/2/3266 4417/3/3266 4424/3/3266 4423/2/3266
f 4420/1/3267 4419/4/3267 4426/9/3267 4427/10/3267
f 4417/3/3268 4428/11/3268 4426/12/3268 4419/4/3268
f 4423/2/3265 4424/3/3265 4431/3/3265 4430/2/3265
f 4421/1/3269 4423/2/3269 4430/2/3269 4429/1/3269
f 4422/4/3270 4421/1/3270 4429/1/3270 4432/4/3270
f 4436/4/3271 4433/1/3271 4437/1/3271 4440/4/3271
f 4431/3/3272 4432/4/3272 4436/4/3272 4435/3/3272
f 4432/4/3271 4429/1/3271 4433/1/3271 4436/4/3271
f 4429/1/3273 4430/2/3273 4434/2/3273 4433/1/3273
f 4438/2/3274 4439/3/3274 4440/4/3274 4437/1/3274
f 4433/1/3275 4434/2/3275 4438/2/3275 4437/1/3275
f 4434/2/3276 4435/3/3276 4439/3/3276 4438/2/3276
f 4435/3/3277 4436/4/3277 4440/4/3277 4439/3/3277
f 4444/1/3278 4445/1/3278 4447/2/3278 4442/2/3278
f 4448/3/3279 4455/3/3279 4456/4/3279 4446/4/3279
f 4441/3/3280 4448/3/3280 4446/4/3280 4443/4/3280
f 4449/5/3281 4451/6/3281 4444/1/3281 4442/2/3281
f 4443/4/3282 4446/4/3282 4445/1/3282 4444/1/3282
f 4449/7/3283 4442/2/3283 4441/3/3283 4452/8/3283
f 4454/2/3284 4458/2/3284 4459/3/3284 4455/3/3284
f 4442/2/3285 4447/2/3285 4448/3/3285 4441/3/3285
f 4444/1/3286 4451/10/3286 4450/9/3286 4443/4/3286
f 4441/3/3287 4443/4/3287 4450/12/3287 4452/11/3287
f 4447/2/3284 4454/2/3284 4455/3/3284 4448/3/3284
f 4445/1/3288 4453/1/3288 4454/2/3288 4447/2/3288
f 4446/4/3289 4456/4/3289 4453/1/3289 4445/1/3289
f 4460/4/3290 4464/4/3290 4461/1/3290 4457/1/3290
f 4455/3/3291 4459/3/3291 4460/4/3291 4456/4/3291
f 4456/4/3289 4460/4/3289 4457/1/3289 4453/1/3289
f 4453/1/3292 4457/1/3292 4458/2/3292 4454/2/3292
f 4462/2/3293 4461/1/3293 4464/4/3293 4463/3/3293
f 4457/1/3294 4461/1/3294 4462/2/3294 4458/2/3294
f 4458/2/3295 4462/2/3295 4463/3/3295 4459/3/3295
f 4459/3/3296 4463/3/3296 4464/4/3296 4460/4/3296
f 4468/1/3297 4466/2/3297 4471/2/3297 4469/1/3297
f 4472/3/3298 4470/4/3298 4480/4/3298 4479/3/3298
f 4465/3/3299 4467/4/3299 4470/4/3299 4472/3/3299
f 4473/5/3300 4466/2/3300 4468/1/3300 4475/6/3300
f 4467/4/3301 4468/1/3301 4469/1/3301 4470/4/3301
f 4473/7/3302 4476/8/3302 4465/3/3302 4466/2/3302
f 4478/2/3303 4479/3/3303 4483/3/3303 4482/2/3303
f 4466/2/3304 4465/3/3304 4472/3/3304 4471/2/3304
f 4468/1/3305 4467/4/3305 4474/9/3305 4475/10/3305
f 4465/3/3306 4476/11/3306 4474/12/3306 4467/4/3306
f 4471/2/3307 4472/3/3307 4479/3/3307 4478/2/3307
f 4469/1/3308 4471/2/3308 4478/2/3308 4477/1/3308
f 4470/4/3309 4469/1/3309 4477/1/3309 4480/4/3309
f 4484/4/3310 4481/1/3310 4485/1/3310 4488/4/3310
f 4479/3/3311 4480/4/3311 4484/4/3311 4483/3/3311
f 4480/4/3312 4477/1/3312 4481/1/3312 4484/4/3312
f 4477/1/3313 4478/2/3313 4482/2/3313 4481/1/3313
f 4486/2/3314 4487/3/3314 4488/4/3314 4485/1/3314
f 4481/1/3315 4482/2/3315 4486/2/3315 4485/1/3315
f 4482/2/3303 4483/3/3303 4487/3/3303 4486/2/3303
f 4483/3/3316 4484/4/3316 4488/4/3316 4487/3/3316
f 4492/1/3317 4493/1/3317 4495/2/3317 4490/2/3317
f 4496/3/3318 4503/3/3318 4504/4/3318 4494/4/3318
f 4489/3/3319 4496/3/3319 4494/4/3319 4491/4/3319
f 4497/5/3320 4499/6/3320 4492/1/3320 4490/2/3320
f 4491/4/3321 4494/4/3321 4493/1/3321 4492/1/3321
f 4497/7/3302 4490/2/3302 4489/3/3302 4500/8/3302
f 4502/2/3322 4506/2/3322 4507/3/3322 4503/3/3322
f 4490/2/3323 4495/2/3323 4496/3/3323 4489/3/3323
f 4492/1/3324 4499/10/3324 4498/9/3324 4491/4/3324
f 4489/3/3325 4491/4/3325 4498/12/3325 4500/11/3325
f 4495/2/3326 4502/2/3326 4503/3/3326 4496/3/3326
f 4493/1/3327 4501/1/3327 4502/2/3327 4495/2/3327
f 4494/4/3328 4504/4/3328 4501/1/3328 4493/1/3328
f 4508/4/3329 4512/4/3329 4509/1/3329 4505/1/3329
f 4503/3/3330 4507/3/3330 4508/4/3330 4504/4/3330
f 4504/4/3328 4508/4/3328 4505/1/3328 4501/1/3328
f 4501/1/3331 4505/1/3331 4506/2/3331 4502/2/3331
f 4510/2/3332 4509/1/3332 4512/4/3332 4511/3/3332
f 4505/1/3333 4509/1/3333 4510/2/3333 4506/2/3333
f 4506/2/3334 4510/2/3334 4511/3/3334 4507/3/3334
f 4507/3/3335 4511/3/3335 4512/4/3335 4508/4/3335
f 4516/1/3336 4514/2/3336 4519/2/3336 4517/1/3336
f 4520/3/3337 4518/4/3337 4528/4/3337 4527/3/3337
f 4513/3/3338 4515/4/3338 4518/4/3338 4520/3/3338
f 4521/5/3339 4514/2/3339 4516/1/3339 4523/6/3339
f 4515/4/3340 4516/1/3340 4517/1/3340 4518/4/3340
f 4521/7/3341 4524/8/3341 4513/3/3341 4514/2/3341
f 4526/2/3342 4527/3/3342 4531/3/3342 4530/2/3342
f 4514/2/3343 4513/3/3343 4520/3/3343 4519/2/3343
f 4516/1/3344 4515/4/3344 4522/9/3344 4523/10/3344
f 4513/3/3345 4524/11/3345 4522/12/3345 4515/4/3345
f 4519/2/3346 4520/3/3346 4527/3/3346 4526/2/3346
f 4517/1/3347 4519/2/3347 4526/2/3347 4525/1/3347
f 4518/4/3348 4517/1/3348 4525/1/3348 4528/4/3348
f 4532/4/3349 4529/1/3349 4533/1/3349 4536/4/3349
f 4527/3/3350 4528/4/3350 4532/4/3350 4531/3/3350
f 4528/4/3349 4525/1/3349 4529/1/3349 4532/4/3349
f 4525/1/3351 4526/2/3351 4530/2/3351 4529/1/3351
f 4534/2/3352 4535/3/3352 4536/4/3352 4533/1/3352
f 4529/1/3353 4530/2/3353 4534/2/3353 4533/1/3353
f 4530/2/3354 4531/3/3354 4535/3/3354 4534/2/3354
f 4531/3/3355 4532/4/3355 4536/4/3355 4535/3/3355
f 4540/1/3356 4541/1/3356 4543/2/3356 4538/2/3356
f 4544/3/3357 4551/3/3357 4552/4/3357 4542/4/3357
f 4537/3/3358 4544/3/3358 4542/4/3358 4539/4/3358
f 4545/5/3359 4547/6/3359 4540/1/3359 4538/2/3359
f 4539/4/3360 4542/4/3360 4541/1/3360 4540/1/3360
f 4545/7/3341 4538/2/3341 4537/3/3341 4548/8/3341
f 4550/2/3361 4554/2/3361 4555/3/3361 4551/3/3361
f 4538/2/3362 4543/2/3362 4544/3/3362 4537/3/3362
f 4540/1/3363 4547/10/3363 4546/9/3363 4539/4/3363
f 4537/3/3364 4539/4/3364 4546/12/3364 4548/11/3364
f 4543/2/3361 4550/2/3361 4551/3/3361 4544/3/3361
f 4541/1/3365 4549/1/3365 4550/2/3365 4543/2/3365
f 4542/4/3366 4552/4/3366 4549/1/3366 4541/1/3366
f 4556/4/3367 4560/4/3367 4557/1/3367 4553/1/3367
f 4551/3/3368 4555/3/3368 4556/4/3368 4552/4/3368
f 4552/4/3369 4556/4/3369 4553/1/3369 4549/1/3369
f 4549/1/3370 4553/1/3370 4554/2/3370 4550/2/3370
f 4558/2/3371 4557/1/3371 4560/4/3371 4559/3/3371
f 4553/1/3372 4557/1/3372 4558/2/3372 4554/2/3372
f 4554/2/3361 4558/2/3361 4559/3/3361 4555/3/3361
f 4555/3/3373 4559/3/3373 4560/4/3373 4556/4/3373
f 4564/1/3374 4562/2/3374 4567/2/3374 4565/1/3374
f 4568/3/3375 4566/4/3375 4576/4/3375 4575/3/3375
f 4561/3/3376 4563/4/3376 4566/4/3376 4568/3/3376
f 4569/5/3377 4562/2/3377 4564/1/3377 4571/6/3377
f 4563/4/3378 4564/1/3378 4565/1/3378 4566/4/3378
f 4569/7/3379 4572/8/3379 4561/3/3379 4562/2/3379
f 4574/2/3380 4575/3/3380 4579/3/3380 4578/2/3380
f 4562/2/3381 4561/3/3381 4568/3/3381 4567/2/3381
f 4564/1/3382 4563/4/3382 4570/9/3382 4571/10/3382
f 4561/3/3383 4572/11/3383 4570/12/3383 4563/4/3383
f 4567/2/3380 4568/3/3380 4575/3/3380 4574/2/3380
f 4565/1/3384 4567/2/3384 4574/2/3384 4573/1/3384
f 4566/4/3385 4565/1/3385 4573/1/3385 4576/4/3385
f 4580/4/3385 4577/1/3385 4581/1/3385 4584/4/3385
f 4575/3/3386 4576/4/3386 4580/4/3386 4579/3/3386
f 4576/4/3385 4573/1/3385 4577/1/3385 4580/4/3385
f 4573/1/3387 4574/2/3387 4578/2/3387 4577/1/3387
f 4582/2/3388 4583/3/3388 4584/4/3388 4581/1/3388
f 4577/1/3389 4578/2/3389 4582/2/3389 4581/1/3389
f 4578/2/3390 4579/3/3390 4583/3/3390 4582/2/3390
f 4579/3/3391 4580/4/3391 4584/4/3391 4583/3/3391
f 4588/1/3392 4589/1/3392 4591/2/3392 4586/2/3392
f 4592/3/3393 4599/3/3393 4600/4/3393 4590/4/3393
f 4585/3/3394 4592/3/3394 4590/4/3394 4587/4/3394
f 4593/5/3395 4595/6/3395 4588/1/3395 4586/2/3395
f 4587/4/3396 4590/4/3396 4589/1/3396 4588/1/3396
f 4593/7/3379 4586/2/3379 4585/3/3379 4596/8/3379
f 4598/2/3397 4602/2/3397 4603/3/3397 4599/3/3397
f 4586/2/3398 4591/2/3398 4592/3/3398 4585/3/3398
f 4588/1/3382 4595/10/3382 4594/9/3382 4587/4/3382
f 4585/3/3399 4587/4/3399 4594/12/3399 4596/11/3399
f 4591/2/3398 4598/2/3398 4599/3/3398 4592/3/3398
f 4589/1/3400 4597/1/3400 4598/2/3400 4591/2/3400
f 4590/4/3401 4600/4/3401 4597/1/3401 4589/1/3401
f 4604/4/3402 4608/4/3402 4605/1/3402 4601/1/3402
f 4599/3/3403 4603/3/3403 4604/4/3403 4600/4/3403
f 4600/4/3401 4604/4/3401 4601/1/3401 4597/1/3401
f 4597/1/3404 4601/1/3404 4602/2/3404 4598/2/3404
f 4606/2/3405 4605/1/3405 4608/4/3405 4607/3/3405
f 4601/1/3406 4605/1/3406 4606/2/3406 4602/2/3406
f 4602/2/3407 4606/2/3407 4607/3/3407 4603/3/3407
f 4603/3/3408 4607/3/3408 4608/4/3408 4604/4/3408
f 4612/1/3409 4610/2/3409 4615/2/3409 4613/1/3409
f 4616/3/3410 4614/4/3410 4624/4/3410 4623/3/3410
f 4609/3/3411 4611/4/3411 4614/4/3411 4616/3/3411
f 4617/5/3412 4610/2/3412 4612/1/3412 4619/6/3412
f 4611/4/3413 4612/1/3413 4613/1/3413 4614/4/3413
f 4617/7/3414 4620/8/3414 4609/3/3414 4610/2/3414
f 4622/2/3415 4623/3/3415 4627/3/3415 4626/2/3415
f 4610/2/3416 4609/3/3416 4616/3/3416 4615/2/3416
f 4612/1/3417 4611/4/3417 4618/9/3417 4619/10/3417
f 4609/3/3418 4620/11/3418 4618/12/3418 4611/4/3418
f 4615/2/3419 4616/3/3419 4623/3/3419 4622/2/3419
f 4613/1/3420 4615/2/3420 4622/2/3420 4621/1/3420
f 4614/4/3421 4613/1/3421 4621/1/3421 4624/4/3421
f 4628/4/3422 4625/1/3422 4629/1/3422 4632/4/3422
f 4623/3/3423 4624/4/3423 4628/4/3423 4627/3/3423
f 4624/4/3421 4621/1/3421 4625/1/3421 4628/4/3421
f 4621/1/3424 4622/2/3424 4626/2/3424 4625/1/3424
f 4630/2/3425 4631/3/3425 4632/4/3425 4629/1/3425
f 4625/1/3426 4626/2/3426 4630/2/3426 4629/1/3426
f 4626/2/3427 4627/3/3427 4631/3/3427 4630/2/3427
f 4627/3/3428 4628/4/3428 4632/4/3428 4631/3/3428
f 4636/1/3429 4637/1/3429 4639/2/3429 4634/2/3429
f 4640/3/3430 4647/3/3430 4648/4/3430 4638/4/3430
f 4633/3/3431 4640/3/3431 4638/4/3431 4635/4/3431
f 4641/5/3432 4643/6/3432 4636/1/3432 4634/2/3432
f 4635/4/3433 4638/4/3433 4637/1/3433 4636/1/3433
f 4641/7/3434 4634/2/3434 4633/3/3434 4644/8/3434
f 4646/2/3435 4650/2/3435 4651/3/3435 4647/3/3435
f 4634/2/3436 4639/2/3436 4640/3/3436 4633/3/3436
f 4636/1/3417 4643/10/3417 4642/9/3417 4635/4/3417
f 4633/3/3437 4635/4/3437 4642/12/3437 4644/11/3437
f 4639/2/3435 4646/2/3435 4647/3/3435 4640/3/3435
f 4637/1/3438 4645/1/3438 4646/2/3438 4639/2/3438
f 4638/4/3433 4648/4/3433 4645/1/3433 4637/1/3433
f 4652/4/3439 4656/4/3439 4653/1/3439 4649/1/3439
f 4647/3/3440 4651/3/3440 4652/4/3440 4648/4/3440
f 4648/4/3441 4652/4/3441 4649/1/3441 4645/1/3441
f 4645/1/3442 4649/1/3442 4650/2/3442 4646/2/3442
f 4654/2/3443 4653/1/3443 4656/4/3443 4655/3/3443
f 4649/1/3444 4653/1/3444 4654/2/3444 4650/2/3444
f 4650/2/3435 4654/2/3435 4655/3/3435 4651/3/3435
f 4651/3/3445 4655/3/3445 4656/4/3445 4652/4/3445
f 4660/1/3446 4658/2/3446 4663/2/3446 4661/1/3446
f 4664/3/3447 4662/4/3447 4672/4/3447 4671/3/3447
f 4657/3/3448 4659/4/3448 4662/4/3448 4664/3/3448
f 4665/5/3449 4658/2/3449 4660/1/3449 4667/6/3449
f 4659/4/3450 4660/1/3450 4661/1/3450 4662/4/3450
f 4665/7/3451 4668/8/3451 4657/3/3451 4658/2/3451
f 4670/2/3452 4671/3/3452 4675/3/3452 4674/2/3452
f 4658/2/3453 4657/3/3453 4664/3/3453 4663/2/3453
f 4660/1/3454 4659/4/3454 4666/9/3454 4667/10/3454
f 4657/3/3455 4668/11/3455 4666/12/3455 4659/4/3455
f 4663/2/3456 4664/3/3456 4671/3/3456 4670/2/3456
f 4661/1/3457 4663/2/3457 4670/2/3457 4669/1/3457
f 4662/4/3458 4661/1/3458 4669/1/3458 4672/4/3458
f 4676/4/3459 4673/1/3459 4677/1/3459 4680/4/3459
f 4671/3/3460 4672/4/3460 4676/4/3460 4675/3/3460
f 4672/4/3461 4669/1/3461 4673/1/3461 4676/4/3461
f 4669/1/3462 4670/2/3462 4674/2/3462 4673/1/3462
f 4678/2/3463 4679/3/3463 4680/4/3463 4677/1/3463
f 4673/1/3464 4674/2/3464 4678/2/3464 4677/1/3464
f 4674/2/3452 4675/3/3452 4679/3/3452 4678/2/3452
f 4675/3/3465 4676/4/3465 4680/4/3465 4679/3/3465
f 4684/1/3466 4685/1/3466 4687/2/3466 4682/2/3466
f 4688/3/3467 4695/3/3467 4696/4/3467 4686/4/3467
f 4681/3/3468 4688/3/3468 4686/4/3468 4683/4/3468
f 4689/5/3469 4691/6/3469 4684/1/3469 4682/2/3469
f 4683/4/3470 4686/4/3470 4685/1/3470 4684/1/3470
f 4689/7/3471 4682/2/3471 4681/3/3471 4692/8/3471
f 4694/2/3472 4698/2/3472 4699/3/3472 4695/3/3472
f 4682/2/3473 4687/2/3473 4688/3/3473 4681/3/3473
f 4684/1/3474 4691/10/3474 4690/9/3474 4683/4/3474
f 4681/3/3475 4683/4/3475 4690/12/3475 4692/11/3475
f 4687/2/3472 4694/2/3472 4695/3/3472 4688/3/3472
f 4685/1/3476 4693/1/3476 4694/2/3476 4687/2/3476
f 4686/4/3477 4696/4/3477 4693/1/3477 4685/1/3477
f 4700/4/3478 4704/4/3478 4701/1/3478 4697/1/3478
f 4695/3/3479 4699/3/3479 4700/4/3479 4696/4/3479
f 4696/4/3478 4700/4/3478 4697/1/3478 4693/1/3478
f 4693/1/3480 4697/1/3480 4698/2/3480 4694/2/3480
f 4702/2/3481 4701/1/3481 4704/4/3481 4703/3/3481
f 4697/1/3482 4701/1/3482 4702/2/3482 4698/2/3482
f 4698/2/3472 4702/2/3472 4703/3/3472 4699/3/3472
f 4699/3/3483 4703/3/3483 4704/4/3483 4700/4/3483
o BezierCircle
v 19.989870 0.021132 78.461487
v 16.644236 0.970677 80.011589
v 13.487040 2.134673 81.173233
v 10.473540 3.466804 81.985931
v 7.558999 4.920753 82.489212
v 4.698677 6.450206 82.722588
v 1.847834 8.008848 82.725586
v -1.038269 9.550362 82.537727
v -4.004372 11.028434 82.198532
v -7.095213 12.396748 81.747513
v -10.355533 13.608988 81.224197
v -13.830070 14.618839 80.668106
v -17.563568 15.379987 80.118759
v -36.824394 17.792160 78.269073
v -57.180893 19.164240 77.490181
v -78.092857 19.608198 77.298363
v -99.020088 19.236004 77.209908
v -119.422371 18.159630 76.741089
v -138.759506 16.491047 75.408195
v -156.491272 14.342224 72.727501
v -172.077484 11.825134 68.215294
v -184.977921 9.051746 61.387856
v -194.652374 6.134033 51.761467
v -200.560654 3.183964 38.852417
v -202.162537 0.313505 22.176989
v -200.225113 -1.106061 13.604978
v -195.529114 -2.267816 8.240982
v -188.532349 -3.172621 5.475363
v -179.692657 -3.821338 4.698480
v -169.467880 -4.214828 5.300692
v -158.315842 -4.353951 6.672359
v -146.694382 -4.239569 8.203842
v -135.061325 -3.872542 9.285500
v -123.874489 -3.253733 9.307693
v -113.591728 -2.384002 7.660780
v -104.670868 -1.264210 3.735123
v -97.569717 0.104780 -3.078952
v -93.606972 1.383943 -11.018274
v -92.431770 2.523870 -19.238470
v -93.474358 3.592962 -27.658077
v -96.164993 4.659616 -36.195633
v -99.933922 5.792233 -44.769676
v -104.211388 7.059210 -53.298744
v -108.427650 8.528948 -61.701378
v -112.012962 10.269845 -69.896111
v -114.397568 12.350300 -77.801483
v -115.011719 14.838713 -85.336029
v -113.285667 17.803482 -92.418289
v -108.649689 21.313007 -98.966797
v -104.994469 23.521923 -101.911186
v -101.189751 25.772591 -103.712502
v -97.237404 28.006475 -104.517403
v -93.139305 30.165041 -104.472534
v -88.897316 32.189751 -103.724548
v -84.513306 34.022064 -102.420097
v -79.989143 35.603455 -100.705833
v -75.326698 36.875374 -98.728409
v -70.527840 37.779297 -96.634468
v -65.594437 38.256683 -94.570671
v -60.528358 38.248993 -92.683662
v -55.331490 37.697685 -91.120071
v -48.776268 36.072121 -89.451767
v -43.009315 33.546898 -87.994751
v -37.890343 30.288095 -86.673996
v -33.279068 26.461790 -85.414467
v -29.035206 22.234060 -84.141129
v -25.018467 17.770987 -82.778954
v -21.088568 13.238646 -81.252914
v -17.105225 8.803117 -79.487976
v -12.928152 4.630478 -77.409103
v -8.417066 0.886807 -74.941269
v -3.431680 -2.261816 -72.009445
v 2.168287 -4.649308 -68.538597
v 7.416851 -6.104405 -64.938805
v 12.124508 -6.892780 -61.189514
v 16.405479 -7.113471 -57.322792
v 20.373991 -6.865515 -53.370720
v 24.144264 -6.247952 -49.365356
v 27.830523 -5.359819 -45.338776
v 31.546991 -4.300156 -41.323059
v 35.407890 -3.168000 -37.350266
v 39.527443 -2.062390 -33.452469
v 44.019875 -1.082365 -29.661749
v 48.999405 -0.326963 -26.010168
v 54.580261 0.104780 -22.529802
v 61.307655 0.319085 -19.564581
v 68.602425 0.459003 -17.759693
v 76.252243 0.535161 -16.821594
v 84.044807 0.558186 -16.456739
v 91.767815 0.538703 -16.371586
v 99.208946 0.487341 -16.272589
v 106.155891 0.414725 -15.866203
v 112.396339 0.331483 -14.858887
v 117.717987 0.248241 -12.957094
v 121.908516 0.175625 -9.867282
v 124.755615 0.124263 -5.295906
v 126.046974 0.104780 1.050582
v 125.536026 0.105168 7.365226
v 123.298264 0.106190 12.129424
v 119.576523 0.107635 15.606306
v 114.613640 0.109292 18.059002
v 108.652458 0.110948 19.750641
v 101.935822 0.112393 20.944353
v 94.706566 0.113416 21.903269
v 87.207527 0.113803 22.890516
v 79.681557 0.113345 24.169226
v 72.371483 0.111830 26.002527
v 65.520149 0.109045 28.653549
v 59.370392 0.104780 32.385426
v 55.036499 0.005342 36.105766
v 51.351936 -0.250065 40.051819
v 48.179291 -0.609607 44.162369
v 45.381165 -1.021448 48.376228
v 42.820137 -1.433756 52.632179
v 40.358818 -1.794695 56.869026
v 37.859787 -2.052431 61.025566
v 35.185654 -2.155130 65.040596
v 32.198997 -2.050957 68.852898
v 28.762419 -1.688079 72.401283
v 24.738514 -1.014660 75.624550
l 4705 4706
l 4706 4707
l 4707 4708
l 4708 4709
l 4709 4710
l 4710 4711
l 4711 4712
l 4712 4713
l 4713 4714
l 4714 4715
l 4715 4716
l 4716 4717
l 4717 4718
l 4718 4719
l 4719 4720
l 4720 4721
l 4721 4722
l 4722 4723
l 4723 4724
l 4724 4725
l 4725 4726
l 4726 4727
l 4727 4728
l 4728 4729
l 4729 4730
l 4730 4731
l 4731 4732
l 4732 4733
l 4733 4734
l 4734 4735
l 4735 4736
l 4736 4737
l 4737 4738
l 4738 4739
l 4739 4740
l 4740 4741
l 4741 4742
l 4742 4743
l 4743 4744
l 4744 4745
l 4745 4746
l 4746 4747
l 4747 4748
l 4748 4749
l 4749 4750
l 4750 4751
l 4751 4752
l 4752 4753
l 4753 4754
l 4754 4755
l 4755 4756
l 4756 4757
l 4757 4758
l 4758 4759
l 4759 4760
l 4760 4761
l 4761 4762
l 4762 4763
l 4763 4764
l 4764 4765
l 4765 4766
l 4766 4767
l 4767 4768
l 4768 4769
l 4769 4770
l 4770 4771
l 4771 4772
l 4772 4773
l 4773 4774
l 4774 4775
l 4775 4776
l 4776 4777
l 4777 4778
l 4778 4779
l 4779 4780
l 4780 4781
l 4781 4782
l 4782 4783
l 4783 4784
l 4784 4785
l 4785 4786
l 4786 4787
l 4787 4788
l 4788 4789
l 4789 4790
l 4790 4791
l 4791 4792
l 4792 4793
l 4793 4794
l 4794 4795
l 4795 4796
l 4796 4797
l 4797 4798
l 4798 4799
l 4799 4800
l 4800 4801
l 4801 4802
l 4802 4803
l 4803 4804
l 4804 4805
l 4805 4806
l 4806 4807
l 4807 4808
l 4808 4809
l 4809 4810
l 4810 4811
l 4811 4812
l 4812 4813
l 4813 4814
l 4814 4815
l 4815 4816
l 4816 4817
l 4817 4818
l 4818 4819
l 4819 4820
l 4820 4821
l 4821 4822
l 4822 4823
l 4823 4824
l 4824 4705
o BezierCurve
v -4.799356 2.849052 -13.199150
v -4.538659 2.811097 -13.068971
v -4.038497 2.706161 -12.488474
v -3.346763 2.547641 -11.547723
v -2.511350 2.348932 -10.336782
v -1.580152 2.123432 -8.945713
v -0.601060 1.884535 -7.464581
v 0.378032 1.645638 -5.983450
v 1.309230 1.420138 -4.592382
v 2.144643 1.221429 -3.381442
v 2.836377 1.062909 -2.440691
v 3.336538 0.957973 -1.860194
v 3.597236 0.920018 -1.730016
v 3.723175 0.903984 -1.638971
v 3.851998 0.859656 -1.165447
v 3.985210 0.792692 -0.383854
v 4.124320 0.708752 0.631392
v 4.270832 0.613494 1.805881
v 4.426255 0.512577 3.065200
v 4.592094 0.411660 4.334934
v 4.769856 0.316402 5.540673
v 4.961049 0.232462 6.608003
v 5.167179 0.165498 7.462512
v 5.389751 0.121170 8.029785
v 5.630274 0.105137 8.235415
v -3.020716 0.104780 4.123178
v -3.011584 0.104780 3.987518
v -2.984983 0.104780 3.857394
v -2.942108 0.104780 3.734001
v -2.884151 0.104780 3.618530
v -2.812304 0.104780 3.512176
v -2.727763 0.104780 3.416131
v -2.631718 0.104780 3.331589
v -2.525364 0.104780 3.259743
v -2.409894 0.104780 3.201786
v -2.286500 0.104780 3.158911
v -2.156376 0.104780 3.132310
v -2.020716 0.104780 3.123178
v -1.885055 0.104780 3.132310
v -1.754931 0.104780 3.158911
v -1.631538 0.104780 3.201786
v -1.516068 0.104780 3.259743
v -1.409713 0.104780 3.331589
v -1.313669 0.104780 3.416131
v -1.229127 0.104780 3.512176
v -1.157280 0.104780 3.618530
v -1.099323 0.104780 3.734001
v -1.056448 0.104780 3.857394
v -1.029848 0.104780 3.987518
v -1.020716 0.104780 4.123178
v -1.029848 0.104780 4.258839
v -1.056448 0.104780 4.388963
v -1.099323 0.104780 4.512356
v -1.157280 0.104780 4.627827
v -1.229127 0.104780 4.734180
v -1.313669 0.104780 4.830225
v -1.409713 0.104780 4.914767
v -1.516068 0.104780 4.986613
v -1.631538 0.104780 5.044571
v -1.754931 0.104780 5.087446
v -1.885055 0.104780 5.114046
v -2.020716 0.104780 5.123178
v -2.156376 0.104780 5.114047
v -2.286500 0.104780 5.087446
v -2.409894 0.104780 5.044571
v -2.525364 0.104780 4.986614
v -2.631718 0.104780 4.914767
v -2.727763 0.104780 4.830225
v -2.812304 0.104780 4.734181
v -2.884151 0.104780 4.627827
v -2.942108 0.104780 4.512357
v -2.984983 0.104780 4.388963
v -3.011584 0.104780 4.258840
v -3.020716 0.104780 4.123178
v -3.011584 0.104780 3.987518
v -2.984983 0.104780 3.857394
v -2.942108 0.104780 3.734001
v -2.884151 0.104780 3.618530
v -2.812304 0.104780 3.512176
v -2.727763 0.104780 3.416131
v -2.631718 0.104780 3.331589
v -2.525364 0.104780 3.259743
v -2.409894 0.104780 3.201786
v -2.286500 0.104780 3.158911
v -2.156376 0.104780 3.132310
v -2.020716 0.104780 3.123178
v -1.885055 0.104780 3.132310
v -1.754931 0.104780 3.158911
v -1.631538 0.104780 3.201786
v -1.516068 0.104780 3.259743
v -1.409713 0.104780 3.331589
v -1.313669 0.104780 3.416131
v -1.229127 0.104780 3.512176
v -1.157280 0.104780 3.618530
v -1.099323 0.104780 3.734001
v -1.056448 0.104780 3.857394
v -1.029848 0.104780 3.987518
v -1.020716 0.104780 4.123178
v -1.029848 0.104780 4.258839
v -1.056448 0.104780 4.388963
v -1.099323 0.104780 4.512356
v -1.157280 0.104780 4.627827
v -1.229127 0.104780 4.734180
v -1.313669 0.104780 4.830225
v -1.409713 0.104780 4.914767
v -1.516068 0.104780 4.986613
v -1.631538 0.104780 5.044571
v -1.754931 0.104780 5.087446
v -1.885055 0.104780 5.114046
v -2.020716 0.104780 5.123178
v -2.156376 0.104780 5.114047
v -2.286500 0.104780 5.087446
v -2.409894 0.104780 5.044571
v -2.525364 0.104780 4.986614
v -2.631718 0.104780 4.914767
v -2.727763 0.104780 4.830225
v -2.812304 0.104780 4.734181
v -2.884151 0.104780 4.627827
v -2.942108 0.104780 4.512357
v -2.984983 0.104780 4.388963
v -3.011584 0.104780 4.258840
l 4825 4826
l 4826 4827
l 4827 4828
l 4828 4829
l 4829 4830
l 4830 4831
l 4831 4832
l 4832 4833
l 4833 4834
l 4834 4835
l 4835 4836
l 4836 4837
l 4837 4838
l 4838 4839
l 4839 4840
l 4840 4841
l 4841 4842
l 4842 4843
l 4843 4844
l 4844 4845
l 4845 4846
l 4846 4847
l 4847 4848
l 4848 4849
l 4850 4851
l 4851 4852
l 4852 4853
l 4853 4854
l 4854 4855
l 4855 4856
l 4856 4857
l 4857 4858
l 4858 4859
l 4859 4860
l 4860 4861
l 4861 4862
l 4862 4863
l 4863 4864
l 4864 4865
l 4865 4866
l 4866 4867
l 4867 4868
l 4868 4869
l 4869 4870
l 4870 4871
l 4871 4872
l 4872 4873
l 4873 4874
l 4874 4875
l 4875 4876
l 4876 4877
l 4877 4878
l 4878 4879
l 4879 4880
l 4880 4881
l 4881 4882
l 4882 4883
l 4883 4884
l 4884 4885
l 4885 4886
l 4886 4887
l 4887 4888
l 4888 4889
l 4889 4890
l 4890 4891
l 4891 4892
l 4892 4893
l 4893 4894
l 4894 4895
l 4895 4896
l 4896 4897
l 4897 4850
l 4898 4899
l 4899 4900
l 4900 4901
l 4901 4902
l 4902 4903
l 4903 4904
l 4904 4905
l 4905 4906
l 4906 4907
l 4907 4908
l 4908 4909
l 4909 4910
l 4910 4911
l 4911 4912
l 4912 4913
l 4913 4914
l 4914 4915
l 4915 4916
l 4916 4917
l 4917 4918
l 4918 4919
l 4919 4920
l 4920 4921
l 4921 4922
l 4922 4923
l 4923 4924
l 4924 4925
l 4925 4926
l 4926 4927
l 4927 4928
l 4928 4929
l 4929 4930
l 4930 4931
l 4931 4932
l 4932 4933
l 4933 4934
l 4934 4935
l 4935 4936
l 4936 4937
l 4937 4938
l 4938 4939
l 4939 4940
l 4940 4941
l 4941 4942
l 4942 4943
l 4943 4944
l 4944 4945
l 4945 4898
